#The fit is: heating rate = A * t^(-alpha)
#[1] tau [ms]
#[2] specific entropy [k_B/baryon]
#[3] electron fraction
#[4] A [erg/s/g day^alpha]
#[5] alpha
#      1           2           3           4           5
  5.0000e-01  3.3246e+00  1.0000e-02  1.6365e+10  1.2504e+00
  5.0000e-01  3.3246e+00  2.0000e-02  1.6325e+10  1.2561e+00
  5.0000e-01  3.3246e+00  4.0000e-02  1.5898e+10  1.2665e+00
  5.0000e-01  3.3246e+00  6.0000e-02  1.6604e+10  1.2742e+00
  5.0000e-01  3.3246e+00  8.0000e-02  1.4906e+10  1.2651e+00
  5.0000e-01  3.3246e+00  1.0000e-01  1.4802e+10  1.2770e+00
  5.0000e-01  3.3246e+00  1.2000e-01  1.5821e+10  1.2797e+00
  5.0000e-01  3.3246e+00  1.4000e-01  1.6515e+10  1.2803e+00
  5.0000e-01  3.3246e+00  1.6000e-01  1.7398e+10  1.3065e+00
  5.0000e-01  3.3246e+00  1.8000e-01  2.0308e+10  1.3635e+00
  5.0000e-01  3.3246e+00  2.0000e-01  2.6048e+10  1.4160e+00
  5.0000e-01  3.3246e+00  2.2000e-01  3.0606e+10  1.4602e+00
  5.0000e-01  3.3246e+00  2.4000e-01  3.0749e+10  1.4200e+00
  5.0000e-01  3.3246e+00  2.6000e-01  2.3674e+10  1.2212e+00
  5.0000e-01  3.3246e+00  2.8000e-01  1.8886e+10  1.2761e+00
  5.0000e-01  3.3246e+00  3.0000e-01  2.0238e+10  1.4895e+00
  5.0000e-01  3.3246e+00  3.2000e-01  2.0898e+10  1.5828e+00
  5.0000e-01  3.3246e+00  3.4000e-01  1.5605e+10  1.6036e+00
  5.0000e-01  3.3246e+00  3.6000e-01  7.6639e+09  1.9493e+00
  5.0000e-01  3.3246e+00  3.8000e-01  3.2302e+09  1.9250e+00
  5.0000e-01  3.3246e+00  4.0000e-01  5.1063e+09  1.5841e+00
  5.0000e-01  3.3246e+00  4.2000e-01  2.1187e+10  1.4064e+00
  5.0000e-01  3.3246e+00  4.4000e-01  3.9618e+09  1.1886e+00
  5.0000e-01  3.3246e+00  4.6000e-01  2.0623e+07  5.9615e-01
  5.0000e-01  3.3246e+00  4.8000e-01  6.6140e+09  1.7556e+00
  5.0000e-01  3.3246e+00  5.0000e-01  3.3871e+10  3.8321e-01
  5.0000e-01  3.3246e+00  5.2000e-01  3.1809e+10  3.5327e-01
  5.0000e-01  3.3246e+00  5.4000e-01  2.9026e+10  3.6168e-01
  5.0000e-01  3.3246e+00  5.6000e-01  1.8862e+10  4.1522e-01
  5.0000e-01  3.3246e+00  5.8000e-01  5.4941e+09  5.3460e-01
  5.0000e-01  3.3246e+00  6.0000e-01  2.3927e+09  7.8804e-01
  5.0000e-01  4.0616e+00  1.0000e-02  1.6222e+10  1.2548e+00
  5.0000e-01  4.0616e+00  2.0000e-02  1.6088e+10  1.2470e+00
  5.0000e-01  4.0616e+00  4.0000e-02  1.5865e+10  1.2440e+00
  5.0000e-01  4.0616e+00  6.0000e-02  1.6254e+10  1.2530e+00
  5.0000e-01  4.0616e+00  8.0000e-02  1.5833e+10  1.2426e+00
  5.0000e-01  4.0616e+00  1.0000e-01  1.5355e+10  1.2482e+00
  5.0000e-01  4.0616e+00  1.2000e-01  1.6050e+10  1.2552e+00
  5.0000e-01  4.0616e+00  1.4000e-01  1.6591e+10  1.2583e+00
  5.0000e-01  4.0616e+00  1.6000e-01  1.7087e+10  1.2781e+00
  5.0000e-01  4.0616e+00  1.8000e-01  1.9317e+10  1.3279e+00
  5.0000e-01  4.0616e+00  2.0000e-01  2.6487e+10  1.4080e+00
  5.0000e-01  4.0616e+00  2.2000e-01  3.0400e+10  1.4482e+00
  5.0000e-01  4.0616e+00  2.4000e-01  3.2274e+10  1.4327e+00
  5.0000e-01  4.0616e+00  2.6000e-01  1.9378e+10  1.1368e+00
  5.0000e-01  4.0616e+00  2.8000e-01  1.8352e+10  1.2922e+00
  5.0000e-01  4.0616e+00  3.0000e-01  2.1669e+10  1.4857e+00
  5.0000e-01  4.0616e+00  3.2000e-01  2.0518e+10  1.5538e+00
  5.0000e-01  4.0616e+00  3.4000e-01  1.6196e+10  1.5644e+00
  5.0000e-01  4.0616e+00  3.6000e-01  8.1049e+09  2.0268e+00
  5.0000e-01  4.0616e+00  3.8000e-01  3.3395e+09  1.9358e+00
  5.0000e-01  4.0616e+00  4.0000e-01  4.9158e+09  1.5669e+00
  5.0000e-01  4.0616e+00  4.2000e-01  2.2372e+10  1.4187e+00
  5.0000e-01  4.0616e+00  4.4000e-01  3.7480e+09  1.1744e+00
  5.0000e-01  4.0616e+00  4.6000e-01  3.9391e+07  8.5909e-01
  5.0000e-01  4.0616e+00  4.8000e-01  6.0752e+09  1.8176e+00
  5.0000e-01  4.0616e+00  5.0000e-01  3.2466e+10  3.9447e-01
  5.0000e-01  4.0616e+00  5.2000e-01  2.9889e+10  3.5667e-01
  5.0000e-01  4.0616e+00  5.4000e-01  2.9380e+10  3.5474e-01
  5.0000e-01  4.0616e+00  5.6000e-01  2.5581e+10  3.6638e-01
  5.0000e-01  4.0616e+00  5.8000e-01  1.7174e+10  4.0532e-01
  5.0000e-01  4.0616e+00  6.0000e-01  6.2744e+09  4.9753e-01
  5.0000e-01  4.9619e+00  1.0000e-02  1.7090e+10  1.2764e+00
  5.0000e-01  4.9619e+00  2.0000e-02  1.6620e+10  1.2665e+00
  5.0000e-01  4.9619e+00  4.0000e-02  1.6344e+10  1.2563e+00
  5.0000e-01  4.9619e+00  6.0000e-02  1.5869e+10  1.2555e+00
  5.0000e-01  4.9619e+00  8.0000e-02  1.6346e+10  1.2564e+00
  5.0000e-01  4.9619e+00  1.0000e-01  1.6573e+10  1.2596e+00
  5.0000e-01  4.9619e+00  1.2000e-01  1.7597e+10  1.2601e+00
  5.0000e-01  4.9619e+00  1.4000e-01  1.8030e+10  1.2505e+00
  5.0000e-01  4.9619e+00  1.6000e-01  1.7990e+10  1.2486e+00
  5.0000e-01  4.9619e+00  1.8000e-01  1.8845e+10  1.2771e+00
  5.0000e-01  4.9619e+00  2.0000e-01  2.2427e+10  1.3322e+00
  5.0000e-01  4.9619e+00  2.2000e-01  2.8941e+10  1.3589e+00
  5.0000e-01  4.9619e+00  2.4000e-01  3.0361e+10  1.2732e+00
  5.0000e-01  4.9619e+00  2.6000e-01  1.8142e+10  1.1303e+00
  5.0000e-01  4.9619e+00  2.8000e-01  1.8839e+10  1.3168e+00
  5.0000e-01  4.9619e+00  3.0000e-01  2.2678e+10  1.4788e+00
  5.0000e-01  4.9619e+00  3.2000e-01  1.9131e+10  1.5293e+00
  5.0000e-01  4.9619e+00  3.4000e-01  1.6167e+10  1.5829e+00
  5.0000e-01  4.9619e+00  3.6000e-01  8.6580e+09  2.0651e+00
  5.0000e-01  4.9619e+00  3.8000e-01  3.6432e+09  1.9508e+00
  5.0000e-01  4.9619e+00  4.0000e-01  4.7820e+09  1.5514e+00
  5.0000e-01  4.9619e+00  4.2000e-01  2.4035e+10  1.4310e+00
  5.0000e-01  4.9619e+00  4.4000e-01  3.1185e+09  1.1799e+00
  5.0000e-01  4.9619e+00  4.6000e-01  5.4760e+07  1.0029e+00
  5.0000e-01  4.9619e+00  4.8000e-01  5.1260e+09  1.8368e+00
  5.0000e-01  4.9619e+00  5.0000e-01  3.0814e+10  4.0502e-01
  5.0000e-01  4.9619e+00  5.2000e-01  2.7445e+10  3.5827e-01
  5.0000e-01  4.9619e+00  5.4000e-01  2.7614e+10  3.5970e-01
  5.0000e-01  4.9619e+00  5.6000e-01  2.6672e+10  3.5858e-01
  5.0000e-01  4.9619e+00  5.8000e-01  2.3210e+10  3.6775e-01
  5.0000e-01  4.9619e+00  6.0000e-01  1.6378e+10  3.8986e-01
  5.0000e-01  6.0619e+00  1.0000e-02  1.6855e+10  1.2931e+00
  5.0000e-01  6.0619e+00  2.0000e-02  1.7357e+10  1.2863e+00
  5.0000e-01  6.0619e+00  4.0000e-02  1.7490e+10  1.2798e+00
  5.0000e-01  6.0619e+00  6.0000e-02  1.7463e+10  1.2757e+00
  5.0000e-01  6.0619e+00  8.0000e-02  1.7473e+10  1.2727e+00
  5.0000e-01  6.0619e+00  1.0000e-01  1.7618e+10  1.2755e+00
  5.0000e-01  6.0619e+00  1.2000e-01  1.8430e+10  1.2750e+00
  5.0000e-01  6.0619e+00  1.4000e-01  1.8224e+10  1.2596e+00
  5.0000e-01  6.0619e+00  1.6000e-01  1.6852e+10  1.2427e+00
  5.0000e-01  6.0619e+00  1.8000e-01  1.6925e+10  1.2593e+00
  5.0000e-01  6.0619e+00  2.0000e-01  2.1672e+10  1.3009e+00
  5.0000e-01  6.0619e+00  2.2000e-01  2.9378e+10  1.3605e+00
  5.0000e-01  6.0619e+00  2.4000e-01  3.4827e+10  1.3898e+00
  5.0000e-01  6.0619e+00  2.6000e-01  2.0931e+10  1.2050e+00
  5.0000e-01  6.0619e+00  2.8000e-01  2.0235e+10  1.3560e+00
  5.0000e-01  6.0619e+00  3.0000e-01  2.2141e+10  1.4668e+00
  5.0000e-01  6.0619e+00  3.2000e-01  1.8206e+10  1.5121e+00
  5.0000e-01  6.0619e+00  3.4000e-01  1.6635e+10  1.5778e+00
  5.0000e-01  6.0619e+00  3.6000e-01  9.8385e+09  2.0303e+00
  5.0000e-01  6.0619e+00  3.8000e-01  4.1180e+09  1.9699e+00
  5.0000e-01  6.0619e+00  4.0000e-01  4.4079e+09  1.5472e+00
  5.0000e-01  6.0619e+00  4.2000e-01  2.6159e+10  1.4482e+00
  5.0000e-01  6.0619e+00  4.4000e-01  1.7130e+09  1.1795e+00
  5.0000e-01  6.0619e+00  4.6000e-01  6.4877e+07  9.8278e-01
  5.0000e-01  6.0619e+00  4.8000e-01  4.1020e+09  1.8278e+00
  5.0000e-01  6.0619e+00  5.0000e-01  2.8938e+10  4.2168e-01
  5.0000e-01  6.0619e+00  5.2000e-01  2.4572e+10  3.6129e-01
  5.0000e-01  6.0619e+00  5.4000e-01  2.4936e+10  3.5944e-01
  5.0000e-01  6.0619e+00  5.6000e-01  2.4721e+10  3.6187e-01
  5.0000e-01  6.0619e+00  5.8000e-01  2.3441e+10  3.6514e-01
  5.0000e-01  6.0619e+00  6.0000e-01  2.0624e+10  3.7295e-01
  5.0000e-01  7.4057e+00  1.0000e-02  1.4066e+10  1.2486e+00
  5.0000e-01  7.4057e+00  2.0000e-02  1.4515e+10  1.2641e+00
  5.0000e-01  7.4057e+00  4.0000e-02  1.5539e+10  1.2769e+00
  5.0000e-01  7.4057e+00  6.0000e-02  1.6047e+10  1.2791e+00
  5.0000e-01  7.4057e+00  8.0000e-02  1.5912e+10  1.2742e+00
  5.0000e-01  7.4057e+00  1.0000e-01  1.5737e+10  1.2746e+00
  5.0000e-01  7.4057e+00  1.2000e-01  1.6774e+10  1.2749e+00
  5.0000e-01  7.4057e+00  1.4000e-01  1.6128e+10  1.2601e+00
  5.0000e-01  7.4057e+00  1.6000e-01  1.4488e+10  1.2525e+00
  5.0000e-01  7.4057e+00  1.8000e-01  1.6824e+10  1.2926e+00
  5.0000e-01  7.4057e+00  2.0000e-01  2.3163e+10  1.3403e+00
  5.0000e-01  7.4057e+00  2.2000e-01  2.9942e+10  1.4036e+00
  5.0000e-01  7.4057e+00  2.4000e-01  3.5982e+10  1.5677e+00
  5.0000e-01  7.4057e+00  2.6000e-01  2.3648e+10  1.2758e+00
  5.0000e-01  7.4057e+00  2.8000e-01  2.0863e+10  1.3709e+00
  5.0000e-01  7.4057e+00  3.0000e-01  2.1070e+10  1.4493e+00
  5.0000e-01  7.4057e+00  3.2000e-01  1.7860e+10  1.5022e+00
  5.0000e-01  7.4057e+00  3.4000e-01  1.7480e+10  1.5864e+00
  5.0000e-01  7.4057e+00  3.6000e-01  1.1446e+10  1.9800e+00
  5.0000e-01  7.4057e+00  3.8000e-01  4.7449e+09  1.9812e+00
  5.0000e-01  7.4057e+00  4.0000e-01  3.7837e+09  1.5678e+00
  5.0000e-01  7.4057e+00  4.2000e-01  2.8569e+10  1.4709e+00
  5.0000e-01  7.4057e+00  4.4000e-01  8.6360e+08  1.2201e+00
  5.0000e-01  7.4057e+00  4.6000e-01  7.0019e+07  1.0118e+00
  5.0000e-01  7.4057e+00  4.8000e-01  3.0398e+09  1.7881e+00
  5.0000e-01  7.4057e+00  5.0000e-01  2.6629e+10  4.3956e-01
  5.0000e-01  7.4057e+00  5.2000e-01  2.1365e+10  3.6293e-01
  5.0000e-01  7.4057e+00  5.4000e-01  2.1523e+10  3.6284e-01
  5.0000e-01  7.4057e+00  5.6000e-01  2.1523e+10  3.6290e-01
  5.0000e-01  7.4057e+00  5.8000e-01  2.1319e+10  3.6328e-01
  5.0000e-01  7.4057e+00  6.0000e-01  2.0581e+10  3.6612e-01
  5.0000e-01  9.0474e+00  1.0000e-02  1.4483e+10  1.3927e+00
  5.0000e-01  9.0474e+00  2.0000e-02  1.8262e+10  1.2941e+00
  5.0000e-01  9.0474e+00  4.0000e-02  1.8207e+10  1.2445e+00
  5.0000e-01  9.0474e+00  6.0000e-02  1.5725e+10  1.2387e+00
  5.0000e-01  9.0474e+00  8.0000e-02  1.3939e+10  1.2298e+00
  5.0000e-01  9.0474e+00  1.0000e-01  1.3664e+10  1.2244e+00
  5.0000e-01  9.0474e+00  1.2000e-01  1.4704e+10  1.2350e+00
  5.0000e-01  9.0474e+00  1.4000e-01  1.4327e+10  1.2269e+00
  5.0000e-01  9.0474e+00  1.6000e-01  1.4602e+10  1.2575e+00
  5.0000e-01  9.0474e+00  1.8000e-01  1.8274e+10  1.3287e+00
  5.0000e-01  9.0474e+00  2.0000e-01  2.4323e+10  1.3744e+00
  5.0000e-01  9.0474e+00  2.2000e-01  2.9712e+10  1.4245e+00
  5.0000e-01  9.0474e+00  2.4000e-01  3.4789e+10  1.6163e+00
  5.0000e-01  9.0474e+00  2.6000e-01  2.4857e+10  1.2971e+00
  5.0000e-01  9.0474e+00  2.8000e-01  2.0654e+10  1.3539e+00
  5.0000e-01  9.0474e+00  3.0000e-01  2.0056e+10  1.4260e+00
  5.0000e-01  9.0474e+00  3.2000e-01  1.7862e+10  1.4940e+00
  5.0000e-01  9.0474e+00  3.4000e-01  1.8805e+10  1.5959e+00
  5.0000e-01  9.0474e+00  3.6000e-01  1.3606e+10  1.9314e+00
  5.0000e-01  9.0474e+00  3.8000e-01  5.4951e+09  1.9778e+00
  5.0000e-01  9.0474e+00  4.0000e-01  3.0058e+09  1.6332e+00
  5.0000e-01  9.0474e+00  4.2000e-01  2.9388e+10  1.5066e+00
  5.0000e-01  9.0474e+00  4.4000e-01  5.2088e+08  1.2215e+00
  5.0000e-01  9.0474e+00  4.6000e-01  6.9467e+07  1.0041e+00
  5.0000e-01  9.0474e+00  4.8000e-01  2.0458e+09  1.7226e+00
  5.0000e-01  9.0474e+00  5.0000e-01  2.3886e+10  4.6166e-01
  5.0000e-01  9.0474e+00  5.2000e-01  1.7882e+10  3.6688e-01
  5.0000e-01  9.0474e+00  5.4000e-01  1.7579e+10  3.6715e-01
  5.0000e-01  9.0474e+00  5.6000e-01  1.7524e+10  3.6733e-01
  5.0000e-01  9.0474e+00  5.8000e-01  1.7498e+10  3.6814e-01
  5.0000e-01  9.0474e+00  6.0000e-01  1.7320e+10  3.6733e-01
  5.0000e-01  1.1053e+01  1.0000e-02  6.7116e+09  1.4885e+00
  5.0000e-01  1.1053e+01  2.0000e-02  1.0528e+10  1.4335e+00
  5.0000e-01  1.1053e+01  4.0000e-02  1.2904e+10  1.3231e+00
  5.0000e-01  1.1053e+01  6.0000e-02  1.4415e+10  1.2624e+00
  5.0000e-01  1.1053e+01  8.0000e-02  1.6387e+10  1.2650e+00
  5.0000e-01  1.1053e+01  1.0000e-01  1.7475e+10  1.2970e+00
  5.0000e-01  1.1053e+01  1.2000e-01  1.7531e+10  1.3004e+00
  5.0000e-01  1.1053e+01  1.4000e-01  1.4719e+10  1.2266e+00
  5.0000e-01  1.1053e+01  1.6000e-01  1.4529e+10  1.2167e+00
  5.0000e-01  1.1053e+01  1.8000e-01  1.8052e+10  1.3054e+00
  5.0000e-01  1.1053e+01  2.0000e-01  2.3481e+10  1.3673e+00
  5.0000e-01  1.1053e+01  2.2000e-01  2.8830e+10  1.4047e+00
  5.0000e-01  1.1053e+01  2.4000e-01  3.4822e+10  1.6125e+00
  5.0000e-01  1.1053e+01  2.6000e-01  2.4335e+10  1.2610e+00
  5.0000e-01  1.1053e+01  2.8000e-01  1.9649e+10  1.3096e+00
  5.0000e-01  1.1053e+01  3.0000e-01  1.8854e+10  1.3997e+00
  5.0000e-01  1.1053e+01  3.2000e-01  1.7959e+10  1.4873e+00
  5.0000e-01  1.1053e+01  3.4000e-01  2.0366e+10  1.6209e+00
  5.0000e-01  1.1053e+01  3.6000e-01  1.6038e+10  1.9286e+00
  5.0000e-01  1.1053e+01  3.8000e-01  6.4845e+09  1.9573e+00
  5.0000e-01  1.1053e+01  4.0000e-01  2.2152e+09  1.7930e+00
  5.0000e-01  1.1053e+01  4.2000e-01  2.2535e+10  1.4914e+00
  5.0000e-01  1.1053e+01  4.4000e-01  3.5002e+08  1.2023e+00
  5.0000e-01  1.1053e+01  4.6000e-01  6.7193e+07  1.0377e+00
  5.0000e-01  1.1053e+01  4.8000e-01  1.0955e+09  1.6231e+00
  5.0000e-01  1.1053e+01  5.0000e-01  2.0827e+10  4.8540e-01
  5.0000e-01  1.1053e+01  5.2000e-01  1.4175e+10  3.7374e-01
  5.0000e-01  1.1053e+01  5.4000e-01  1.3366e+10  3.7380e-01
  5.0000e-01  1.1053e+01  5.6000e-01  1.3010e+10  3.7501e-01
  5.0000e-01  1.1053e+01  5.8000e-01  1.2807e+10  3.7490e-01
  5.0000e-01  1.1053e+01  6.0000e-01  1.2649e+10  3.7508e-01
  5.0000e-01  1.3503e+01  1.0000e-02  3.3989e+09  1.4121e+00
  5.0000e-01  1.3503e+01  2.0000e-02  6.3690e+09  1.4000e+00
  5.0000e-01  1.3503e+01  4.0000e-02  9.9863e+09  1.3455e+00
  5.0000e-01  1.3503e+01  6.0000e-02  1.1545e+10  1.2819e+00
  5.0000e-01  1.3503e+01  8.0000e-02  1.3421e+10  1.2402e+00
  5.0000e-01  1.3503e+01  1.0000e-01  1.5570e+10  1.2424e+00
  5.0000e-01  1.3503e+01  1.2000e-01  1.6806e+10  1.2630e+00
  5.0000e-01  1.3503e+01  1.4000e-01  1.6746e+10  1.3330e+00
  5.0000e-01  1.3503e+01  1.6000e-01  1.3798e+10  1.2104e+00
  5.0000e-01  1.3503e+01  1.8000e-01  1.5421e+10  1.2237e+00
  5.0000e-01  1.3503e+01  2.0000e-01  2.0340e+10  1.2961e+00
  5.0000e-01  1.3503e+01  2.2000e-01  2.6739e+10  1.3426e+00
  5.0000e-01  1.3503e+01  2.4000e-01  3.5485e+10  1.5923e+00
  5.0000e-01  1.3503e+01  2.6000e-01  2.2208e+10  1.1851e+00
  5.0000e-01  1.3503e+01  2.8000e-01  1.7819e+10  1.2486e+00
  5.0000e-01  1.3503e+01  3.0000e-01  1.7007e+10  1.3736e+00
  5.0000e-01  1.3503e+01  3.2000e-01  1.7738e+10  1.4858e+00
  5.0000e-01  1.3503e+01  3.4000e-01  2.2477e+10  1.6437e+00
  5.0000e-01  1.3503e+01  3.6000e-01  2.0431e+10  1.9079e+00
  5.0000e-01  1.3503e+01  3.8000e-01  7.9186e+09  1.9607e+00
  5.0000e-01  1.3503e+01  4.0000e-01  1.5747e+09  2.1757e+00
  5.0000e-01  1.3503e+01  4.2000e-01  1.0724e+10  1.4170e+00
  5.0000e-01  1.3503e+01  4.4000e-01  2.5594e+08  1.2082e+00
  5.0000e-01  1.3503e+01  4.6000e-01  6.0473e+07  1.0468e+00
  5.0000e-01  1.3503e+01  4.8000e-01  3.5140e+08  1.3375e+00
  5.0000e-01  1.3503e+01  5.0000e-01  1.7528e+10  5.1357e-01
  5.0000e-01  1.3503e+01  5.2000e-01  1.0384e+10  3.8236e-01
  5.0000e-01  1.3503e+01  5.4000e-01  9.0948e+09  3.8334e-01
  5.0000e-01  1.3503e+01  5.6000e-01  8.4174e+09  3.8383e-01
  5.0000e-01  1.3503e+01  5.8000e-01  8.0248e+09  3.8637e-01
  5.0000e-01  1.3503e+01  6.0000e-01  7.7261e+09  3.8821e-01
  5.0000e-01  1.6496e+01  1.0000e-02  2.1432e+09  1.3621e+00
  5.0000e-01  1.6496e+01  2.0000e-02  4.2981e+09  1.3532e+00
  5.0000e-01  1.6496e+01  4.0000e-02  7.4344e+09  1.3218e+00
  5.0000e-01  1.6496e+01  6.0000e-02  9.5539e+09  1.2838e+00
  5.0000e-01  1.6496e+01  8.0000e-02  1.1488e+10  1.2529e+00
  5.0000e-01  1.6496e+01  1.0000e-01  1.3413e+10  1.2381e+00
  5.0000e-01  1.6496e+01  1.2000e-01  1.4764e+10  1.2384e+00
  5.0000e-01  1.6496e+01  1.4000e-01  1.5135e+10  1.2655e+00
  5.0000e-01  1.6496e+01  1.6000e-01  1.3718e+10  1.3653e+00
  5.0000e-01  1.6496e+01  1.8000e-01  1.0994e+10  1.2059e+00
  5.0000e-01  1.6496e+01  2.0000e-01  1.4485e+10  1.1867e+00
  5.0000e-01  1.6496e+01  2.2000e-01  2.2471e+10  1.2485e+00
  5.0000e-01  1.6496e+01  2.4000e-01  3.4081e+10  1.5141e+00
  5.0000e-01  1.6496e+01  2.6000e-01  1.8420e+10  1.0630e+00
  5.0000e-01  1.6496e+01  2.8000e-01  1.3708e+10  1.1419e+00
  5.0000e-01  1.6496e+01  3.0000e-01  1.3254e+10  1.3060e+00
  5.0000e-01  1.6496e+01  3.2000e-01  1.7141e+10  1.4498e+00
  5.0000e-01  1.6496e+01  3.4000e-01  2.2611e+10  1.5538e+00
  5.0000e-01  1.6496e+01  3.6000e-01  2.7678e+10  1.6816e+00
  5.0000e-01  1.6496e+01  3.8000e-01  1.9792e+10  1.6467e+00
  5.0000e-01  1.6496e+01  4.0000e-01  4.4688e+09  1.6929e+00
  5.0000e-01  1.6496e+01  4.2000e-01  3.0589e+09  1.3554e+00
  5.0000e-01  1.6496e+01  4.4000e-01  2.0465e+08  1.1853e+00
  5.0000e-01  1.6496e+01  4.6000e-01  5.1562e+07  1.0485e+00
  5.0000e-01  1.6496e+01  4.8000e-01  1.3226e+08  1.0344e+00
  5.0000e-01  1.6496e+01  5.0000e-01  1.4054e+10  5.4613e-01
  5.0000e-01  1.6496e+01  5.2000e-01  6.9425e+09  3.9710e-01
  5.0000e-01  1.6496e+01  5.4000e-01  5.5496e+09  3.9955e-01
  5.0000e-01  1.6496e+01  5.6000e-01  4.8840e+09  3.9919e-01
  5.0000e-01  1.6496e+01  5.8000e-01  4.4985e+09  4.0305e-01
  5.0000e-01  1.6496e+01  6.0000e-01  4.1503e+09  4.0278e-01
  5.0000e-01  2.0153e+01  1.0000e-02  1.3384e+09  1.3378e+00
  5.0000e-01  2.0153e+01  2.0000e-02  3.0092e+09  1.3171e+00
  5.0000e-01  2.0153e+01  4.0000e-02  5.9666e+09  1.2985e+00
  5.0000e-01  2.0153e+01  6.0000e-02  8.3512e+09  1.2800e+00
  5.0000e-01  2.0153e+01  8.0000e-02  1.0237e+10  1.2579e+00
  5.0000e-01  2.0153e+01  1.0000e-01  1.1681e+10  1.2410e+00
  5.0000e-01  2.0153e+01  1.2000e-01  1.2659e+10  1.2261e+00
  5.0000e-01  2.0153e+01  1.4000e-01  1.3275e+10  1.2304e+00
  5.0000e-01  2.0153e+01  1.6000e-01  1.3660e+10  1.2598e+00
  5.0000e-01  2.0153e+01  1.8000e-01  1.3563e+10  1.3297e+00
  5.0000e-01  2.0153e+01  2.0000e-01  1.1518e+10  1.2960e+00
  5.0000e-01  2.0153e+01  2.2000e-01  1.2473e+10  1.2157e+00
  5.0000e-01  2.0153e+01  2.4000e-01  1.7857e+10  1.2343e+00
  5.0000e-01  2.0153e+01  2.6000e-01  2.7832e+10  1.2786e+00
  5.0000e-01  2.0153e+01  2.8000e-01  3.1694e+10  1.2820e+00
  5.0000e-01  2.0153e+01  3.0000e-01  1.0420e+10  1.0126e+00
  5.0000e-01  2.0153e+01  3.2000e-01  1.0061e+10  1.1863e+00
  5.0000e-01  2.0153e+01  3.4000e-01  9.9863e+09  1.2735e+00
  5.0000e-01  2.0153e+01  3.6000e-01  1.2799e+10  1.3484e+00
  5.0000e-01  2.0153e+01  3.8000e-01  1.4488e+10  1.4372e+00
  5.0000e-01  2.0153e+01  4.0000e-01  1.8832e+10  1.9479e+00
  5.0000e-01  2.0153e+01  4.2000e-01  1.4542e+10  2.0335e+00
  5.0000e-01  2.0153e+01  4.4000e-01  1.8432e+08  1.1563e+00
  5.0000e-01  2.0153e+01  4.6000e-01  4.2148e+07  1.0454e+00
  5.0000e-01  2.0153e+01  4.8000e-01  7.8969e+07  9.0528e-01
  5.0000e-01  2.0153e+01  5.0000e-01  1.0575e+10  5.8809e-01
  5.0000e-01  2.0153e+01  5.2000e-01  4.1279e+09  4.0745e-01
  5.0000e-01  2.0153e+01  5.4000e-01  3.0349e+09  3.9955e-01
  5.0000e-01  2.0153e+01  5.6000e-01  2.6151e+09  4.0101e-01
  5.0000e-01  2.0153e+01  5.8000e-01  2.3177e+09  3.9818e-01
  5.0000e-01  2.0153e+01  6.0000e-01  2.0788e+09  3.9603e-01
  5.0000e-01  2.4621e+01  1.0000e-02  7.9765e+08  1.3623e+00
  5.0000e-01  2.4621e+01  2.0000e-02  2.1675e+09  1.2973e+00
  5.0000e-01  2.4621e+01  4.0000e-02  4.8656e+09  1.2847e+00
  5.0000e-01  2.4621e+01  6.0000e-02  7.1155e+09  1.2701e+00
  5.0000e-01  2.4621e+01  8.0000e-02  8.8712e+09  1.2521e+00
  5.0000e-01  2.4621e+01  1.0000e-01  1.0071e+10  1.2368e+00
  5.0000e-01  2.4621e+01  1.2000e-01  1.0967e+10  1.2202e+00
  5.0000e-01  2.4621e+01  1.4000e-01  1.1575e+10  1.2222e+00
  5.0000e-01  2.4621e+01  1.6000e-01  1.2057e+10  1.2353e+00
  5.0000e-01  2.4621e+01  1.8000e-01  1.2689e+10  1.2628e+00
  5.0000e-01  2.4621e+01  2.0000e-01  1.2692e+10  1.3071e+00
  5.0000e-01  2.4621e+01  2.2000e-01  1.1973e+10  1.2766e+00
  5.0000e-01  2.4621e+01  2.4000e-01  1.3705e+10  1.2383e+00
  5.0000e-01  2.4621e+01  2.6000e-01  1.9384e+10  1.2578e+00
  5.0000e-01  2.4621e+01  2.8000e-01  2.8338e+10  1.2633e+00
  5.0000e-01  2.4621e+01  3.0000e-01  2.1879e+10  1.1005e+00
  5.0000e-01  2.4621e+01  3.2000e-01  9.9770e+09  1.0603e+00
  5.0000e-01  2.4621e+01  3.4000e-01  9.8297e+09  1.2329e+00
  5.0000e-01  2.4621e+01  3.6000e-01  9.0514e+09  1.2331e+00
  5.0000e-01  2.4621e+01  3.8000e-01  1.2021e+10  1.3217e+00
  5.0000e-01  2.4621e+01  4.0000e-01  1.9997e+10  1.8987e+00
  5.0000e-01  2.4621e+01  4.2000e-01  1.2368e+10  1.7436e+00
  5.0000e-01  2.4621e+01  4.4000e-01  3.9436e+08  8.1209e-01
  5.0000e-01  2.4621e+01  4.6000e-01  3.1581e+07  9.8985e-01
  5.0000e-01  2.4621e+01  4.8000e-01  5.8657e+07  9.2158e-01
  5.0000e-01  2.4621e+01  5.0000e-01  7.2095e+09  6.4586e-01
  5.0000e-01  2.4621e+01  5.2000e-01  2.3108e+09  4.1284e-01
  5.0000e-01  2.4621e+01  5.4000e-01  1.6481e+09  4.0137e-01
  5.0000e-01  2.4621e+01  5.6000e-01  1.3783e+09  3.9507e-01
  5.0000e-01  2.4621e+01  5.8000e-01  1.2118e+09  3.9677e-01
  5.0000e-01  2.4621e+01  6.0000e-01  1.0640e+09  3.9329e-01
  5.0000e-01  3.0079e+01  1.0000e-02  4.3161e+08  1.4572e+00
  5.0000e-01  3.0079e+01  2.0000e-02  1.3836e+09  1.3076e+00
  5.0000e-01  3.0079e+01  4.0000e-02  3.6723e+09  1.2738e+00
  5.0000e-01  3.0079e+01  6.0000e-02  5.6715e+09  1.2549e+00
  5.0000e-01  3.0079e+01  8.0000e-02  7.2395e+09  1.2377e+00
  5.0000e-01  3.0079e+01  1.0000e-01  8.3963e+09  1.2209e+00
  5.0000e-01  3.0079e+01  1.2000e-01  9.2597e+09  1.2082e+00
  5.0000e-01  3.0079e+01  1.4000e-01  9.9336e+09  1.2111e+00
  5.0000e-01  3.0079e+01  1.6000e-01  1.0627e+10  1.2259e+00
  5.0000e-01  3.0079e+01  1.8000e-01  1.1527e+10  1.2361e+00
  5.0000e-01  3.0079e+01  2.0000e-01  1.2240e+10  1.2645e+00
  5.0000e-01  3.0079e+01  2.2000e-01  1.2310e+10  1.2736e+00
  5.0000e-01  3.0079e+01  2.4000e-01  1.2856e+10  1.2464e+00
  5.0000e-01  3.0079e+01  2.6000e-01  1.5972e+10  1.2420e+00
  5.0000e-01  3.0079e+01  2.8000e-01  2.3570e+10  1.2812e+00
  5.0000e-01  3.0079e+01  3.0000e-01  3.0266e+10  1.4900e+00
  5.0000e-01  3.0079e+01  3.2000e-01  1.1151e+10  9.4862e-01
  5.0000e-01  3.0079e+01  3.4000e-01  9.1170e+09  1.1101e+00
  5.0000e-01  3.0079e+01  3.6000e-01  8.7162e+09  1.2322e+00
  5.0000e-01  3.0079e+01  3.8000e-01  8.9810e+09  1.2495e+00
  5.0000e-01  3.0079e+01  4.0000e-01  7.9896e+09  1.4500e+00
  5.0000e-01  3.0079e+01  4.2000e-01  1.3393e+10  1.8835e+00
  5.0000e-01  3.0079e+01  4.4000e-01  1.4372e+10  1.9289e+00
  5.0000e-01  3.0079e+01  4.6000e-01  2.6719e+07  9.1958e-01
  5.0000e-01  3.0079e+01  4.8000e-01  3.7500e+07  9.5390e-01
  5.0000e-01  3.0079e+01  5.0000e-01  4.1503e+09  7.3132e-01
  5.0000e-01  3.0079e+01  5.2000e-01  1.2721e+09  4.1940e-01
  5.0000e-01  3.0079e+01  5.4000e-01  9.0419e+08  4.0535e-01
  5.0000e-01  3.0079e+01  5.6000e-01  7.5143e+08  3.9869e-01
  5.0000e-01  3.0079e+01  5.8000e-01  6.4568e+08  3.9334e-01
  5.0000e-01  3.0079e+01  6.0000e-01  5.5836e+08  3.8998e-01
  5.0000e-01  3.6747e+01  1.0000e-02  2.3012e+08  1.6452e+00
  5.0000e-01  3.6747e+01  2.0000e-02  7.8216e+08  1.3420e+00
  5.0000e-01  3.6747e+01  4.0000e-02  2.4592e+09  1.2547e+00
  5.0000e-01  3.6747e+01  6.0000e-02  4.1277e+09  1.2358e+00
  5.0000e-01  3.6747e+01  8.0000e-02  5.5249e+09  1.2245e+00
  5.0000e-01  3.6747e+01  1.0000e-01  6.6996e+09  1.2070e+00
  5.0000e-01  3.6747e+01  1.2000e-01  7.6150e+09  1.1978e+00
  5.0000e-01  3.6747e+01  1.4000e-01  8.3925e+09  1.2017e+00
  5.0000e-01  3.6747e+01  1.6000e-01  9.2549e+09  1.2173e+00
  5.0000e-01  3.6747e+01  1.8000e-01  1.0298e+10  1.2197e+00
  5.0000e-01  3.6747e+01  2.0000e-01  1.1266e+10  1.2358e+00
  5.0000e-01  3.6747e+01  2.2000e-01  1.1892e+10  1.2509e+00
  5.0000e-01  3.6747e+01  2.4000e-01  1.2427e+10  1.2425e+00
  5.0000e-01  3.6747e+01  2.6000e-01  1.4099e+10  1.2325e+00
  5.0000e-01  3.6747e+01  2.8000e-01  1.8453e+10  1.2550e+00
  5.0000e-01  3.6747e+01  3.0000e-01  2.6100e+10  1.2914e+00
  5.0000e-01  3.6747e+01  3.2000e-01  3.2814e+10  1.4694e+00
  5.0000e-01  3.6747e+01  3.4000e-01  9.2395e+09  1.0211e+00
  5.0000e-01  3.6747e+01  3.6000e-01  8.9397e+09  1.2180e+00
  5.0000e-01  3.6747e+01  3.8000e-01  7.4458e+09  1.2281e+00
  5.0000e-01  3.6747e+01  4.0000e-01  8.9230e+09  1.2826e+00
  5.0000e-01  3.6747e+01  4.2000e-01  1.4758e+10  1.7649e+00
  5.0000e-01  3.6747e+01  4.4000e-01  5.5674e+09  1.5996e+00
  5.0000e-01  3.6747e+01  4.6000e-01  7.5876e+08  1.0705e+00
  5.0000e-01  3.6747e+01  4.8000e-01  1.9691e+07  9.3979e-01
  5.0000e-01  3.6747e+01  5.0000e-01  1.9158e+09  8.5253e-01
  5.0000e-01  3.6747e+01  5.2000e-01  7.1430e+08  4.2992e-01
  5.0000e-01  3.6747e+01  5.4000e-01  5.1271e+08  4.1533e-01
  5.0000e-01  3.6747e+01  5.6000e-01  4.2103e+08  4.0336e-01
  5.0000e-01  3.6747e+01  5.8000e-01  3.5596e+08  3.9227e-01
  5.0000e-01  3.6747e+01  6.0000e-01  3.0464e+08  3.8395e-01
  5.0000e-01  4.4893e+01  1.0000e-02  1.3078e+08  1.8334e+00
  5.0000e-01  4.4893e+01  2.0000e-02  4.1666e+08  1.4363e+00
  5.0000e-01  4.4893e+01  4.0000e-02  1.4604e+09  1.2638e+00
  5.0000e-01  4.4893e+01  6.0000e-02  2.7474e+09  1.2237e+00
  5.0000e-01  4.4893e+01  8.0000e-02  3.9787e+09  1.2072e+00
  5.0000e-01  4.4893e+01  1.0000e-01  5.0839e+09  1.1974e+00
  5.0000e-01  4.4893e+01  1.2000e-01  6.0577e+09  1.1841e+00
  5.0000e-01  4.4893e+01  1.4000e-01  6.9362e+09  1.1936e+00
  5.0000e-01  4.4893e+01  1.6000e-01  7.8353e+09  1.2085e+00
  5.0000e-01  4.4893e+01  1.8000e-01  8.9028e+09  1.2087e+00
  5.0000e-01  4.4893e+01  2.0000e-01  9.8897e+09  1.2206e+00
  5.0000e-01  4.4893e+01  2.2000e-01  1.0771e+10  1.2317e+00
  5.0000e-01  4.4893e+01  2.4000e-01  1.1482e+10  1.2320e+00
  5.0000e-01  4.4893e+01  2.6000e-01  1.2577e+10  1.2287e+00
  5.0000e-01  4.4893e+01  2.8000e-01  1.4897e+10  1.2327e+00
  5.0000e-01  4.4893e+01  3.0000e-01  1.9529e+10  1.2635e+00
  5.0000e-01  4.4893e+01  3.2000e-01  2.4147e+10  1.2606e+00
  5.0000e-01  4.4893e+01  3.4000e-01  2.4996e+10  1.2906e+00
  5.0000e-01  4.4893e+01  3.6000e-01  8.4185e+09  1.0566e+00
  5.0000e-01  4.4893e+01  3.8000e-01  7.9687e+09  1.2358e+00
  5.0000e-01  4.4893e+01  4.0000e-01  6.7244e+09  1.2533e+00
  5.0000e-01  4.4893e+01  4.2000e-01  7.6460e+09  1.3188e+00
  5.0000e-01  4.4893e+01  4.4000e-01  1.1685e+10  1.8115e+00
  5.0000e-01  4.4893e+01  4.6000e-01  8.5517e+09  1.7141e+00
  5.0000e-01  4.4893e+01  4.8000e-01  4.7099e+07  7.2823e-01
  5.0000e-01  4.4893e+01  5.0000e-01  8.1074e+08  1.0461e+00
  5.0000e-01  4.4893e+01  5.2000e-01  4.0411e+08  4.3556e-01
  5.0000e-01  4.4893e+01  5.4000e-01  2.9472e+08  4.1585e-01
  5.0000e-01  4.4893e+01  5.6000e-01  2.5265e+08  4.2020e-01
  5.0000e-01  4.4893e+01  5.8000e-01  2.1302e+08  4.0864e-01
  5.0000e-01  4.4893e+01  6.0000e-01  1.8265e+08  4.0507e-01
  5.0000e-01  5.4844e+01  1.0000e-02  9.3406e+07  1.9486e+00
  5.0000e-01  5.4844e+01  2.0000e-02  2.3972e+08  1.6038e+00
  5.0000e-01  5.4844e+01  4.0000e-02  8.4584e+08  1.3014e+00
  5.0000e-01  5.4844e+01  6.0000e-02  1.6637e+09  1.2259e+00
  5.0000e-01  5.4844e+01  8.0000e-02  2.6495e+09  1.2028e+00
  5.0000e-01  5.4844e+01  1.0000e-01  3.6231e+09  1.1951e+00
  5.0000e-01  5.4844e+01  1.2000e-01  4.5565e+09  1.1780e+00
  5.0000e-01  5.4844e+01  1.4000e-01  5.3794e+09  1.1912e+00
  5.0000e-01  5.4844e+01  1.6000e-01  6.2903e+09  1.2035e+00
  5.0000e-01  5.4844e+01  1.8000e-01  7.2615e+09  1.2053e+00
  5.0000e-01  5.4844e+01  2.0000e-01  8.2234e+09  1.2113e+00
  5.0000e-01  5.4844e+01  2.2000e-01  9.1125e+09  1.2207e+00
  5.0000e-01  5.4844e+01  2.4000e-01  9.8977e+09  1.2245e+00
  5.0000e-01  5.4844e+01  2.6000e-01  1.0779e+10  1.2248e+00
  5.0000e-01  5.4844e+01  2.8000e-01  1.2095e+10  1.2254e+00
  5.0000e-01  5.4844e+01  3.0000e-01  1.4315e+10  1.2374e+00
  5.0000e-01  5.4844e+01  3.2000e-01  1.7932e+10  1.2674e+00
  5.0000e-01  5.4844e+01  3.4000e-01  2.0946e+10  1.2724e+00
  5.0000e-01  5.4844e+01  3.6000e-01  2.5411e+10  1.5931e+00
  5.0000e-01  5.4844e+01  3.8000e-01  7.3953e+09  1.0215e+00
  5.0000e-01  5.4844e+01  4.0000e-01  6.5278e+09  1.2348e+00
  5.0000e-01  5.4844e+01  4.2000e-01  5.4633e+09  1.2615e+00
  5.0000e-01  5.4844e+01  4.4000e-01  5.3693e+09  1.3045e+00
  5.0000e-01  5.4844e+01  4.6000e-01  8.0502e+09  1.7515e+00
  5.0000e-01  5.4844e+01  4.8000e-01  5.9886e+09  1.7962e+00
  5.0000e-01  5.4844e+01  5.0000e-01  5.0508e+08  1.3911e+00
  5.0000e-01  5.4844e+01  5.2000e-01  2.3895e+08  4.4576e-01
  5.0000e-01  5.4844e+01  5.4000e-01  1.8063e+08  4.3622e-01
  5.0000e-01  5.4844e+01  5.6000e-01  1.5239e+08  4.3060e-01
  5.0000e-01  5.4844e+01  5.8000e-01  1.2854e+08  4.2265e-01
  5.0000e-01  5.4844e+01  6.0000e-01  1.1936e+08  4.5186e-01
  5.0000e-01  6.7002e+01  1.0000e-02  6.4935e+07  2.0892e+00
  5.0000e-01  6.7002e+01  2.0000e-02  1.4946e+08  1.7704e+00
  5.0000e-01  6.7002e+01  4.0000e-02  4.6771e+08  1.3897e+00
  5.0000e-01  6.7002e+01  6.0000e-02  9.8741e+08  1.2682e+00
  5.0000e-01  6.7002e+01  8.0000e-02  1.6140e+09  1.2176e+00
  5.0000e-01  6.7002e+01  1.0000e-01  2.3508e+09  1.1935e+00
  5.0000e-01  6.7002e+01  1.2000e-01  3.1381e+09  1.1873e+00
  5.0000e-01  6.7002e+01  1.4000e-01  3.8566e+09  1.2004e+00
  5.0000e-01  6.7002e+01  1.6000e-01  4.6253e+09  1.2086e+00
  5.0000e-01  6.7002e+01  1.8000e-01  5.4468e+09  1.2121e+00
  5.0000e-01  6.7002e+01  2.0000e-01  6.2855e+09  1.2143e+00
  5.0000e-01  6.7002e+01  2.2000e-01  7.1097e+09  1.2197e+00
  5.0000e-01  6.7002e+01  2.4000e-01  7.8521e+09  1.2223e+00
  5.0000e-01  6.7002e+01  2.6000e-01  8.6106e+09  1.2208e+00
  5.0000e-01  6.7002e+01  2.8000e-01  9.4766e+09  1.2217e+00
  5.0000e-01  6.7002e+01  3.0000e-01  1.0634e+10  1.2234e+00
  5.0000e-01  6.7002e+01  3.2000e-01  1.2209e+10  1.2380e+00
  5.0000e-01  6.7002e+01  3.4000e-01  1.4367e+10  1.2620e+00
  5.0000e-01  6.7002e+01  3.6000e-01  1.6262e+10  1.2858e+00
  5.0000e-01  6.7002e+01  3.8000e-01  1.5012e+10  1.1921e+00
  5.0000e-01  6.7002e+01  4.0000e-01  1.4513e+10  1.2523e+00
  5.0000e-01  6.7002e+01  4.2000e-01  5.2706e+09  1.1080e+00
  5.0000e-01  6.7002e+01  4.4000e-01  4.1926e+09  1.2758e+00
  5.0000e-01  6.7002e+01  4.6000e-01  2.8420e+09  1.2892e+00
  5.0000e-01  6.7002e+01  4.8000e-01  3.0675e+09  1.5530e+00
  5.0000e-01  6.7002e+01  5.0000e-01  5.4215e+08  1.6142e+00
  5.0000e-01  6.7002e+01  5.2000e-01  1.5148e+08  4.8393e-01
  5.0000e-01  6.7002e+01  5.4000e-01  1.1695e+08  4.7465e-01
  5.0000e-01  6.7002e+01  5.6000e-01  9.6795e+07  4.6830e-01
  5.0000e-01  6.7002e+01  5.8000e-01  8.4896e+07  4.7926e-01
  5.0000e-01  6.7002e+01  6.0000e-01  6.9626e+07  4.6420e-01
  5.0000e-01  8.1855e+01  1.0000e-02  4.8742e+07  2.1981e+00
  5.0000e-01  8.1855e+01  2.0000e-02  1.0530e+08  1.9048e+00
  5.0000e-01  8.1855e+01  4.0000e-02  2.8262e+08  1.5476e+00
  5.0000e-01  8.1855e+01  6.0000e-02  5.7004e+08  1.3452e+00
  5.0000e-01  8.1855e+01  8.0000e-02  9.7407e+08  1.2561e+00
  5.0000e-01  8.1855e+01  1.0000e-01  1.4469e+09  1.2209e+00
  5.0000e-01  8.1855e+01  1.2000e-01  1.9690e+09  1.2096e+00
  5.0000e-01  8.1855e+01  1.4000e-01  2.5240e+09  1.2145e+00
  5.0000e-01  8.1855e+01  1.6000e-01  3.1301e+09  1.2218e+00
  5.0000e-01  8.1855e+01  1.8000e-01  3.7315e+09  1.2236e+00
  5.0000e-01  8.1855e+01  2.0000e-01  4.3996e+09  1.2200e+00
  5.0000e-01  8.1855e+01  2.2000e-01  5.0401e+09  1.2206e+00
  5.0000e-01  8.1855e+01  2.4000e-01  5.6624e+09  1.2209e+00
  5.0000e-01  8.1855e+01  2.6000e-01  6.2626e+09  1.2224e+00
  5.0000e-01  8.1855e+01  2.8000e-01  6.8900e+09  1.2228e+00
  5.0000e-01  8.1855e+01  3.0000e-01  7.5731e+09  1.2250e+00
  5.0000e-01  8.1855e+01  3.2000e-01  8.3607e+09  1.2286e+00
  5.0000e-01  8.1855e+01  3.4000e-01  9.2514e+09  1.2398e+00
  5.0000e-01  8.1855e+01  3.6000e-01  1.0246e+10  1.2542e+00
  5.0000e-01  8.1855e+01  3.8000e-01  1.0963e+10  1.2745e+00
  5.0000e-01  8.1855e+01  4.0000e-01  1.0947e+10  1.2675e+00
  5.0000e-01  8.1855e+01  4.2000e-01  9.4094e+09  1.1812e+00
  5.0000e-01  8.1855e+01  4.4000e-01  1.0316e+10  1.5935e+00
  5.0000e-01  8.1855e+01  4.6000e-01  2.8901e+09  1.1090e+00
  5.0000e-01  8.1855e+01  4.8000e-01  1.4690e+09  1.3199e+00
  5.0000e-01  8.1855e+01  5.0000e-01  3.6172e+08  1.6684e+00
  5.0000e-01  8.1855e+01  5.2000e-01  7.2823e+07  5.6176e-01
  5.0000e-01  8.1855e+01  5.4000e-01  5.2348e+07  5.4525e-01
  5.0000e-01  8.1855e+01  5.6000e-01  4.1628e+07  5.1205e-01
  5.0000e-01  8.1855e+01  5.8000e-01  3.6832e+07  5.0956e-01
  5.0000e-01  8.1855e+01  6.0000e-01  3.1881e+07  4.9186e-01
  5.0000e-01  1.0000e+02  1.0000e-02  2.6397e+07  2.5040e+00
  5.0000e-01  1.0000e+02  2.0000e-02  6.5200e+07  2.1039e+00
  5.0000e-01  1.0000e+02  4.0000e-02  1.8135e+08  1.6858e+00
  5.0000e-01  1.0000e+02  6.0000e-02  3.3816e+08  1.4644e+00
  5.0000e-01  1.0000e+02  8.0000e-02  5.7011e+08  1.3418e+00
  5.0000e-01  1.0000e+02  1.0000e-01  8.5287e+08  1.2825e+00
  5.0000e-01  1.0000e+02  1.2000e-01  1.1828e+09  1.2453e+00
  5.0000e-01  1.0000e+02  1.4000e-01  1.5419e+09  1.2333e+00
  5.0000e-01  1.0000e+02  1.6000e-01  1.9355e+09  1.2360e+00
  5.0000e-01  1.0000e+02  1.8000e-01  2.3509e+09  1.2375e+00
  5.0000e-01  1.0000e+02  2.0000e-01  2.8027e+09  1.2369e+00
  5.0000e-01  1.0000e+02  2.2000e-01  3.2517e+09  1.2337e+00
  5.0000e-01  1.0000e+02  2.4000e-01  3.7131e+09  1.2285e+00
  5.0000e-01  1.0000e+02  2.6000e-01  4.1541e+09  1.2278e+00
  5.0000e-01  1.0000e+02  2.8000e-01  4.5984e+09  1.2258e+00
  5.0000e-01  1.0000e+02  3.0000e-01  5.0409e+09  1.2240e+00
  5.0000e-01  1.0000e+02  3.2000e-01  5.4729e+09  1.2266e+00
  5.0000e-01  1.0000e+02  3.4000e-01  5.8959e+09  1.2333e+00
  5.0000e-01  1.0000e+02  3.6000e-01  6.3061e+09  1.2397e+00
  5.0000e-01  1.0000e+02  3.8000e-01  6.6145e+09  1.2470e+00
  5.0000e-01  1.0000e+02  4.0000e-01  6.7105e+09  1.2565e+00
  5.0000e-01  1.0000e+02  4.2000e-01  6.3873e+09  1.2572e+00
  5.0000e-01  1.0000e+02  4.4000e-01  5.4549e+09  1.2310e+00
  5.0000e-01  1.0000e+02  4.6000e-01  3.9784e+09  1.1774e+00
  5.0000e-01  1.0000e+02  4.8000e-01  2.2616e+09  1.2969e+00
  5.0000e-01  1.0000e+02  5.0000e-01  3.8821e+07  1.2559e+00
  5.0000e-01  1.0000e+02  5.2000e-01  2.1049e+07  9.6458e-01
  5.0000e-01  1.0000e+02  5.4000e-01  1.5927e+07  5.6278e-01
  5.0000e-01  1.0000e+02  5.6000e-01  1.5752e+07  5.0622e-01
  5.0000e-01  1.0000e+02  5.8000e-01  1.4888e+07  4.7163e-01
  5.0000e-01  1.0000e+02  6.0000e-01  1.3596e+07  4.4458e-01
  5.0000e-01  1.5000e+02  1.0000e-02  1.4419e+07  2.7748e+00
  5.0000e-01  1.5000e+02  2.0000e-02  3.3805e+07  2.3865e+00
  5.0000e-01  1.5000e+02  4.0000e-02  8.3139e+07  1.9939e+00
  5.0000e-01  1.5000e+02  6.0000e-02  1.5678e+08  1.7425e+00
  5.0000e-01  1.5000e+02  8.0000e-02  2.3271e+08  1.5896e+00
  5.0000e-01  1.5000e+02  1.0000e-01  3.3451e+08  1.4597e+00
  5.0000e-01  1.5000e+02  1.2000e-01  4.3563e+08  1.3899e+00
  5.0000e-01  1.5000e+02  1.4000e-01  5.5448e+08  1.3495e+00
  5.0000e-01  1.5000e+02  1.6000e-01  6.9078e+08  1.3137e+00
  5.0000e-01  1.5000e+02  1.8000e-01  8.3637e+08  1.2798e+00
  5.0000e-01  1.5000e+02  2.0000e-01  9.8397e+08  1.2666e+00
  5.0000e-01  1.5000e+02  2.2000e-01  1.1472e+09  1.2567e+00
  5.0000e-01  1.5000e+02  2.4000e-01  1.3172e+09  1.2496e+00
  5.0000e-01  1.5000e+02  2.6000e-01  1.4895e+09  1.2499e+00
  5.0000e-01  1.5000e+02  2.8000e-01  1.6542e+09  1.2411e+00
  5.0000e-01  1.5000e+02  3.0000e-01  1.8045e+09  1.2394e+00
  5.0000e-01  1.5000e+02  3.2000e-01  1.9530e+09  1.2383e+00
  5.0000e-01  1.5000e+02  3.4000e-01  2.0639e+09  1.2310e+00
  5.0000e-01  1.5000e+02  3.6000e-01  2.1361e+09  1.2234e+00
  5.0000e-01  1.5000e+02  3.8000e-01  2.1486e+09  1.2168e+00
  5.0000e-01  1.5000e+02  4.0000e-01  2.0732e+09  1.2090e+00
  5.0000e-01  1.5000e+02  4.2000e-01  1.8720e+09  1.1894e+00
  5.0000e-01  1.5000e+02  4.4000e-01  6.3350e+08  1.1723e+00
  5.0000e-01  1.5000e+02  4.6000e-01  2.5606e+08  1.2307e+00
  5.0000e-01  1.5000e+02  4.8000e-01  9.3971e+07  1.3343e+00
  5.0000e-01  1.5000e+02  5.0000e-01  7.7313e+06  1.0797e+00
  5.0000e-01  1.5000e+02  5.2000e-01  4.3680e+05  1.2209e+00
  5.0000e-01  1.5000e+02  5.4000e-01  6.6874e+05  1.0057e+00
  5.0000e-01  1.5000e+02  5.6000e-01  3.6381e+06  7.9360e-01
  5.0000e-01  1.5000e+02  5.8000e-01  4.5538e+06  7.1446e-01
  5.0000e-01  1.5000e+02  6.0000e-01  4.0735e+06  6.5566e-01
  5.0000e-01  2.0000e+02  1.0000e-02  9.6770e+06  2.9638e+00
  5.0000e-01  2.0000e+02  2.0000e-02  2.1435e+07  2.5976e+00
  5.0000e-01  2.0000e+02  4.0000e-02  5.0385e+07  2.2071e+00
  5.0000e-01  2.0000e+02  6.0000e-02  8.5441e+07  1.9823e+00
  5.0000e-01  2.0000e+02  8.0000e-02  1.3000e+08  1.7852e+00
  5.0000e-01  2.0000e+02  1.0000e-01  1.7692e+08  1.6625e+00
  5.0000e-01  2.0000e+02  1.2000e-01  2.2954e+08  1.5711e+00
  5.0000e-01  2.0000e+02  1.4000e-01  2.8866e+08  1.4798e+00
  5.0000e-01  2.0000e+02  1.6000e-01  3.5294e+08  1.4138e+00
  5.0000e-01  2.0000e+02  1.8000e-01  4.1569e+08  1.3656e+00
  5.0000e-01  2.0000e+02  2.0000e-01  4.7923e+08  1.3454e+00
  5.0000e-01  2.0000e+02  2.2000e-01  5.5045e+08  1.3144e+00
  5.0000e-01  2.0000e+02  2.4000e-01  6.1335e+08  1.2926e+00
  5.0000e-01  2.0000e+02  2.6000e-01  6.8156e+08  1.2642e+00
  5.0000e-01  2.0000e+02  2.8000e-01  7.2939e+08  1.2479e+00
  5.0000e-01  2.0000e+02  3.0000e-01  7.6505e+08  1.2348e+00
  5.0000e-01  2.0000e+02  3.2000e-01  6.7347e+08  1.2346e+00
  5.0000e-01  2.0000e+02  3.4000e-01  5.9248e+08  1.2323e+00
  5.0000e-01  2.0000e+02  3.6000e-01  5.2819e+08  1.2200e+00
  5.0000e-01  2.0000e+02  3.8000e-01  4.5348e+08  1.2183e+00
  5.0000e-01  2.0000e+02  4.0000e-01  3.5720e+08  1.2326e+00
  5.0000e-01  2.0000e+02  4.2000e-01  2.6170e+08  1.2765e+00
  5.0000e-01  2.0000e+02  4.4000e-01  1.7085e+08  1.3242e+00
  5.0000e-01  2.0000e+02  4.6000e-01  1.0913e+08  1.3584e+00
  5.0000e-01  2.0000e+02  4.8000e-01  5.0616e+07  1.5378e+00
  5.0000e-01  2.0000e+02  5.0000e-01  1.7155e+06  1.0949e+00
  5.0000e-01  2.0000e+02  5.2000e-01  3.4238e+05  1.1703e+00
  5.0000e-01  2.0000e+02  5.4000e-01  1.8731e+04  1.1415e+00
  5.0000e-01  2.0000e+02  5.6000e-01  8.9988e+04  1.3546e+00
  5.0000e-01  2.0000e+02  5.8000e-01  2.4361e+05  1.0551e+00
  5.0000e-01  2.0000e+02  6.0000e-01  4.3227e+05  9.8851e-01
  5.0000e-01  2.5000e+02  1.0000e-02  7.1609e+06  3.1049e+00
  5.0000e-01  2.5000e+02  2.0000e-02  1.5280e+07  2.7537e+00
  5.0000e-01  2.5000e+02  4.0000e-02  3.4535e+07  2.3902e+00
  5.0000e-01  2.5000e+02  6.0000e-02  5.5622e+07  2.1568e+00
  5.0000e-01  2.5000e+02  8.0000e-02  8.0091e+07  2.0027e+00
  5.0000e-01  2.5000e+02  1.0000e-01  1.1067e+08  1.8503e+00
  5.0000e-01  2.5000e+02  1.2000e-01  1.3999e+08  1.7571e+00
  5.0000e-01  2.5000e+02  1.4000e-01  1.6793e+08  1.6777e+00
  5.0000e-01  2.5000e+02  1.6000e-01  1.9113e+08  1.6147e+00
  5.0000e-01  2.5000e+02  1.8000e-01  2.1689e+08  1.5670e+00
  5.0000e-01  2.5000e+02  2.0000e-01  2.4099e+08  1.5059e+00
  5.0000e-01  2.5000e+02  2.2000e-01  2.5846e+08  1.4693e+00
  5.0000e-01  2.5000e+02  2.4000e-01  2.7648e+08  1.4341e+00
  5.0000e-01  2.5000e+02  2.6000e-01  2.8400e+08  1.4043e+00
  5.0000e-01  2.5000e+02  2.8000e-01  2.8869e+08  1.3845e+00
  5.0000e-01  2.5000e+02  3.0000e-01  2.8931e+08  1.3711e+00
  5.0000e-01  2.5000e+02  3.2000e-01  2.8077e+08  1.3640e+00
  5.0000e-01  2.5000e+02  3.4000e-01  2.6216e+08  1.3626e+00
  5.0000e-01  2.5000e+02  3.6000e-01  2.3933e+08  1.3730e+00
  5.0000e-01  2.5000e+02  3.8000e-01  2.0569e+08  1.3974e+00
  5.0000e-01  2.5000e+02  4.0000e-01  1.6979e+08  1.4038e+00
  5.0000e-01  2.5000e+02  4.2000e-01  1.3955e+08  1.4223e+00
  5.0000e-01  2.5000e+02  4.4000e-01  1.0207e+08  1.4373e+00
  5.0000e-01  2.5000e+02  4.6000e-01  6.0592e+07  1.5761e+00
  5.0000e-01  2.5000e+02  4.8000e-01  4.2352e+07  1.5743e+00
  5.0000e-01  2.5000e+02  5.0000e-01  6.0704e+05  1.2386e+00
  5.0000e-01  2.5000e+02  5.2000e-01  1.8329e+05  1.1475e+00
  5.0000e-01  2.5000e+02  5.4000e-01  1.0269e+04  1.0702e+00
  5.0000e-01  2.5000e+02  5.6000e-01  7.5332e+03  1.2016e+00
  5.0000e-01  2.5000e+02  5.8000e-01  2.0284e+04  1.2907e+00
  5.0000e-01  2.5000e+02  6.0000e-01  4.6149e+04  1.2519e+00
  5.0000e-01  3.0000e+02  1.0000e-02  5.7837e+06  3.2010e+00
  5.0000e-01  3.0000e+02  2.0000e-02  1.1715e+07  2.8861e+00
  5.0000e-01  3.0000e+02  4.0000e-02  2.5277e+07  2.5235e+00
  5.0000e-01  3.0000e+02  6.0000e-02  4.0320e+07  2.3091e+00
  5.0000e-01  3.0000e+02  8.0000e-02  5.5764e+07  2.1548e+00
  5.0000e-01  3.0000e+02  1.0000e-01  7.1979e+07  2.0356e+00
  5.0000e-01  3.0000e+02  1.2000e-01  8.9430e+07  1.9355e+00
  5.0000e-01  3.0000e+02  1.4000e-01  1.1080e+08  1.8326e+00
  5.0000e-01  3.0000e+02  1.6000e-01  1.2612e+08  1.7717e+00
  5.0000e-01  3.0000e+02  1.8000e-01  1.4009e+08  1.7104e+00
  5.0000e-01  3.0000e+02  2.0000e-01  1.5462e+08  1.6714e+00
  5.0000e-01  3.0000e+02  2.2000e-01  1.6497e+08  1.6343e+00
  5.0000e-01  3.0000e+02  2.4000e-01  1.7047e+08  1.6073e+00
  5.0000e-01  3.0000e+02  2.6000e-01  1.7506e+08  1.5717e+00
  5.0000e-01  3.0000e+02  2.8000e-01  1.7361e+08  1.5492e+00
  5.0000e-01  3.0000e+02  3.0000e-01  1.7095e+08  1.5311e+00
  5.0000e-01  3.0000e+02  3.2000e-01  1.6539e+08  1.5225e+00
  5.0000e-01  3.0000e+02  3.4000e-01  1.5984e+08  1.5113e+00
  5.0000e-01  3.0000e+02  3.6000e-01  1.4534e+08  1.5219e+00
  5.0000e-01  3.0000e+02  3.8000e-01  1.3076e+08  1.5139e+00
  5.0000e-01  3.0000e+02  4.0000e-01  1.0959e+08  1.5270e+00
  5.0000e-01  3.0000e+02  4.2000e-01  8.8932e+07  1.5571e+00
  5.0000e-01  3.0000e+02  4.4000e-01  6.5679e+07  1.6144e+00
  5.0000e-01  3.0000e+02  4.6000e-01  4.6869e+07  1.7137e+00
  5.0000e-01  3.0000e+02  4.8000e-01  4.1042e+07  1.5797e+00
  5.0000e-01  3.0000e+02  5.0000e-01  3.1789e+05  1.2719e+00
  5.0000e-01  3.0000e+02  5.2000e-01  9.9062e+04  1.2093e+00
  5.0000e-01  3.0000e+02  5.4000e-01  1.1537e+04  1.2094e+00
  5.0000e-01  3.0000e+02  5.6000e-01  3.5367e+03  1.0605e+00
  5.0000e-01  3.0000e+02  5.8000e-01  3.9633e+03  1.0691e+00
  5.0000e-01  3.0000e+02  6.0000e-01  8.1851e+03  1.3985e+00
  1.0000e+00  3.3246e+00  1.0000e-02  1.6437e+10  1.3168e+00
  1.0000e+00  3.3246e+00  2.0000e-02  1.5973e+10  1.3210e+00
  1.0000e+00  3.3246e+00  4.0000e-02  1.5298e+10  1.3228e+00
  1.0000e+00  3.3246e+00  6.0000e-02  1.5771e+10  1.3132e+00
  1.0000e+00  3.3246e+00  8.0000e-02  1.3986e+10  1.3163e+00
  1.0000e+00  3.3246e+00  1.0000e-01  1.6534e+10  1.3307e+00
  1.0000e+00  3.3246e+00  1.2000e-01  1.8498e+10  1.3203e+00
  1.0000e+00  3.3246e+00  1.4000e-01  1.8707e+10  1.3132e+00
  1.0000e+00  3.3246e+00  1.6000e-01  1.8756e+10  1.3265e+00
  1.0000e+00  3.3246e+00  1.8000e-01  2.1055e+10  1.3825e+00
  1.0000e+00  3.3246e+00  2.0000e-01  2.6688e+10  1.4512e+00
  1.0000e+00  3.3246e+00  2.2000e-01  3.1860e+10  1.5134e+00
  1.0000e+00  3.3246e+00  2.4000e-01  3.2425e+10  1.4236e+00
  1.0000e+00  3.3246e+00  2.6000e-01  2.4454e+10  1.2418e+00
  1.0000e+00  3.3246e+00  2.8000e-01  2.0389e+10  1.3025e+00
  1.0000e+00  3.3246e+00  3.0000e-01  2.0085e+10  1.4771e+00
  1.0000e+00  3.3246e+00  3.2000e-01  1.8946e+10  1.5560e+00
  1.0000e+00  3.3246e+00  3.4000e-01  1.6227e+10  1.6230e+00
  1.0000e+00  3.3246e+00  3.6000e-01  7.1986e+09  1.9344e+00
  1.0000e+00  3.3246e+00  3.8000e-01  3.0791e+09  1.9160e+00
  1.0000e+00  3.3246e+00  4.0000e-01  4.8511e+09  1.5919e+00
  1.0000e+00  3.3246e+00  4.2000e-01  2.0455e+10  1.3990e+00
  1.0000e+00  3.3246e+00  4.4000e-01  3.8514e+09  1.1917e+00
  1.0000e+00  3.3246e+00  4.6000e-01  1.4537e+07  5.1924e-01
  1.0000e+00  3.3246e+00  4.8000e-01  6.5090e+09  1.7564e+00
  1.0000e+00  3.3246e+00  5.0000e-01  3.4050e+10  3.7595e-01
  1.0000e+00  3.3246e+00  5.2000e-01  3.2934e+10  3.5535e-01
  1.0000e+00  3.3246e+00  5.4000e-01  2.7348e+10  3.6937e-01
  1.0000e+00  3.3246e+00  5.6000e-01  1.6274e+10  4.2632e-01
  1.0000e+00  3.3246e+00  5.8000e-01  3.6100e+09  6.1568e-01
  1.0000e+00  3.3246e+00  6.0000e-01  2.1854e+09  7.7805e-01
  1.0000e+00  4.0616e+00  1.0000e-02  1.6450e+10  1.3004e+00
  1.0000e+00  4.0616e+00  2.0000e-02  1.5992e+10  1.3055e+00
  1.0000e+00  4.0616e+00  4.0000e-02  1.5234e+10  1.3070e+00
  1.0000e+00  4.0616e+00  6.0000e-02  1.6100e+10  1.3018e+00
  1.0000e+00  4.0616e+00  8.0000e-02  1.3894e+10  1.2951e+00
  1.0000e+00  4.0616e+00  1.0000e-01  1.4759e+10  1.3124e+00
  1.0000e+00  4.0616e+00  1.2000e-01  1.6046e+10  1.3108e+00
  1.0000e+00  4.0616e+00  1.4000e-01  1.6447e+10  1.3058e+00
  1.0000e+00  4.0616e+00  1.6000e-01  1.6882e+10  1.3179e+00
  1.0000e+00  4.0616e+00  1.8000e-01  1.9112e+10  1.3570e+00
  1.0000e+00  4.0616e+00  2.0000e-01  2.6509e+10  1.4255e+00
  1.0000e+00  4.0616e+00  2.2000e-01  3.0582e+10  1.4695e+00
  1.0000e+00  4.0616e+00  2.4000e-01  3.2391e+10  1.3657e+00
  1.0000e+00  4.0616e+00  2.6000e-01  1.9293e+10  1.1447e+00
  1.0000e+00  4.0616e+00  2.8000e-01  1.8688e+10  1.3076e+00
  1.0000e+00  4.0616e+00  3.0000e-01  2.0796e+10  1.4817e+00
  1.0000e+00  4.0616e+00  3.2000e-01  1.9590e+10  1.5307e+00
  1.0000e+00  4.0616e+00  3.4000e-01  1.7061e+10  1.6064e+00
  1.0000e+00  4.0616e+00  3.6000e-01  7.8533e+09  1.9715e+00
  1.0000e+00  4.0616e+00  3.8000e-01  3.0679e+09  1.9155e+00
  1.0000e+00  4.0616e+00  4.0000e-01  4.7796e+09  1.5768e+00
  1.0000e+00  4.0616e+00  4.2000e-01  2.1649e+10  1.4110e+00
  1.0000e+00  4.0616e+00  4.4000e-01  3.7360e+09  1.1790e+00
  1.0000e+00  4.0616e+00  4.6000e-01  2.3901e+07  7.0527e-01
  1.0000e+00  4.0616e+00  4.8000e-01  6.3742e+09  1.8258e+00
  1.0000e+00  4.0616e+00  5.0000e-01  3.2733e+10  3.8438e-01
  1.0000e+00  4.0616e+00  5.2000e-01  3.0694e+10  3.5539e-01
  1.0000e+00  4.0616e+00  5.4000e-01  2.9119e+10  3.5789e-01
  1.0000e+00  4.0616e+00  5.6000e-01  2.3259e+10  3.7119e-01
  1.0000e+00  4.0616e+00  5.8000e-01  1.3012e+10  4.1475e-01
  1.0000e+00  4.0616e+00  6.0000e-01  3.9245e+09  5.6139e-01
  1.0000e+00  4.9619e+00  1.0000e-02  1.6533e+10  1.2598e+00
  1.0000e+00  4.9619e+00  2.0000e-02  1.6240e+10  1.2725e+00
  1.0000e+00  4.9619e+00  4.0000e-02  1.5457e+10  1.2846e+00
  1.0000e+00  4.9619e+00  6.0000e-02  1.6593e+10  1.2849e+00
  1.0000e+00  4.9619e+00  8.0000e-02  1.4778e+10  1.2668e+00
  1.0000e+00  4.9619e+00  1.0000e-01  1.4574e+10  1.2733e+00
  1.0000e+00  4.9619e+00  1.2000e-01  1.5594e+10  1.2693e+00
  1.0000e+00  4.9619e+00  1.4000e-01  1.6126e+10  1.2629e+00
  1.0000e+00  4.9619e+00  1.6000e-01  1.6448e+10  1.2715e+00
  1.0000e+00  4.9619e+00  1.8000e-01  1.7729e+10  1.3135e+00
  1.0000e+00  4.9619e+00  2.0000e-01  2.1857e+10  1.3648e+00
  1.0000e+00  4.9619e+00  2.2000e-01  2.8418e+10  1.3808e+00
  1.0000e+00  4.9619e+00  2.4000e-01  2.9256e+10  1.2379e+00
  1.0000e+00  4.9619e+00  2.6000e-01  1.8462e+10  1.1260e+00
  1.0000e+00  4.9619e+00  2.8000e-01  1.9500e+10  1.3371e+00
  1.0000e+00  4.9619e+00  3.0000e-01  2.1487e+10  1.4882e+00
  1.0000e+00  4.9619e+00  3.2000e-01  1.9382e+10  1.5217e+00
  1.0000e+00  4.9619e+00  3.4000e-01  1.6895e+10  1.6203e+00
  1.0000e+00  4.9619e+00  3.6000e-01  8.2378e+09  2.0061e+00
  1.0000e+00  4.9619e+00  3.8000e-01  3.2727e+09  1.9437e+00
  1.0000e+00  4.9619e+00  4.0000e-01  4.7049e+09  1.5612e+00
  1.0000e+00  4.9619e+00  4.2000e-01  2.3052e+10  1.4226e+00
  1.0000e+00  4.9619e+00  4.4000e-01  3.4338e+09  1.1815e+00
  1.0000e+00  4.9619e+00  4.6000e-01  3.9908e+07  9.1381e-01
  1.0000e+00  4.9619e+00  4.8000e-01  5.6610e+09  1.8447e+00
  1.0000e+00  4.9619e+00  5.0000e-01  3.1370e+10  3.9496e-01
  1.0000e+00  4.9619e+00  5.2000e-01  2.8596e+10  3.5635e-01
  1.0000e+00  4.9619e+00  5.4000e-01  2.8338e+10  3.5721e-01
  1.0000e+00  4.9619e+00  5.6000e-01  2.6299e+10  3.6245e-01
  1.0000e+00  4.9619e+00  5.8000e-01  2.1125e+10  3.7259e-01
  1.0000e+00  4.9619e+00  6.0000e-01  1.2854e+10  4.0313e-01
  1.0000e+00  6.0619e+00  1.0000e-02  1.6197e+10  1.2528e+00
  1.0000e+00  6.0619e+00  2.0000e-02  1.6009e+10  1.2460e+00
  1.0000e+00  6.0619e+00  4.0000e-02  1.5550e+10  1.2430e+00
  1.0000e+00  6.0619e+00  6.0000e-02  1.6268e+10  1.2522e+00
  1.0000e+00  6.0619e+00  8.0000e-02  1.6051e+10  1.2426e+00
  1.0000e+00  6.0619e+00  1.0000e-01  1.5649e+10  1.2465e+00
  1.0000e+00  6.0619e+00  1.2000e-01  1.6251e+10  1.2547e+00
  1.0000e+00  6.0619e+00  1.4000e-01  1.7032e+10  1.2544e+00
  1.0000e+00  6.0619e+00  1.6000e-01  1.6976e+10  1.2508e+00
  1.0000e+00  6.0619e+00  1.8000e-01  1.7562e+10  1.2801e+00
  1.0000e+00  6.0619e+00  2.0000e-01  2.1693e+10  1.3400e+00
  1.0000e+00  6.0619e+00  2.2000e-01  2.9031e+10  1.3920e+00
  1.0000e+00  6.0619e+00  2.4000e-01  3.2920e+10  1.3468e+00
  1.0000e+00  6.0619e+00  2.6000e-01  2.0751e+10  1.1921e+00
  1.0000e+00  6.0619e+00  2.8000e-01  2.1090e+10  1.3810e+00
  1.0000e+00  6.0619e+00  3.0000e-01  2.1500e+10  1.4873e+00
  1.0000e+00  6.0619e+00  3.2000e-01  1.9201e+10  1.5048e+00
  1.0000e+00  6.0619e+00  3.4000e-01  1.7359e+10  1.6348e+00
  1.0000e+00  6.0619e+00  3.6000e-01  9.0433e+09  2.0145e+00
  1.0000e+00  6.0619e+00  3.8000e-01  3.6125e+09  1.9649e+00
  1.0000e+00  6.0619e+00  4.0000e-01  4.4277e+09  1.5511e+00
  1.0000e+00  6.0619e+00  4.2000e-01  2.4691e+10  1.4365e+00
  1.0000e+00  6.0619e+00  4.4000e-01  2.4884e+09  1.1800e+00
  1.0000e+00  6.0619e+00  4.6000e-01  5.1424e+07  9.5160e-01
  1.0000e+00  6.0619e+00  4.8000e-01  4.7265e+09  1.8456e+00
  1.0000e+00  6.0619e+00  5.0000e-01  2.9671e+10  4.0675e-01
  1.0000e+00  6.0619e+00  5.2000e-01  2.6194e+10  3.5879e-01
  1.0000e+00  6.0619e+00  5.4000e-01  2.6228e+10  3.5982e-01
  1.0000e+00  6.0619e+00  5.6000e-01  2.5412e+10  3.6308e-01
  1.0000e+00  6.0619e+00  5.8000e-01  2.3227e+10  3.6828e-01
  1.0000e+00  6.0619e+00  6.0000e-01  2.0100e+10  3.7639e-01
  1.0000e+00  7.4057e+00  1.0000e-02  1.7322e+10  1.2816e+00
  1.0000e+00  7.4057e+00  2.0000e-02  1.7021e+10  1.2726e+00
  1.0000e+00  7.4057e+00  4.0000e-02  1.6988e+10  1.2669e+00
  1.0000e+00  7.4057e+00  6.0000e-02  1.6766e+10  1.2666e+00
  1.0000e+00  7.4057e+00  8.0000e-02  1.7236e+10  1.2681e+00
  1.0000e+00  7.4057e+00  1.0000e-01  1.7519e+10  1.2686e+00
  1.0000e+00  7.4057e+00  1.2000e-01  1.8430e+10  1.2697e+00
  1.0000e+00  7.4057e+00  1.4000e-01  1.8732e+10  1.2536e+00
  1.0000e+00  7.4057e+00  1.6000e-01  1.7890e+10  1.2413e+00
  1.0000e+00  7.4057e+00  1.8000e-01  1.9276e+10  1.2895e+00
  1.0000e+00  7.4057e+00  2.0000e-01  2.4170e+10  1.3669e+00
  1.0000e+00  7.4057e+00  2.2000e-01  2.9757e+10  1.4287e+00
  1.0000e+00  7.4057e+00  2.4000e-01  3.4995e+10  1.5257e+00
  1.0000e+00  7.4057e+00  2.6000e-01  2.3303e+10  1.2688e+00
  1.0000e+00  7.4057e+00  2.8000e-01  2.1866e+10  1.3986e+00
  1.0000e+00  7.4057e+00  3.0000e-01  2.1140e+10  1.4793e+00
  1.0000e+00  7.4057e+00  3.2000e-01  1.8984e+10  1.4962e+00
  1.0000e+00  7.4057e+00  3.4000e-01  1.8151e+10  1.6450e+00
  1.0000e+00  7.4057e+00  3.6000e-01  1.0422e+10  1.9751e+00
  1.0000e+00  7.4057e+00  3.8000e-01  4.0954e+09  1.9853e+00
  1.0000e+00  7.4057e+00  4.0000e-01  3.9730e+09  1.5532e+00
  1.0000e+00  7.4057e+00  4.2000e-01  2.6949e+10  1.4563e+00
  1.0000e+00  7.4057e+00  4.4000e-01  1.2247e+09  1.1911e+00
  1.0000e+00  7.4057e+00  4.6000e-01  5.8862e+07  9.6514e-01
  1.0000e+00  7.4057e+00  4.8000e-01  3.7682e+09  1.8195e+00
  1.0000e+00  7.4057e+00  5.0000e-01  2.7744e+10  4.2200e-01
  1.0000e+00  7.4057e+00  5.2000e-01  2.3309e+10  3.6058e-01
  1.0000e+00  7.4057e+00  5.4000e-01  2.3357e+10  3.6074e-01
  1.0000e+00  7.4057e+00  5.6000e-01  2.3144e+10  3.6177e-01
  1.0000e+00  7.4057e+00  5.8000e-01  2.2452e+10  3.6433e-01
  1.0000e+00  7.4057e+00  6.0000e-01  2.0994e+10  3.6811e-01
  1.0000e+00  9.0474e+00  1.0000e-02  1.4917e+10  1.2757e+00
  1.0000e+00  9.0474e+00  2.0000e-02  1.6230e+10  1.2891e+00
  1.0000e+00  9.0474e+00  4.0000e-02  1.6840e+10  1.2881e+00
  1.0000e+00  9.0474e+00  6.0000e-02  1.7093e+10  1.2855e+00
  1.0000e+00  9.0474e+00  8.0000e-02  1.6979e+10  1.2791e+00
  1.0000e+00  9.0474e+00  1.0000e-01  1.6940e+10  1.2788e+00
  1.0000e+00  9.0474e+00  1.2000e-01  1.8020e+10  1.2792e+00
  1.0000e+00  9.0474e+00  1.4000e-01  1.8317e+10  1.2666e+00
  1.0000e+00  9.0474e+00  1.6000e-01  1.8530e+10  1.2743e+00
  1.0000e+00  9.0474e+00  1.8000e-01  2.1237e+10  1.3331e+00
  1.0000e+00  9.0474e+00  2.0000e-01  2.6099e+10  1.3989e+00
  1.0000e+00  9.0474e+00  2.2000e-01  3.0014e+10  1.4564e+00
  1.0000e+00  9.0474e+00  2.4000e-01  3.3728e+10  1.5982e+00
  1.0000e+00  9.0474e+00  2.6000e-01  2.4629e+10  1.3020e+00
  1.0000e+00  9.0474e+00  2.8000e-01  2.1753e+10  1.3828e+00
  1.0000e+00  9.0474e+00  3.0000e-01  2.0643e+10  1.4596e+00
  1.0000e+00  9.0474e+00  3.2000e-01  1.9082e+10  1.4921e+00
  1.0000e+00  9.0474e+00  3.4000e-01  1.9222e+10  1.6449e+00
  1.0000e+00  9.0474e+00  3.6000e-01  1.2198e+10  1.9385e+00
  1.0000e+00  9.0474e+00  3.8000e-01  4.7087e+09  1.9902e+00
  1.0000e+00  9.0474e+00  4.0000e-01  3.3154e+09  1.5846e+00
  1.0000e+00  9.0474e+00  4.2000e-01  2.9177e+10  1.4806e+00
  1.0000e+00  9.0474e+00  4.4000e-01  6.5894e+08  1.2114e+00
  1.0000e+00  9.0474e+00  4.6000e-01  6.1983e+07  9.8495e-01
  1.0000e+00  9.0474e+00  4.8000e-01  2.7822e+09  1.7692e+00
  1.0000e+00  9.0474e+00  5.0000e-01  2.5490e+10  4.3962e-01
  1.0000e+00  9.0474e+00  5.2000e-01  2.0187e+10  3.6381e-01
  1.0000e+00  9.0474e+00  5.4000e-01  1.9993e+10  3.6434e-01
  1.0000e+00  9.0474e+00  5.6000e-01  1.9801e+10  3.6577e-01
  1.0000e+00  9.0474e+00  5.8000e-01  1.9503e+10  3.6518e-01
  1.0000e+00  9.0474e+00  6.0000e-01  1.9004e+10  3.6742e-01
  1.0000e+00  1.1053e+01  1.0000e-02  1.7997e+10  1.2425e+00
  1.0000e+00  1.1053e+01  2.0000e-02  1.4337e+10  1.2423e+00
  1.0000e+00  1.1053e+01  4.0000e-02  1.3950e+10  1.2470e+00
  1.0000e+00  1.1053e+01  6.0000e-02  1.4878e+10  1.2611e+00
  1.0000e+00  1.1053e+01  8.0000e-02  1.5402e+10  1.2680e+00
  1.0000e+00  1.1053e+01  1.0000e-01  1.5825e+10  1.2737e+00
  1.0000e+00  1.1053e+01  1.2000e-01  1.7099e+10  1.2766e+00
  1.0000e+00  1.1053e+01  1.4000e-01  1.7726e+10  1.2743e+00
  1.0000e+00  1.1053e+01  1.6000e-01  1.8658e+10  1.2932e+00
  1.0000e+00  1.1053e+01  1.8000e-01  2.1796e+10  1.3494e+00
  1.0000e+00  1.1053e+01  2.0000e-01  2.6339e+10  1.4042e+00
  1.0000e+00  1.1053e+01  2.2000e-01  2.9959e+10  1.4547e+00
  1.0000e+00  1.1053e+01  2.4000e-01  3.3532e+10  1.6046e+00
  1.0000e+00  1.1053e+01  2.6000e-01  2.4644e+10  1.2808e+00
  1.0000e+00  1.1053e+01  2.8000e-01  2.0996e+10  1.3401e+00
  1.0000e+00  1.1053e+01  3.0000e-01  1.9914e+10  1.4265e+00
  1.0000e+00  1.1053e+01  3.2000e-01  1.9287e+10  1.4930e+00
  1.0000e+00  1.1053e+01  3.4000e-01  2.0471e+10  1.6547e+00
  1.0000e+00  1.1053e+01  3.6000e-01  1.4153e+10  1.9335e+00
  1.0000e+00  1.1053e+01  3.8000e-01  5.4605e+09  1.9760e+00
  1.0000e+00  1.1053e+01  4.0000e-01  2.5608e+09  1.6735e+00
  1.0000e+00  1.1053e+01  4.2000e-01  2.8450e+10  1.5213e+00
  1.0000e+00  1.1053e+01  4.4000e-01  4.0836e+08  1.2003e+00
  1.0000e+00  1.1053e+01  4.6000e-01  6.1063e+07  9.8812e-01
  1.0000e+00  1.1053e+01  4.8000e-01  1.8358e+09  1.6967e+00
  1.0000e+00  1.1053e+01  5.0000e-01  2.2814e+10  4.5874e-01
  1.0000e+00  1.1053e+01  5.2000e-01  1.6831e+10  3.6938e-01
  1.0000e+00  1.1053e+01  5.4000e-01  1.6227e+10  3.6968e-01
  1.0000e+00  1.1053e+01  5.6000e-01  1.5882e+10  3.7057e-01
  1.0000e+00  1.1053e+01  5.8000e-01  1.5564e+10  3.7041e-01
  1.0000e+00  1.1053e+01  6.0000e-01  1.5221e+10  3.7212e-01
  1.0000e+00  1.3503e+01  1.0000e-02  1.3821e+10  1.4711e+00
  1.0000e+00  1.3503e+01  2.0000e-02  1.6476e+10  1.2835e+00
  1.0000e+00  1.3503e+01  4.0000e-02  1.7422e+10  1.2420e+00
  1.0000e+00  1.3503e+01  6.0000e-02  1.3870e+10  1.2318e+00
  1.0000e+00  1.3503e+01  8.0000e-02  1.3849e+10  1.2391e+00
  1.0000e+00  1.3503e+01  1.0000e-01  1.4599e+10  1.2533e+00
  1.0000e+00  1.3503e+01  1.2000e-01  1.6096e+10  1.2637e+00
  1.0000e+00  1.3503e+01  1.4000e-01  1.6648e+10  1.2675e+00
  1.0000e+00  1.3503e+01  1.6000e-01  1.7276e+10  1.2874e+00
  1.0000e+00  1.3503e+01  1.8000e-01  2.0113e+10  1.3348e+00
  1.0000e+00  1.3503e+01  2.0000e-01  2.4827e+10  1.3797e+00
  1.0000e+00  1.3503e+01  2.2000e-01  2.9419e+10  1.4183e+00
  1.0000e+00  1.3503e+01  2.4000e-01  3.4505e+10  1.5879e+00
  1.0000e+00  1.3503e+01  2.6000e-01  2.3357e+10  1.2188e+00
  1.0000e+00  1.3503e+01  2.8000e-01  1.9486e+10  1.2779e+00
  1.0000e+00  1.3503e+01  3.0000e-01  1.8747e+10  1.3904e+00
  1.0000e+00  1.3503e+01  3.2000e-01  1.9318e+10  1.4920e+00
  1.0000e+00  1.3503e+01  3.4000e-01  2.1877e+10  1.6574e+00
  1.0000e+00  1.3503e+01  3.6000e-01  1.6882e+10  1.9324e+00
  1.0000e+00  1.3503e+01  3.8000e-01  6.4772e+09  1.9598e+00
  1.0000e+00  1.3503e+01  4.0000e-01  1.8588e+09  1.8797e+00
  1.0000e+00  1.3503e+01  4.2000e-01  1.9031e+10  1.4856e+00
  1.0000e+00  1.3503e+01  4.4000e-01  2.7798e+08  1.2014e+00
  1.0000e+00  1.3503e+01  4.6000e-01  5.6703e+07  1.0051e+00
  1.0000e+00  1.3503e+01  4.8000e-01  9.3870e+08  1.5886e+00
  1.0000e+00  1.3503e+01  5.0000e-01  1.9898e+10  4.8185e-01
  1.0000e+00  1.3503e+01  5.2000e-01  1.3239e+10  3.7436e-01
  1.0000e+00  1.3503e+01  5.4000e-01  1.2166e+10  3.7457e-01
  1.0000e+00  1.3503e+01  5.6000e-01  1.1566e+10  3.7778e-01
  1.0000e+00  1.3503e+01  5.8000e-01  1.1082e+10  3.7892e-01
  1.0000e+00  1.3503e+01  6.0000e-01  1.0651e+10  3.7954e-01
  1.0000e+00  1.6496e+01  1.0000e-02  8.1938e+09  1.5191e+00
  1.0000e+00  1.6496e+01  2.0000e-02  1.2647e+10  1.4386e+00
  1.0000e+00  1.6496e+01  4.0000e-02  1.5459e+10  1.2780e+00
  1.0000e+00  1.6496e+01  6.0000e-02  1.8908e+10  1.2886e+00
  1.0000e+00  1.6496e+01  8.0000e-02  1.5237e+10  1.2402e+00
  1.0000e+00  1.6496e+01  1.0000e-01  1.3362e+10  1.2263e+00
  1.0000e+00  1.6496e+01  1.2000e-01  1.5197e+10  1.2486e+00
  1.0000e+00  1.6496e+01  1.4000e-01  1.5436e+10  1.2475e+00
  1.0000e+00  1.6496e+01  1.6000e-01  1.4550e+10  1.2566e+00
  1.0000e+00  1.6496e+01  1.8000e-01  1.6169e+10  1.2891e+00
  1.0000e+00  1.6496e+01  2.0000e-01  2.0931e+10  1.3244e+00
  1.0000e+00  1.6496e+01  2.2000e-01  2.7201e+10  1.3444e+00
  1.0000e+00  1.6496e+01  2.4000e-01  3.5783e+10  1.5604e+00
  1.0000e+00  1.6496e+01  2.6000e-01  2.0574e+10  1.1229e+00
  1.0000e+00  1.6496e+01  2.8000e-01  1.6962e+10  1.2018e+00
  1.0000e+00  1.6496e+01  3.0000e-01  1.6627e+10  1.3533e+00
  1.0000e+00  1.6496e+01  3.2000e-01  1.8937e+10  1.4975e+00
  1.0000e+00  1.6496e+01  3.4000e-01  2.4003e+10  1.6712e+00
  1.0000e+00  1.6496e+01  3.6000e-01  2.2432e+10  1.9171e+00
  1.0000e+00  1.6496e+01  3.8000e-01  7.8961e+09  1.9483e+00
  1.0000e+00  1.6496e+01  4.0000e-01  1.5348e+09  2.2952e+00
  1.0000e+00  1.6496e+01  4.2000e-01  7.8859e+09  1.3959e+00
  1.0000e+00  1.6496e+01  4.4000e-01  2.0348e+08  1.2031e+00
  1.0000e+00  1.6496e+01  4.6000e-01  5.0773e+07  1.0183e+00
  1.0000e+00  1.6496e+01  4.8000e-01  2.7699e+08  1.2553e+00
  1.0000e+00  1.6496e+01  5.0000e-01  1.6758e+10  5.0902e-01
  1.0000e+00  1.6496e+01  5.2000e-01  9.6432e+09  3.8346e-01
  1.0000e+00  1.6496e+01  5.4000e-01  8.2543e+09  3.8442e-01
  1.0000e+00  1.6496e+01  5.6000e-01  7.5680e+09  3.9100e-01
  1.0000e+00  1.6496e+01  5.8000e-01  6.9941e+09  3.9054e-01
  1.0000e+00  1.6496e+01  6.0000e-01  6.5992e+09  3.9596e-01
  1.0000e+00  2.0153e+01  1.0000e-02  4.3465e+09  1.4943e+00
  1.0000e+00  2.0153e+01  2.0000e-02  9.0387e+09  1.4597e+00
  1.0000e+00  2.0153e+01  4.0000e-02  1.2722e+10  1.3501e+00
  1.0000e+00  2.0153e+01  6.0000e-02  1.4966e+10  1.2670e+00
  1.0000e+00  2.0153e+01  8.0000e-02  1.7239e+10  1.2828e+00
  1.0000e+00  2.0153e+01  1.0000e-01  1.6814e+10  1.2755e+00
  1.0000e+00  2.0153e+01  1.2000e-01  1.4412e+10  1.2212e+00
  1.0000e+00  2.0153e+01  1.4000e-01  1.5056e+10  1.2393e+00
  1.0000e+00  2.0153e+01  1.6000e-01  1.3876e+10  1.2319e+00
  1.0000e+00  2.0153e+01  1.8000e-01  1.2165e+10  1.2359e+00
  1.0000e+00  2.0153e+01  2.0000e-01  1.4046e+10  1.2573e+00
  1.0000e+00  2.0153e+01  2.2000e-01  1.9907e+10  1.2761e+00
  1.0000e+00  2.0153e+01  2.4000e-01  2.7696e+10  1.2877e+00
  1.0000e+00  2.0153e+01  2.6000e-01  2.7869e+10  1.1892e+00
  1.0000e+00  2.0153e+01  2.8000e-01  1.2005e+10  9.9898e-01
  1.0000e+00  2.0153e+01  3.0000e-01  1.1932e+10  1.2117e+00
  1.0000e+00  2.0153e+01  3.2000e-01  1.3802e+10  1.3634e+00
  1.0000e+00  2.0153e+01  3.4000e-01  1.5877e+10  1.3860e+00
  1.0000e+00  2.0153e+01  3.6000e-01  2.3498e+10  1.5889e+00
  1.0000e+00  2.0153e+01  3.8000e-01  1.9053e+10  1.5829e+00
  1.0000e+00  2.0153e+01  4.0000e-01  6.3263e+09  1.6198e+00
  1.0000e+00  2.0153e+01  4.2000e-01  1.6376e+09  1.4007e+00
  1.0000e+00  2.0153e+01  4.4000e-01  1.6067e+08  1.1829e+00
  1.0000e+00  2.0153e+01  4.6000e-01  4.3153e+07  1.0238e+00
  1.0000e+00  2.0153e+01  4.8000e-01  1.1710e+08  9.9312e-01
  1.0000e+00  2.0153e+01  5.0000e-01  1.3472e+10  5.4119e-01
  1.0000e+00  2.0153e+01  5.2000e-01  6.4846e+09  3.9966e-01
  1.0000e+00  2.0153e+01  5.4000e-01  5.1451e+09  3.9895e-01
  1.0000e+00  2.0153e+01  5.6000e-01  4.5392e+09  4.0188e-01
  1.0000e+00  2.0153e+01  5.8000e-01  4.0782e+09  4.0052e-01
  1.0000e+00  2.0153e+01  6.0000e-01  3.6852e+09  4.0108e-01
  1.0000e+00  2.4621e+01  1.0000e-02  2.2300e+09  1.4626e+00
  1.0000e+00  2.4621e+01  2.0000e-02  5.8665e+09  1.4476e+00
  1.0000e+00  2.4621e+01  4.0000e-02  1.0696e+10  1.3804e+00
  1.0000e+00  2.4621e+01  6.0000e-02  1.2832e+10  1.3053e+00
  1.0000e+00  2.4621e+01  8.0000e-02  1.4468e+10  1.2542e+00
  1.0000e+00  2.4621e+01  1.0000e-01  1.6394e+10  1.2725e+00
  1.0000e+00  2.4621e+01  1.2000e-01  1.7336e+10  1.2924e+00
  1.0000e+00  2.4621e+01  1.4000e-01  1.6523e+10  1.2484e+00
  1.0000e+00  2.4621e+01  1.6000e-01  1.5098e+10  1.2396e+00
  1.0000e+00  2.4621e+01  1.8000e-01  1.2539e+10  1.2180e+00
  1.0000e+00  2.4621e+01  2.0000e-01  1.1357e+10  1.2258e+00
  1.0000e+00  2.4621e+01  2.2000e-01  1.3059e+10  1.2495e+00
  1.0000e+00  2.4621e+01  2.4000e-01  1.7886e+10  1.2713e+00
  1.0000e+00  2.4621e+01  2.6000e-01  2.4801e+10  1.2744e+00
  1.0000e+00  2.4621e+01  2.8000e-01  3.5636e+10  1.5732e+00
  1.0000e+00  2.4621e+01  3.0000e-01  1.1445e+10  9.3323e-01
  1.0000e+00  2.4621e+01  3.2000e-01  1.0479e+10  1.0889e+00
  1.0000e+00  2.4621e+01  3.4000e-01  1.0145e+10  1.2269e+00
  1.0000e+00  2.4621e+01  3.6000e-01  1.1092e+10  1.2733e+00
  1.0000e+00  2.4621e+01  3.8000e-01  1.3059e+10  1.3928e+00
  1.0000e+00  2.4621e+01  4.0000e-01  2.0305e+10  1.9994e+00
  1.0000e+00  2.4621e+01  4.2000e-01  1.7517e+10  2.0927e+00
  1.0000e+00  2.4621e+01  4.4000e-01  1.4953e+08  1.1497e+00
  1.0000e+00  2.4621e+01  4.6000e-01  3.5274e+07  1.0358e+00
  1.0000e+00  2.4621e+01  4.8000e-01  7.2002e+07  8.8534e-01
  1.0000e+00  2.4621e+01  5.0000e-01  1.0206e+10  5.8095e-01
  1.0000e+00  2.4621e+01  5.2000e-01  3.9635e+09  4.1047e-01
  1.0000e+00  2.4621e+01  5.4000e-01  2.9516e+09  3.9930e-01
  1.0000e+00  2.4621e+01  5.6000e-01  2.5339e+09  3.9908e-01
  1.0000e+00  2.4621e+01  5.8000e-01  2.2543e+09  4.0020e-01
  1.0000e+00  2.4621e+01  6.0000e-01  1.9906e+09  3.9739e-01
  1.0000e+00  3.0079e+01  1.0000e-02  1.0732e+09  1.4600e+00
  1.0000e+00  3.0079e+01  2.0000e-02  3.4818e+09  1.4180e+00
  1.0000e+00  3.0079e+01  4.0000e-02  8.3378e+09  1.3910e+00
  1.0000e+00  3.0079e+01  6.0000e-02  1.1055e+10  1.3344e+00
  1.0000e+00  3.0079e+01  8.0000e-02  1.2365e+10  1.2795e+00
  1.0000e+00  3.0079e+01  1.0000e-01  1.3961e+10  1.2444e+00
  1.0000e+00  3.0079e+01  1.2000e-01  1.6103e+10  1.2641e+00
  1.0000e+00  3.0079e+01  1.4000e-01  1.7240e+10  1.2860e+00
  1.0000e+00  3.0079e+01  1.6000e-01  1.7704e+10  1.3049e+00
  1.0000e+00  3.0079e+01  1.8000e-01  1.4190e+10  1.2554e+00
  1.0000e+00  3.0079e+01  2.0000e-01  1.0777e+10  1.2025e+00
  1.0000e+00  3.0079e+01  2.2000e-01  1.0889e+10  1.2207e+00
  1.0000e+00  3.0079e+01  2.4000e-01  1.3865e+10  1.2512e+00
  1.0000e+00  3.0079e+01  2.6000e-01  1.9445e+10  1.2688e+00
  1.0000e+00  3.0079e+01  2.8000e-01  2.6434e+10  1.2812e+00
  1.0000e+00  3.0079e+01  3.0000e-01  3.0321e+10  1.2684e+00
  1.0000e+00  3.0079e+01  3.2000e-01  1.0949e+10  9.8395e-01
  1.0000e+00  3.0079e+01  3.4000e-01  1.0465e+10  1.1742e+00
  1.0000e+00  3.0079e+01  3.6000e-01  9.0043e+09  1.2298e+00
  1.0000e+00  3.0079e+01  3.8000e-01  1.1648e+10  1.3040e+00
  1.0000e+00  3.0079e+01  4.0000e-01  1.9216e+10  1.8665e+00
  1.0000e+00  3.0079e+01  4.2000e-01  9.1152e+09  1.6590e+00
  1.0000e+00  3.0079e+01  4.4000e-01  3.1842e+08  6.4907e-01
  1.0000e+00  3.0079e+01  4.6000e-01  2.5510e+07  9.7060e-01
  1.0000e+00  3.0079e+01  4.8000e-01  5.2733e+07  9.0398e-01
  1.0000e+00  3.0079e+01  5.0000e-01  7.0407e+09  6.3750e-01
  1.0000e+00  3.0079e+01  5.2000e-01  2.2826e+09  4.1194e-01
  1.0000e+00  3.0079e+01  5.4000e-01  1.6743e+09  3.9995e-01
  1.0000e+00  3.0079e+01  5.6000e-01  1.4093e+09  3.9641e-01
  1.0000e+00  3.0079e+01  5.8000e-01  1.2343e+09  3.9622e-01
  1.0000e+00  3.0079e+01  6.0000e-01  1.0761e+09  3.9393e-01
  1.0000e+00  3.6747e+01  1.0000e-02  5.2018e+08  1.5034e+00
  1.0000e+00  3.6747e+01  2.0000e-02  1.8769e+09  1.3992e+00
  1.0000e+00  3.6747e+01  4.0000e-02  5.9050e+09  1.3840e+00
  1.0000e+00  3.6747e+01  6.0000e-02  8.9305e+09  1.3457e+00
  1.0000e+00  3.6747e+01  8.0000e-02  1.0592e+10  1.2972e+00
  1.0000e+00  3.6747e+01  1.0000e-01  1.1834e+10  1.2558e+00
  1.0000e+00  3.6747e+01  1.2000e-01  1.3719e+10  1.2387e+00
  1.0000e+00  3.6747e+01  1.4000e-01  1.5554e+10  1.2480e+00
  1.0000e+00  3.6747e+01  1.6000e-01  1.6757e+10  1.2701e+00
  1.0000e+00  3.6747e+01  1.8000e-01  1.6903e+10  1.3243e+00
  1.0000e+00  3.6747e+01  2.0000e-01  1.2485e+10  1.2671e+00
  1.0000e+00  3.6747e+01  2.2000e-01  9.6927e+09  1.1885e+00
  1.0000e+00  3.6747e+01  2.4000e-01  1.1059e+10  1.2141e+00
  1.0000e+00  3.6747e+01  2.6000e-01  1.5103e+10  1.2483e+00
  1.0000e+00  3.6747e+01  2.8000e-01  2.1375e+10  1.2687e+00
  1.0000e+00  3.6747e+01  3.0000e-01  2.9391e+10  1.4055e+00
  1.0000e+00  3.6747e+01  3.2000e-01  1.2320e+10  9.3059e-01
  1.0000e+00  3.6747e+01  3.4000e-01  9.8638e+09  1.0700e+00
  1.0000e+00  3.6747e+01  3.6000e-01  8.8450e+09  1.1949e+00
  1.0000e+00  3.6747e+01  3.8000e-01  9.1368e+09  1.2327e+00
  1.0000e+00  3.6747e+01  4.0000e-01  7.6580e+09  1.4145e+00
  1.0000e+00  3.6747e+01  4.2000e-01  1.3840e+10  1.9089e+00
  1.0000e+00  3.6747e+01  4.4000e-01  1.5814e+10  1.9806e+00
  1.0000e+00  3.6747e+01  4.6000e-01  2.1348e+07  9.0660e-01
  1.0000e+00  3.6747e+01  4.8000e-01  3.2812e+07  9.2853e-01
  1.0000e+00  3.6747e+01  5.0000e-01  4.1374e+09  7.2182e-01
  1.0000e+00  3.6747e+01  5.2000e-01  1.3026e+09  4.1837e-01
  1.0000e+00  3.6747e+01  5.4000e-01  9.6393e+08  4.0726e-01
  1.0000e+00  3.6747e+01  5.6000e-01  7.9069e+08  3.9448e-01
  1.0000e+00  3.6747e+01  5.8000e-01  6.8943e+08  3.9484e-01
  1.0000e+00  3.6747e+01  6.0000e-01  5.9715e+08  3.9473e-01
  1.0000e+00  4.4893e+01  1.0000e-02  2.6451e+08  1.6335e+00
  1.0000e+00  4.4893e+01  2.0000e-02  9.6357e+08  1.4065e+00
  1.0000e+00  4.4893e+01  4.0000e-02  3.6515e+09  1.3637e+00
  1.0000e+00  4.4893e+01  6.0000e-02  6.5077e+09  1.3477e+00
  1.0000e+00  4.4893e+01  8.0000e-02  8.5430e+09  1.3087e+00
  1.0000e+00  4.4893e+01  1.0000e-01  9.9963e+09  1.2723e+00
  1.0000e+00  4.4893e+01  1.2000e-01  1.1558e+10  1.2449e+00
  1.0000e+00  4.4893e+01  1.4000e-01  1.3267e+10  1.2358e+00
  1.0000e+00  4.4893e+01  1.6000e-01  1.4552e+10  1.2398e+00
  1.0000e+00  4.4893e+01  1.8000e-01  1.5404e+10  1.2576e+00
  1.0000e+00  4.4893e+01  2.0000e-01  1.5283e+10  1.3296e+00
  1.0000e+00  4.4893e+01  2.2000e-01  1.1239e+10  1.2952e+00
  1.0000e+00  4.4893e+01  2.4000e-01  9.2603e+09  1.1777e+00
  1.0000e+00  4.4893e+01  2.6000e-01  1.1294e+10  1.2028e+00
  1.0000e+00  4.4893e+01  2.8000e-01  1.5827e+10  1.2410e+00
  1.0000e+00  4.4893e+01  3.0000e-01  2.2435e+10  1.2724e+00
  1.0000e+00  4.4893e+01  3.2000e-01  3.2385e+10  1.5590e+00
  1.0000e+00  4.4893e+01  3.4000e-01  1.0308e+10  9.6660e-01
  1.0000e+00  4.4893e+01  3.6000e-01  9.4160e+09  1.1531e+00
  1.0000e+00  4.4893e+01  3.8000e-01  7.5779e+09  1.2155e+00
  1.0000e+00  4.4893e+01  4.0000e-01  8.8356e+09  1.2739e+00
  1.0000e+00  4.4893e+01  4.2000e-01  1.4207e+10  1.7478e+00
  1.0000e+00  4.4893e+01  4.4000e-01  5.1484e+09  1.6026e+00
  1.0000e+00  4.4893e+01  4.6000e-01  1.5487e+09  1.3260e+00
  1.0000e+00  4.4893e+01  4.8000e-01  1.6909e+07  9.1122e-01
  1.0000e+00  4.4893e+01  5.0000e-01  1.9637e+09  8.3812e-01
  1.0000e+00  4.4893e+01  5.2000e-01  7.5421e+08  4.2695e-01
  1.0000e+00  4.4893e+01  5.4000e-01  5.5755e+08  4.1354e-01
  1.0000e+00  4.4893e+01  5.6000e-01  4.6020e+08  4.0115e-01
  1.0000e+00  4.4893e+01  5.8000e-01  3.8695e+08  3.9081e-01
  1.0000e+00  4.4893e+01  6.0000e-01  3.3486e+08  3.8813e-01
  1.0000e+00  5.4844e+01  1.0000e-02  1.5344e+08  1.7947e+00
  1.0000e+00  5.4844e+01  2.0000e-02  5.0250e+08  1.4707e+00
  1.0000e+00  5.4844e+01  4.0000e-02  2.0134e+09  1.3459e+00
  1.0000e+00  5.4844e+01  6.0000e-02  4.1948e+09  1.3343e+00
  1.0000e+00  5.4844e+01  8.0000e-02  6.2816e+09  1.3152e+00
  1.0000e+00  5.4844e+01  1.0000e-01  7.9803e+09  1.2902e+00
  1.0000e+00  5.4844e+01  1.2000e-01  9.4312e+09  1.2652e+00
  1.0000e+00  5.4844e+01  1.4000e-01  1.0862e+10  1.2453e+00
  1.0000e+00  5.4844e+01  1.6000e-01  1.2108e+10  1.2348e+00
  1.0000e+00  5.4844e+01  1.8000e-01  1.3018e+10  1.2345e+00
  1.0000e+00  5.4844e+01  2.0000e-01  1.3529e+10  1.2524e+00
  1.0000e+00  5.4844e+01  2.2000e-01  1.3464e+10  1.3148e+00
  1.0000e+00  5.4844e+01  2.4000e-01  1.0966e+10  1.3420e+00
  1.0000e+00  5.4844e+01  2.6000e-01  9.0234e+09  1.1883e+00
  1.0000e+00  5.4844e+01  2.8000e-01  1.0899e+10  1.1867e+00
  1.0000e+00  5.4844e+01  3.0000e-01  1.5181e+10  1.2295e+00
  1.0000e+00  5.4844e+01  3.2000e-01  2.1405e+10  1.2742e+00
  1.0000e+00  5.4844e+01  3.4000e-01  2.7988e+10  1.4047e+00
  1.0000e+00  5.4844e+01  3.6000e-01  9.0125e+09  9.8631e-01
  1.0000e+00  5.4844e+01  3.8000e-01  8.2902e+09  1.1702e+00
  1.0000e+00  5.4844e+01  4.0000e-01  6.8233e+09  1.2558e+00
  1.0000e+00  5.4844e+01  4.2000e-01  7.5982e+09  1.3130e+00
  1.0000e+00  5.4844e+01  4.4000e-01  1.1450e+10  1.8099e+00
  1.0000e+00  5.4844e+01  4.6000e-01  7.5283e+09  1.6902e+00
  1.0000e+00  5.4844e+01  4.8000e-01  7.1149e+07  4.8252e-01
  1.0000e+00  5.4844e+01  5.0000e-01  8.1508e+08  1.0050e+00
  1.0000e+00  5.4844e+01  5.2000e-01  4.3502e+08  4.3076e-01
  1.0000e+00  5.4844e+01  5.4000e-01  3.3005e+08  4.1540e-01
  1.0000e+00  5.4844e+01  5.6000e-01  2.8318e+08  4.1759e-01
  1.0000e+00  5.4844e+01  5.8000e-01  2.2742e+08  3.9012e-01
  1.0000e+00  5.4844e+01  6.0000e-01  2.0052e+08  3.9757e-01
  1.0000e+00  6.7002e+01  1.0000e-02  1.1337e+08  1.8871e+00
  1.0000e+00  6.7002e+01  2.0000e-02  2.8255e+08  1.5958e+00
  1.0000e+00  6.7002e+01  4.0000e-02  1.0699e+09  1.3569e+00
  1.0000e+00  6.7002e+01  6.0000e-02  2.4365e+09  1.3220e+00
  1.0000e+00  6.7002e+01  8.0000e-02  4.0901e+09  1.3117e+00
  1.0000e+00  6.7002e+01  1.0000e-01  5.7467e+09  1.2932e+00
  1.0000e+00  6.7002e+01  1.2000e-01  7.2243e+09  1.2801e+00
  1.0000e+00  6.7002e+01  1.4000e-01  8.5215e+09  1.2643e+00
  1.0000e+00  6.7002e+01  1.6000e-01  9.5810e+09  1.2443e+00
  1.0000e+00  6.7002e+01  1.8000e-01  1.0435e+10  1.2316e+00
  1.0000e+00  6.7002e+01  2.0000e-01  1.0984e+10  1.2284e+00
  1.0000e+00  6.7002e+01  2.2000e-01  1.1302e+10  1.2379e+00
  1.0000e+00  6.7002e+01  2.4000e-01  1.1402e+10  1.2704e+00
  1.0000e+00  6.7002e+01  2.6000e-01  1.0726e+10  1.3373e+00
  1.0000e+00  6.7002e+01  2.8000e-01  8.9541e+09  1.2766e+00
  1.0000e+00  6.7002e+01  3.0000e-01  9.5008e+09  1.2046e+00
  1.0000e+00  6.7002e+01  3.2000e-01  1.2581e+10  1.2224e+00
  1.0000e+00  6.7002e+01  3.4000e-01  1.7947e+10  1.2791e+00
  1.0000e+00  6.7002e+01  3.6000e-01  2.4527e+10  1.5997e+00
  1.0000e+00  6.7002e+01  3.8000e-01  8.2388e+09  9.8196e-01
  1.0000e+00  6.7002e+01  4.0000e-01  6.8824e+09  1.1711e+00
  1.0000e+00  6.7002e+01  4.2000e-01  5.4609e+09  1.2461e+00
  1.0000e+00  6.7002e+01  4.4000e-01  5.4115e+09  1.3007e+00
  1.0000e+00  6.7002e+01  4.6000e-01  7.8928e+09  1.7589e+00
  1.0000e+00  6.7002e+01  4.8000e-01  5.7862e+09  1.8006e+00
  1.0000e+00  6.7002e+01  5.0000e-01  4.6029e+08  1.3070e+00
  1.0000e+00  6.7002e+01  5.2000e-01  2.6646e+08  4.4714e-01
  1.0000e+00  6.7002e+01  5.4000e-01  2.0111e+08  4.2560e-01
  1.0000e+00  6.7002e+01  5.6000e-01  1.7296e+08  4.2905e-01
  1.0000e+00  6.7002e+01  5.8000e-01  1.4714e+08  4.2185e-01
  1.0000e+00  6.7002e+01  6.0000e-01  1.2849e+08  4.3121e-01
  1.0000e+00  8.1855e+01  1.0000e-02  8.4637e+07  1.9908e+00
  1.0000e+00  8.1855e+01  2.0000e-02  1.7560e+08  1.7444e+00
  1.0000e+00  8.1855e+01  4.0000e-02  5.9459e+08  1.4117e+00
  1.0000e+00  8.1855e+01  6.0000e-02  1.3474e+09  1.3280e+00
  1.0000e+00  8.1855e+01  8.0000e-02  2.4160e+09  1.3041e+00
  1.0000e+00  8.1855e+01  1.0000e-01  3.6415e+09  1.2942e+00
  1.0000e+00  8.1855e+01  1.2000e-01  4.8917e+09  1.2845e+00
  1.0000e+00  8.1855e+01  1.4000e-01  6.0748e+09  1.2686e+00
  1.0000e+00  8.1855e+01  1.6000e-01  7.0636e+09  1.2546e+00
  1.0000e+00  8.1855e+01  1.8000e-01  7.8191e+09  1.2410e+00
  1.0000e+00  8.1855e+01  2.0000e-01  8.3919e+09  1.2222e+00
  1.0000e+00  8.1855e+01  2.2000e-01  8.7929e+09  1.2116e+00
  1.0000e+00  8.1855e+01  2.4000e-01  9.0300e+09  1.2153e+00
  1.0000e+00  8.1855e+01  2.6000e-01  9.2235e+09  1.2372e+00
  1.0000e+00  8.1855e+01  2.8000e-01  9.3054e+09  1.2640e+00
  1.0000e+00  8.1855e+01  3.0000e-01  8.9009e+09  1.3002e+00
  1.0000e+00  8.1855e+01  3.2000e-01  8.2908e+09  1.2666e+00
  1.0000e+00  8.1855e+01  3.4000e-01  9.1140e+09  1.2360e+00
  1.0000e+00  8.1855e+01  3.6000e-01  1.1886e+10  1.2575e+00
  1.0000e+00  8.1855e+01  3.8000e-01  1.5490e+10  1.2697e+00
  1.0000e+00  8.1855e+01  4.0000e-01  1.4916e+10  1.2518e+00
  1.0000e+00  8.1855e+01  4.2000e-01  5.3870e+09  1.0452e+00
  1.0000e+00  8.1855e+01  4.4000e-01  4.2715e+09  1.2379e+00
  1.0000e+00  8.1855e+01  4.6000e-01  2.9448e+09  1.2900e+00
  1.0000e+00  8.1855e+01  4.8000e-01  3.2806e+09  1.5716e+00
  1.0000e+00  8.1855e+01  5.0000e-01  4.5827e+08  1.6261e+00
  1.0000e+00  8.1855e+01  5.2000e-01  1.6443e+08  4.6576e-01
  1.0000e+00  8.1855e+01  5.4000e-01  1.3916e+08  4.8260e-01
  1.0000e+00  8.1855e+01  5.6000e-01  1.1143e+08  4.5624e-01
  1.0000e+00  8.1855e+01  5.8000e-01  9.1594e+07  4.4401e-01
  1.0000e+00  8.1855e+01  6.0000e-01  8.1386e+07  4.5687e-01
  1.0000e+00  1.0000e+02  1.0000e-02  6.7263e+07  2.0827e+00
  1.0000e+00  1.0000e+02  2.0000e-02  1.2493e+08  1.8557e+00
  1.0000e+00  1.0000e+02  4.0000e-02  3.4937e+08  1.5110e+00
  1.0000e+00  1.0000e+02  6.0000e-02  7.6517e+08  1.3682e+00
  1.0000e+00  1.0000e+02  8.0000e-02  1.3571e+09  1.3139e+00
  1.0000e+00  1.0000e+02  1.0000e-01  2.1050e+09  1.2910e+00
  1.0000e+00  1.0000e+02  1.2000e-01  2.9453e+09  1.2822e+00
  1.0000e+00  1.0000e+02  1.4000e-01  3.7966e+09  1.2725e+00
  1.0000e+00  1.0000e+02  1.6000e-01  4.6038e+09  1.2619e+00
  1.0000e+00  1.0000e+02  1.8000e-01  5.2881e+09  1.2481e+00
  1.0000e+00  1.0000e+02  2.0000e-01  5.8239e+09  1.2322e+00
  1.0000e+00  1.0000e+02  2.2000e-01  6.2405e+09  1.2136e+00
  1.0000e+00  1.0000e+02  2.4000e-01  6.5493e+09  1.1988e+00
  1.0000e+00  1.0000e+02  2.6000e-01  6.7301e+09  1.2003e+00
  1.0000e+00  1.0000e+02  2.8000e-01  6.8667e+09  1.2044e+00
  1.0000e+00  1.0000e+02  3.0000e-01  7.0950e+09  1.2214e+00
  1.0000e+00  1.0000e+02  3.2000e-01  7.2406e+09  1.2351e+00
  1.0000e+00  1.0000e+02  3.4000e-01  7.1881e+09  1.2492e+00
  1.0000e+00  1.0000e+02  3.6000e-01  6.9545e+09  1.2407e+00
  1.0000e+00  1.0000e+02  3.8000e-01  7.2214e+09  1.2265e+00
  1.0000e+00  1.0000e+02  4.0000e-01  8.5185e+09  1.2467e+00
  1.0000e+00  1.0000e+02  4.2000e-01  1.0343e+10  1.2928e+00
  1.0000e+00  1.0000e+02  4.4000e-01  1.0978e+10  1.5130e+00
  1.0000e+00  1.0000e+02  4.6000e-01  2.8981e+09  1.0692e+00
  1.0000e+00  1.0000e+02  4.8000e-01  1.5622e+09  1.3234e+00
  1.0000e+00  1.0000e+02  5.0000e-01  4.3204e+08  1.6182e+00
  1.0000e+00  1.0000e+02  5.2000e-01  9.0007e+07  5.4407e-01
  1.0000e+00  1.0000e+02  5.4000e-01  6.3892e+07  5.1207e-01
  1.0000e+00  1.0000e+02  5.6000e-01  5.4203e+07  5.0882e-01
  1.0000e+00  1.0000e+02  5.8000e-01  4.5915e+07  4.9451e-01
  1.0000e+00  1.0000e+02  6.0000e-01  3.9963e+07  4.8440e-01
  1.0000e+00  1.5000e+02  1.0000e-02  4.5359e+07  2.2384e+00
  1.0000e+00  1.5000e+02  2.0000e-02  7.8633e+07  2.0221e+00
  1.0000e+00  1.5000e+02  4.0000e-02  1.4568e+08  1.7859e+00
  1.0000e+00  1.5000e+02  6.0000e-02  2.7548e+08  1.5490e+00
  1.0000e+00  1.5000e+02  8.0000e-02  4.4982e+08  1.4334e+00
  1.0000e+00  1.5000e+02  1.0000e-01  6.7120e+08  1.3553e+00
  1.0000e+00  1.5000e+02  1.2000e-01  9.1417e+08  1.3004e+00
  1.0000e+00  1.5000e+02  1.4000e-01  1.1929e+09  1.2774e+00
  1.0000e+00  1.5000e+02  1.6000e-01  1.4925e+09  1.2526e+00
  1.0000e+00  1.5000e+02  1.8000e-01  1.7800e+09  1.2411e+00
  1.0000e+00  1.5000e+02  2.0000e-01  2.0586e+09  1.2163e+00
  1.0000e+00  1.5000e+02  2.2000e-01  2.2979e+09  1.2082e+00
  1.0000e+00  1.5000e+02  2.4000e-01  2.5264e+09  1.1920e+00
  1.0000e+00  1.5000e+02  2.6000e-01  2.7220e+09  1.1862e+00
  1.0000e+00  1.5000e+02  2.8000e-01  2.8897e+09  1.1822e+00
  1.0000e+00  1.5000e+02  3.0000e-01  3.0102e+09  1.1723e+00
  1.0000e+00  1.5000e+02  3.2000e-01  3.0791e+09  1.1664e+00
  1.0000e+00  1.5000e+02  3.4000e-01  3.1144e+09  1.1816e+00
  1.0000e+00  1.5000e+02  3.6000e-01  3.0905e+09  1.1963e+00
  1.0000e+00  1.5000e+02  3.8000e-01  3.0276e+09  1.2089e+00
  1.0000e+00  1.5000e+02  4.0000e-01  2.9117e+09  1.2154e+00
  1.0000e+00  1.5000e+02  4.2000e-01  2.6897e+09  1.2173e+00
  1.0000e+00  1.5000e+02  4.4000e-01  2.3812e+09  1.2162e+00
  1.0000e+00  1.5000e+02  4.6000e-01  1.9864e+09  1.2345e+00
  1.0000e+00  1.5000e+02  4.8000e-01  3.4981e+08  1.1776e+00
  1.0000e+00  1.5000e+02  5.0000e-01  2.4136e+07  1.1545e+00
  1.0000e+00  1.5000e+02  5.2000e-01  3.2087e+06  9.4255e-01
  1.0000e+00  1.5000e+02  5.4000e-01  1.0661e+07  6.9951e-01
  1.0000e+00  1.5000e+02  5.6000e-01  9.6294e+06  5.7783e-01
  1.0000e+00  1.5000e+02  5.8000e-01  9.0404e+06  5.2163e-01
  1.0000e+00  1.5000e+02  6.0000e-01  8.1359e+06  4.9231e-01
  1.0000e+00  2.0000e+02  1.0000e-02  3.6325e+07  2.3377e+00
  1.0000e+00  2.0000e+02  2.0000e-02  5.7552e+07  2.1270e+00
  1.0000e+00  2.0000e+02  4.0000e-02  1.0549e+08  1.8801e+00
  1.0000e+00  2.0000e+02  6.0000e-02  1.5193e+08  1.7545e+00
  1.0000e+00  2.0000e+02  8.0000e-02  2.4157e+08  1.5781e+00
  1.0000e+00  2.0000e+02  1.0000e-01  3.2403e+08  1.4873e+00
  1.0000e+00  2.0000e+02  1.2000e-01  4.3109e+08  1.3956e+00
  1.0000e+00  2.0000e+02  1.4000e-01  5.5807e+08  1.3288e+00
  1.0000e+00  2.0000e+02  1.6000e-01  6.9142e+08  1.3048e+00
  1.0000e+00  2.0000e+02  1.8000e-01  8.1350e+08  1.2659e+00
  1.0000e+00  2.0000e+02  2.0000e-01  9.3708e+08  1.2448e+00
  1.0000e+00  2.0000e+02  2.2000e-01  1.0585e+09  1.2197e+00
  1.0000e+00  2.0000e+02  2.4000e-01  1.1643e+09  1.2038e+00
  1.0000e+00  2.0000e+02  2.6000e-01  1.2604e+09  1.1907e+00
  1.0000e+00  2.0000e+02  2.8000e-01  1.3389e+09  1.1898e+00
  1.0000e+00  2.0000e+02  3.0000e-01  1.4032e+09  1.1841e+00
  1.0000e+00  2.0000e+02  3.2000e-01  1.4518e+09  1.1773e+00
  1.0000e+00  2.0000e+02  3.4000e-01  1.4683e+09  1.1782e+00
  1.0000e+00  2.0000e+02  3.6000e-01  1.4511e+09  1.1862e+00
  1.0000e+00  2.0000e+02  3.8000e-01  1.3860e+09  1.1966e+00
  1.0000e+00  2.0000e+02  4.0000e-01  1.2834e+09  1.2057e+00
  1.0000e+00  2.0000e+02  4.2000e-01  1.1073e+09  1.2117e+00
  1.0000e+00  2.0000e+02  4.4000e-01  5.0450e+08  1.1916e+00
  1.0000e+00  2.0000e+02  4.6000e-01  2.7870e+08  1.2091e+00
  1.0000e+00  2.0000e+02  4.8000e-01  1.0830e+08  1.3017e+00
  1.0000e+00  2.0000e+02  5.0000e-01  6.3914e+06  1.1203e+00
  1.0000e+00  2.0000e+02  5.2000e-01  3.8016e+05  1.2304e+00
  1.0000e+00  2.0000e+02  5.4000e-01  6.9856e+05  1.0109e+00
  1.0000e+00  2.0000e+02  5.6000e-01  3.0925e+06  7.9448e-01
  1.0000e+00  2.0000e+02  5.8000e-01  3.8874e+06  7.1975e-01
  1.0000e+00  2.0000e+02  6.0000e-01  3.5533e+06  6.7310e-01
  1.0000e+00  2.5000e+02  1.0000e-02  3.0458e+07  2.3973e+00
  1.0000e+00  2.5000e+02  2.0000e-02  4.8289e+07  2.1997e+00
  1.0000e+00  2.5000e+02  4.0000e-02  8.3925e+07  1.9787e+00
  1.0000e+00  2.5000e+02  6.0000e-02  1.1792e+08  1.8283e+00
  1.0000e+00  2.5000e+02  8.0000e-02  1.5014e+08  1.7231e+00
  1.0000e+00  2.5000e+02  1.0000e-01  2.0345e+08  1.6233e+00
  1.0000e+00  2.5000e+02  1.2000e-01  2.6172e+08  1.5266e+00
  1.0000e+00  2.5000e+02  1.4000e-01  3.1651e+08  1.4522e+00
  1.0000e+00  2.5000e+02  1.6000e-01  3.7809e+08  1.3927e+00
  1.0000e+00  2.5000e+02  1.8000e-01  4.4678e+08  1.3434e+00
  1.0000e+00  2.5000e+02  2.0000e-01  5.1178e+08  1.3085e+00
  1.0000e+00  2.5000e+02  2.2000e-01  5.7167e+08  1.2836e+00
  1.0000e+00  2.5000e+02  2.4000e-01  6.2566e+08  1.2653e+00
  1.0000e+00  2.5000e+02  2.6000e-01  6.7232e+08  1.2487e+00
  1.0000e+00  2.5000e+02  2.8000e-01  6.9934e+08  1.2372e+00
  1.0000e+00  2.5000e+02  3.0000e-01  7.2663e+08  1.2338e+00
  1.0000e+00  2.5000e+02  3.2000e-01  7.1817e+08  1.2277e+00
  1.0000e+00  2.5000e+02  3.4000e-01  5.8391e+08  1.2412e+00
  1.0000e+00  2.5000e+02  3.6000e-01  5.2041e+08  1.2513e+00
  1.0000e+00  2.5000e+02  3.8000e-01  4.5967e+08  1.2515e+00
  1.0000e+00  2.5000e+02  4.0000e-01  4.0203e+08  1.2377e+00
  1.0000e+00  2.5000e+02  4.2000e-01  3.2652e+08  1.2254e+00
  1.0000e+00  2.5000e+02  4.4000e-01  2.3381e+08  1.2724e+00
  1.0000e+00  2.5000e+02  4.6000e-01  1.3753e+08  1.3538e+00
  1.0000e+00  2.5000e+02  4.8000e-01  6.6576e+07  1.4156e+00
  1.0000e+00  2.5000e+02  5.0000e-01  2.0664e+06  1.1160e+00
  1.0000e+00  2.5000e+02  5.2000e-01  3.6704e+05  1.2463e+00
  1.0000e+00  2.5000e+02  5.4000e-01  2.6193e+04  1.3263e+00
  1.0000e+00  2.5000e+02  5.6000e-01  1.9295e+05  1.0991e+00
  1.0000e+00  2.5000e+02  5.8000e-01  5.5539e+05  9.9006e-01
  1.0000e+00  2.5000e+02  6.0000e-01  7.2470e+05  9.0432e-01
  1.0000e+00  3.0000e+02  1.0000e-02  2.6557e+07  2.4558e+00
  1.0000e+00  3.0000e+02  2.0000e-02  4.2318e+07  2.2546e+00
  1.0000e+00  3.0000e+02  4.0000e-02  7.1729e+07  2.0321e+00
  1.0000e+00  3.0000e+02  6.0000e-02  8.8976e+07  1.9633e+00
  1.0000e+00  3.0000e+02  8.0000e-02  1.2154e+08  1.8067e+00
  1.0000e+00  3.0000e+02  1.0000e-01  1.4630e+08  1.7243e+00
  1.0000e+00  3.0000e+02  1.2000e-01  1.8065e+08  1.6337e+00
  1.0000e+00  3.0000e+02  1.4000e-01  2.1667e+08  1.5626e+00
  1.0000e+00  3.0000e+02  1.6000e-01  2.5128e+08  1.5128e+00
  1.0000e+00  3.0000e+02  1.8000e-01  2.7779e+08  1.4660e+00
  1.0000e+00  3.0000e+02  2.0000e-01  3.0710e+08  1.4318e+00
  1.0000e+00  3.0000e+02  2.2000e-01  3.2184e+08  1.4063e+00
  1.0000e+00  3.0000e+02  2.4000e-01  3.3766e+08  1.3835e+00
  1.0000e+00  3.0000e+02  2.6000e-01  3.5107e+08  1.3683e+00
  1.0000e+00  3.0000e+02  2.8000e-01  3.5826e+08  1.3595e+00
  1.0000e+00  3.0000e+02  3.0000e-01  3.6001e+08  1.3402e+00
  1.0000e+00  3.0000e+02  3.2000e-01  3.5201e+08  1.3212e+00
  1.0000e+00  3.0000e+02  3.4000e-01  3.3335e+08  1.3153e+00
  1.0000e+00  3.0000e+02  3.6000e-01  3.1738e+08  1.2900e+00
  1.0000e+00  3.0000e+02  3.8000e-01  2.9006e+08  1.2947e+00
  1.0000e+00  3.0000e+02  4.0000e-01  2.4340e+08  1.3148e+00
  1.0000e+00  3.0000e+02  4.2000e-01  1.9470e+08  1.3432e+00
  1.0000e+00  3.0000e+02  4.4000e-01  1.4056e+08  1.3976e+00
  1.0000e+00  3.0000e+02  4.6000e-01  1.0251e+08  1.4280e+00
  1.0000e+00  3.0000e+02  4.8000e-01  4.6451e+07  1.5249e+00
  1.0000e+00  3.0000e+02  5.0000e-01  9.0910e+05  1.1977e+00
  1.0000e+00  3.0000e+02  5.2000e-01  2.2910e+05  1.1499e+00
  1.0000e+00  3.0000e+02  5.4000e-01  1.0903e+04  9.8317e-01
  1.0000e+00  3.0000e+02  5.6000e-01  2.1893e+04  1.3429e+00
  1.0000e+00  3.0000e+02  5.8000e-01  7.6190e+04  1.2472e+00
  1.0000e+00  3.0000e+02  6.0000e-01  1.1253e+05  1.1467e+00
  1.3594e+00  3.3246e+00  1.0000e-02  1.6274e+10  1.3341e+00
  1.3594e+00  3.3246e+00  2.0000e-02  1.5758e+10  1.3292e+00
  1.3594e+00  3.3246e+00  4.0000e-02  1.5441e+10  1.3130e+00
  1.3594e+00  3.3246e+00  6.0000e-02  1.5671e+10  1.2963e+00
  1.3594e+00  3.3246e+00  8.0000e-02  1.4904e+10  1.2975e+00
  1.3594e+00  3.3246e+00  1.0000e-01  1.8343e+10  1.3062e+00
  1.3594e+00  3.3246e+00  1.2000e-01  1.8562e+10  1.2963e+00
  1.3594e+00  3.3246e+00  1.4000e-01  1.7308e+10  1.2948e+00
  1.3594e+00  3.3246e+00  1.6000e-01  1.7620e+10  1.3303e+00
  1.3594e+00  3.3246e+00  1.8000e-01  2.0966e+10  1.4061e+00
  1.3594e+00  3.3246e+00  2.0000e-01  2.6859e+10  1.4739e+00
  1.3594e+00  3.3246e+00  2.2000e-01  3.1820e+10  1.5177e+00
  1.3594e+00  3.3246e+00  2.4000e-01  3.2874e+10  1.4477e+00
  1.3594e+00  3.3246e+00  2.6000e-01  2.7482e+10  1.3038e+00
  1.3594e+00  3.3246e+00  2.8000e-01  2.3305e+10  1.3255e+00
  1.3594e+00  3.3246e+00  3.0000e-01  2.1468e+10  1.4834e+00
  1.3594e+00  3.3246e+00  3.2000e-01  1.9981e+10  1.5685e+00
  1.3594e+00  3.3246e+00  3.4000e-01  1.6386e+10  1.6405e+00
  1.3594e+00  3.3246e+00  3.6000e-01  7.1944e+09  1.8952e+00
  1.3594e+00  3.3246e+00  3.8000e-01  3.0324e+09  1.9102e+00
  1.3594e+00  3.3246e+00  4.0000e-01  4.7408e+09  1.5961e+00
  1.3594e+00  3.3246e+00  4.2000e-01  2.0294e+10  1.4013e+00
  1.3594e+00  3.3246e+00  4.4000e-01  3.8004e+09  1.1960e+00
  1.3594e+00  3.3246e+00  4.6000e-01  1.3302e+07  5.3359e-01
  1.3594e+00  3.3246e+00  4.8000e-01  6.0840e+09  1.7165e+00
  1.3594e+00  3.3246e+00  5.0000e-01  3.4077e+10  3.7444e-01
  1.3594e+00  3.3246e+00  5.2000e-01  3.2761e+10  3.5536e-01
  1.3594e+00  3.3246e+00  5.4000e-01  2.9283e+10  3.8748e-01
  1.3594e+00  3.3246e+00  5.6000e-01  1.2700e+10  4.4730e-01
  1.3594e+00  3.3246e+00  5.8000e-01  3.0143e+09  6.6043e-01
  1.3594e+00  3.3246e+00  6.0000e-01  2.1535e+09  7.7472e-01
  1.3594e+00  4.0616e+00  1.0000e-02  1.6400e+10  1.3219e+00
  1.3594e+00  4.0616e+00  2.0000e-02  1.5865e+10  1.3245e+00
  1.3594e+00  4.0616e+00  4.0000e-02  1.5228e+10  1.3233e+00
  1.3594e+00  4.0616e+00  6.0000e-02  1.5958e+10  1.3148e+00
  1.3594e+00  4.0616e+00  8.0000e-02  1.3833e+10  1.3134e+00
  1.3594e+00  4.0616e+00  1.0000e-01  1.6042e+10  1.3316e+00
  1.3594e+00  4.0616e+00  1.2000e-01  1.7896e+10  1.3230e+00
  1.3594e+00  4.0616e+00  1.4000e-01  1.8047e+10  1.3126e+00
  1.3594e+00  4.0616e+00  1.6000e-01  1.7911e+10  1.3186e+00
  1.3594e+00  4.0616e+00  1.8000e-01  1.9591e+10  1.3565e+00
  1.3594e+00  4.0616e+00  2.0000e-01  2.6873e+10  1.4402e+00
  1.3594e+00  4.0616e+00  2.2000e-01  3.1235e+10  1.5062e+00
  1.3594e+00  4.0616e+00  2.4000e-01  3.2947e+10  1.3859e+00
  1.3594e+00  4.0616e+00  2.6000e-01  2.1437e+10  1.1728e+00
  1.3594e+00  4.0616e+00  2.8000e-01  1.9971e+10  1.2981e+00
  1.3594e+00  4.0616e+00  3.0000e-01  2.0177e+10  1.4656e+00
  1.3594e+00  4.0616e+00  3.2000e-01  2.0792e+10  1.5476e+00
  1.3594e+00  4.0616e+00  3.4000e-01  1.7007e+10  1.6214e+00
  1.3594e+00  4.0616e+00  3.6000e-01  7.7265e+09  1.9448e+00
  1.3594e+00  4.0616e+00  3.8000e-01  2.9878e+09  1.9137e+00
  1.3594e+00  4.0616e+00  4.0000e-01  4.6970e+09  1.5818e+00
  1.3594e+00  4.0616e+00  4.2000e-01  2.1277e+10  1.4056e+00
  1.3594e+00  4.0616e+00  4.4000e-01  3.7224e+09  1.1838e+00
  1.3594e+00  4.0616e+00  4.6000e-01  1.8233e+07  6.5294e-01
  1.3594e+00  4.0616e+00  4.8000e-01  6.4469e+09  1.8290e+00
  1.3594e+00  4.0616e+00  5.0000e-01  3.2982e+10  3.8131e-01
  1.3594e+00  4.0616e+00  5.2000e-01  3.0959e+10  3.5638e-01
  1.3594e+00  4.0616e+00  5.4000e-01  2.8995e+10  3.5936e-01
  1.3594e+00  4.0616e+00  5.6000e-01  2.1890e+10  3.7412e-01
  1.3594e+00  4.0616e+00  5.8000e-01  1.1139e+10  4.2404e-01
  1.3594e+00  4.0616e+00  6.0000e-01  3.1944e+09  6.0350e-01
  1.3594e+00  4.9619e+00  1.0000e-02  1.6428e+10  1.3009e+00
  1.3594e+00  4.9619e+00  2.0000e-02  1.5916e+10  1.3053e+00
  1.3594e+00  4.9619e+00  4.0000e-02  1.5157e+10  1.3043e+00
  1.3594e+00  4.9619e+00  6.0000e-02  1.6280e+10  1.3014e+00
  1.3594e+00  4.9619e+00  8.0000e-02  1.3964e+10  1.2890e+00
  1.3594e+00  4.9619e+00  1.0000e-01  1.4374e+10  1.3051e+00
  1.3594e+00  4.9619e+00  1.2000e-01  1.5491e+10  1.3040e+00
  1.3594e+00  4.9619e+00  1.4000e-01  1.6000e+10  1.2950e+00
  1.3594e+00  4.9619e+00  1.6000e-01  1.6401e+10  1.2952e+00
  1.3594e+00  4.9619e+00  1.8000e-01  1.7629e+10  1.3276e+00
  1.3594e+00  4.9619e+00  2.0000e-01  2.1698e+10  1.3740e+00
  1.3594e+00  4.9619e+00  2.2000e-01  2.8195e+10  1.3821e+00
  1.3594e+00  4.9619e+00  2.4000e-01  2.8321e+10  1.2117e+00
  1.3594e+00  4.9619e+00  2.6000e-01  1.8254e+10  1.1315e+00
  1.3594e+00  4.9619e+00  2.8000e-01  1.9754e+10  1.3346e+00
  1.3594e+00  4.9619e+00  3.0000e-01  2.0445e+10  1.4790e+00
  1.3594e+00  4.9619e+00  3.2000e-01  1.9851e+10  1.5191e+00
  1.3594e+00  4.9619e+00  3.4000e-01  1.4443e+10  1.5674e+00
  1.3594e+00  4.9619e+00  3.6000e-01  8.2472e+09  1.9486e+00
  1.3594e+00  4.9619e+00  3.8000e-01  3.1352e+09  1.9424e+00
  1.3594e+00  4.9619e+00  4.0000e-01  4.6497e+09  1.5668e+00
  1.3594e+00  4.9619e+00  4.2000e-01  2.2542e+10  1.4162e+00
  1.3594e+00  4.9619e+00  4.4000e-01  3.4912e+09  1.1810e+00
  1.3594e+00  4.9619e+00  4.6000e-01  3.4514e+07  8.7219e-01
  1.3594e+00  4.9619e+00  4.8000e-01  5.8491e+09  1.8510e+00
  1.3594e+00  4.9619e+00  5.0000e-01  3.1587e+10  3.8928e-01
  1.3594e+00  4.9619e+00  5.2000e-01  2.9068e+10  3.5792e-01
  1.3594e+00  4.9619e+00  5.4000e-01  2.8546e+10  3.5842e-01
  1.3594e+00  4.9619e+00  5.6000e-01  2.5977e+10  3.6227e-01
  1.3594e+00  4.9619e+00  5.8000e-01  1.9892e+10  3.7699e-01
  1.3594e+00  4.9619e+00  6.0000e-01  1.1210e+10  4.1584e-01
  1.3594e+00  6.0619e+00  1.0000e-02  1.6466e+10  1.2551e+00
  1.3594e+00  6.0619e+00  2.0000e-02  1.6208e+10  1.2630e+00
  1.3594e+00  6.0619e+00  4.0000e-02  1.5497e+10  1.2698e+00
  1.3594e+00  6.0619e+00  6.0000e-02  1.6767e+10  1.2725e+00
  1.3594e+00  6.0619e+00  8.0000e-02  1.5597e+10  1.2505e+00
  1.3594e+00  6.0619e+00  1.0000e-01  1.4999e+10  1.2513e+00
  1.3594e+00  6.0619e+00  1.2000e-01  1.5540e+10  1.2565e+00
  1.3594e+00  6.0619e+00  1.4000e-01  1.6238e+10  1.2557e+00
  1.3594e+00  6.0619e+00  1.6000e-01  1.6177e+10  1.2578e+00
  1.3594e+00  6.0619e+00  1.8000e-01  1.6965e+10  1.2949e+00
  1.3594e+00  6.0619e+00  2.0000e-01  2.1345e+10  1.3518e+00
  1.3594e+00  6.0619e+00  2.2000e-01  2.8820e+10  1.3940e+00
  1.3594e+00  6.0619e+00  2.4000e-01  3.1894e+10  1.3068e+00
  1.3594e+00  6.0619e+00  2.6000e-01  2.0830e+10  1.2002e+00
  1.3594e+00  6.0619e+00  2.8000e-01  2.1179e+10  1.3979e+00
  1.3594e+00  6.0619e+00  3.0000e-01  2.0806e+10  1.4846e+00
  1.3594e+00  6.0619e+00  3.2000e-01  2.0531e+10  1.5280e+00
  1.3594e+00  6.0619e+00  3.4000e-01  1.5380e+10  1.5839e+00
  1.3594e+00  6.0619e+00  3.6000e-01  8.8216e+09  1.9838e+00
  1.3594e+00  6.0619e+00  3.8000e-01  3.4236e+09  1.9637e+00
  1.3594e+00  6.0619e+00  4.0000e-01  4.4356e+09  1.5540e+00
  1.3594e+00  6.0619e+00  4.2000e-01  2.4155e+10  1.4308e+00
  1.3594e+00  6.0619e+00  4.4000e-01  2.8129e+09  1.1777e+00
  1.3594e+00  6.0619e+00  4.6000e-01  4.5871e+07  9.6857e-01
  1.3594e+00  6.0619e+00  4.8000e-01  4.9825e+09  1.8571e+00
  1.3594e+00  6.0619e+00  5.0000e-01  3.0072e+10  4.0129e-01
  1.3594e+00  6.0619e+00  5.2000e-01  2.6818e+10  3.5950e-01
  1.3594e+00  6.0619e+00  5.4000e-01  2.6735e+10  3.6084e-01
  1.3594e+00  6.0619e+00  5.6000e-01  2.5641e+10  3.6297e-01
  1.3594e+00  6.0619e+00  5.8000e-01  2.2931e+10  3.6873e-01
  1.3594e+00  6.0619e+00  6.0000e-01  1.9224e+10  3.7838e-01
  1.3594e+00  7.4057e+00  1.0000e-02  1.6362e+10  1.2624e+00
  1.3594e+00  7.4057e+00  2.0000e-02  1.5999e+10  1.2505e+00
  1.3594e+00  7.4057e+00  4.0000e-02  1.5793e+10  1.2427e+00
  1.3594e+00  7.4057e+00  6.0000e-02  1.5746e+10  1.2515e+00
  1.3594e+00  7.4057e+00  8.0000e-02  1.6218e+10  1.2531e+00
  1.3594e+00  7.4057e+00  1.0000e-01  1.6237e+10  1.2560e+00
  1.3594e+00  7.4057e+00  1.2000e-01  1.7067e+10  1.2615e+00
  1.3594e+00  7.4057e+00  1.4000e-01  1.7754e+10  1.2530e+00
  1.3594e+00  7.4057e+00  1.6000e-01  1.7288e+10  1.2485e+00
  1.3594e+00  7.4057e+00  1.8000e-01  1.8805e+10  1.3036e+00
  1.3594e+00  7.4057e+00  2.0000e-01  2.3766e+10  1.3814e+00
  1.3594e+00  7.4057e+00  2.2000e-01  2.9454e+10  1.4368e+00
  1.3594e+00  7.4057e+00  2.4000e-01  3.4530e+10  1.4970e+00
  1.3594e+00  7.4057e+00  2.6000e-01  2.3467e+10  1.2752e+00
  1.3594e+00  7.4057e+00  2.8000e-01  2.1890e+10  1.4282e+00
  1.3594e+00  7.4057e+00  3.0000e-01  2.0705e+10  1.4803e+00
  1.3594e+00  7.4057e+00  3.2000e-01  2.0149e+10  1.5119e+00
  1.3594e+00  7.4057e+00  3.4000e-01  1.6718e+10  1.6082e+00
  1.3594e+00  7.4057e+00  3.6000e-01  9.9547e+09  1.9727e+00
  1.3594e+00  7.4057e+00  3.8000e-01  3.8476e+09  1.9854e+00
  1.3594e+00  7.4057e+00  4.0000e-01  4.0373e+09  1.5511e+00
  1.3594e+00  7.4057e+00  4.2000e-01  2.6255e+10  1.4511e+00
  1.3594e+00  7.4057e+00  4.4000e-01  1.5103e+09  1.1792e+00
  1.3594e+00  7.4057e+00  4.6000e-01  5.4143e+07  9.5361e-01
  1.3594e+00  7.4057e+00  4.8000e-01  4.0590e+09  1.8200e+00
  1.3594e+00  7.4057e+00  5.0000e-01  2.8217e+10  4.1368e-01
  1.3594e+00  7.4057e+00  5.2000e-01  2.4147e+10  3.6182e-01
  1.3594e+00  7.4057e+00  5.4000e-01  2.4126e+10  3.6168e-01
  1.3594e+00  7.4057e+00  5.6000e-01  2.3754e+10  3.6277e-01
  1.3594e+00  7.4057e+00  5.8000e-01  2.2850e+10  3.6418e-01
  1.3594e+00  7.4057e+00  6.0000e-01  2.0994e+10  3.7100e-01
  1.3594e+00  9.0474e+00  1.0000e-02  1.7171e+10  1.2909e+00
  1.3594e+00  9.0474e+00  2.0000e-02  1.7427e+10  1.2831e+00
  1.3594e+00  9.0474e+00  4.0000e-02  1.7488e+10  1.2786e+00
  1.3594e+00  9.0474e+00  6.0000e-02  1.7444e+10  1.2755e+00
  1.3594e+00  9.0474e+00  8.0000e-02  1.7515e+10  1.2724e+00
  1.3594e+00  9.0474e+00  1.0000e-01  1.7585e+10  1.2724e+00
  1.3594e+00  9.0474e+00  1.2000e-01  1.8601e+10  1.2717e+00
  1.3594e+00  9.0474e+00  1.4000e-01  1.9045e+10  1.2601e+00
  1.3594e+00  9.0474e+00  1.6000e-01  1.9169e+10  1.2713e+00
  1.3594e+00  9.0474e+00  1.8000e-01  2.1495e+10  1.3393e+00
  1.3594e+00  9.0474e+00  2.0000e-01  2.5957e+10  1.4145e+00
  1.3594e+00  9.0474e+00  2.2000e-01  2.9565e+10  1.4639e+00
  1.3594e+00  9.0474e+00  2.4000e-01  3.3323e+10  1.5897e+00
  1.3594e+00  9.0474e+00  2.6000e-01  2.4854e+10  1.3119e+00
  1.3594e+00  9.0474e+00  2.8000e-01  2.1945e+10  1.4128e+00
  1.3594e+00  9.0474e+00  3.0000e-01  2.0418e+10  1.4680e+00
  1.3594e+00  9.0474e+00  3.2000e-01  2.0057e+10  1.5024e+00
  1.3594e+00  9.0474e+00  3.4000e-01  1.8433e+10  1.6310e+00
  1.3594e+00  9.0474e+00  3.6000e-01  1.1575e+10  1.9434e+00
  1.3594e+00  9.0474e+00  3.8000e-01  4.3949e+09  1.9965e+00
  1.3594e+00  9.0474e+00  4.0000e-01  3.4303e+09  1.5714e+00
  1.3594e+00  9.0474e+00  4.2000e-01  2.8583e+10  1.4757e+00
  1.3594e+00  9.0474e+00  4.4000e-01  7.5161e+08  1.2141e+00
  1.3594e+00  9.0474e+00  4.6000e-01  5.8144e+07  9.7357e-01
  1.3594e+00  9.0474e+00  4.8000e-01  3.1183e+09  1.7872e+00
  1.3594e+00  9.0474e+00  5.0000e-01  2.6110e+10  4.2998e-01
  1.3594e+00  9.0474e+00  5.2000e-01  2.1165e+10  3.6229e-01
  1.3594e+00  9.0474e+00  5.4000e-01  2.1035e+10  3.6419e-01
  1.3594e+00  9.0474e+00  5.6000e-01  2.0750e+10  3.6449e-01
  1.3594e+00  9.0474e+00  5.8000e-01  2.0324e+10  3.6436e-01
  1.3594e+00  9.0474e+00  6.0000e-01  1.9564e+10  3.6731e-01
  1.3594e+00  1.1053e+01  1.0000e-02  1.4127e+10  1.2537e+00
  1.3594e+00  1.1053e+01  2.0000e-02  1.5050e+10  1.2746e+00
  1.3594e+00  1.1053e+01  4.0000e-02  1.6259e+10  1.2856e+00
  1.3594e+00  1.1053e+01  6.0000e-02  1.6860e+10  1.2865e+00
  1.3594e+00  1.1053e+01  8.0000e-02  1.6971e+10  1.2798e+00
  1.3594e+00  1.1053e+01  1.0000e-01  1.7105e+10  1.2779e+00
  1.3594e+00  1.1053e+01  1.2000e-01  1.8280e+10  1.2778e+00
  1.3594e+00  1.1053e+01  1.4000e-01  1.9032e+10  1.2722e+00
  1.3594e+00  1.1053e+01  1.6000e-01  1.9905e+10  1.2921e+00
  1.3594e+00  1.1053e+01  1.8000e-01  2.2634e+10  1.3567e+00
  1.3594e+00  1.1053e+01  2.0000e-01  2.6693e+10  1.4206e+00
  1.3594e+00  1.1053e+01  2.2000e-01  2.9630e+10  1.4654e+00
  1.3594e+00  1.1053e+01  2.4000e-01  3.2908e+10  1.6017e+00
  1.3594e+00  1.1053e+01  2.6000e-01  2.5054e+10  1.2969e+00
  1.3594e+00  1.1053e+01  2.8000e-01  2.1476e+10  1.3639e+00
  1.3594e+00  1.1053e+01  3.0000e-01  1.9992e+10  1.4464e+00
  1.3594e+00  1.1053e+01  3.2000e-01  2.0077e+10  1.4958e+00
  1.3594e+00  1.1053e+01  3.4000e-01  2.0239e+10  1.6442e+00
  1.3594e+00  1.1053e+01  3.6000e-01  1.3614e+10  1.9198e+00
  1.3594e+00  1.1053e+01  3.8000e-01  5.0639e+09  1.9878e+00
  1.3594e+00  1.1053e+01  4.0000e-01  2.7089e+09  1.6389e+00
  1.3594e+00  1.1053e+01  4.2000e-01  2.9449e+10  1.5125e+00
  1.3594e+00  1.1053e+01  4.4000e-01  4.4944e+08  1.1999e+00
  1.3594e+00  1.1053e+01  4.6000e-01  5.8584e+07  9.8898e-01
  1.3594e+00  1.1053e+01  4.8000e-01  2.1863e+09  1.7206e+00
  1.3594e+00  1.1053e+01  5.0000e-01  2.3650e+10  4.4802e-01
  1.3594e+00  1.1053e+01  5.2000e-01  1.7982e+10  3.6628e-01
  1.3594e+00  1.1053e+01  5.4000e-01  1.7480e+10  3.6706e-01
  1.3594e+00  1.1053e+01  5.6000e-01  1.7072e+10  3.6829e-01
  1.3594e+00  1.1053e+01  5.8000e-01  1.6699e+10  3.6874e-01
  1.3594e+00  1.1053e+01  6.0000e-01  1.6253e+10  3.6975e-01
  1.3594e+00  1.3503e+01  1.0000e-02  1.8610e+10  1.2381e+00
  1.3594e+00  1.3503e+01  2.0000e-02  1.4394e+10  1.2419e+00
  1.3594e+00  1.3503e+01  4.0000e-02  1.4130e+10  1.2509e+00
  1.3594e+00  1.3503e+01  6.0000e-02  1.5316e+10  1.2703e+00
  1.3594e+00  1.3503e+01  8.0000e-02  1.5950e+10  1.2749e+00
  1.3594e+00  1.3503e+01  1.0000e-01  1.6327e+10  1.2781e+00
  1.3594e+00  1.3503e+01  1.2000e-01  1.7614e+10  1.2794e+00
  1.3594e+00  1.3503e+01  1.4000e-01  1.8317e+10  1.2744e+00
  1.3594e+00  1.3503e+01  1.6000e-01  1.9118e+10  1.2885e+00
  1.3594e+00  1.3503e+01  1.8000e-01  2.1729e+10  1.3424e+00
  1.3594e+00  1.3503e+01  2.0000e-01  2.5818e+10  1.4032e+00
  1.3594e+00  1.3503e+01  2.2000e-01  2.9475e+10  1.4412e+00
  1.3594e+00  1.3503e+01  2.4000e-01  3.3732e+10  1.5902e+00
  1.3594e+00  1.3503e+01  2.6000e-01  2.4061e+10  1.2393e+00
  1.3594e+00  1.3503e+01  2.8000e-01  2.0312e+10  1.2984e+00
  1.3594e+00  1.3503e+01  3.0000e-01  1.9108e+10  1.4147e+00
  1.3594e+00  1.3503e+01  3.2000e-01  2.0133e+10  1.4960e+00
  1.3594e+00  1.3503e+01  3.4000e-01  2.1793e+10  1.6610e+00
  1.3594e+00  1.3503e+01  3.6000e-01  1.5926e+10  1.9311e+00
  1.3594e+00  1.3503e+01  3.8000e-01  5.9322e+09  1.9717e+00
  1.3594e+00  1.3503e+01  4.0000e-01  1.9969e+09  1.8045e+00
  1.3594e+00  1.3503e+01  4.2000e-01  2.2970e+10  1.4939e+00
  1.3594e+00  1.3503e+01  4.4000e-01  2.9656e+08  1.1960e+00
  1.3594e+00  1.3503e+01  4.6000e-01  5.6040e+07  9.9079e-01
  1.3594e+00  1.3503e+01  4.8000e-01  1.2640e+09  1.6410e+00
  1.3594e+00  1.3503e+01  5.0000e-01  2.0913e+10  4.6939e-01
  1.3594e+00  1.3503e+01  5.2000e-01  1.4542e+10  3.7331e-01
  1.3594e+00  1.3503e+01  5.4000e-01  1.3585e+10  3.7329e-01
  1.3594e+00  1.3503e+01  5.6000e-01  1.3012e+10  3.7559e-01
  1.3594e+00  1.3503e+01  5.8000e-01  1.2501e+10  3.7623e-01
  1.3594e+00  1.3503e+01  6.0000e-01  1.2019e+10  3.7643e-01
  1.3594e+00  1.6496e+01  1.0000e-02  1.4397e+10  1.4393e+00
  1.3594e+00  1.6496e+01  2.0000e-02  1.8954e+10  1.2960e+00
  1.3594e+00  1.6496e+01  4.0000e-02  1.5069e+10  1.2412e+00
  1.3594e+00  1.6496e+01  6.0000e-02  1.3744e+10  1.2385e+00
  1.3594e+00  1.6496e+01  8.0000e-02  1.4702e+10  1.2551e+00
  1.3594e+00  1.6496e+01  1.0000e-01  1.5227e+10  1.2683e+00
  1.3594e+00  1.6496e+01  1.2000e-01  1.6840e+10  1.2770e+00
  1.3594e+00  1.6496e+01  1.4000e-01  1.7291e+10  1.2694e+00
  1.3594e+00  1.6496e+01  1.6000e-01  1.7046e+10  1.2669e+00
  1.3594e+00  1.6496e+01  1.8000e-01  1.8794e+10  1.3008e+00
  1.3594e+00  1.6496e+01  2.0000e-01  2.3046e+10  1.3502e+00
  1.3594e+00  1.6496e+01  2.2000e-01  2.8168e+10  1.3854e+00
  1.3594e+00  1.6496e+01  2.4000e-01  3.5156e+10  1.5624e+00
  1.3594e+00  1.6496e+01  2.6000e-01  2.1656e+10  1.1495e+00
  1.3594e+00  1.6496e+01  2.8000e-01  1.8182e+10  1.2209e+00
  1.3594e+00  1.6496e+01  3.0000e-01  1.7438e+10  1.3760e+00
  1.3594e+00  1.6496e+01  3.2000e-01  1.9824e+10  1.5007e+00
  1.3594e+00  1.6496e+01  3.4000e-01  2.3403e+10  1.6743e+00
  1.3594e+00  1.6496e+01  3.6000e-01  1.9908e+10  1.9276e+00
  1.3594e+00  1.6496e+01  3.8000e-01  7.2222e+09  1.9690e+00
  1.3594e+00  1.6496e+01  4.0000e-01  1.3839e+09  2.1927e+00
  1.3594e+00  1.6496e+01  4.2000e-01  1.1323e+10  1.4260e+00
  1.3594e+00  1.6496e+01  4.4000e-01  2.0941e+08  1.2018e+00
  1.3594e+00  1.6496e+01  4.6000e-01  5.0798e+07  1.0128e+00
  1.3594e+00  1.6496e+01  4.8000e-01  4.6804e+08  1.4086e+00
  1.3594e+00  1.6496e+01  5.0000e-01  1.7917e+10  4.9471e-01
  1.3594e+00  1.6496e+01  5.2000e-01  1.1007e+10  3.8043e-01
  1.3594e+00  1.6496e+01  5.4000e-01  9.7004e+09  3.8375e-01
  1.3594e+00  1.6496e+01  5.6000e-01  8.8869e+09  3.8398e-01
  1.3594e+00  1.6496e+01  5.8000e-01  8.3164e+09  3.8610e-01
  1.3594e+00  1.6496e+01  6.0000e-01  7.8108e+09  3.8982e-01
  1.3594e+00  2.0153e+01  1.0000e-02  9.8636e+09  1.5370e+00
  1.3594e+00  2.0153e+01  2.0000e-02  1.3831e+10  1.4029e+00
  1.3594e+00  2.0153e+01  4.0000e-02  1.9032e+10  1.2913e+00
  1.3594e+00  2.0153e+01  6.0000e-02  1.5746e+10  1.2402e+00
  1.3594e+00  2.0153e+01  8.0000e-02  1.3848e+10  1.2344e+00
  1.3594e+00  2.0153e+01  1.0000e-01  1.3772e+10  1.2417e+00
  1.3594e+00  2.0153e+01  1.2000e-01  1.5212e+10  1.2614e+00
  1.3594e+00  2.0153e+01  1.4000e-01  1.6698e+10  1.2672e+00
  1.3594e+00  2.0153e+01  1.6000e-01  1.5392e+10  1.2522e+00
  1.3594e+00  2.0153e+01  1.8000e-01  1.4533e+10  1.2444e+00
  1.3594e+00  2.0153e+01  2.0000e-01  1.7576e+10  1.2713e+00
  1.3594e+00  2.0153e+01  2.2000e-01  2.3874e+10  1.2928e+00
  1.3594e+00  2.0153e+01  2.4000e-01  3.3363e+10  1.4680e+00
  1.3594e+00  2.0153e+01  2.6000e-01  1.7658e+10  1.0175e+00
  1.3594e+00  2.0153e+01  2.8000e-01  1.3406e+10  1.0939e+00
  1.3594e+00  2.0153e+01  3.0000e-01  1.3481e+10  1.2954e+00
  1.3594e+00  2.0153e+01  3.2000e-01  1.8492e+10  1.4443e+00
  1.3594e+00  2.0153e+01  3.4000e-01  2.2174e+10  1.5008e+00
  1.3594e+00  2.0153e+01  3.6000e-01  2.7276e+10  1.6867e+00
  1.3594e+00  2.0153e+01  3.8000e-01  1.9544e+10  1.6576e+00
  1.3594e+00  2.0153e+01  4.0000e-01  3.6994e+09  1.7471e+00
  1.3594e+00  2.0153e+01  4.2000e-01  3.1040e+09  1.3385e+00
  1.3594e+00  2.0153e+01  4.4000e-01  1.5864e+08  1.1919e+00
  1.3594e+00  2.0153e+01  4.6000e-01  4.3350e+07  1.0108e+00
  1.3594e+00  2.0153e+01  4.8000e-01  1.4999e+08  1.0712e+00
  1.3594e+00  2.0153e+01  5.0000e-01  1.4731e+10  5.2426e-01
  1.3594e+00  2.0153e+01  5.2000e-01  7.6791e+09  3.9385e-01
  1.3594e+00  2.0153e+01  5.4000e-01  6.3428e+09  3.9752e-01
  1.3594e+00  2.0153e+01  5.6000e-01  5.6591e+09  4.0174e-01
  1.3594e+00  2.0153e+01  5.8000e-01  5.1185e+09  4.0092e-01
  1.3594e+00  2.0153e+01  6.0000e-01  4.6850e+09  4.0308e-01
  1.3594e+00  2.4621e+01  1.0000e-02  4.9626e+09  1.5379e+00
  1.3594e+00  2.4621e+01  2.0000e-02  1.1078e+10  1.4765e+00
  1.3594e+00  2.4621e+01  4.0000e-02  1.4157e+10  1.3032e+00
  1.3594e+00  2.4621e+01  6.0000e-02  1.8256e+10  1.2956e+00
  1.3594e+00  2.4621e+01  8.0000e-02  1.6960e+10  1.2432e+00
  1.3594e+00  2.4621e+01  1.0000e-01  1.3528e+10  1.2280e+00
  1.3594e+00  2.4621e+01  1.2000e-01  1.3620e+10  1.2362e+00
  1.3594e+00  2.4621e+01  1.4000e-01  1.5396e+10  1.2535e+00
  1.3594e+00  2.4621e+01  1.6000e-01  1.5949e+10  1.2563e+00
  1.3594e+00  2.4621e+01  1.8000e-01  1.4560e+10  1.2494e+00
  1.3594e+00  2.4621e+01  2.0000e-01  1.3845e+10  1.2456e+00
  1.3594e+00  2.4621e+01  2.2000e-01  1.6061e+10  1.2667e+00
  1.3594e+00  2.4621e+01  2.4000e-01  2.1075e+10  1.2856e+00
  1.3594e+00  2.4621e+01  2.6000e-01  2.7552e+10  1.2926e+00
  1.3594e+00  2.4621e+01  2.8000e-01  3.1319e+10  1.2558e+00
  1.3594e+00  2.4621e+01  3.0000e-01  1.1792e+10  9.9083e-01
  1.3594e+00  2.4621e+01  3.2000e-01  1.0874e+10  1.1372e+00
  1.3594e+00  2.4621e+01  3.4000e-01  1.0455e+10  1.2418e+00
  1.3594e+00  2.4621e+01  3.6000e-01  1.5191e+10  1.4010e+00
  1.3594e+00  2.4621e+01  3.8000e-01  1.4020e+10  1.4582e+00
  1.3594e+00  2.4621e+01  4.0000e-01  1.6476e+10  1.9173e+00
  1.3594e+00  2.4621e+01  4.2000e-01  1.1588e+10  2.0324e+00
  1.3594e+00  2.4621e+01  4.4000e-01  1.3514e+08  1.1634e+00
  1.3594e+00  2.4621e+01  4.6000e-01  3.6037e+07  1.0249e+00
  1.3594e+00  2.4621e+01  4.8000e-01  8.4469e+07  9.1213e-01
  1.3594e+00  2.4621e+01  5.0000e-01  1.1501e+10  5.5796e-01
  1.3594e+00  2.4621e+01  5.2000e-01  4.9146e+09  4.0634e-01
  1.3594e+00  2.4621e+01  5.4000e-01  3.8094e+09  4.0338e-01
  1.3594e+00  2.4621e+01  5.6000e-01  3.2856e+09  4.0100e-01
  1.3594e+00  2.4621e+01  5.8000e-01  2.9083e+09  3.9893e-01
  1.3594e+00  2.4621e+01  6.0000e-01  2.6064e+09  4.0172e-01
  1.3594e+00  3.0079e+01  1.0000e-02  2.2558e+09  1.5194e+00
  1.3594e+00  3.0079e+01  2.0000e-02  6.9739e+09  1.4899e+00
  1.3594e+00  3.0079e+01  4.0000e-02  1.2387e+10  1.3866e+00
  1.3594e+00  3.0079e+01  6.0000e-02  1.4388e+10  1.2737e+00
  1.3594e+00  3.0079e+01  8.0000e-02  1.7281e+10  1.2842e+00
  1.3594e+00  3.0079e+01  1.0000e-01  1.7252e+10  1.2771e+00
  1.3594e+00  3.0079e+01  1.2000e-01  1.3608e+10  1.2222e+00
  1.3594e+00  3.0079e+01  1.4000e-01  1.4091e+10  1.2325e+00
  1.3594e+00  3.0079e+01  1.6000e-01  1.5197e+10  1.2467e+00
  1.3594e+00  3.0079e+01  1.8000e-01  1.4430e+10  1.2421e+00
  1.3594e+00  3.0079e+01  2.0000e-01  1.3038e+10  1.2436e+00
  1.3594e+00  3.0079e+01  2.2000e-01  1.3481e+10  1.2505e+00
  1.3594e+00  3.0079e+01  2.4000e-01  1.6718e+10  1.2737e+00
  1.3594e+00  3.0079e+01  2.6000e-01  2.2133e+10  1.2830e+00
  1.3594e+00  3.0079e+01  2.8000e-01  2.8487e+10  1.3177e+00
  1.3594e+00  3.0079e+01  3.0000e-01  1.9353e+10  1.0268e+00
  1.3594e+00  3.0079e+01  3.2000e-01  1.1059e+10  9.9430e-01
  1.3594e+00  3.0079e+01  3.4000e-01  1.0704e+10  1.1598e+00
  1.3594e+00  3.0079e+01  3.6000e-01  9.3421e+09  1.2066e+00
  1.3594e+00  3.0079e+01  3.8000e-01  1.2227e+10  1.3249e+00
  1.3594e+00  3.0079e+01  4.0000e-01  2.0265e+10  1.9609e+00
  1.3594e+00  3.0079e+01  4.2000e-01  1.6814e+10  1.8956e+00
  1.3594e+00  3.0079e+01  4.4000e-01  1.5005e+08  9.1366e-01
  1.3594e+00  3.0079e+01  4.6000e-01  2.7307e+07  9.9990e-01
  1.3594e+00  3.0079e+01  4.8000e-01  5.8897e+07  8.8006e-01
  1.3594e+00  3.0079e+01  5.0000e-01  8.3612e+09  6.0558e-01
  1.3594e+00  3.0079e+01  5.2000e-01  2.9268e+09  4.1023e-01
  1.3594e+00  3.0079e+01  5.4000e-01  2.1946e+09  4.0078e-01
  1.3594e+00  3.0079e+01  5.6000e-01  1.8728e+09  4.0038e-01
  1.3594e+00  3.0079e+01  5.8000e-01  1.6315e+09  3.9778e-01
  1.3594e+00  3.0079e+01  6.0000e-01  1.4407e+09  3.9952e-01
  1.3594e+00  3.6747e+01  1.0000e-02  1.0121e+09  1.5256e+00
  1.3594e+00  3.6747e+01  2.0000e-02  3.6890e+09  1.4769e+00
  1.3594e+00  3.6747e+01  4.0000e-02  9.7741e+09  1.4240e+00
  1.3594e+00  3.6747e+01  6.0000e-02  1.2245e+10  1.3359e+00
  1.3594e+00  3.6747e+01  8.0000e-02  1.4193e+10  1.2657e+00
  1.3594e+00  3.6747e+01  1.0000e-01  1.6311e+10  1.2698e+00
  1.3594e+00  3.6747e+01  1.2000e-01  1.6987e+10  1.2977e+00
  1.3594e+00  3.6747e+01  1.4000e-01  1.4682e+10  1.2251e+00
  1.3594e+00  3.6747e+01  1.6000e-01  1.4565e+10  1.2320e+00
  1.3594e+00  3.6747e+01  1.8000e-01  1.4069e+10  1.2377e+00
  1.3594e+00  3.6747e+01  2.0000e-01  1.2552e+10  1.2316e+00
  1.3594e+00  3.6747e+01  2.2000e-01  1.1885e+10  1.2410e+00
  1.3594e+00  3.6747e+01  2.4000e-01  1.3744e+10  1.2598e+00
  1.3594e+00  3.6747e+01  2.6000e-01  1.8129e+10  1.2766e+00
  1.3594e+00  3.6747e+01  2.8000e-01  2.4022e+10  1.2810e+00
  1.3594e+00  3.6747e+01  3.0000e-01  3.3277e+10  1.5589e+00
  1.3594e+00  3.6747e+01  3.2000e-01  1.2295e+10  9.4209e-01
  1.3594e+00  3.6747e+01  3.4000e-01  1.0612e+10  1.1082e+00
  1.3594e+00  3.6747e+01  3.6000e-01  8.9162e+09  1.1713e+00
  1.3594e+00  3.6747e+01  3.8000e-01  8.8555e+09  1.2164e+00
  1.3594e+00  3.6747e+01  4.0000e-01  1.3239e+10  1.6420e+00
  1.3594e+00  3.6747e+01  4.2000e-01  8.6263e+09  1.7321e+00
  1.3594e+00  3.6747e+01  4.4000e-01  8.8352e+09  1.7505e+00
  1.3594e+00  3.6747e+01  4.6000e-01  2.0369e+07  9.3882e-01
  1.3594e+00  3.6747e+01  4.8000e-01  3.9937e+07  9.1367e-01
  1.3594e+00  3.6747e+01  5.0000e-01  5.3988e+09  6.7716e-01
  1.3594e+00  3.6747e+01  5.2000e-01  1.6949e+09  4.1426e-01
  1.3594e+00  3.6747e+01  5.4000e-01  1.2629e+09  4.0066e-01
  1.3594e+00  3.6747e+01  5.6000e-01  1.0597e+09  3.9584e-01
  1.3594e+00  3.6747e+01  5.8000e-01  9.1968e+08  3.9421e-01
  1.3594e+00  3.6747e+01  6.0000e-01  7.9827e+08  3.9386e-01
  1.3594e+00  4.4893e+01  1.0000e-02  4.6543e+08  1.5724e+00
  1.3594e+00  4.4893e+01  2.0000e-02  1.7801e+09  1.4600e+00
  1.3594e+00  4.4893e+01  4.0000e-02  6.4712e+09  1.4309e+00
  1.3594e+00  4.4893e+01  6.0000e-02  1.0111e+10  1.3773e+00
  1.3594e+00  4.4893e+01  8.0000e-02  1.1996e+10  1.3139e+00
  1.3594e+00  4.4893e+01  1.0000e-01  1.3337e+10  1.2615e+00
  1.3594e+00  4.4893e+01  1.2000e-01  1.5300e+10  1.2634e+00
  1.3594e+00  4.4893e+01  1.4000e-01  1.6431e+10  1.3009e+00
  1.3594e+00  4.4893e+01  1.6000e-01  1.6042e+10  1.2639e+00
  1.3594e+00  4.4893e+01  1.8000e-01  1.4983e+10  1.2445e+00
  1.3594e+00  4.4893e+01  2.0000e-01  1.2447e+10  1.2254e+00
  1.3594e+00  4.4893e+01  2.2000e-01  1.0893e+10  1.2212e+00
  1.3594e+00  4.4893e+01  2.4000e-01  1.1240e+10  1.2412e+00
  1.3594e+00  4.4893e+01  2.6000e-01  1.4106e+10  1.2643e+00
  1.3594e+00  4.4893e+01  2.8000e-01  1.9206e+10  1.2759e+00
  1.3594e+00  4.4893e+01  3.0000e-01  2.5086e+10  1.2940e+00
  1.3594e+00  4.4893e+01  3.2000e-01  2.5292e+10  1.1988e+00
  1.3594e+00  4.4893e+01  3.4000e-01  1.0240e+10  9.8419e-01
  1.3594e+00  4.4893e+01  3.6000e-01  9.6666e+09  1.1435e+00
  1.3594e+00  4.4893e+01  3.8000e-01  8.0619e+09  1.2059e+00
  1.3594e+00  4.4893e+01  4.0000e-01  9.2230e+09  1.3072e+00
  1.3594e+00  4.4893e+01  4.2000e-01  1.5608e+10  1.8957e+00
  1.3594e+00  4.4893e+01  4.4000e-01  1.2319e+10  1.7955e+00
  1.3594e+00  4.4893e+01  4.6000e-01  1.3731e+08  4.0167e-01
  1.3594e+00  4.4893e+01  4.8000e-01  2.2353e+07  9.1742e-01
  1.3594e+00  4.4893e+01  5.0000e-01  2.8264e+09  7.7310e-01
  1.3594e+00  4.4893e+01  5.2000e-01  9.9196e+08  4.2408e-01
  1.3594e+00  4.4893e+01  5.4000e-01  7.3533e+08  4.0638e-01
  1.3594e+00  4.4893e+01  5.6000e-01  6.1330e+08  3.9903e-01
  1.3594e+00  4.4893e+01  5.8000e-01  5.2313e+08  3.9471e-01
  1.3594e+00  4.4893e+01  6.0000e-01  4.4915e+08  3.9048e-01
  1.3594e+00  5.4844e+01  1.0000e-02  2.4797e+08  1.6952e+00
  1.3594e+00  5.4844e+01  2.0000e-02  8.6707e+08  1.4733e+00
  1.3594e+00  5.4844e+01  4.0000e-02  3.6201e+09  1.4178e+00
  1.3594e+00  5.4844e+01  6.0000e-02  7.1892e+09  1.3969e+00
  1.3594e+00  5.4844e+01  8.0000e-02  9.7250e+09  1.3528e+00
  1.3594e+00  5.4844e+01  1.0000e-01  1.1131e+10  1.3031e+00
  1.3594e+00  5.4844e+01  1.2000e-01  1.2120e+10  1.2549e+00
  1.3594e+00  5.4844e+01  1.4000e-01  1.3916e+10  1.2492e+00
  1.3594e+00  5.4844e+01  1.6000e-01  1.5245e+10  1.2692e+00
  1.3594e+00  5.4844e+01  1.8000e-01  1.6179e+10  1.2919e+00
  1.3594e+00  5.4844e+01  2.0000e-01  1.5407e+10  1.3109e+00
  1.3594e+00  5.4844e+01  2.2000e-01  1.1231e+10  1.2221e+00
  1.3594e+00  5.4844e+01  2.4000e-01  9.5601e+09  1.2071e+00
  1.3594e+00  5.4844e+01  2.6000e-01  1.0513e+10  1.2341e+00
  1.3594e+00  5.4844e+01  2.8000e-01  1.3777e+10  1.2604e+00
  1.3594e+00  5.4844e+01  3.0000e-01  1.8915e+10  1.2744e+00
  1.3594e+00  5.4844e+01  3.2000e-01  2.4770e+10  1.3365e+00
  1.3594e+00  5.4844e+01  3.4000e-01  1.3896e+10  9.8364e-01
  1.3594e+00  5.4844e+01  3.6000e-01  9.1799e+09  1.0484e+00
  1.3594e+00  5.4844e+01  3.8000e-01  8.0618e+09  1.1802e+00
  1.3594e+00  5.4844e+01  4.0000e-01  7.8756e+09  1.2472e+00
  1.3594e+00  5.4844e+01  4.2000e-01  6.1025e+09  1.3662e+00
  1.3594e+00  5.4844e+01  4.4000e-01  1.1277e+10  1.8941e+00
  1.3594e+00  5.4844e+01  4.6000e-01  1.1891e+10  1.9496e+00
  1.3594e+00  5.4844e+01  4.8000e-01  1.3022e+07  8.6209e-01
  1.3594e+00  5.4844e+01  5.0000e-01  1.2289e+09  9.0745e-01
  1.3594e+00  5.4844e+01  5.2000e-01  5.7586e+08  4.2904e-01
  1.3594e+00  5.4844e+01  5.4000e-01  4.3936e+08  4.1530e-01
  1.3594e+00  5.4844e+01  5.6000e-01  3.6205e+08  4.0257e-01
  1.3594e+00  5.4844e+01  5.8000e-01  3.0593e+08  3.9370e-01
  1.3594e+00  5.4844e+01  6.0000e-01  2.6277e+08  3.9197e-01
  1.3594e+00  6.7002e+01  1.0000e-02  1.4930e+08  1.8166e+00
  1.3594e+00  6.7002e+01  2.0000e-02  4.4601e+08  1.5359e+00
  1.3594e+00  6.7002e+01  4.0000e-02  1.8357e+09  1.4039e+00
  1.3594e+00  6.7002e+01  6.0000e-02  4.2906e+09  1.3932e+00
  1.3594e+00  6.7002e+01  8.0000e-02  6.8511e+09  1.3701e+00
  1.3594e+00  6.7002e+01  1.0000e-01  8.6774e+09  1.3357e+00
  1.3594e+00  6.7002e+01  1.2000e-01  9.7648e+09  1.2925e+00
  1.3594e+00  6.7002e+01  1.4000e-01  1.0730e+10  1.2501e+00
  1.3594e+00  6.7002e+01  1.6000e-01  1.2264e+10  1.2377e+00
  1.3594e+00  6.7002e+01  1.8000e-01  1.3772e+10  1.2459e+00
  1.3594e+00  6.7002e+01  2.0000e-01  1.4583e+10  1.2642e+00
  1.3594e+00  6.7002e+01  2.2000e-01  1.4699e+10  1.3148e+00
  1.3594e+00  6.7002e+01  2.4000e-01  1.1537e+10  1.3031e+00
  1.3594e+00  6.7002e+01  2.6000e-01  8.5114e+09  1.1898e+00
  1.3594e+00  6.7002e+01  2.8000e-01  9.1996e+09  1.2115e+00
  1.3594e+00  6.7002e+01  3.0000e-01  1.2011e+10  1.2455e+00
  1.3594e+00  6.7002e+01  3.2000e-01  1.6491e+10  1.2698e+00
  1.3594e+00  6.7002e+01  3.4000e-01  2.1631e+10  1.3243e+00
  1.3594e+00  6.7002e+01  3.6000e-01  1.3334e+10  1.0195e+00
  1.3594e+00  6.7002e+01  3.8000e-01  8.0245e+09  1.0551e+00
  1.3594e+00  6.7002e+01  4.0000e-01  7.0023e+09  1.1976e+00
  1.3594e+00  6.7002e+01  4.2000e-01  6.2079e+09  1.2524e+00
  1.3594e+00  6.7002e+01  4.4000e-01  4.6732e+09  1.3901e+00
  1.3594e+00  6.7002e+01  4.6000e-01  7.2152e+09  1.8507e+00
  1.3594e+00  6.7002e+01  4.8000e-01  4.3473e+09  1.7066e+00
  1.3594e+00  6.7002e+01  5.0000e-01  5.4731e+08  1.1195e+00
  1.3594e+00  6.7002e+01  5.2000e-01  3.4315e+08  4.3427e-01
  1.3594e+00  6.7002e+01  5.4000e-01  2.6571e+08  4.2244e-01
  1.3594e+00  6.7002e+01  5.6000e-01  2.3215e+08  4.2856e-01
  1.3594e+00  6.7002e+01  5.8000e-01  1.8590e+08  4.0151e-01
  1.3594e+00  6.7002e+01  6.0000e-01  1.6789e+08  4.2177e-01
  1.3594e+00  8.1855e+01  1.0000e-02  1.1428e+08  1.9046e+00
  1.3594e+00  8.1855e+01  2.0000e-02  2.5781e+08  1.6537e+00
  1.3594e+00  8.1855e+01  4.0000e-02  9.4339e+08  1.4162e+00
  1.3594e+00  8.1855e+01  6.0000e-02  2.2800e+09  1.3800e+00
  1.3594e+00  8.1855e+01  8.0000e-02  4.0745e+09  1.3689e+00
  1.3594e+00  8.1855e+01  1.0000e-01  5.8354e+09  1.3516e+00
  1.3594e+00  8.1855e+01  1.2000e-01  7.2178e+09  1.3213e+00
  1.3594e+00  8.1855e+01  1.4000e-01  8.2442e+09  1.2922e+00
  1.3594e+00  8.1855e+01  1.6000e-01  9.1920e+09  1.2592e+00
  1.3594e+00  8.1855e+01  1.8000e-01  1.0319e+10  1.2376e+00
  1.3594e+00  8.1855e+01  2.0000e-01  1.1374e+10  1.2348e+00
  1.3594e+00  8.1855e+01  2.2000e-01  1.2182e+10  1.2411e+00
  1.3594e+00  8.1855e+01  2.4000e-01  1.2505e+10  1.2602e+00
  1.3594e+00  8.1855e+01  2.6000e-01  1.2040e+10  1.3270e+00
  1.3594e+00  8.1855e+01  2.8000e-01  8.9517e+09  1.2888e+00
  1.3594e+00  8.1855e+01  3.0000e-01  7.5511e+09  1.1790e+00
  1.3594e+00  8.1855e+01  3.2000e-01  8.9435e+09  1.2016e+00
  1.3594e+00  8.1855e+01  3.4000e-01  1.1998e+10  1.2423e+00
  1.3594e+00  8.1855e+01  3.6000e-01  1.6091e+10  1.2752e+00
  1.3594e+00  8.1855e+01  3.8000e-01  2.1757e+10  1.5091e+00
  1.3594e+00  8.1855e+01  4.0000e-01  7.0551e+09  9.8823e-01
  1.3594e+00  8.1855e+01  4.2000e-01  5.8186e+09  1.1712e+00
  1.3594e+00  8.1855e+01  4.4000e-01  4.4934e+09  1.2810e+00
  1.3594e+00  8.1855e+01  4.6000e-01  3.9678e+09  1.3737e+00
  1.3594e+00  8.1855e+01  4.8000e-01  4.3374e+09  1.8385e+00
  1.3594e+00  8.1855e+01  5.0000e-01  4.0428e+08  1.4584e+00
  1.3594e+00  8.1855e+01  5.2000e-01  2.1622e+08  4.5604e-01
  1.3594e+00  8.1855e+01  5.4000e-01  1.6634e+08  4.3824e-01
  1.3594e+00  8.1855e+01  5.6000e-01  1.4020e+08  4.3107e-01
  1.3594e+00  8.1855e+01  5.8000e-01  1.2663e+08  4.5325e-01
  1.3594e+00  8.1855e+01  6.0000e-01  9.9468e+07  4.1524e-01
  1.3594e+00  1.0000e+02  1.0000e-02  8.7158e+07  1.9897e+00
  1.3594e+00  1.0000e+02  2.0000e-02  1.6732e+08  1.7778e+00
  1.3594e+00  1.0000e+02  4.0000e-02  5.1838e+08  1.4713e+00
  1.3594e+00  1.0000e+02  6.0000e-02  1.1789e+09  1.3786e+00
  1.3594e+00  1.0000e+02  8.0000e-02  2.1818e+09  1.3565e+00
  1.3594e+00  1.0000e+02  1.0000e-01  3.3757e+09  1.3452e+00
  1.3594e+00  1.0000e+02  1.2000e-01  4.5813e+09  1.3318e+00
  1.3594e+00  1.0000e+02  1.4000e-01  5.6740e+09  1.3072e+00
  1.3594e+00  1.0000e+02  1.6000e-01  6.6075e+09  1.2886e+00
  1.3594e+00  1.0000e+02  1.8000e-01  7.4286e+09  1.2688e+00
  1.3594e+00  1.0000e+02  2.0000e-01  8.1866e+09  1.2503e+00
  1.3594e+00  1.0000e+02  2.2000e-01  8.9082e+09  1.2346e+00
  1.3594e+00  1.0000e+02  2.4000e-01  9.4060e+09  1.2283e+00
  1.3594e+00  1.0000e+02  2.6000e-01  9.6317e+09  1.2313e+00
  1.3594e+00  1.0000e+02  2.8000e-01  9.6763e+09  1.2445e+00
  1.3594e+00  1.0000e+02  3.0000e-01  9.4322e+09  1.2969e+00
  1.3594e+00  1.0000e+02  3.2000e-01  8.0099e+09  1.3303e+00
  1.3594e+00  1.0000e+02  3.4000e-01  6.6292e+09  1.2345e+00
  1.3594e+00  1.0000e+02  3.6000e-01  7.2720e+09  1.1944e+00
  1.3594e+00  1.0000e+02  3.8000e-01  9.2073e+09  1.2303e+00
  1.3594e+00  1.0000e+02  4.0000e-01  1.2014e+10  1.2733e+00
  1.3594e+00  1.0000e+02  4.2000e-01  1.4379e+10  1.4530e+00
  1.3594e+00  1.0000e+02  4.4000e-01  4.3168e+09  1.0296e+00
  1.3594e+00  1.0000e+02  4.6000e-01  2.9862e+09  1.2445e+00
  1.3594e+00  1.0000e+02  4.8000e-01  1.5844e+09  1.3149e+00
  1.3594e+00  1.0000e+02  5.0000e-01  4.9348e+08  1.5878e+00
  1.3594e+00  1.0000e+02  5.2000e-01  1.3760e+08  4.8297e-01
  1.3594e+00  1.0000e+02  5.4000e-01  9.6095e+07  4.7933e-01
  1.3594e+00  1.0000e+02  5.6000e-01  9.0187e+07  4.6254e-01
  1.3594e+00  1.0000e+02  5.8000e-01  7.7007e+07  4.6906e-01
  1.3594e+00  1.0000e+02  6.0000e-01  6.8290e+07  4.8470e-01
  1.3594e+00  1.5000e+02  1.0000e-02  6.2389e+07  2.1150e+00
  1.3594e+00  1.5000e+02  2.0000e-02  1.0462e+08  1.9279e+00
  1.3594e+00  1.5000e+02  4.0000e-02  2.0345e+08  1.6877e+00
  1.3594e+00  1.5000e+02  6.0000e-02  3.8945e+08  1.5013e+00
  1.3594e+00  1.5000e+02  8.0000e-02  6.5058e+08  1.4078e+00
  1.3594e+00  1.5000e+02  1.0000e-01  9.9338e+08  1.3543e+00
  1.3594e+00  1.5000e+02  1.2000e-01  1.3978e+09  1.3292e+00
  1.3594e+00  1.5000e+02  1.4000e-01  1.8648e+09  1.3109e+00
  1.3594e+00  1.5000e+02  1.6000e-01  2.3673e+09  1.2985e+00
  1.3594e+00  1.5000e+02  1.8000e-01  2.8515e+09  1.2917e+00
  1.3594e+00  1.5000e+02  2.0000e-01  3.3396e+09  1.2768e+00
  1.3594e+00  1.5000e+02  2.2000e-01  3.7516e+09  1.2693e+00
  1.3594e+00  1.5000e+02  2.4000e-01  4.1112e+09  1.2526e+00
  1.3594e+00  1.5000e+02  2.6000e-01  4.3373e+09  1.2436e+00
  1.3594e+00  1.5000e+02  2.8000e-01  4.4724e+09  1.2273e+00
  1.3594e+00  1.5000e+02  3.0000e-01  4.5224e+09  1.2140e+00
  1.3594e+00  1.5000e+02  3.2000e-01  4.4735e+09  1.2000e+00
  1.3594e+00  1.5000e+02  3.4000e-01  4.3629e+09  1.1853e+00
  1.3594e+00  1.5000e+02  3.6000e-01  4.2071e+09  1.1754e+00
  1.3594e+00  1.5000e+02  3.8000e-01  3.9687e+09  1.1969e+00
  1.3594e+00  1.5000e+02  4.0000e-01  3.6992e+09  1.2197e+00
  1.3594e+00  1.5000e+02  4.2000e-01  3.3602e+09  1.2271e+00
  1.3594e+00  1.5000e+02  4.4000e-01  2.8970e+09  1.2203e+00
  1.3594e+00  1.5000e+02  4.6000e-01  2.3799e+09  1.2163e+00
  1.3594e+00  1.5000e+02  4.8000e-01  1.7132e+09  1.2164e+00
  1.3594e+00  1.5000e+02  5.0000e-01  3.0910e+07  1.2551e+00
  1.3594e+00  1.5000e+02  5.2000e-01  1.6124e+07  8.9860e-01
  1.3594e+00  1.5000e+02  5.4000e-01  1.5133e+07  5.7757e-01
  1.3594e+00  1.5000e+02  5.6000e-01  1.5104e+07  5.2268e-01
  1.3594e+00  1.5000e+02  5.8000e-01  1.4149e+07  4.8909e-01
  1.3594e+00  1.5000e+02  6.0000e-01  1.2775e+07  4.5688e-01
  1.3594e+00  2.0000e+02  1.0000e-02  4.9743e+07  2.1947e+00
  1.3594e+00  2.0000e+02  2.0000e-02  7.8655e+07  2.0301e+00
  1.3594e+00  2.0000e+02  4.0000e-02  1.2797e+08  1.8423e+00
  1.3594e+00  2.0000e+02  6.0000e-02  2.1190e+08  1.6633e+00
  1.3594e+00  2.0000e+02  8.0000e-02  3.2040e+08  1.5222e+00
  1.3594e+00  2.0000e+02  1.0000e-01  4.6872e+08  1.4362e+00
  1.3594e+00  2.0000e+02  1.2000e-01  6.3559e+08  1.3841e+00
  1.3594e+00  2.0000e+02  1.4000e-01  8.1828e+08  1.3418e+00
  1.3594e+00  2.0000e+02  1.6000e-01  1.0240e+09  1.3133e+00
  1.3594e+00  2.0000e+02  1.8000e-01  1.2344e+09  1.2957e+00
  1.3594e+00  2.0000e+02  2.0000e-01  1.4507e+09  1.2829e+00
  1.3594e+00  2.0000e+02  2.2000e-01  1.6559e+09  1.2690e+00
  1.3594e+00  2.0000e+02  2.4000e-01  1.8353e+09  1.2521e+00
  1.3594e+00  2.0000e+02  2.6000e-01  1.9779e+09  1.2372e+00
  1.3594e+00  2.0000e+02  2.8000e-01  2.0786e+09  1.2200e+00
  1.3594e+00  2.0000e+02  3.0000e-01  2.1267e+09  1.2099e+00
  1.3594e+00  2.0000e+02  3.2000e-01  2.1504e+09  1.1916e+00
  1.3594e+00  2.0000e+02  3.4000e-01  2.1163e+09  1.1813e+00
  1.3594e+00  2.0000e+02  3.6000e-01  2.0485e+09  1.1708e+00
  1.3594e+00  2.0000e+02  3.8000e-01  1.9482e+09  1.1604e+00
  1.3594e+00  2.0000e+02  4.0000e-01  1.8098e+09  1.1641e+00
  1.3594e+00  2.0000e+02  4.2000e-01  1.6116e+09  1.1648e+00
  1.3594e+00  2.0000e+02  4.4000e-01  1.2989e+09  1.1881e+00
  1.3594e+00  2.0000e+02  4.6000e-01  4.5161e+08  1.1829e+00
  1.3594e+00  2.0000e+02  4.8000e-01  1.6473e+08  1.2185e+00
  1.3594e+00  2.0000e+02  5.0000e-01  1.0634e+07  1.1555e+00
  1.3594e+00  2.0000e+02  5.2000e-01  9.0849e+04  9.9316e-01
  1.3594e+00  2.0000e+02  5.4000e-01  4.4030e+06  8.4846e-01
  1.3594e+00  2.0000e+02  5.6000e-01  6.1892e+06  6.8934e-01
  1.3594e+00  2.0000e+02  5.8000e-01  5.5768e+06  6.4618e-01
  1.3594e+00  2.0000e+02  6.0000e-01  4.7688e+06  5.8514e-01
  1.3594e+00  2.5000e+02  1.0000e-02  4.3197e+07  2.2623e+00
  1.3594e+00  2.5000e+02  2.0000e-02  6.5008e+07  2.0984e+00
  1.3594e+00  2.5000e+02  4.0000e-02  1.0785e+08  1.8785e+00
  1.3594e+00  2.5000e+02  6.0000e-02  1.3913e+08  1.7904e+00
  1.3594e+00  2.5000e+02  8.0000e-02  2.0592e+08  1.6609e+00
  1.3594e+00  2.5000e+02  1.0000e-01  2.7904e+08  1.5338e+00
  1.3594e+00  2.5000e+02  1.2000e-01  3.6316e+08  1.4592e+00
  1.3594e+00  2.5000e+02  1.4000e-01  4.6101e+08  1.4073e+00
  1.3594e+00  2.5000e+02  1.6000e-01  5.6865e+08  1.3619e+00
  1.3594e+00  2.5000e+02  1.8000e-01  6.6551e+08  1.3245e+00
  1.3594e+00  2.5000e+02  2.0000e-01  7.7234e+08  1.2977e+00
  1.3594e+00  2.5000e+02  2.2000e-01  8.6860e+08  1.2760e+00
  1.3594e+00  2.5000e+02  2.4000e-01  9.5369e+08  1.2572e+00
  1.3594e+00  2.5000e+02  2.6000e-01  1.0205e+09  1.2435e+00
  1.3594e+00  2.5000e+02  2.8000e-01  1.0731e+09  1.2295e+00
  1.3594e+00  2.5000e+02  3.0000e-01  1.1026e+09  1.2141e+00
  1.3594e+00  2.5000e+02  3.2000e-01  1.1167e+09  1.1956e+00
  1.3594e+00  2.5000e+02  3.4000e-01  1.0958e+09  1.1810e+00
  1.3594e+00  2.5000e+02  3.6000e-01  1.0500e+09  1.1809e+00
  1.3594e+00  2.5000e+02  3.8000e-01  9.7292e+08  1.1686e+00
  1.3594e+00  2.5000e+02  4.0000e-01  5.8388e+08  1.2077e+00
  1.3594e+00  2.5000e+02  4.2000e-01  4.4833e+08  1.2276e+00
  1.3594e+00  2.5000e+02  4.4000e-01  3.3393e+08  1.2244e+00
  1.3594e+00  2.5000e+02  4.6000e-01  2.0647e+08  1.2349e+00
  1.3594e+00  2.5000e+02  4.8000e-01  1.0377e+08  1.3154e+00
  1.3594e+00  2.5000e+02  5.0000e-01  3.8788e+06  1.1012e+00
  1.3594e+00  2.5000e+02  5.2000e-01  3.7611e+05  1.2543e+00
  1.3594e+00  2.5000e+02  5.4000e-01  1.5388e+05  1.1741e+00
  1.3594e+00  2.5000e+02  5.6000e-01  1.1478e+06  9.2887e-01
  1.3594e+00  2.5000e+02  5.8000e-01  1.8152e+06  8.5196e-01
  1.3594e+00  2.5000e+02  6.0000e-01  2.0074e+06  7.4761e-01
  1.3594e+00  3.0000e+02  1.0000e-02  3.7028e+07  2.3193e+00
  1.3594e+00  3.0000e+02  2.0000e-02  5.7606e+07  2.1518e+00
  1.3594e+00  3.0000e+02  4.0000e-02  9.0841e+07  1.9446e+00
  1.3594e+00  3.0000e+02  6.0000e-02  1.2064e+08  1.8326e+00
  1.3594e+00  3.0000e+02  8.0000e-02  1.4793e+08  1.7614e+00
  1.3594e+00  3.0000e+02  1.0000e-01  1.9164e+08  1.6527e+00
  1.3594e+00  3.0000e+02  1.2000e-01  2.3948e+08  1.5708e+00
  1.3594e+00  3.0000e+02  1.4000e-01  2.8769e+08  1.5056e+00
  1.3594e+00  3.0000e+02  1.6000e-01  3.4393e+08  1.4429e+00
  1.3594e+00  3.0000e+02  1.8000e-01  4.0235e+08  1.3890e+00
  1.3594e+00  3.0000e+02  2.0000e-01  4.5962e+08  1.3550e+00
  1.3594e+00  3.0000e+02  2.2000e-01  5.0765e+08  1.3280e+00
  1.3594e+00  3.0000e+02  2.4000e-01  5.4707e+08  1.3080e+00
  1.3594e+00  3.0000e+02  2.6000e-01  5.4999e+08  1.2893e+00
  1.3594e+00  3.0000e+02  2.8000e-01  5.2483e+08  1.2796e+00
  1.3594e+00  3.0000e+02  3.0000e-01  5.0166e+08  1.2807e+00
  1.3594e+00  3.0000e+02  3.2000e-01  4.8436e+08  1.2729e+00
  1.3594e+00  3.0000e+02  3.4000e-01  4.5324e+08  1.2649e+00
  1.3594e+00  3.0000e+02  3.6000e-01  4.1886e+08  1.2697e+00
  1.3594e+00  3.0000e+02  3.8000e-01  3.6868e+08  1.2757e+00
  1.3594e+00  3.0000e+02  4.0000e-01  3.2170e+08  1.2838e+00
  1.3594e+00  3.0000e+02  4.2000e-01  2.7602e+08  1.2655e+00
  1.3594e+00  3.0000e+02  4.4000e-01  2.0346e+08  1.2738e+00
  1.3594e+00  3.0000e+02  4.6000e-01  1.3180e+08  1.3382e+00
  1.3594e+00  3.0000e+02  4.8000e-01  8.3806e+07  1.3560e+00
  1.3594e+00  3.0000e+02  5.0000e-01  1.5078e+06  1.1726e+00
  1.3594e+00  3.0000e+02  5.2000e-01  3.2832e+05  1.2233e+00
  1.3594e+00  3.0000e+02  5.4000e-01  1.2900e+04  1.0261e+00
  1.3594e+00  3.0000e+02  5.6000e-01  1.1193e+05  1.2135e+00
  1.3594e+00  3.0000e+02  5.8000e-01  2.8957e+05  1.0932e+00
  1.3594e+00  3.0000e+02  6.0000e-01  4.2728e+05  9.9804e-01
  1.8478e+00  3.3246e+00  1.0000e-02  1.6612e+10  1.3168e+00
  1.8478e+00  3.3246e+00  2.0000e-02  1.7170e+10  1.3025e+00
  1.8478e+00  3.3246e+00  4.0000e-02  1.7452e+10  1.2901e+00
  1.8478e+00  3.3246e+00  6.0000e-02  1.7736e+10  1.2816e+00
  1.8478e+00  3.3246e+00  8.0000e-02  1.6810e+10  1.2805e+00
  1.8478e+00  3.3246e+00  1.0000e-01  2.1606e+10  1.2859e+00
  1.8478e+00  3.3246e+00  1.2000e-01  2.0875e+10  1.2785e+00
  1.8478e+00  3.3246e+00  1.4000e-01  1.7450e+10  1.2649e+00
  1.8478e+00  3.3246e+00  1.6000e-01  1.7521e+10  1.3148e+00
  1.8478e+00  3.3246e+00  1.8000e-01  2.1140e+10  1.4176e+00
  1.8478e+00  3.3246e+00  2.0000e-01  2.6970e+10  1.4960e+00
  1.8478e+00  3.3246e+00  2.2000e-01  3.1752e+10  1.5257e+00
  1.8478e+00  3.3246e+00  2.4000e-01  3.3308e+10  1.4776e+00
  1.8478e+00  3.3246e+00  2.6000e-01  2.9575e+10  1.3546e+00
  1.8478e+00  3.3246e+00  2.8000e-01  2.5659e+10  1.3480e+00
  1.8478e+00  3.3246e+00  3.0000e-01  2.3136e+10  1.4791e+00
  1.8478e+00  3.3246e+00  3.2000e-01  1.9650e+10  1.5707e+00
  1.8478e+00  3.3246e+00  3.4000e-01  1.4861e+10  1.6215e+00
  1.8478e+00  3.3246e+00  3.6000e-01  7.1252e+09  1.8752e+00
  1.8478e+00  3.3246e+00  3.8000e-01  2.9918e+09  1.9073e+00
  1.8478e+00  3.3246e+00  4.0000e-01  4.6444e+09  1.6001e+00
  1.8478e+00  3.3246e+00  4.2000e-01  2.0168e+10  1.3967e+00
  1.8478e+00  3.3246e+00  4.4000e-01  3.7501e+09  1.2013e+00
  1.8478e+00  3.3246e+00  4.6000e-01  1.2707e+07  5.6022e-01
  1.8478e+00  3.3246e+00  4.8000e-01  5.9385e+09  1.7095e+00
  1.8478e+00  3.3246e+00  5.0000e-01  3.4160e+10  3.7193e-01
  1.8478e+00  3.3246e+00  5.2000e-01  3.2598e+10  3.5388e-01
  1.8478e+00  3.3246e+00  5.4000e-01  2.7874e+10  3.8714e-01
  1.8478e+00  3.3246e+00  5.6000e-01  1.2457e+10  4.4431e-01
  1.8478e+00  3.3246e+00  5.8000e-01  2.5830e+09  7.1665e-01
  1.8478e+00  3.3246e+00  6.0000e-01  2.1881e+09  7.8038e-01
  1.8478e+00  4.0616e+00  1.0000e-02  1.6196e+10  1.3349e+00
  1.8478e+00  4.0616e+00  2.0000e-02  1.5745e+10  1.3259e+00
  1.8478e+00  4.0616e+00  4.0000e-02  1.5444e+10  1.3093e+00
  1.8478e+00  4.0616e+00  6.0000e-02  1.6113e+10  1.2987e+00
  1.8478e+00  4.0616e+00  8.0000e-02  1.4351e+10  1.2929e+00
  1.8478e+00  4.0616e+00  1.0000e-01  1.8012e+10  1.3117e+00
  1.8478e+00  4.0616e+00  1.2000e-01  1.9148e+10  1.3014e+00
  1.8478e+00  4.0616e+00  1.4000e-01  1.8008e+10  1.2960e+00
  1.8478e+00  4.0616e+00  1.6000e-01  1.7624e+10  1.3142e+00
  1.8478e+00  4.0616e+00  1.8000e-01  1.9764e+10  1.3690e+00
  1.8478e+00  4.0616e+00  2.0000e-01  2.7202e+10  1.4666e+00
  1.8478e+00  4.0616e+00  2.2000e-01  3.1211e+10  1.5113e+00
  1.8478e+00  4.0616e+00  2.4000e-01  3.3576e+10  1.4285e+00
  1.8478e+00  4.0616e+00  2.6000e-01  2.4692e+10  1.2220e+00
  1.8478e+00  4.0616e+00  2.8000e-01  2.2578e+10  1.3070e+00
  1.8478e+00  4.0616e+00  3.0000e-01  2.1766e+10  1.4766e+00
  1.8478e+00  4.0616e+00  3.2000e-01  2.0717e+10  1.5395e+00
  1.8478e+00  4.0616e+00  3.4000e-01  1.4849e+10  1.5811e+00
  1.8478e+00  4.0616e+00  3.6000e-01  7.7070e+09  1.8937e+00
  1.8478e+00  4.0616e+00  3.8000e-01  2.9217e+09  1.9137e+00
  1.8478e+00  4.0616e+00  4.0000e-01  4.6509e+09  1.5860e+00
  1.8478e+00  4.0616e+00  4.2000e-01  2.1091e+10  1.4034e+00
  1.8478e+00  4.0616e+00  4.4000e-01  3.6970e+09  1.1891e+00
  1.8478e+00  4.0616e+00  4.6000e-01  1.4239e+07  5.8449e-01
  1.8478e+00  4.0616e+00  4.8000e-01  6.4172e+09  1.8259e+00
  1.8478e+00  4.0616e+00  5.0000e-01  3.3189e+10  3.7854e-01
  1.8478e+00  4.0616e+00  5.2000e-01  3.1227e+10  3.5575e-01
  1.8478e+00  4.0616e+00  5.4000e-01  2.8607e+10  3.6126e-01
  1.8478e+00  4.0616e+00  5.6000e-01  2.0363e+10  3.7717e-01
  1.8478e+00  4.0616e+00  5.8000e-01  9.5642e+09  4.3433e-01
  1.8478e+00  4.0616e+00  6.0000e-01  2.6521e+09  6.5918e-01
  1.8478e+00  4.9619e+00  1.0000e-02  1.6376e+10  1.3221e+00
  1.8478e+00  4.9619e+00  2.0000e-02  1.5807e+10  1.3247e+00
  1.8478e+00  4.9619e+00  4.0000e-02  1.5124e+10  1.3216e+00
  1.8478e+00  4.9619e+00  6.0000e-02  1.6180e+10  1.3156e+00
  1.8478e+00  4.9619e+00  8.0000e-02  1.3810e+10  1.3094e+00
  1.8478e+00  4.9619e+00  1.0000e-01  1.5105e+10  1.3269e+00
  1.8478e+00  4.9619e+00  1.2000e-01  1.6547e+10  1.3206e+00
  1.8478e+00  4.9619e+00  1.4000e-01  1.6953e+10  1.3097e+00
  1.8478e+00  4.9619e+00  1.6000e-01  1.7101e+10  1.3121e+00
  1.8478e+00  4.9619e+00  1.8000e-01  1.7916e+10  1.3413e+00
  1.8478e+00  4.9619e+00  2.0000e-01  2.1660e+10  1.3846e+00
  1.8478e+00  4.9619e+00  2.2000e-01  2.8119e+10  1.3931e+00
  1.8478e+00  4.9619e+00  2.4000e-01  3.0162e+10  1.2588e+00
  1.8478e+00  4.9619e+00  2.6000e-01  2.0005e+10  1.1468e+00
  1.8478e+00  4.9619e+00  2.8000e-01  2.0688e+10  1.3192e+00
  1.8478e+00  4.9619e+00  3.0000e-01  2.1383e+10  1.4970e+00
  1.8478e+00  4.9619e+00  3.2000e-01  2.1178e+10  1.5367e+00
  1.8478e+00  4.9619e+00  3.4000e-01  1.2779e+10  1.5183e+00
  1.8478e+00  4.9619e+00  3.6000e-01  8.1680e+09  1.9053e+00
  1.8478e+00  4.9619e+00  3.8000e-01  3.0157e+09  1.9401e+00
  1.8478e+00  4.9619e+00  4.0000e-01  4.6123e+09  1.5697e+00
  1.8478e+00  4.9619e+00  4.2000e-01  2.2219e+10  1.4138e+00
  1.8478e+00  4.9619e+00  4.4000e-01  3.5078e+09  1.1741e+00
  1.8478e+00  4.9619e+00  4.6000e-01  2.7601e+07  8.4906e-01
  1.8478e+00  4.9619e+00  4.8000e-01  5.9766e+09  1.8583e+00
  1.8478e+00  4.9619e+00  5.0000e-01  3.1825e+10  3.8474e-01
  1.8478e+00  4.9619e+00  5.2000e-01  2.9509e+10  3.5664e-01
  1.8478e+00  4.9619e+00  5.4000e-01  2.8716e+10  3.5802e-01
  1.8478e+00  4.9619e+00  5.6000e-01  2.5477e+10  3.6465e-01
  1.8478e+00  4.9619e+00  5.8000e-01  1.8524e+10  3.8175e-01
  1.8478e+00  4.9619e+00  6.0000e-01  9.6572e+09  4.2689e-01
  1.8478e+00  6.0619e+00  1.0000e-02  1.6496e+10  1.2932e+00
  1.8478e+00  6.0619e+00  2.0000e-02  1.5915e+10  1.3016e+00
  1.8478e+00  6.0619e+00  4.0000e-02  1.5256e+10  1.2985e+00
  1.8478e+00  6.0619e+00  6.0000e-02  1.6453e+10  1.2990e+00
  1.8478e+00  6.0619e+00  8.0000e-02  1.4565e+10  1.2816e+00
  1.8478e+00  6.0619e+00  1.0000e-01  1.4208e+10  1.2877e+00
  1.8478e+00  6.0619e+00  1.2000e-01  1.5174e+10  1.2882e+00
  1.8478e+00  6.0619e+00  1.4000e-01  1.5996e+10  1.2744e+00
  1.8478e+00  6.0619e+00  1.6000e-01  1.5878e+10  1.2682e+00
  1.8478e+00  6.0619e+00  1.8000e-01  1.6666e+10  1.3066e+00
  1.8478e+00  6.0619e+00  2.0000e-01  2.1046e+10  1.3634e+00
  1.8478e+00  6.0619e+00  2.2000e-01  2.8728e+10  1.3938e+00
  1.8478e+00  6.0619e+00  2.4000e-01  3.0573e+10  1.2698e+00
  1.8478e+00  6.0619e+00  2.6000e-01  2.1151e+10  1.2127e+00
  1.8478e+00  6.0619e+00  2.8000e-01  2.1320e+10  1.3910e+00
  1.8478e+00  6.0619e+00  3.0000e-01  2.1759e+10  1.5006e+00
  1.8478e+00  6.0619e+00  3.2000e-01  2.1664e+10  1.5426e+00
  1.8478e+00  6.0619e+00  3.4000e-01  1.3311e+10  1.5203e+00
  1.8478e+00  6.0619e+00  3.6000e-01  8.7349e+09  1.9411e+00
  1.8478e+00  6.0619e+00  3.8000e-01  3.2523e+09  1.9625e+00
  1.8478e+00  6.0619e+00  4.0000e-01  4.4267e+09  1.5566e+00
  1.8478e+00  6.0619e+00  4.2000e-01  2.3711e+10  1.4288e+00
  1.8478e+00  6.0619e+00  4.4000e-01  3.0511e+09  1.1793e+00
  1.8478e+00  6.0619e+00  4.6000e-01  3.9978e+07  9.5633e-01
  1.8478e+00  6.0619e+00  4.8000e-01  5.2288e+09  1.8591e+00
  1.8478e+00  6.0619e+00  5.0000e-01  3.0401e+10  3.9478e-01
  1.8478e+00  6.0619e+00  5.2000e-01  2.7379e+10  3.5703e-01
  1.8478e+00  6.0619e+00  5.4000e-01  2.7101e+10  3.5880e-01
  1.8478e+00  6.0619e+00  5.6000e-01  2.5745e+10  3.6472e-01
  1.8478e+00  6.0619e+00  5.8000e-01  2.2457e+10  3.7175e-01
  1.8478e+00  6.0619e+00  6.0000e-01  1.8156e+10  3.8332e-01
  1.8478e+00  7.4057e+00  1.0000e-02  1.6264e+10  1.2490e+00
  1.8478e+00  7.4057e+00  2.0000e-02  1.6093e+10  1.2509e+00
  1.8478e+00  7.4057e+00  4.0000e-02  1.5604e+10  1.2492e+00
  1.8478e+00  7.4057e+00  6.0000e-02  1.6295e+10  1.2586e+00
  1.8478e+00  7.4057e+00  8.0000e-02  1.6280e+10  1.2447e+00
  1.8478e+00  7.4057e+00  1.0000e-01  1.5415e+10  1.2441e+00
  1.8478e+00  7.4057e+00  1.2000e-01  1.5878e+10  1.2531e+00
  1.8478e+00  7.4057e+00  1.4000e-01  1.6526e+10  1.2521e+00
  1.8478e+00  7.4057e+00  1.6000e-01  1.6289e+10  1.2564e+00
  1.8478e+00  7.4057e+00  1.8000e-01  1.8104e+10  1.3193e+00
  1.8478e+00  7.4057e+00  2.0000e-01  2.3417e+10  1.3887e+00
  1.8478e+00  7.4057e+00  2.2000e-01  2.9282e+10  1.4385e+00
  1.8478e+00  7.4057e+00  2.4000e-01  3.4157e+10  1.4603e+00
  1.8478e+00  7.4057e+00  2.6000e-01  2.3660e+10  1.2909e+00
  1.8478e+00  7.4057e+00  2.8000e-01  2.1803e+10  1.4375e+00
  1.8478e+00  7.4057e+00  3.0000e-01  2.1453e+10  1.4924e+00
  1.8478e+00  7.4057e+00  3.2000e-01  2.1358e+10  1.5332e+00
  1.8478e+00  7.4057e+00  3.4000e-01  1.4149e+10  1.5271e+00
  1.8478e+00  7.4057e+00  3.6000e-01  9.7572e+09  1.9359e+00
  1.8478e+00  7.4057e+00  3.8000e-01  3.6182e+09  1.9871e+00
  1.8478e+00  7.4057e+00  4.0000e-01  4.0800e+09  1.5516e+00
  1.8478e+00  7.4057e+00  4.2000e-01  2.5417e+10  1.4418e+00
  1.8478e+00  7.4057e+00  4.4000e-01  1.8514e+09  1.1749e+00
  1.8478e+00  7.4057e+00  4.6000e-01  4.8993e+07  9.2903e-01
  1.8478e+00  7.4057e+00  4.8000e-01  4.3455e+09  1.8393e+00
  1.8478e+00  7.4057e+00  5.0000e-01  2.8739e+10  4.0716e-01
  1.8478e+00  7.4057e+00  5.2000e-01  2.4931e+10  3.5849e-01
  1.8478e+00  7.4057e+00  5.4000e-01  2.4806e+10  3.5972e-01
  1.8478e+00  7.4057e+00  5.6000e-01  2.4262e+10  3.6099e-01
  1.8478e+00  7.4057e+00  5.8000e-01  2.3138e+10  3.6598e-01
  1.8478e+00  7.4057e+00  6.0000e-01  2.0851e+10  3.7158e-01
  1.8478e+00  9.0474e+00  1.0000e-02  1.7053e+10  1.2757e+00
  1.8478e+00  9.0474e+00  2.0000e-02  1.6585e+10  1.2657e+00
  1.8478e+00  9.0474e+00  4.0000e-02  1.6544e+10  1.2597e+00
  1.8478e+00  9.0474e+00  6.0000e-02  1.6200e+10  1.2603e+00
  1.8478e+00  9.0474e+00  8.0000e-02  1.6608e+10  1.2621e+00
  1.8478e+00  9.0474e+00  1.0000e-01  1.6749e+10  1.2632e+00
  1.8478e+00  9.0474e+00  1.2000e-01  1.7668e+10  1.2646e+00
  1.8478e+00  9.0474e+00  1.4000e-01  1.8161e+10  1.2589e+00
  1.8478e+00  9.0474e+00  1.6000e-01  1.8381e+10  1.2795e+00
  1.8478e+00  9.0474e+00  1.8000e-01  2.0911e+10  1.3570e+00
  1.8478e+00  9.0474e+00  2.0000e-01  2.5536e+10  1.4238e+00
  1.8478e+00  9.0474e+00  2.2000e-01  2.9283e+10  1.4711e+00
  1.8478e+00  9.0474e+00  2.4000e-01  3.3172e+10  1.5733e+00
  1.8478e+00  9.0474e+00  2.6000e-01  2.5105e+10  1.3273e+00
  1.8478e+00  9.0474e+00  2.8000e-01  2.1919e+10  1.4394e+00
  1.8478e+00  9.0474e+00  3.0000e-01  2.0905e+10  1.4775e+00
  1.8478e+00  9.0474e+00  3.2000e-01  2.1259e+10  1.5280e+00
  1.8478e+00  9.0474e+00  3.4000e-01  1.5590e+10  1.5491e+00
  1.8478e+00  9.0474e+00  3.6000e-01  1.1200e+10  1.9243e+00
  1.8478e+00  9.0474e+00  3.8000e-01  4.1078e+09  2.0032e+00
  1.8478e+00  9.0474e+00  4.0000e-01  3.5399e+09  1.5634e+00
  1.8478e+00  9.0474e+00  4.2000e-01  2.7777e+10  1.4671e+00
  1.8478e+00  9.0474e+00  4.4000e-01  8.7907e+08  1.2069e+00
  1.8478e+00  9.0474e+00  4.6000e-01  5.3980e+07  9.5706e-01
  1.8478e+00  9.0474e+00  4.8000e-01  3.4440e+09  1.7989e+00
  1.8478e+00  9.0474e+00  5.0000e-01  2.6722e+10  4.2096e-01
  1.8478e+00  9.0474e+00  5.2000e-01  2.2187e+10  3.6310e-01
  1.8478e+00  9.0474e+00  5.4000e-01  2.1975e+10  3.6201e-01
  1.8478e+00  9.0474e+00  5.6000e-01  2.1616e+10  3.6286e-01
  1.8478e+00  9.0474e+00  5.8000e-01  2.1029e+10  3.6471e-01
  1.8478e+00  9.0474e+00  6.0000e-01  2.0149e+10  3.6725e-01
  1.8478e+00  1.1053e+01  1.0000e-02  1.6394e+10  1.2919e+00
  1.8478e+00  1.1053e+01  2.0000e-02  1.7199e+10  1.2889e+00
  1.8478e+00  1.1053e+01  4.0000e-02  1.7380e+10  1.2825e+00
  1.8478e+00  1.1053e+01  6.0000e-02  1.7495e+10  1.2789e+00
  1.8478e+00  1.1053e+01  8.0000e-02  1.7545e+10  1.2729e+00
  1.8478e+00  1.1053e+01  1.0000e-01  1.7683e+10  1.2717e+00
  1.8478e+00  1.1053e+01  1.2000e-01  1.8718e+10  1.2709e+00
  1.8478e+00  1.1053e+01  1.4000e-01  1.9374e+10  1.2680e+00
  1.8478e+00  1.1053e+01  1.6000e-01  2.0033e+10  1.2968e+00
  1.8478e+00  1.1053e+01  1.8000e-01  2.2541e+10  1.3736e+00
  1.8478e+00  1.1053e+01  2.0000e-01  2.6496e+10  1.4366e+00
  1.8478e+00  1.1053e+01  2.2000e-01  2.9234e+10  1.4788e+00
  1.8478e+00  1.1053e+01  2.4000e-01  3.2497e+10  1.5991e+00
  1.8478e+00  1.1053e+01  2.6000e-01  2.5548e+10  1.3186e+00
  1.8478e+00  1.1053e+01  2.8000e-01  2.1566e+10  1.4047e+00
  1.8478e+00  1.1053e+01  3.0000e-01  2.0275e+10  1.4539e+00
  1.8478e+00  1.1053e+01  3.2000e-01  2.1202e+10  1.5163e+00
  1.8478e+00  1.1053e+01  3.4000e-01  1.7831e+10  1.5839e+00
  1.8478e+00  1.1053e+01  3.6000e-01  1.3085e+10  1.9122e+00
  1.8478e+00  1.1053e+01  3.8000e-01  4.7158e+09  1.9970e+00
  1.8478e+00  1.1053e+01  4.0000e-01  2.8567e+09  1.6119e+00
  1.8478e+00  1.1053e+01  4.2000e-01  2.9598e+10  1.4968e+00
  1.8478e+00  1.1053e+01  4.4000e-01  5.0566e+08  1.2142e+00
  1.8478e+00  1.1053e+01  4.6000e-01  5.5473e+07  9.6894e-01
  1.8478e+00  1.1053e+01  4.8000e-01  2.5161e+09  1.7435e+00
  1.8478e+00  1.1053e+01  5.0000e-01  2.4462e+10  4.3788e-01
  1.8478e+00  1.1053e+01  5.2000e-01  1.9123e+10  3.6486e-01
  1.8478e+00  1.1053e+01  5.4000e-01  1.8639e+10  3.6491e-01
  1.8478e+00  1.1053e+01  5.6000e-01  1.8232e+10  3.6707e-01
  1.8478e+00  1.1053e+01  5.8000e-01  1.7763e+10  3.6637e-01
  1.8478e+00  1.1053e+01  6.0000e-01  1.7210e+10  3.6793e-01
  1.8478e+00  1.3503e+01  1.0000e-02  1.4096e+10  1.2517e+00
  1.8478e+00  1.3503e+01  2.0000e-02  1.4956e+10  1.2735e+00
  1.8478e+00  1.3503e+01  4.0000e-02  1.6441e+10  1.2872e+00
  1.8478e+00  1.3503e+01  6.0000e-02  1.7067e+10  1.2858e+00
  1.8478e+00  1.3503e+01  8.0000e-02  1.7220e+10  1.2786e+00
  1.8478e+00  1.3503e+01  1.0000e-01  1.7388e+10  1.2765e+00
  1.8478e+00  1.3503e+01  1.2000e-01  1.8559e+10  1.2762e+00
  1.8478e+00  1.3503e+01  1.4000e-01  1.9397e+10  1.2712e+00
  1.8478e+00  1.3503e+01  1.6000e-01  2.0154e+10  1.2909e+00
  1.8478e+00  1.3503e+01  1.8000e-01  2.2421e+10  1.3591e+00
  1.8478e+00  1.3503e+01  2.0000e-01  2.6139e+10  1.4226e+00
  1.8478e+00  1.3503e+01  2.2000e-01  2.9148e+10  1.4588e+00
  1.8478e+00  1.3503e+01  2.4000e-01  3.3054e+10  1.5902e+00
  1.8478e+00  1.3503e+01  2.6000e-01  2.4896e+10  1.2654e+00
  1.8478e+00  1.3503e+01  2.8000e-01  2.0685e+10  1.3413e+00
  1.8478e+00  1.3503e+01  3.0000e-01  1.9566e+10  1.4263e+00
  1.8478e+00  1.3503e+01  3.2000e-01  2.1084e+10  1.4990e+00
  1.8478e+00  1.3503e+01  3.4000e-01  2.0409e+10  1.6280e+00
  1.8478e+00  1.3503e+01  3.6000e-01  1.5184e+10  1.9189e+00
  1.8478e+00  1.3503e+01  3.8000e-01  5.4597e+09  1.9844e+00
  1.8478e+00  1.3503e+01  4.0000e-01  2.1506e+09  1.7377e+00
  1.8478e+00  1.3503e+01  4.2000e-01  2.6152e+10  1.5109e+00
  1.8478e+00  1.3503e+01  4.4000e-01  3.2190e+08  1.1897e+00
  1.8478e+00  1.3503e+01  4.6000e-01  5.3940e+07  9.7378e-01
  1.8478e+00  1.3503e+01  4.8000e-01  1.6270e+09  1.6734e+00
  1.8478e+00  1.3503e+01  5.0000e-01  2.1820e+10  4.5657e-01
  1.8478e+00  1.3503e+01  5.2000e-01  1.5861e+10  3.7014e-01
  1.8478e+00  1.3503e+01  5.4000e-01  1.4993e+10  3.7136e-01
  1.8478e+00  1.3503e+01  5.6000e-01  1.4387e+10  3.7149e-01
  1.8478e+00  1.3503e+01  5.8000e-01  1.3885e+10  3.7305e-01
  1.8478e+00  1.3503e+01  6.0000e-01  1.3398e+10  3.7676e-01
  1.8478e+00  1.6496e+01  1.0000e-02  1.6585e+10  1.2455e+00
  1.8478e+00  1.6496e+01  2.0000e-02  1.4045e+10  1.2440e+00
  1.8478e+00  1.6496e+01  4.0000e-02  1.4615e+10  1.2624e+00
  1.8478e+00  1.6496e+01  6.0000e-02  1.5885e+10  1.2798e+00
  1.8478e+00  1.6496e+01  8.0000e-02  1.6610e+10  1.2803e+00
  1.8478e+00  1.6496e+01  1.0000e-01  1.6721e+10  1.2794e+00
  1.8478e+00  1.6496e+01  1.2000e-01  1.7999e+10  1.2799e+00
  1.8478e+00  1.6496e+01  1.4000e-01  1.8675e+10  1.2691e+00
  1.8478e+00  1.6496e+01  1.6000e-01  1.8852e+10  1.2698e+00
  1.8478e+00  1.6496e+01  1.8000e-01  2.0510e+10  1.3164e+00
  1.8478e+00  1.6496e+01  2.0000e-01  2.4188e+10  1.3823e+00
  1.8478e+00  1.6496e+01  2.2000e-01  2.8414e+10  1.4167e+00
  1.8478e+00  1.6496e+01  2.4000e-01  3.4362e+10  1.5686e+00
  1.8478e+00  1.6496e+01  2.6000e-01  2.2875e+10  1.1774e+00
  1.8478e+00  1.6496e+01  2.8000e-01  1.8986e+10  1.2544e+00
  1.8478e+00  1.6496e+01  3.0000e-01  1.8254e+10  1.3936e+00
  1.8478e+00  1.6496e+01  3.2000e-01  2.0703e+10  1.5001e+00
  1.8478e+00  1.6496e+01  3.4000e-01  2.2653e+10  1.6586e+00
  1.8478e+00  1.6496e+01  3.6000e-01  1.8367e+10  1.9267e+00
  1.8478e+00  1.6496e+01  3.8000e-01  6.5674e+09  1.9713e+00
  1.8478e+00  1.6496e+01  4.0000e-01  1.5070e+09  2.0397e+00
  1.8478e+00  1.6496e+01  4.2000e-01  1.5190e+10  1.4576e+00
  1.8478e+00  1.6496e+01  4.4000e-01  2.1980e+08  1.2062e+00
  1.8478e+00  1.6496e+01  4.6000e-01  4.9104e+07  9.7433e-01
  1.8478e+00  1.6496e+01  4.8000e-01  7.6292e+08  1.5334e+00
  1.8478e+00  1.6496e+01  5.0000e-01  1.9004e+10  4.8033e-01
  1.8478e+00  1.6496e+01  5.2000e-01  1.2410e+10  3.7926e-01
  1.8478e+00  1.6496e+01  5.4000e-01  1.1153e+10  3.7938e-01
  1.8478e+00  1.6496e+01  5.6000e-01  1.0336e+10  3.7960e-01
  1.8478e+00  1.6496e+01  5.8000e-01  9.7262e+09  3.8266e-01
  1.8478e+00  1.6496e+01  6.0000e-01  9.1619e+09  3.8606e-01
  1.8478e+00  2.0153e+01  1.0000e-02  1.5951e+10  1.3278e+00
  1.8478e+00  2.0153e+01  2.0000e-02  1.7752e+10  1.2413e+00
  1.8478e+00  2.0153e+01  4.0000e-02  1.3852e+10  1.2400e+00
  1.8478e+00  2.0153e+01  6.0000e-02  1.4353e+10  1.2553e+00
  1.8478e+00  2.0153e+01  8.0000e-02  1.5671e+10  1.2714e+00
  1.8478e+00  2.0153e+01  1.0000e-01  1.5783e+10  1.2750e+00
  1.8478e+00  2.0153e+01  1.2000e-01  1.7025e+10  1.2826e+00
  1.8478e+00  2.0153e+01  1.4000e-01  1.7941e+10  1.2728e+00
  1.8478e+00  2.0153e+01  1.6000e-01  1.6854e+10  1.2466e+00
  1.8478e+00  2.0153e+01  1.8000e-01  1.7000e+10  1.2551e+00
  1.8478e+00  2.0153e+01  2.0000e-01  2.0173e+10  1.3045e+00
  1.8478e+00  2.0153e+01  2.2000e-01  2.5706e+10  1.3354e+00
  1.8478e+00  2.0153e+01  2.4000e-01  3.5076e+10  1.5360e+00
  1.8478e+00  2.0153e+01  2.6000e-01  1.9022e+10  1.0561e+00
  1.8478e+00  2.0153e+01  2.8000e-01  1.5756e+10  1.1522e+00
  1.8478e+00  2.0153e+01  3.0000e-01  1.5679e+10  1.3450e+00
  1.8478e+00  2.0153e+01  3.2000e-01  2.0100e+10  1.4896e+00
  1.8478e+00  2.0153e+01  3.4000e-01  2.5626e+10  1.6222e+00
  1.8478e+00  2.0153e+01  3.6000e-01  2.8467e+10  1.8952e+00
  1.8478e+00  2.0153e+01  3.8000e-01  1.3668e+10  1.7562e+00
  1.8478e+00  2.0153e+01  4.0000e-01  1.8162e+09  2.0914e+00
  1.8478e+00  2.0153e+01  4.2000e-01  5.1246e+09  1.3534e+00
  1.8478e+00  2.0153e+01  4.4000e-01  1.6075e+08  1.1982e+00
  1.8478e+00  2.0153e+01  4.6000e-01  4.3189e+07  9.9915e-01
  1.8478e+00  2.0153e+01  4.8000e-01  2.1316e+08  1.1729e+00
  1.8478e+00  2.0153e+01  5.0000e-01  1.5980e+10  5.0865e-01
  1.8478e+00  2.0153e+01  5.2000e-01  8.9744e+09  3.8709e-01
  1.8478e+00  2.0153e+01  5.4000e-01  7.5938e+09  3.9030e-01
  1.8478e+00  2.0153e+01  5.6000e-01  6.8927e+09  3.9536e-01
  1.8478e+00  2.0153e+01  5.8000e-01  6.3170e+09  3.9984e-01
  1.8478e+00  2.0153e+01  6.0000e-01  5.7639e+09  3.9948e-01
  1.8478e+00  2.4621e+01  1.0000e-02  1.2373e+10  1.5463e+00
  1.8478e+00  2.4621e+01  2.0000e-02  1.6210e+10  1.3008e+00
  1.8478e+00  2.4621e+01  4.0000e-02  1.6240e+10  1.2427e+00
  1.8478e+00  2.4621e+01  6.0000e-02  1.3549e+10  1.2355e+00
  1.8478e+00  2.4621e+01  8.0000e-02  1.4504e+10  1.2514e+00
  1.8478e+00  2.4621e+01  1.0000e-01  1.4976e+10  1.2627e+00
  1.8478e+00  2.4621e+01  1.2000e-01  1.5577e+10  1.2728e+00
  1.8478e+00  2.4621e+01  1.4000e-01  1.7069e+10  1.2799e+00
  1.8478e+00  2.4621e+01  1.6000e-01  1.7416e+10  1.2689e+00
  1.8478e+00  2.4621e+01  1.8000e-01  1.6278e+10  1.2466e+00
  1.8478e+00  2.4621e+01  2.0000e-01  1.6082e+10  1.2445e+00
  1.8478e+00  2.4621e+01  2.2000e-01  1.8687e+10  1.2793e+00
  1.8478e+00  2.4621e+01  2.4000e-01  2.3784e+10  1.3050e+00
  1.8478e+00  2.4621e+01  2.6000e-01  3.1466e+10  1.3944e+00
  1.8478e+00  2.4621e+01  2.8000e-01  1.4270e+10  9.1930e-01
  1.8478e+00  2.4621e+01  3.0000e-01  1.2178e+10  1.0544e+00
  1.8478e+00  2.4621e+01  3.2000e-01  1.1792e+10  1.2073e+00
  1.8478e+00  2.4621e+01  3.4000e-01  1.2659e+10  1.2930e+00
  1.8478e+00  2.4621e+01  3.6000e-01  1.9580e+10  1.5040e+00
  1.8478e+00  2.4621e+01  3.8000e-01  1.6039e+10  1.5409e+00
  1.8478e+00  2.4621e+01  4.0000e-01  1.0772e+10  1.7473e+00
  1.8478e+00  2.4621e+01  4.2000e-01  4.7146e+09  1.8351e+00
  1.8478e+00  2.4621e+01  4.4000e-01  1.2746e+08  1.1753e+00
  1.8478e+00  2.4621e+01  4.6000e-01  3.6074e+07  1.0022e+00
  1.8478e+00  2.4621e+01  4.8000e-01  1.0268e+08  9.5759e-01
  1.8478e+00  2.4621e+01  5.0000e-01  1.2823e+10  5.3896e-01
  1.8478e+00  2.4621e+01  5.2000e-01  6.0378e+09  4.0323e-01
  1.8478e+00  2.4621e+01  5.4000e-01  4.8262e+09  4.0358e-01
  1.8478e+00  2.4621e+01  5.6000e-01  4.2072e+09  4.0096e-01
  1.8478e+00  2.4621e+01  5.8000e-01  3.7740e+09  4.0371e-01
  1.8478e+00  2.4621e+01  6.0000e-01  3.3617e+09  4.0310e-01
  1.8478e+00  3.0079e+01  1.0000e-02  5.9934e+09  1.5837e+00
  1.8478e+00  3.0079e+01  2.0000e-02  1.3334e+10  1.4683e+00
  1.8478e+00  3.0079e+01  4.0000e-02  1.8628e+10  1.2988e+00
  1.8478e+00  3.0079e+01  6.0000e-02  1.5731e+10  1.2439e+00
  1.8478e+00  3.0079e+01  8.0000e-02  1.3664e+10  1.2350e+00
  1.8478e+00  3.0079e+01  1.0000e-01  1.4025e+10  1.2449e+00
  1.8478e+00  3.0079e+01  1.2000e-01  1.4484e+10  1.2581e+00
  1.8478e+00  3.0079e+01  1.4000e-01  1.5923e+10  1.2720e+00
  1.8478e+00  3.0079e+01  1.6000e-01  1.6895e+10  1.2724e+00
  1.8478e+00  3.0079e+01  1.8000e-01  1.6266e+10  1.2588e+00
  1.8478e+00  3.0079e+01  2.0000e-01  1.5271e+10  1.2434e+00
  1.8478e+00  3.0079e+01  2.2000e-01  1.5908e+10  1.2515e+00
  1.8478e+00  3.0079e+01  2.4000e-01  1.8963e+10  1.2856e+00
  1.8478e+00  3.0079e+01  2.6000e-01  2.3946e+10  1.3009e+00
  1.8478e+00  3.0079e+01  2.8000e-01  3.0956e+10  1.3929e+00
  1.8478e+00  3.0079e+01  3.0000e-01  1.5459e+10  9.5473e-01
  1.8478e+00  3.0079e+01  3.2000e-01  1.1316e+10  1.0198e+00
  1.8478e+00  3.0079e+01  3.4000e-01  1.0465e+10  1.1623e+00
  1.8478e+00  3.0079e+01  3.6000e-01  1.0357e+10  1.2285e+00
  1.8478e+00  3.0079e+01  3.8000e-01  1.2171e+10  1.3509e+00
  1.8478e+00  3.0079e+01  4.0000e-01  2.0916e+10  2.0104e+00
  1.8478e+00  3.0079e+01  4.2000e-01  1.9952e+10  2.0692e+00
  1.8478e+00  3.0079e+01  4.4000e-01  1.2612e+08  1.1222e+00
  1.8478e+00  3.0079e+01  4.6000e-01  2.8498e+07  9.9815e-01
  1.8478e+00  3.0079e+01  4.8000e-01  6.5534e+07  8.6804e-01
  1.8478e+00  3.0079e+01  5.0000e-01  9.6923e+09  5.7887e-01
  1.8478e+00  3.0079e+01  5.2000e-01  3.7142e+09  4.0982e-01
  1.8478e+00  3.0079e+01  5.4000e-01  2.8561e+09  4.0287e-01
  1.8478e+00  3.0079e+01  5.6000e-01  2.4428e+09  3.9831e-01
  1.8478e+00  3.0079e+01  5.8000e-01  2.1594e+09  4.0064e-01
  1.8478e+00  3.0079e+01  6.0000e-01  1.9110e+09  4.0196e-01
  1.8478e+00  3.6747e+01  1.0000e-02  2.5318e+09  1.5818e+00
  1.8478e+00  3.6747e+01  2.0000e-02  8.6673e+09  1.5328e+00
  1.8478e+00  3.6747e+01  4.0000e-02  1.3683e+10  1.3382e+00
  1.8478e+00  3.6747e+01  6.0000e-02  1.8385e+10  1.2976e+00
  1.8478e+00  3.6747e+01  8.0000e-02  1.5970e+10  1.2408e+00
  1.8478e+00  3.6747e+01  1.0000e-01  1.3542e+10  1.2313e+00
  1.8478e+00  3.6747e+01  1.2000e-01  1.3307e+10  1.2381e+00
  1.8478e+00  3.6747e+01  1.4000e-01  1.4503e+10  1.2566e+00
  1.8478e+00  3.6747e+01  1.6000e-01  1.5930e+10  1.2661e+00
  1.8478e+00  3.6747e+01  1.8000e-01  1.5873e+10  1.2620e+00
  1.8478e+00  3.6747e+01  2.0000e-01  1.4735e+10  1.2508e+00
  1.8478e+00  3.6747e+01  2.2000e-01  1.4443e+10  1.2465e+00
  1.8478e+00  3.6747e+01  2.4000e-01  1.6366e+10  1.2674e+00
  1.8478e+00  3.6747e+01  2.6000e-01  2.0462e+10  1.2919e+00
  1.8478e+00  3.6747e+01  2.8000e-01  2.5789e+10  1.2990e+00
  1.8478e+00  3.6747e+01  3.0000e-01  3.5146e+10  1.4814e+00
  1.8478e+00  3.6747e+01  3.2000e-01  1.2090e+10  9.4534e-01
  1.8478e+00  3.6747e+01  3.4000e-01  1.1374e+10  1.1047e+00
  1.8478e+00  3.6747e+01  3.6000e-01  9.2531e+09  1.2160e+00
  1.8478e+00  3.6747e+01  3.8000e-01  1.1208e+10  1.2835e+00
  1.8478e+00  3.6747e+01  4.0000e-01  1.8383e+10  1.8125e+00
  1.8478e+00  3.6747e+01  4.2000e-01  6.1075e+09  1.6072e+00
  1.8478e+00  3.6747e+01  4.4000e-01  6.8910e+08  1.0246e+00
  1.8478e+00  3.6747e+01  4.6000e-01  2.0411e+07  9.4542e-01
  1.8478e+00  3.6747e+01  4.8000e-01  4.6904e+07  8.9093e-01
  1.8478e+00  3.6747e+01  5.0000e-01  6.6943e+09  6.3721e-01
  1.8478e+00  3.6747e+01  5.2000e-01  2.2102e+09  4.1405e-01
  1.8478e+00  3.6747e+01  5.4000e-01  1.6610e+09  4.0119e-01
  1.8478e+00  3.6747e+01  5.6000e-01  1.4053e+09  3.9580e-01
  1.8478e+00  3.6747e+01  5.8000e-01  1.2304e+09  3.9793e-01
  1.8478e+00  3.6747e+01  6.0000e-01  1.0698e+09  3.9725e-01
  1.8478e+00  4.4893e+01  1.0000e-02  1.0887e+09  1.5851e+00
  1.8478e+00  4.4893e+01  2.0000e-02  4.1783e+09  1.5355e+00
  1.8478e+00  4.4893e+01  4.0000e-02  1.1696e+10  1.4436e+00
  1.8478e+00  4.4893e+01  6.0000e-02  1.3648e+10  1.2982e+00
  1.8478e+00  4.4893e+01  8.0000e-02  1.7168e+10  1.2933e+00
  1.8478e+00  4.4893e+01  1.0000e-01  1.6841e+10  1.2501e+00
  1.8478e+00  4.4893e+01  1.2000e-01  1.3197e+10  1.2292e+00
  1.8478e+00  4.4893e+01  1.4000e-01  1.2911e+10  1.2331e+00
  1.8478e+00  4.4893e+01  1.6000e-01  1.4404e+10  1.2511e+00
  1.8478e+00  4.4893e+01  1.8000e-01  1.5176e+10  1.2568e+00
  1.8478e+00  4.4893e+01  2.0000e-01  1.4280e+10  1.2531e+00
  1.8478e+00  4.4893e+01  2.2000e-01  1.3271e+10  1.2470e+00
  1.8478e+00  4.4893e+01  2.4000e-01  1.3993e+10  1.2563e+00
  1.8478e+00  4.4893e+01  2.6000e-01  1.7007e+10  1.2795e+00
  1.8478e+00  4.4893e+01  2.8000e-01  2.1813e+10  1.2917e+00
  1.8478e+00  4.4893e+01  3.0000e-01  2.7536e+10  1.3461e+00
  1.8478e+00  4.4893e+01  3.2000e-01  1.6234e+10  9.9062e-01
  1.8478e+00  4.4893e+01  3.4000e-01  1.0724e+10  1.0278e+00
  1.8478e+00  4.4893e+01  3.6000e-01  9.0910e+09  1.1440e+00
  1.8478e+00  4.4893e+01  3.8000e-01  9.7177e+09  1.2340e+00
  1.8478e+00  4.4893e+01  4.0000e-01  7.8074e+09  1.3539e+00
  1.8478e+00  4.4893e+01  4.2000e-01  1.4886e+10  1.9395e+00
  1.8478e+00  4.4893e+01  4.4000e-01  1.7068e+10  1.9885e+00
  1.8478e+00  4.4893e+01  4.6000e-01  1.8930e+07  8.9200e-01
  1.8478e+00  4.4893e+01  4.8000e-01  2.8458e+07  9.0902e-01
  1.8478e+00  4.4893e+01  5.0000e-01  3.9106e+09  7.1902e-01
  1.8478e+00  4.4893e+01  5.2000e-01  1.2962e+09  4.1756e-01
  1.8478e+00  4.4893e+01  5.4000e-01  9.8173e+08  4.0611e-01
  1.8478e+00  4.4893e+01  5.6000e-01  8.2403e+08  3.9993e-01
  1.8478e+00  4.4893e+01  5.8000e-01  7.0138e+08  3.9364e-01
  1.8478e+00  4.4893e+01  6.0000e-01  6.0539e+08  3.9333e-01
  1.8478e+00  5.4844e+01  1.0000e-02  4.8248e+08  1.6198e+00
  1.8478e+00  5.4844e+01  2.0000e-02  1.9186e+09  1.5263e+00
  1.8478e+00  5.4844e+01  4.0000e-02  7.5769e+09  1.4847e+00
  1.8478e+00  5.4844e+01  6.0000e-02  1.1558e+10  1.3984e+00
  1.8478e+00  5.4844e+01  8.0000e-02  1.2997e+10  1.2934e+00
  1.8478e+00  5.4844e+01  1.0000e-01  1.5705e+10  1.2678e+00
  1.8478e+00  5.4844e+01  1.2000e-01  1.7223e+10  1.2952e+00
  1.8478e+00  5.4844e+01  1.4000e-01  1.3580e+10  1.2324e+00
  1.8478e+00  5.4844e+01  1.6000e-01  1.2728e+10  1.2258e+00
  1.8478e+00  5.4844e+01  1.8000e-01  1.3780e+10  1.2440e+00
  1.8478e+00  5.4844e+01  2.0000e-01  1.3815e+10  1.2453e+00
  1.8478e+00  5.4844e+01  2.2000e-01  1.2589e+10  1.2450e+00
  1.8478e+00  5.4844e+01  2.4000e-01  1.2010e+10  1.2483e+00
  1.8478e+00  5.4844e+01  2.6000e-01  1.3507e+10  1.2646e+00
  1.8478e+00  5.4844e+01  2.8000e-01  1.7152e+10  1.2832e+00
  1.8478e+00  5.4844e+01  3.0000e-01  2.2065e+10  1.2916e+00
  1.8478e+00  5.4844e+01  3.2000e-01  2.9669e+10  1.5438e+00
  1.8478e+00  5.4844e+01  3.4000e-01  1.1826e+10  9.4356e-01
  1.8478e+00  5.4844e+01  3.6000e-01  1.0159e+10  1.0905e+00
  1.8478e+00  5.4844e+01  3.8000e-01  7.9573e+09  1.1816e+00
  1.8478e+00  5.4844e+01  4.0000e-01  8.2448e+09  1.2438e+00
  1.8478e+00  5.4844e+01  4.2000e-01  1.2657e+10  1.6869e+00
  1.8478e+00  5.4844e+01  4.4000e-01  5.8816e+09  1.6664e+00
  1.8478e+00  5.4844e+01  4.6000e-01  5.6601e+09  1.6659e+00
  1.8478e+00  5.4844e+01  4.8000e-01  1.4498e+07  8.7735e-01
  1.8478e+00  5.4844e+01  5.0000e-01  1.8690e+09  8.3463e-01
  1.8478e+00  5.4844e+01  5.2000e-01  7.6675e+08  4.2733e-01
  1.8478e+00  5.4844e+01  5.4000e-01  5.7959e+08  4.1072e-01
  1.8478e+00  5.4844e+01  5.6000e-01  4.8141e+08  4.0100e-01
  1.8478e+00  5.4844e+01  5.8000e-01  4.0918e+08  3.9473e-01
  1.8478e+00  5.4844e+01  6.0000e-01  3.5360e+08  3.9486e-01
  1.8478e+00  6.7002e+01  1.0000e-02  2.5602e+08  1.7032e+00
  1.8478e+00  6.7002e+01  2.0000e-02  9.1345e+08  1.5361e+00
  1.8478e+00  6.7002e+01  4.0000e-02  3.8721e+09  1.4806e+00
  1.8478e+00  6.7002e+01  6.0000e-02  8.1302e+09  1.4487e+00
  1.8478e+00  6.7002e+01  8.0000e-02  1.0703e+10  1.3816e+00
  1.8478e+00  6.7002e+01  1.0000e-01  1.2024e+10  1.3021e+00
  1.8478e+00  6.7002e+01  1.2000e-01  1.3828e+10  1.2592e+00
  1.8478e+00  6.7002e+01  1.4000e-01  1.5150e+10  1.2827e+00
  1.8478e+00  6.7002e+01  1.6000e-01  1.4901e+10  1.2764e+00
  1.8478e+00  6.7002e+01  1.8000e-01  1.3117e+10  1.2252e+00
  1.8478e+00  6.7002e+01  2.0000e-01  1.2952e+10  1.2363e+00
  1.8478e+00  6.7002e+01  2.2000e-01  1.2281e+10  1.2370e+00
  1.8478e+00  6.7002e+01  2.4000e-01  1.0984e+10  1.2346e+00
  1.8478e+00  6.7002e+01  2.6000e-01  1.0604e+10  1.2464e+00
  1.8478e+00  6.7002e+01  2.8000e-01  1.2246e+10  1.2658e+00
  1.8478e+00  6.7002e+01  3.0000e-01  1.5899e+10  1.2815e+00
  1.8478e+00  6.7002e+01  3.2000e-01  2.0472e+10  1.2899e+00
  1.8478e+00  6.7002e+01  3.4000e-01  2.7956e+10  1.5740e+00
  1.8478e+00  6.7002e+01  3.6000e-01  1.0106e+10  9.5519e-01
  1.8478e+00  6.7002e+01  3.8000e-01  8.8434e+09  1.1075e+00
  1.8478e+00  6.7002e+01  4.0000e-01  6.9473e+09  1.2404e+00
  1.8478e+00  6.7002e+01  4.2000e-01  7.4030e+09  1.2894e+00
  1.8478e+00  6.7002e+01  4.4000e-01  1.0934e+10  1.7617e+00
  1.8478e+00  6.7002e+01  4.6000e-01  4.5522e+09  1.5801e+00
  1.8478e+00  6.7002e+01  4.8000e-01  1.8663e+08  6.6007e-01
  1.8478e+00  6.7002e+01  5.0000e-01  7.7391e+08  9.9157e-01
  1.8478e+00  6.7002e+01  5.2000e-01  4.5157e+08  4.3064e-01
  1.8478e+00  6.7002e+01  5.4000e-01  3.4997e+08  4.1459e-01
  1.8478e+00  6.7002e+01  5.6000e-01  2.8710e+08  3.9862e-01
  1.8478e+00  6.7002e+01  5.8000e-01  2.4304e+08  3.9151e-01
  1.8478e+00  6.7002e+01  6.0000e-01  2.2164e+08  4.1438e-01
  1.8478e+00  8.1855e+01  1.0000e-02  1.6935e+08  1.8144e+00
  1.8478e+00  8.1855e+01  2.0000e-02  4.6426e+08  1.5813e+00
  1.8478e+00  8.1855e+01  4.0000e-02  1.8628e+09  1.4667e+00
  1.8478e+00  8.1855e+01  6.0000e-02  4.4842e+09  1.4517e+00
  1.8478e+00  8.1855e+01  8.0000e-02  7.3954e+09  1.4275e+00
  1.8478e+00  8.1855e+01  1.0000e-01  9.4778e+09  1.3791e+00
  1.8478e+00  8.1855e+01  1.2000e-01  1.0729e+10  1.3201e+00
  1.8478e+00  8.1855e+01  1.4000e-01  1.1553e+10  1.2687e+00
  1.8478e+00  8.1855e+01  1.6000e-01  1.2943e+10  1.2551e+00
  1.8478e+00  8.1855e+01  1.8000e-01  1.3832e+10  1.2829e+00
  1.8478e+00  8.1855e+01  2.0000e-01  1.4184e+10  1.2819e+00
  1.8478e+00  8.1855e+01  2.2000e-01  1.3349e+10  1.2547e+00
  1.8478e+00  8.1855e+01  2.4000e-01  1.1516e+10  1.2392e+00
  1.8478e+00  8.1855e+01  2.6000e-01  9.5770e+09  1.2192e+00
  1.8478e+00  8.1855e+01  2.8000e-01  8.8819e+09  1.2314e+00
  1.8478e+00  8.1855e+01  3.0000e-01  9.9153e+09  1.2566e+00
  1.8478e+00  8.1855e+01  3.2000e-01  1.2680e+10  1.2778e+00
  1.8478e+00  8.1855e+01  3.4000e-01  1.6580e+10  1.2856e+00
  1.8478e+00  8.1855e+01  3.6000e-01  2.1620e+10  1.4654e+00
  1.8478e+00  8.1855e+01  3.8000e-01  9.8846e+09  9.7580e-01
  1.8478e+00  8.1855e+01  4.0000e-01  7.3528e+09  1.0962e+00
  1.8478e+00  8.1855e+01  4.2000e-01  5.7591e+09  1.2168e+00
  1.8478e+00  8.1855e+01  4.4000e-01  4.5802e+09  1.2431e+00
  1.8478e+00  8.1855e+01  4.6000e-01  7.5438e+09  1.6892e+00
  1.8478e+00  8.1855e+01  4.8000e-01  4.3058e+09  1.6735e+00
  1.8478e+00  8.1855e+01  5.0000e-01  4.1686e+08  1.2587e+00
  1.8478e+00  8.1855e+01  5.2000e-01  2.8014e+08  4.4638e-01
  1.8478e+00  8.1855e+01  5.4000e-01  2.1849e+08  4.2912e-01
  1.8478e+00  8.1855e+01  5.6000e-01  1.9106e+08  4.3875e-01
  1.8478e+00  8.1855e+01  5.8000e-01  1.5805e+08  4.2384e-01
  1.8478e+00  8.1855e+01  6.0000e-01  1.3975e+08  4.3232e-01
  1.8478e+00  1.0000e+02  1.0000e-02  1.2197e+08  1.8947e+00
  1.8478e+00  1.0000e+02  2.0000e-02  2.6529e+08  1.6684e+00
  1.8478e+00  1.0000e+02  4.0000e-02  9.2509e+08  1.4809e+00
  1.8478e+00  1.0000e+02  6.0000e-02  2.2161e+09  1.4343e+00
  1.8478e+00  1.0000e+02  8.0000e-02  4.1215e+09  1.4260e+00
  1.8478e+00  1.0000e+02  1.0000e-01  6.1609e+09  1.4099e+00
  1.8478e+00  1.0000e+02  1.2000e-01  7.8437e+09  1.3789e+00
  1.8478e+00  1.0000e+02  1.4000e-01  8.9680e+09  1.3383e+00
  1.8478e+00  1.0000e+02  1.6000e-01  9.6011e+09  1.2961e+00
  1.8478e+00  1.0000e+02  1.8000e-01  1.0129e+10  1.2519e+00
  1.8478e+00  1.0000e+02  2.0000e-01  1.1221e+10  1.2440e+00
  1.8478e+00  1.0000e+02  2.2000e-01  1.2118e+10  1.2571e+00
  1.8478e+00  1.0000e+02  2.4000e-01  1.2506e+10  1.2758e+00
  1.8478e+00  1.0000e+02  2.6000e-01  1.2584e+10  1.3038e+00
  1.8478e+00  1.0000e+02  2.8000e-01  1.0213e+10  1.2838e+00
  1.8478e+00  1.0000e+02  3.0000e-01  7.4607e+09  1.2044e+00
  1.8478e+00  1.0000e+02  3.2000e-01  7.1403e+09  1.2153e+00
  1.8478e+00  1.0000e+02  3.4000e-01  8.3358e+09  1.2490e+00
  1.8478e+00  1.0000e+02  3.6000e-01  1.0750e+10  1.2694e+00
  1.8478e+00  1.0000e+02  3.8000e-01  1.3715e+10  1.2822e+00
  1.8478e+00  1.0000e+02  4.0000e-01  1.7966e+10  1.5270e+00
  1.8478e+00  1.0000e+02  4.2000e-01  5.9627e+09  9.9801e-01
  1.8478e+00  1.0000e+02  4.4000e-01  4.5692e+09  1.1770e+00
  1.8478e+00  1.0000e+02  4.6000e-01  3.0935e+09  1.3050e+00
  1.8478e+00  1.0000e+02  4.8000e-01  1.8080e+09  1.4494e+00
  1.8478e+00  1.0000e+02  5.0000e-01  4.0169e+08  1.5630e+00
  1.8478e+00  1.0000e+02  5.2000e-01  1.7278e+08  4.5647e-01
  1.8478e+00  1.0000e+02  5.4000e-01  1.4252e+08  4.5971e-01
  1.8478e+00  1.0000e+02  5.6000e-01  1.2172e+08  4.5704e-01
  1.8478e+00  1.0000e+02  5.8000e-01  9.8211e+07  4.3507e-01
  1.8478e+00  1.0000e+02  6.0000e-01  8.7774e+07  4.5265e-01
  1.8478e+00  1.5000e+02  1.0000e-02  8.3593e+07  2.0248e+00
  1.8478e+00  1.5000e+02  2.0000e-02  1.3028e+08  1.8651e+00
  1.8478e+00  1.5000e+02  4.0000e-02  2.9804e+08  1.6074e+00
  1.8478e+00  1.5000e+02  6.0000e-02  6.0421e+08  1.4716e+00
  1.8478e+00  1.5000e+02  8.0000e-02  1.0644e+09  1.4178e+00
  1.8478e+00  1.5000e+02  1.0000e-01  1.7154e+09  1.3897e+00
  1.8478e+00  1.5000e+02  1.2000e-01  2.4956e+09  1.3859e+00
  1.8478e+00  1.5000e+02  1.4000e-01  3.3467e+09  1.3724e+00
  1.8478e+00  1.5000e+02  1.6000e-01  4.1230e+09  1.3627e+00
  1.8478e+00  1.5000e+02  1.8000e-01  4.7987e+09  1.3421e+00
  1.8478e+00  1.5000e+02  2.0000e-01  5.2826e+09  1.3246e+00
  1.8478e+00  1.5000e+02  2.2000e-01  5.6529e+09  1.2987e+00
  1.8478e+00  1.5000e+02  2.4000e-01  5.9345e+09  1.2768e+00
  1.8478e+00  1.5000e+02  2.6000e-01  6.1976e+09  1.2575e+00
  1.8478e+00  1.5000e+02  2.8000e-01  6.4193e+09  1.2388e+00
  1.8478e+00  1.5000e+02  3.0000e-01  6.6213e+09  1.2253e+00
  1.8478e+00  1.5000e+02  3.2000e-01  6.6716e+09  1.2169e+00
  1.8478e+00  1.5000e+02  3.4000e-01  6.4766e+09  1.2236e+00
  1.8478e+00  1.5000e+02  3.6000e-01  6.1359e+09  1.2342e+00
  1.8478e+00  1.5000e+02  3.8000e-01  5.6031e+09  1.2650e+00
  1.8478e+00  1.5000e+02  4.0000e-01  4.7267e+09  1.2887e+00
  1.8478e+00  1.5000e+02  4.2000e-01  3.7846e+09  1.2809e+00
  1.8478e+00  1.5000e+02  4.4000e-01  3.2634e+09  1.2401e+00
  1.8478e+00  1.5000e+02  4.6000e-01  3.2117e+09  1.2362e+00
  1.8478e+00  1.5000e+02  4.8000e-01  2.6579e+09  1.2063e+00
  1.8478e+00  1.5000e+02  5.0000e-01  1.5154e+08  1.5969e+00
  1.8478e+00  1.5000e+02  5.2000e-01  2.9675e+07  8.3125e-01
  1.8478e+00  1.5000e+02  5.4000e-01  2.5654e+07  5.8196e-01
  1.8478e+00  1.5000e+02  5.6000e-01  2.5333e+07  5.4008e-01
  1.8478e+00  1.5000e+02  5.8000e-01  2.5065e+07  5.5214e-01
  1.8478e+00  1.5000e+02  6.0000e-01  2.1506e+07  5.0205e-01
  1.8478e+00  2.0000e+02  1.0000e-02  6.6057e+07  2.1081e+00
  1.8478e+00  2.0000e+02  2.0000e-02  1.0786e+08  1.9312e+00
  1.8478e+00  2.0000e+02  4.0000e-02  1.8187e+08  1.7511e+00
  1.8478e+00  2.0000e+02  6.0000e-02  3.0581e+08  1.5796e+00
  1.8478e+00  2.0000e+02  8.0000e-02  4.9166e+08  1.4738e+00
  1.8478e+00  2.0000e+02  1.0000e-01  7.3337e+08  1.4249e+00
  1.8478e+00  2.0000e+02  1.2000e-01  1.0129e+09  1.3894e+00
  1.8478e+00  2.0000e+02  1.4000e-01  1.3448e+09  1.3669e+00
  1.8478e+00  2.0000e+02  1.6000e-01  1.7038e+09  1.3520e+00
  1.8478e+00  2.0000e+02  1.8000e-01  2.0599e+09  1.3392e+00
  1.8478e+00  2.0000e+02  2.0000e-01  2.3873e+09  1.3335e+00
  1.8478e+00  2.0000e+02  2.2000e-01  2.6851e+09  1.3181e+00
  1.8478e+00  2.0000e+02  2.4000e-01  2.9311e+09  1.3040e+00
  1.8478e+00  2.0000e+02  2.6000e-01  3.1416e+09  1.2848e+00
  1.8478e+00  2.0000e+02  2.8000e-01  3.2954e+09  1.2706e+00
  1.8478e+00  2.0000e+02  3.0000e-01  3.3884e+09  1.2541e+00
  1.8478e+00  2.0000e+02  3.2000e-01  3.3983e+09  1.2441e+00
  1.8478e+00  2.0000e+02  3.4000e-01  3.3307e+09  1.2312e+00
  1.8478e+00  2.0000e+02  3.6000e-01  3.1800e+09  1.2135e+00
  1.8478e+00  2.0000e+02  3.8000e-01  2.9673e+09  1.1977e+00
  1.8478e+00  2.0000e+02  4.0000e-01  2.6893e+09  1.1891e+00
  1.8478e+00  2.0000e+02  4.2000e-01  2.2859e+09  1.1671e+00
  1.8478e+00  2.0000e+02  4.4000e-01  1.8727e+09  1.1604e+00
  1.8478e+00  2.0000e+02  4.6000e-01  1.3348e+09  1.1840e+00
  1.8478e+00  2.0000e+02  4.8000e-01  2.7218e+08  1.1813e+00
  1.8478e+00  2.0000e+02  5.0000e-01  1.7184e+07  1.1711e+00
  1.8478e+00  2.0000e+02  5.2000e-01  1.9873e+06  1.0448e+00
  1.8478e+00  2.0000e+02  5.4000e-01  9.0056e+06  7.2145e-01
  1.8478e+00  2.0000e+02  5.6000e-01  8.5316e+06  5.8969e-01
  1.8478e+00  2.0000e+02  5.8000e-01  7.7498e+06  5.6730e-01
  1.8478e+00  2.0000e+02  6.0000e-01  6.9763e+06  5.4440e-01
  1.8478e+00  2.5000e+02  1.0000e-02  5.8693e+07  2.1381e+00
  1.8478e+00  2.5000e+02  2.0000e-02  8.7770e+07  1.9822e+00
  1.8478e+00  2.5000e+02  4.0000e-02  1.3415e+08  1.8393e+00
  1.8478e+00  2.5000e+02  6.0000e-02  2.1040e+08  1.6972e+00
  1.8478e+00  2.5000e+02  8.0000e-02  2.9718e+08  1.5710e+00
  1.8478e+00  2.5000e+02  1.0000e-01  4.2235e+08  1.4895e+00
  1.8478e+00  2.5000e+02  1.2000e-01  5.5645e+08  1.4346e+00
  1.8478e+00  2.5000e+02  1.4000e-01  7.1960e+08  1.3967e+00
  1.8478e+00  2.5000e+02  1.6000e-01  8.8281e+08  1.3685e+00
  1.8478e+00  2.5000e+02  1.8000e-01  1.0490e+09  1.3514e+00
  1.8478e+00  2.5000e+02  2.0000e-01  1.2261e+09  1.3320e+00
  1.8478e+00  2.5000e+02  2.2000e-01  1.3857e+09  1.3172e+00
  1.8478e+00  2.5000e+02  2.4000e-01  1.5295e+09  1.3013e+00
  1.8478e+00  2.5000e+02  2.6000e-01  1.6555e+09  1.2941e+00
  1.8478e+00  2.5000e+02  2.8000e-01  1.7597e+09  1.2759e+00
  1.8478e+00  2.5000e+02  3.0000e-01  1.8119e+09  1.2583e+00
  1.8478e+00  2.5000e+02  3.2000e-01  1.8189e+09  1.2477e+00
  1.8478e+00  2.5000e+02  3.4000e-01  1.8014e+09  1.2285e+00
  1.8478e+00  2.5000e+02  3.6000e-01  1.7054e+09  1.2150e+00
  1.8478e+00  2.5000e+02  3.8000e-01  1.5647e+09  1.1964e+00
  1.8478e+00  2.5000e+02  4.0000e-01  1.3859e+09  1.1740e+00
  1.8478e+00  2.5000e+02  4.2000e-01  1.1462e+09  1.1594e+00
  1.8478e+00  2.5000e+02  4.4000e-01  4.8310e+08  1.1926e+00
  1.8478e+00  2.5000e+02  4.6000e-01  2.9463e+08  1.2265e+00
  1.8478e+00  2.5000e+02  4.8000e-01  1.3335e+08  1.2444e+00
  1.8478e+00  2.5000e+02  5.0000e-01  5.9947e+06  1.1696e+00
  1.8478e+00  2.5000e+02  5.2000e-01  3.0045e+05  1.0722e+00
  1.8478e+00  2.5000e+02  5.4000e-01  1.4430e+06  9.8956e-01
  1.8478e+00  2.5000e+02  5.6000e-01  3.5377e+06  8.0562e-01
  1.8478e+00  2.5000e+02  5.8000e-01  4.0741e+06  7.5225e-01
  1.8478e+00  2.5000e+02  6.0000e-01  3.6416e+06  6.9277e-01
  1.8478e+00  3.0000e+02  1.0000e-02  5.2200e+07  2.1847e+00
  1.8478e+00  3.0000e+02  2.0000e-02  7.7664e+07  2.0330e+00
  1.8478e+00  3.0000e+02  4.0000e-02  1.1610e+08  1.8751e+00
  1.8478e+00  3.0000e+02  6.0000e-02  1.5693e+08  1.7684e+00
  1.8478e+00  3.0000e+02  8.0000e-02  2.1553e+08  1.6639e+00
  1.8478e+00  3.0000e+02  1.0000e-01  2.7653e+08  1.5766e+00
  1.8478e+00  3.0000e+02  1.2000e-01  3.5999e+08  1.5053e+00
  1.8478e+00  3.0000e+02  1.4000e-01  4.4444e+08  1.4510e+00
  1.8478e+00  3.0000e+02  1.6000e-01  5.3235e+08  1.4059e+00
  1.8478e+00  3.0000e+02  1.8000e-01  6.2483e+08  1.3776e+00
  1.8478e+00  3.0000e+02  2.0000e-01  7.2213e+08  1.3564e+00
  1.8478e+00  3.0000e+02  2.2000e-01  8.0648e+08  1.3365e+00
  1.8478e+00  3.0000e+02  2.4000e-01  8.9026e+08  1.3126e+00
  1.8478e+00  3.0000e+02  2.6000e-01  9.4541e+08  1.2973e+00
  1.8478e+00  3.0000e+02  2.8000e-01  9.9712e+08  1.2793e+00
  1.8478e+00  3.0000e+02  3.0000e-01  1.0216e+09  1.2623e+00
  1.8478e+00  3.0000e+02  3.2000e-01  1.0179e+09  1.2425e+00
  1.8478e+00  3.0000e+02  3.4000e-01  9.6575e+08  1.2360e+00
  1.8478e+00  3.0000e+02  3.6000e-01  6.7426e+08  1.2338e+00
  1.8478e+00  3.0000e+02  3.8000e-01  5.5842e+08  1.2317e+00
  1.8478e+00  3.0000e+02  4.0000e-01  4.5678e+08  1.2291e+00
  1.8478e+00  3.0000e+02  4.2000e-01  3.5884e+08  1.2432e+00
  1.8478e+00  3.0000e+02  4.4000e-01  2.6955e+08  1.2544e+00
  1.8478e+00  3.0000e+02  4.6000e-01  1.8429e+08  1.2363e+00
  1.8478e+00  3.0000e+02  4.8000e-01  1.0792e+08  1.2669e+00
  1.8478e+00  3.0000e+02  5.0000e-01  2.6906e+06  1.1384e+00
  1.8478e+00  3.0000e+02  5.2000e-01  3.5725e+05  1.2706e+00
  1.8478e+00  3.0000e+02  5.4000e-01  8.0991e+04  1.2331e+00
  1.8478e+00  3.0000e+02  5.6000e-01  5.6677e+05  1.0128e+00
  1.8478e+00  3.0000e+02  5.8000e-01  1.0545e+06  8.9844e-01
  1.8478e+00  3.0000e+02  6.0000e-01  1.1851e+06  8.2686e-01
  2.5119e+00  3.3246e+00  1.0000e-02  1.9127e+10  1.2950e+00
  2.5119e+00  3.3246e+00  2.0000e-02  1.9069e+10  1.2838e+00
  2.5119e+00  3.3246e+00  4.0000e-02  1.8792e+10  1.2712e+00
  2.5119e+00  3.3246e+00  6.0000e-02  1.8848e+10  1.2621e+00
  2.5119e+00  3.3246e+00  8.0000e-02  1.8951e+10  1.2676e+00
  2.5119e+00  3.3246e+00  1.0000e-01  2.3001e+10  1.2720e+00
  2.5119e+00  3.3246e+00  1.2000e-01  2.0666e+10  1.2595e+00
  2.5119e+00  3.3246e+00  1.4000e-01  1.7003e+10  1.2323e+00
  2.5119e+00  3.3246e+00  1.6000e-01  1.7632e+10  1.2984e+00
  2.5119e+00  3.3246e+00  1.8000e-01  2.1455e+10  1.4209e+00
  2.5119e+00  3.3246e+00  2.0000e-01  2.7131e+10  1.5197e+00
  2.5119e+00  3.3246e+00  2.2000e-01  3.1488e+10  1.5625e+00
  2.5119e+00  3.3246e+00  2.4000e-01  3.3356e+10  1.5266e+00
  2.5119e+00  3.3246e+00  2.6000e-01  3.0875e+10  1.3945e+00
  2.5119e+00  3.3246e+00  2.8000e-01  2.5042e+10  1.3332e+00
  2.5119e+00  3.3246e+00  3.0000e-01  2.1193e+10  1.4158e+00
  2.5119e+00  3.3246e+00  3.2000e-01  1.7608e+10  1.5225e+00
  2.5119e+00  3.3246e+00  3.4000e-01  1.2984e+10  1.5894e+00
  2.5119e+00  3.3246e+00  3.6000e-01  7.2093e+09  1.8372e+00
  2.5119e+00  3.3246e+00  3.8000e-01  2.9547e+09  1.9036e+00
  2.5119e+00  3.3246e+00  4.0000e-01  4.5538e+09  1.6043e+00
  2.5119e+00  3.3246e+00  4.2000e-01  2.0092e+10  1.3948e+00
  2.5119e+00  3.3246e+00  4.4000e-01  3.7026e+09  1.2065e+00
  2.5119e+00  3.3246e+00  4.6000e-01  1.1454e+07  5.6692e-01
  2.5119e+00  3.3246e+00  4.8000e-01  5.7059e+09  1.7006e+00
  2.5119e+00  3.3246e+00  5.0000e-01  3.4233e+10  3.6879e-01
  2.5119e+00  3.3246e+00  5.2000e-01  3.2485e+10  3.5590e-01
  2.5119e+00  3.3246e+00  5.4000e-01  2.6319e+10  3.8916e-01
  2.5119e+00  3.3246e+00  5.6000e-01  1.0731e+10  4.5791e-01
  2.5119e+00  3.3246e+00  5.8000e-01  2.2962e+09  7.7734e-01
  2.5119e+00  3.3246e+00  6.0000e-01  2.2621e+09  7.8914e-01
  2.5119e+00  4.0616e+00  1.0000e-02  1.7074e+10  1.3111e+00
  2.5119e+00  4.0616e+00  2.0000e-02  1.7480e+10  1.2994e+00
  2.5119e+00  4.0616e+00  4.0000e-02  1.7654e+10  1.2899e+00
  2.5119e+00  4.0616e+00  6.0000e-02  1.8086e+10  1.2840e+00
  2.5119e+00  4.0616e+00  8.0000e-02  1.6292e+10  1.2756e+00
  2.5119e+00  4.0616e+00  1.0000e-01  2.0403e+10  1.2910e+00
  2.5119e+00  4.0616e+00  1.2000e-01  2.0589e+10  1.2818e+00
  2.5119e+00  4.0616e+00  1.4000e-01  1.7563e+10  1.2777e+00
  2.5119e+00  4.0616e+00  1.6000e-01  1.6740e+10  1.3112e+00
  2.5119e+00  4.0616e+00  1.8000e-01  1.9422e+10  1.3989e+00
  2.5119e+00  4.0616e+00  2.0000e-01  2.7253e+10  1.4996e+00
  2.5119e+00  4.0616e+00  2.2000e-01  3.1235e+10  1.5248e+00
  2.5119e+00  4.0616e+00  2.4000e-01  3.3933e+10  1.4587e+00
  2.5119e+00  4.0616e+00  2.6000e-01  2.7206e+10  1.2662e+00
  2.5119e+00  4.0616e+00  2.8000e-01  2.4871e+10  1.3197e+00
  2.5119e+00  4.0616e+00  3.0000e-01  2.3117e+10  1.4694e+00
  2.5119e+00  4.0616e+00  3.2000e-01  2.1936e+10  1.5614e+00
  2.5119e+00  4.0616e+00  3.4000e-01  1.2786e+10  1.5437e+00
  2.5119e+00  4.0616e+00  3.6000e-01  7.7435e+09  1.8486e+00
  2.5119e+00  4.0616e+00  3.8000e-01  2.8690e+09  1.9104e+00
  2.5119e+00  4.0616e+00  4.0000e-01  4.5813e+09  1.5902e+00
  2.5119e+00  4.0616e+00  4.2000e-01  2.0707e+10  1.4034e+00
  2.5119e+00  4.0616e+00  4.4000e-01  3.6588e+09  1.1927e+00
  2.5119e+00  4.0616e+00  4.6000e-01  1.1553e+07  5.2219e-01
  2.5119e+00  4.0616e+00  4.8000e-01  6.3655e+09  1.8260e+00
  2.5119e+00  4.0616e+00  5.0000e-01  3.3302e+10  3.7674e-01
  2.5119e+00  4.0616e+00  5.2000e-01  3.1428e+10  3.5690e-01
  2.5119e+00  4.0616e+00  5.4000e-01  2.8053e+10  3.6339e-01
  2.5119e+00  4.0616e+00  5.6000e-01  1.8751e+10  3.8287e-01
  2.5119e+00  4.0616e+00  5.8000e-01  8.1081e+09  4.5977e-01
  2.5119e+00  4.0616e+00  6.0000e-01  2.2543e+09  7.2071e-01
  2.5119e+00  4.9619e+00  1.0000e-02  1.6175e+10  1.3351e+00
  2.5119e+00  4.9619e+00  2.0000e-02  1.5658e+10  1.3266e+00
  2.5119e+00  4.9619e+00  4.0000e-02  1.5342e+10  1.3133e+00
  2.5119e+00  4.9619e+00  6.0000e-02  1.6412e+10  1.3068e+00
  2.5119e+00  4.9619e+00  8.0000e-02  1.3364e+10  1.2942e+00
  2.5119e+00  4.9619e+00  1.0000e-01  1.6693e+10  1.3242e+00
  2.5119e+00  4.9619e+00  1.2000e-01  1.8819e+10  1.3148e+00
  2.5119e+00  4.9619e+00  1.4000e-01  1.8679e+10  1.3084e+00
  2.5119e+00  4.9619e+00  1.6000e-01  1.8069e+10  1.3090e+00
  2.5119e+00  4.9619e+00  1.8000e-01  1.8417e+10  1.3390e+00
  2.5119e+00  4.9619e+00  2.0000e-01  2.1981e+10  1.3921e+00
  2.5119e+00  4.9619e+00  2.2000e-01  2.8501e+10  1.4410e+00
  2.5119e+00  4.9619e+00  2.4000e-01  3.1895e+10  1.3155e+00
  2.5119e+00  4.9619e+00  2.6000e-01  2.3198e+10  1.1870e+00
  2.5119e+00  4.9619e+00  2.8000e-01  2.2867e+10  1.3283e+00
  2.5119e+00  4.9619e+00  3.0000e-01  2.2985e+10  1.5172e+00
  2.5119e+00  4.9619e+00  3.2000e-01  2.2248e+10  1.5588e+00
  2.5119e+00  4.9619e+00  3.4000e-01  1.2662e+10  1.5192e+00
  2.5119e+00  4.9619e+00  3.6000e-01  8.2022e+09  1.8557e+00
  2.5119e+00  4.9619e+00  3.8000e-01  2.9108e+09  1.9381e+00
  2.5119e+00  4.9619e+00  4.0000e-01  4.5709e+09  1.5744e+00
  2.5119e+00  4.9619e+00  4.2000e-01  2.1794e+10  1.4076e+00
  2.5119e+00  4.9619e+00  4.4000e-01  3.5278e+09  1.1780e+00
  2.5119e+00  4.9619e+00  4.6000e-01  2.1524e+07  7.7482e-01
  2.5119e+00  4.9619e+00  4.8000e-01  6.0704e+09  1.8573e+00
  2.5119e+00  4.9619e+00  5.0000e-01  3.2032e+10  3.8238e-01
  2.5119e+00  4.9619e+00  5.2000e-01  2.9933e+10  3.5592e-01
  2.5119e+00  4.9619e+00  5.4000e-01  2.8784e+10  3.5957e-01
  2.5119e+00  4.9619e+00  5.6000e-01  2.4819e+10  3.6750e-01
  2.5119e+00  4.9619e+00  5.8000e-01  1.7011e+10  3.8877e-01
  2.5119e+00  4.9619e+00  6.0000e-01  8.0944e+09  4.4380e-01
  2.5119e+00  6.0619e+00  1.0000e-02  1.6385e+10  1.3167e+00
  2.5119e+00  6.0619e+00  2.0000e-02  1.5824e+10  1.3195e+00
  2.5119e+00  6.0619e+00  4.0000e-02  1.5104e+10  1.3162e+00
  2.5119e+00  6.0619e+00  6.0000e-02  1.6340e+10  1.3125e+00
  2.5119e+00  6.0619e+00  8.0000e-02  1.4249e+10  1.2990e+00
  2.5119e+00  6.0619e+00  1.0000e-01  1.4322e+10  1.3086e+00
  2.5119e+00  6.0619e+00  1.2000e-01  1.5493e+10  1.3110e+00
  2.5119e+00  6.0619e+00  1.4000e-01  1.6162e+10  1.3033e+00
  2.5119e+00  6.0619e+00  1.6000e-01  1.5950e+10  1.2968e+00
  2.5119e+00  6.0619e+00  1.8000e-01  1.6628e+10  1.3246e+00
  2.5119e+00  6.0619e+00  2.0000e-01  2.0926e+10  1.3716e+00
  2.5119e+00  6.0619e+00  2.2000e-01  2.8788e+10  1.4020e+00
  2.5119e+00  6.0619e+00  2.4000e-01  3.0621e+10  1.2804e+00
  2.5119e+00  6.0619e+00  2.6000e-01  2.2780e+10  1.2273e+00
  2.5119e+00  6.0619e+00  2.8000e-01  2.2242e+10  1.3945e+00
  2.5119e+00  6.0619e+00  3.0000e-01  2.3068e+10  1.5308e+00
  2.5119e+00  6.0619e+00  3.2000e-01  1.9902e+10  1.5326e+00
  2.5119e+00  6.0619e+00  3.4000e-01  1.3342e+10  1.5790e+00
  2.5119e+00  6.0619e+00  3.6000e-01  8.6745e+09  1.8892e+00
  2.5119e+00  6.0619e+00  3.8000e-01  3.1052e+09  1.9588e+00
  2.5119e+00  6.0619e+00  4.0000e-01  4.4122e+09  1.5629e+00
  2.5119e+00  6.0619e+00  4.2000e-01  2.3146e+10  1.4203e+00
  2.5119e+00  6.0619e+00  4.4000e-01  3.1934e+09  1.1798e+00
  2.5119e+00  6.0619e+00  4.6000e-01  3.4317e+07  9.0987e-01
  2.5119e+00  6.0619e+00  4.8000e-01  5.4297e+09  1.8639e+00
  2.5119e+00  6.0619e+00  5.0000e-01  3.0719e+10  3.9141e-01
  2.5119e+00  6.0619e+00  5.2000e-01  2.8015e+10  3.5646e-01
  2.5119e+00  6.0619e+00  5.4000e-01  2.7520e+10  3.5785e-01
  2.5119e+00  6.0619e+00  5.6000e-01  2.5760e+10  3.6460e-01
  2.5119e+00  6.0619e+00  5.8000e-01  2.2776e+10  3.7082e-01
  2.5119e+00  6.0619e+00  6.0000e-01  1.6898e+10  3.8950e-01
  2.5119e+00  7.4057e+00  1.0000e-02  1.6572e+10  1.2714e+00
  2.5119e+00  7.4057e+00  2.0000e-02  1.6096e+10  1.2854e+00
  2.5119e+00  7.4057e+00  4.0000e-02  1.5563e+10  1.2863e+00
  2.5119e+00  7.4057e+00  6.0000e-02  1.6462e+10  1.2891e+00
  2.5119e+00  7.4057e+00  8.0000e-02  1.5783e+10  1.2657e+00
  2.5119e+00  7.4057e+00  1.0000e-01  1.4676e+10  1.2621e+00
  2.5119e+00  7.4057e+00  1.2000e-01  1.5446e+10  1.2652e+00
  2.5119e+00  7.4057e+00  1.4000e-01  1.6094e+10  1.2575e+00
  2.5119e+00  7.4057e+00  1.6000e-01  1.5744e+10  1.2610e+00
  2.5119e+00  7.4057e+00  1.8000e-01  1.7657e+10  1.3266e+00
  2.5119e+00  7.4057e+00  2.0000e-01  2.3217e+10  1.3933e+00
  2.5119e+00  7.4057e+00  2.2000e-01  2.9477e+10  1.4476e+00
  2.5119e+00  7.4057e+00  2.4000e-01  3.3252e+10  1.4056e+00
  2.5119e+00  7.4057e+00  2.6000e-01  2.4435e+10  1.3085e+00
  2.5119e+00  7.4057e+00  2.8000e-01  2.2254e+10  1.4474e+00
  2.5119e+00  7.4057e+00  3.0000e-01  2.2717e+10  1.5226e+00
  2.5119e+00  7.4057e+00  3.2000e-01  2.1161e+10  1.5447e+00
  2.5119e+00  7.4057e+00  3.4000e-01  1.4002e+10  1.5579e+00
  2.5119e+00  7.4057e+00  3.6000e-01  9.5314e+09  1.9047e+00
  2.5119e+00  7.4057e+00  3.8000e-01  3.4190e+09  1.9855e+00
  2.5119e+00  7.4057e+00  4.0000e-01  4.1087e+09  1.5539e+00
  2.5119e+00  7.4057e+00  4.2000e-01  2.4835e+10  1.4400e+00
  2.5119e+00  7.4057e+00  4.4000e-01  2.2217e+09  1.1739e+00
  2.5119e+00  7.4057e+00  4.6000e-01  4.4070e+07  9.8054e-01
  2.5119e+00  7.4057e+00  4.8000e-01  4.6179e+09  1.8437e+00
  2.5119e+00  7.4057e+00  5.0000e-01  2.9154e+10  4.0023e-01
  2.5119e+00  7.4057e+00  5.2000e-01  2.5717e+10  3.5965e-01
  2.5119e+00  7.4057e+00  5.4000e-01  2.5509e+10  3.5854e-01
  2.5119e+00  7.4057e+00  5.6000e-01  2.4760e+10  3.6239e-01
  2.5119e+00  7.4057e+00  5.8000e-01  2.3231e+10  3.6667e-01
  2.5119e+00  7.4057e+00  6.0000e-01  2.0539e+10  3.7472e-01
  2.5119e+00  9.0474e+00  1.0000e-02  1.6192e+10  1.2538e+00
  2.5119e+00  9.0474e+00  2.0000e-02  1.6000e+10  1.2461e+00
  2.5119e+00  9.0474e+00  4.0000e-02  1.5880e+10  1.2419e+00
  2.5119e+00  9.0474e+00  6.0000e-02  1.5702e+10  1.2494e+00
  2.5119e+00  9.0474e+00  8.0000e-02  1.6028e+10  1.2461e+00
  2.5119e+00  9.0474e+00  1.0000e-01  1.5661e+10  1.2488e+00
  2.5119e+00  9.0474e+00  1.2000e-01  1.6337e+10  1.2558e+00
  2.5119e+00  9.0474e+00  1.4000e-01  1.6954e+10  1.2575e+00
  2.5119e+00  9.0474e+00  1.6000e-01  1.7431e+10  1.2849e+00
  2.5119e+00  9.0474e+00  1.8000e-01  2.0417e+10  1.3650e+00
  2.5119e+00  9.0474e+00  2.0000e-01  2.5291e+10  1.4268e+00
  2.5119e+00  9.0474e+00  2.2000e-01  2.9262e+10  1.4781e+00
  2.5119e+00  9.0474e+00  2.4000e-01  3.3335e+10  1.5432e+00
  2.5119e+00  9.0474e+00  2.6000e-01  2.5456e+10  1.3531e+00
  2.5119e+00  9.0474e+00  2.8000e-01  2.2191e+10  1.4561e+00
  2.5119e+00  9.0474e+00  3.0000e-01  2.2247e+10  1.5054e+00
  2.5119e+00  9.0474e+00  3.2000e-01  2.2165e+10  1.5486e+00
  2.5119e+00  9.0474e+00  3.4000e-01  1.4677e+10  1.5247e+00
  2.5119e+00  9.0474e+00  3.6000e-01  1.0827e+10  1.9029e+00
  2.5119e+00  9.0474e+00  3.8000e-01  3.8510e+09  2.0048e+00
  2.5119e+00  9.0474e+00  4.0000e-01  3.6386e+09  1.5561e+00
  2.5119e+00  9.0474e+00  4.2000e-01  2.6997e+10  1.4525e+00
  2.5119e+00  9.0474e+00  4.4000e-01  1.0657e+09  1.1849e+00
  2.5119e+00  9.0474e+00  4.6000e-01  5.0021e+07  9.4344e-01
  2.5119e+00  9.0474e+00  4.8000e-01  3.7940e+09  1.8160e+00
  2.5119e+00  9.0474e+00  5.0000e-01  2.7346e+10  4.1321e-01
  2.5119e+00  9.0474e+00  5.2000e-01  2.3117e+10  3.6015e-01
  2.5119e+00  9.0474e+00  5.4000e-01  2.2879e+10  3.6033e-01
  2.5119e+00  9.0474e+00  5.6000e-01  2.2408e+10  3.6102e-01
  2.5119e+00  9.0474e+00  5.8000e-01  2.1738e+10  3.6439e-01
  2.5119e+00  9.0474e+00  6.0000e-01  2.0614e+10  3.6674e-01
  2.5119e+00  1.1053e+01  1.0000e-02  1.7361e+10  1.2833e+00
  2.5119e+00  1.1053e+01  2.0000e-02  1.7161e+10  1.2748e+00
  2.5119e+00  1.1053e+01  4.0000e-02  1.6997e+10  1.2697e+00
  2.5119e+00  1.1053e+01  6.0000e-02  1.6704e+10  1.2656e+00
  2.5119e+00  1.1053e+01  8.0000e-02  1.6742e+10  1.2632e+00
  2.5119e+00  1.1053e+01  1.0000e-01  1.6780e+10  1.2635e+00
  2.5119e+00  1.1053e+01  1.2000e-01  1.7631e+10  1.2653e+00
  2.5119e+00  1.1053e+01  1.4000e-01  1.8270e+10  1.2697e+00
  2.5119e+00  1.1053e+01  1.6000e-01  1.9145e+10  1.3091e+00
  2.5119e+00  1.1053e+01  1.8000e-01  2.2161e+10  1.3878e+00
  2.5119e+00  1.1053e+01  2.0000e-01  2.6245e+10  1.4446e+00
  2.5119e+00  1.1053e+01  2.2000e-01  2.9070e+10  1.4852e+00
  2.5119e+00  1.1053e+01  2.4000e-01  3.2360e+10  1.5866e+00
  2.5119e+00  1.1053e+01  2.6000e-01  2.5759e+10  1.3482e+00
  2.5119e+00  1.1053e+01  2.8000e-01  2.1827e+10  1.4264e+00
  2.5119e+00  1.1053e+01  3.0000e-01  2.1565e+10  1.4789e+00
  2.5119e+00  1.1053e+01  3.2000e-01  2.2385e+10  1.5386e+00
  2.5119e+00  1.1053e+01  3.4000e-01  1.5644e+10  1.5163e+00
  2.5119e+00  1.1053e+01  3.6000e-01  1.2652e+10  1.8974e+00
  2.5119e+00  1.1053e+01  3.8000e-01  4.3825e+09  2.0101e+00
  2.5119e+00  1.1053e+01  4.0000e-01  2.9976e+09  1.5927e+00
  2.5119e+00  1.1053e+01  4.2000e-01  2.9189e+10  1.4888e+00
  2.5119e+00  1.1053e+01  4.4000e-01  5.7723e+08  1.2105e+00
  2.5119e+00  1.1053e+01  4.6000e-01  5.2179e+07  9.4448e-01
  2.5119e+00  1.1053e+01  4.8000e-01  2.8911e+09  1.7656e+00
  2.5119e+00  1.1053e+01  5.0000e-01  2.5177e+10  4.2789e-01
  2.5119e+00  1.1053e+01  5.2000e-01  2.0317e+10  3.6626e-01
  2.5119e+00  1.1053e+01  5.4000e-01  1.9861e+10  3.6530e-01
  2.5119e+00  1.1053e+01  5.6000e-01  1.9330e+10  3.6544e-01
  2.5119e+00  1.1053e+01  5.8000e-01  1.8843e+10  3.6612e-01
  2.5119e+00  1.1053e+01  6.0000e-01  1.8218e+10  3.6899e-01
  2.5119e+00  1.3503e+01  1.0000e-02  1.6240e+10  1.2914e+00
  2.5119e+00  1.3503e+01  2.0000e-02  1.7107e+10  1.2901e+00
  2.5119e+00  1.3503e+01  4.0000e-02  1.7384e+10  1.2820e+00
  2.5119e+00  1.3503e+01  6.0000e-02  1.7490e+10  1.2776e+00
  2.5119e+00  1.3503e+01  8.0000e-02  1.7506e+10  1.2708e+00
  2.5119e+00  1.3503e+01  1.0000e-01  1.7570e+10  1.2690e+00
  2.5119e+00  1.3503e+01  1.2000e-01  1.8480e+10  1.2696e+00
  2.5119e+00  1.3503e+01  1.4000e-01  1.9076e+10  1.2709e+00
  2.5119e+00  1.3503e+01  1.6000e-01  1.9748e+10  1.3051e+00
  2.5119e+00  1.3503e+01  1.8000e-01  2.2291e+10  1.3840e+00
  2.5119e+00  1.3503e+01  2.0000e-01  2.6062e+10  1.4396e+00
  2.5119e+00  1.3503e+01  2.2000e-01  2.8924e+10  1.4719e+00
  2.5119e+00  1.3503e+01  2.4000e-01  3.2686e+10  1.5886e+00
  2.5119e+00  1.3503e+01  2.6000e-01  2.5363e+10  1.2974e+00
  2.5119e+00  1.3503e+01  2.8000e-01  2.1127e+10  1.3721e+00
  2.5119e+00  1.3503e+01  3.0000e-01  2.0648e+10  1.4456e+00
  2.5119e+00  1.3503e+01  3.2000e-01  2.2273e+10  1.5239e+00
  2.5119e+00  1.3503e+01  3.4000e-01  1.7560e+10  1.5465e+00
  2.5119e+00  1.3503e+01  3.6000e-01  1.4720e+10  1.8958e+00
  2.5119e+00  1.3503e+01  3.8000e-01  5.0498e+09  1.9952e+00
  2.5119e+00  1.3503e+01  4.0000e-01  2.2968e+09  1.6872e+00
  2.5119e+00  1.3503e+01  4.2000e-01  2.8360e+10  1.5233e+00
  2.5119e+00  1.3503e+01  4.4000e-01  3.5604e+08  1.1877e+00
  2.5119e+00  1.3503e+01  4.6000e-01  5.2648e+07  9.8040e-01
  2.5119e+00  1.3503e+01  4.8000e-01  1.9725e+09  1.7032e+00
  2.5119e+00  1.3503e+01  5.0000e-01  2.2780e+10  4.4614e-01
  2.5119e+00  1.3503e+01  5.2000e-01  1.7149e+10  3.6938e-01
  2.5119e+00  1.3503e+01  5.4000e-01  1.6391e+10  3.6911e-01
  2.5119e+00  1.3503e+01  5.6000e-01  1.5824e+10  3.7208e-01
  2.5119e+00  1.3503e+01  5.8000e-01  1.5179e+10  3.7049e-01
  2.5119e+00  1.3503e+01  6.0000e-01  1.4623e+10  3.7371e-01
  2.5119e+00  1.6496e+01  1.0000e-02  1.4266e+10  1.2601e+00
  2.5119e+00  1.6496e+01  2.0000e-02  1.5394e+10  1.2809e+00
  2.5119e+00  1.6496e+01  4.0000e-02  1.6819e+10  1.2891e+00
  2.5119e+00  1.6496e+01  6.0000e-02  1.7285e+10  1.2846e+00
  2.5119e+00  1.6496e+01  8.0000e-02  1.7465e+10  1.2766e+00
  2.5119e+00  1.6496e+01  1.0000e-01  1.7494e+10  1.2739e+00
  2.5119e+00  1.6496e+01  1.2000e-01  1.8579e+10  1.2733e+00
  2.5119e+00  1.6496e+01  1.4000e-01  1.9239e+10  1.2662e+00
  2.5119e+00  1.6496e+01  1.6000e-01  1.9339e+10  1.2796e+00
  2.5119e+00  1.6496e+01  1.8000e-01  2.0964e+10  1.3446e+00
  2.5119e+00  1.6496e+01  2.0000e-01  2.4593e+10  1.4096e+00
  2.5119e+00  1.6496e+01  2.2000e-01  2.8492e+10  1.4361e+00
  2.5119e+00  1.6496e+01  2.4000e-01  3.3703e+10  1.5713e+00
  2.5119e+00  1.6496e+01  2.6000e-01  2.3811e+10  1.2101e+00
  2.5119e+00  1.6496e+01  2.8000e-01  1.9670e+10  1.2958e+00
  2.5119e+00  1.6496e+01  3.0000e-01  1.9303e+10  1.4054e+00
  2.5119e+00  1.6496e+01  3.2000e-01  2.1810e+10  1.5085e+00
  2.5119e+00  1.6496e+01  3.4000e-01  2.0611e+10  1.6105e+00
  2.5119e+00  1.6496e+01  3.6000e-01  1.7408e+10  1.9060e+00
  2.5119e+00  1.6496e+01  3.8000e-01  5.9562e+09  1.9824e+00
  2.5119e+00  1.6496e+01  4.0000e-01  1.6825e+09  1.8963e+00
  2.5119e+00  1.6496e+01  4.2000e-01  1.9106e+10  1.4852e+00
  2.5119e+00  1.6496e+01  4.4000e-01  2.3522e+08  1.1987e+00
  2.5119e+00  1.6496e+01  4.6000e-01  4.8976e+07  9.7272e-01
  2.5119e+00  1.6496e+01  4.8000e-01  1.0951e+09  1.6053e+00
  2.5119e+00  1.6496e+01  5.0000e-01  2.0023e+10  4.6738e-01
  2.5119e+00  1.6496e+01  5.2000e-01  1.3782e+10  3.7444e-01
  2.5119e+00  1.6496e+01  5.4000e-01  1.2693e+10  3.7655e-01
  2.5119e+00  1.6496e+01  5.6000e-01  1.1892e+10  3.7722e-01
  2.5119e+00  1.6496e+01  5.8000e-01  1.1252e+10  3.7967e-01
  2.5119e+00  1.6496e+01  6.0000e-01  1.0585e+10  3.8094e-01
  2.5119e+00  2.0153e+01  1.0000e-02  1.4539e+10  1.2446e+00
  2.5119e+00  2.0153e+01  2.0000e-02  1.4086e+10  1.2527e+00
  2.5119e+00  2.0153e+01  4.0000e-02  1.5578e+10  1.2793e+00
  2.5119e+00  2.0153e+01  6.0000e-02  1.6537e+10  1.2858e+00
  2.5119e+00  2.0153e+01  8.0000e-02  1.7239e+10  1.2835e+00
  2.5119e+00  2.0153e+01  1.0000e-01  1.6960e+10  1.2765e+00
  2.5119e+00  2.0153e+01  1.2000e-01  1.8077e+10  1.2793e+00
  2.5119e+00  2.0153e+01  1.4000e-01  1.8782e+10  1.2640e+00
  2.5119e+00  2.0153e+01  1.6000e-01  1.8152e+10  1.2476e+00
  2.5119e+00  2.0153e+01  1.8000e-01  1.8481e+10  1.2769e+00
  2.5119e+00  2.0153e+01  2.0000e-01  2.1532e+10  1.3446e+00
  2.5119e+00  2.0153e+01  2.2000e-01  2.6593e+10  1.3730e+00
  2.5119e+00  2.0153e+01  2.4000e-01  3.4851e+10  1.5456e+00
  2.5119e+00  2.0153e+01  2.6000e-01  2.0582e+10  1.0918e+00
  2.5119e+00  2.0153e+01  2.8000e-01  1.7049e+10  1.1989e+00
  2.5119e+00  2.0153e+01  3.0000e-01  1.7370e+10  1.3579e+00
  2.5119e+00  2.0153e+01  3.2000e-01  2.0877e+10  1.4935e+00
  2.5119e+00  2.0153e+01  3.4000e-01  2.3743e+10  1.6251e+00
  2.5119e+00  2.0153e+01  3.6000e-01  2.2545e+10  1.9342e+00
  2.5119e+00  2.0153e+01  3.8000e-01  7.3059e+09  1.9774e+00
  2.5119e+00  2.0153e+01  4.0000e-01  1.2765e+09  2.3563e+00
  2.5119e+00  2.0153e+01  4.2000e-01  8.0394e+09  1.3970e+00
  2.5119e+00  2.0153e+01  4.4000e-01  1.6593e+08  1.2048e+00
  2.5119e+00  2.0153e+01  4.6000e-01  4.3468e+07  9.7680e-01
  2.5119e+00  2.0153e+01  4.8000e-01  3.5570e+08  1.3159e+00
  2.5119e+00  2.0153e+01  5.0000e-01  1.7168e+10  4.9290e-01
  2.5119e+00  2.0153e+01  5.2000e-01  1.0302e+10  3.8014e-01
  2.5119e+00  2.0153e+01  5.4000e-01  9.0136e+09  3.8600e-01
  2.5119e+00  2.0153e+01  5.6000e-01  8.2049e+09  3.8791e-01
  2.5119e+00  2.0153e+01  5.8000e-01  7.5637e+09  3.9250e-01
  2.5119e+00  2.0153e+01  6.0000e-01  6.9793e+09  3.9477e-01
  2.5119e+00  2.4621e+01  1.0000e-02  1.9235e+10  1.2520e+00
  2.5119e+00  2.4621e+01  2.0000e-02  1.4416e+10  1.2437e+00
  2.5119e+00  2.4621e+01  4.0000e-02  1.4289e+10  1.2572e+00
  2.5119e+00  2.4621e+01  6.0000e-02  1.5453e+10  1.2757e+00
  2.5119e+00  2.4621e+01  8.0000e-02  1.6625e+10  1.2842e+00
  2.5119e+00  2.4621e+01  1.0000e-01  1.6650e+10  1.2789e+00
  2.5119e+00  2.4621e+01  1.2000e-01  1.6952e+10  1.2798e+00
  2.5119e+00  2.4621e+01  1.4000e-01  1.8196e+10  1.2792e+00
  2.5119e+00  2.4621e+01  1.6000e-01  1.8414e+10  1.2594e+00
  2.5119e+00  2.4621e+01  1.8000e-01  1.7326e+10  1.2354e+00
  2.5119e+00  2.4621e+01  2.0000e-01  1.7510e+10  1.2564e+00
  2.5119e+00  2.4621e+01  2.2000e-01  2.0696e+10  1.3111e+00
  2.5119e+00  2.4621e+01  2.4000e-01  2.6673e+10  1.3229e+00
  2.5119e+00  2.4621e+01  2.6000e-01  3.2884e+10  1.3074e+00
  2.5119e+00  2.4621e+01  2.8000e-01  1.3074e+10  9.8124e-01
  2.5119e+00  2.4621e+01  3.0000e-01  1.3701e+10  1.1614e+00
  2.5119e+00  2.4621e+01  3.2000e-01  1.4823e+10  1.3038e+00
  2.5119e+00  2.4621e+01  3.4000e-01  1.7929e+10  1.4082e+00
  2.5119e+00  2.4621e+01  3.6000e-01  2.5038e+10  1.6014e+00
  2.5119e+00  2.4621e+01  3.8000e-01  1.8746e+10  1.6179e+00
  2.5119e+00  2.4621e+01  4.0000e-01  5.5478e+09  1.6298e+00
  2.5119e+00  2.4621e+01  4.2000e-01  1.7548e+09  1.3560e+00
  2.5119e+00  2.4621e+01  4.4000e-01  1.2530e+08  1.1916e+00
  2.5119e+00  2.4621e+01  4.6000e-01  3.7099e+07  9.9992e-01
  2.5119e+00  2.4621e+01  4.8000e-01  1.2997e+08  1.0157e+00
  2.5119e+00  2.4621e+01  5.0000e-01  1.4136e+10  5.2150e-01
  2.5119e+00  2.4621e+01  5.2000e-01  7.2378e+09  3.9662e-01
  2.5119e+00  2.4621e+01  5.4000e-01  6.0213e+09  4.0143e-01
  2.5119e+00  2.4621e+01  5.6000e-01  5.3014e+09  4.0127e-01
  2.5119e+00  2.4621e+01  5.8000e-01  4.7888e+09  4.0415e-01
  2.5119e+00  2.4621e+01  6.0000e-01  4.2819e+09  4.0322e-01
  2.5119e+00  3.0079e+01  1.0000e-02  1.4624e+10  1.5033e+00
  2.5119e+00  3.0079e+01  2.0000e-02  1.8683e+10  1.2369e+00
  2.5119e+00  3.0079e+01  4.0000e-02  1.3758e+10  1.2417e+00
  2.5119e+00  3.0079e+01  6.0000e-02  1.4241e+10  1.2566e+00
  2.5119e+00  3.0079e+01  8.0000e-02  1.5569e+10  1.2747e+00
  2.5119e+00  3.0079e+01  1.0000e-01  1.6125e+10  1.2778e+00
  2.5119e+00  3.0079e+01  1.2000e-01  1.6264e+10  1.2793e+00
  2.5119e+00  3.0079e+01  1.4000e-01  1.7335e+10  1.2832e+00
  2.5119e+00  3.0079e+01  1.6000e-01  1.8154e+10  1.2741e+00
  2.5119e+00  3.0079e+01  1.8000e-01  1.7708e+10  1.2524e+00
  2.5119e+00  3.0079e+01  2.0000e-01  1.6886e+10  1.2365e+00
  2.5119e+00  3.0079e+01  2.2000e-01  1.7479e+10  1.2578e+00
  2.5119e+00  3.0079e+01  2.4000e-01  2.0293e+10  1.3036e+00
  2.5119e+00  3.0079e+01  2.6000e-01  2.5306e+10  1.3162e+00
  2.5119e+00  3.0079e+01  2.8000e-01  3.4609e+10  1.5560e+00
  2.5119e+00  3.0079e+01  3.0000e-01  1.4397e+10  9.5485e-01
  2.5119e+00  3.0079e+01  3.2000e-01  1.1838e+10  1.0586e+00
  2.5119e+00  3.0079e+01  3.4000e-01  1.0530e+10  1.1742e+00
  2.5119e+00  3.0079e+01  3.6000e-01  1.3595e+10  1.3402e+00
  2.5119e+00  3.0079e+01  3.8000e-01  1.2526e+10  1.4077e+00
  2.5119e+00  3.0079e+01  4.0000e-01  1.8771e+10  2.0081e+00
  2.5119e+00  3.0079e+01  4.2000e-01  1.6118e+10  2.0891e+00
  2.5119e+00  3.0079e+01  4.4000e-01  1.1029e+08  1.1562e+00
  2.5119e+00  3.0079e+01  4.6000e-01  2.9534e+07  9.8835e-01
  2.5119e+00  3.0079e+01  4.8000e-01  7.7018e+07  8.8425e-01
  2.5119e+00  3.0079e+01  5.0000e-01  1.1021e+10  5.5595e-01
  2.5119e+00  3.0079e+01  5.2000e-01  4.6637e+09  4.0745e-01
  2.5119e+00  3.0079e+01  5.4000e-01  3.6928e+09  4.0455e-01
  2.5119e+00  3.0079e+01  5.6000e-01  3.1847e+09  4.0204e-01
  2.5119e+00  3.0079e+01  5.8000e-01  2.8261e+09  4.0417e-01
  2.5119e+00  3.0079e+01  6.0000e-01  2.4828e+09  4.0158e-01
  2.5119e+00  3.6747e+01  1.0000e-02  7.8535e+09  1.6262e+00
  2.5119e+00  3.6747e+01  2.0000e-02  1.4561e+10  1.3725e+00
  2.5119e+00  3.6747e+01  4.0000e-02  1.6008e+10  1.2438e+00
  2.5119e+00  3.6747e+01  6.0000e-02  1.3480e+10  1.2392e+00
  2.5119e+00  3.6747e+01  8.0000e-02  1.4219e+10  1.2552e+00
  2.5119e+00  3.6747e+01  1.0000e-01  1.5250e+10  1.2689e+00
  2.5119e+00  3.6747e+01  1.2000e-01  1.5415e+10  1.2744e+00
  2.5119e+00  3.6747e+01  1.4000e-01  1.6316e+10  1.2813e+00
  2.5119e+00  3.6747e+01  1.6000e-01  1.7426e+10  1.2800e+00
  2.5119e+00  3.6747e+01  1.8000e-01  1.7411e+10  1.2647e+00
  2.5119e+00  3.6747e+01  2.0000e-01  1.6547e+10  1.2435e+00
  2.5119e+00  3.6747e+01  2.2000e-01  1.6345e+10  1.2431e+00
  2.5119e+00  3.6747e+01  2.4000e-01  1.8042e+10  1.2774e+00
  2.5119e+00  3.6747e+01  2.6000e-01  2.1776e+10  1.3118e+00
  2.5119e+00  3.6747e+01  2.8000e-01  2.7130e+10  1.3201e+00
  2.5119e+00  3.6747e+01  3.0000e-01  2.8000e+10  1.2094e+00
  2.5119e+00  3.6747e+01  3.2000e-01  1.2106e+10  9.6113e-01
  2.5119e+00  3.6747e+01  3.4000e-01  1.1175e+10  1.0988e+00
  2.5119e+00  3.6747e+01  3.6000e-01  1.0041e+10  1.2087e+00
  2.5119e+00  3.6747e+01  3.8000e-01  1.1897e+10  1.3084e+00
  2.5119e+00  3.6747e+01  4.0000e-01  1.9247e+10  1.9243e+00
  2.5119e+00  3.6747e+01  4.2000e-01  1.2545e+10  1.7663e+00
  2.5119e+00  3.6747e+01  4.4000e-01  2.6389e+08  6.2595e-01
  2.5119e+00  3.6747e+01  4.6000e-01  2.1924e+07  9.7507e-01
  2.5119e+00  3.6747e+01  4.8000e-01  5.4438e+07  8.7756e-01
  2.5119e+00  3.6747e+01  5.0000e-01  8.0389e+09  6.0397e-01
  2.5119e+00  3.6747e+01  5.2000e-01  2.8482e+09  4.1019e-01
  2.5119e+00  3.6747e+01  5.4000e-01  2.1897e+09  4.0117e-01
  2.5119e+00  3.6747e+01  5.6000e-01  1.8797e+09  4.0189e-01
  2.5119e+00  3.6747e+01  5.8000e-01  1.6486e+09  4.0236e-01
  2.5119e+00  3.6747e+01  6.0000e-01  1.4247e+09  3.9958e-01
  2.5119e+00  4.4893e+01  1.0000e-02  3.3097e+09  1.6357e+00
  2.5119e+00  4.4893e+01  2.0000e-02  1.1278e+10  1.5554e+00
  2.5119e+00  4.4893e+01  4.0000e-02  1.7825e+10  1.2961e+00
  2.5119e+00  4.4893e+01  6.0000e-02  1.5401e+10  1.2432e+00
  2.5119e+00  4.4893e+01  8.0000e-02  1.3140e+10  1.2364e+00
  2.5119e+00  4.4893e+01  1.0000e-01  1.3998e+10  1.2505e+00
  2.5119e+00  4.4893e+01  1.2000e-01  1.4411e+10  1.2618e+00
  2.5119e+00  4.4893e+01  1.4000e-01  1.5027e+10  1.2733e+00
  2.5119e+00  4.4893e+01  1.6000e-01  1.6269e+10  1.2797e+00
  2.5119e+00  4.4893e+01  1.8000e-01  1.6803e+10  1.2736e+00
  2.5119e+00  4.4893e+01  2.0000e-01  1.6123e+10  1.2552e+00
  2.5119e+00  4.4893e+01  2.2000e-01  1.5408e+10  1.2419e+00
  2.5119e+00  4.4893e+01  2.4000e-01  1.6137e+10  1.2588e+00
  2.5119e+00  4.4893e+01  2.6000e-01  1.8955e+10  1.2960e+00
  2.5119e+00  4.4893e+01  2.8000e-01  2.3404e+10  1.3094e+00
  2.5119e+00  4.4893e+01  3.0000e-01  3.0575e+10  1.4532e+00
  2.5119e+00  4.4893e+01  3.2000e-01  1.4438e+10  9.5209e-01
  2.5119e+00  4.4893e+01  3.4000e-01  1.1891e+10  1.0520e+00
  2.5119e+00  4.4893e+01  3.6000e-01  9.5532e+09  1.1379e+00
  2.5119e+00  4.4893e+01  3.8000e-01  8.7668e+09  1.2029e+00
  2.5119e+00  4.4893e+01  4.0000e-01  1.0673e+10  1.5790e+00
  2.5119e+00  4.4893e+01  4.2000e-01  1.0004e+10  1.8117e+00
  2.5119e+00  4.4893e+01  4.4000e-01  1.2896e+10  1.8971e+00
  2.5119e+00  4.4893e+01  4.6000e-01  1.7707e+07  9.3970e-01
  2.5119e+00  4.4893e+01  4.8000e-01  3.4931e+07  8.9000e-01
  2.5119e+00  4.4893e+01  5.0000e-01  5.1385e+09  6.7231e-01
  2.5119e+00  4.4893e+01  5.2000e-01  1.7081e+09  4.1749e-01
  2.5119e+00  4.4893e+01  5.4000e-01  1.2963e+09  4.0390e-01
  2.5119e+00  4.4893e+01  5.6000e-01  1.0918e+09  3.9845e-01
  2.5119e+00  4.4893e+01  5.8000e-01  9.4813e+08  3.9832e-01
  2.5119e+00  4.4893e+01  6.0000e-01  8.2302e+08  3.9838e-01
  2.5119e+00  5.4844e+01  1.0000e-02  1.4358e+09  1.6359e+00
  2.5119e+00  5.4844e+01  2.0000e-02  5.3420e+09  1.5916e+00
  2.5119e+00  5.4844e+01  4.0000e-02  1.3311e+10  1.4212e+00
  2.5119e+00  5.4844e+01  6.0000e-02  1.7709e+10  1.2983e+00
  2.5119e+00  5.4844e+01  8.0000e-02  1.5581e+10  1.2452e+00
  2.5119e+00  5.4844e+01  1.0000e-01  1.2997e+10  1.2339e+00
  2.5119e+00  5.4844e+01  1.2000e-01  1.3221e+10  1.2430e+00
  2.5119e+00  5.4844e+01  1.4000e-01  1.3552e+10  1.2556e+00
  2.5119e+00  5.4844e+01  1.6000e-01  1.4630e+10  1.2711e+00
  2.5119e+00  5.4844e+01  1.8000e-01  1.5702e+10  1.2752e+00
  2.5119e+00  5.4844e+01  2.0000e-01  1.5583e+10  1.2668e+00
  2.5119e+00  5.4844e+01  2.2000e-01  1.4631e+10  1.2501e+00
  2.5119e+00  5.4844e+01  2.4000e-01  1.4393e+10  1.2468e+00
  2.5119e+00  5.4844e+01  2.6000e-01  1.6027e+10  1.2729e+00
  2.5119e+00  5.4844e+01  2.8000e-01  1.9553e+10  1.3020e+00
  2.5119e+00  5.4844e+01  3.0000e-01  2.4227e+10  1.3095e+00
  2.5119e+00  5.4844e+01  3.2000e-01  3.0474e+10  1.3931e+00
  2.5119e+00  5.4844e+01  3.4000e-01  1.1259e+10  9.6145e-01
  2.5119e+00  5.4844e+01  3.6000e-01  1.0156e+10  1.0905e+00
  2.5119e+00  5.4844e+01  3.8000e-01  8.8468e+09  1.2156e+00
  2.5119e+00  5.4844e+01  4.0000e-01  9.4415e+09  1.2971e+00
  2.5119e+00  5.4844e+01  4.2000e-01  1.4847e+10  1.8615e+00
  2.5119e+00  5.4844e+01  4.4000e-01  8.5264e+09  1.6646e+00
  2.5119e+00  5.4844e+01  4.6000e-01  2.5786e+08  6.0707e-01
  2.5119e+00  5.4844e+01  4.8000e-01  1.9391e+07  8.9849e-01
  2.5119e+00  5.4844e+01  5.0000e-01  2.7291e+09  7.7188e-01
  2.5119e+00  5.4844e+01  5.2000e-01  1.0149e+09  4.2408e-01
  2.5119e+00  5.4844e+01  5.4000e-01  7.6669e+08  4.0531e-01
  2.5119e+00  5.4844e+01  5.6000e-01  6.4576e+08  4.0148e-01
  2.5119e+00  5.4844e+01  5.8000e-01  5.5536e+08  3.9945e-01
  2.5119e+00  5.4844e+01  6.0000e-01  4.7269e+08  3.9390e-01
  2.5119e+00  6.7002e+01  1.0000e-02  6.4560e+08  1.6520e+00
  2.5119e+00  6.7002e+01  2.0000e-02  2.4496e+09  1.5877e+00
  2.5119e+00  6.7002e+01  4.0000e-02  9.4304e+09  1.5249e+00
  2.5119e+00  6.7002e+01  6.0000e-02  1.2745e+10  1.3772e+00
  2.5119e+00  6.7002e+01  8.0000e-02  1.5778e+10  1.2762e+00
  2.5119e+00  6.7002e+01  1.0000e-01  1.6557e+10  1.2462e+00
  2.5119e+00  6.7002e+01  1.2000e-01  1.3218e+10  1.2341e+00
  2.5119e+00  6.7002e+01  1.4000e-01  1.2235e+10  1.2338e+00
  2.5119e+00  6.7002e+01  1.6000e-01  1.2574e+10  1.2465e+00
  2.5119e+00  6.7002e+01  1.8000e-01  1.3809e+10  1.2629e+00
  2.5119e+00  6.7002e+01  2.0000e-01  1.4594e+10  1.2685e+00
  2.5119e+00  6.7002e+01  2.2000e-01  1.4069e+10  1.2621e+00
  2.5119e+00  6.7002e+01  2.4000e-01  1.3084e+10  1.2497e+00
  2.5119e+00  6.7002e+01  2.6000e-01  1.3226e+10  1.2543e+00
  2.5119e+00  6.7002e+01  2.8000e-01  1.5288e+10  1.2831e+00
  2.5119e+00  6.7002e+01  3.0000e-01  1.9030e+10  1.2988e+00
  2.5119e+00  6.7002e+01  3.2000e-01  2.3496e+10  1.3210e+00
  2.5119e+00  6.7002e+01  3.4000e-01  1.9866e+10  1.1279e+00
  2.5119e+00  6.7002e+01  3.6000e-01  1.0143e+10  1.0071e+00
  2.5119e+00  6.7002e+01  3.8000e-01  8.3234e+09  1.1262e+00
  2.5119e+00  6.7002e+01  4.0000e-01  7.8917e+09  1.2250e+00
  2.5119e+00  6.7002e+01  4.2000e-01  6.5984e+09  1.3319e+00
  2.5119e+00  6.7002e+01  4.4000e-01  1.1765e+10  1.9040e+00
  2.5119e+00  6.7002e+01  4.6000e-01  1.1729e+10  1.9360e+00
  2.5119e+00  6.7002e+01  4.8000e-01  1.1612e+07  8.0436e-01
  2.5119e+00  6.7002e+01  5.0000e-01  1.1893e+09  8.9951e-01
  2.5119e+00  6.7002e+01  5.2000e-01  6.0024e+08  4.2804e-01
  2.5119e+00  6.7002e+01  5.4000e-01  4.6381e+08  4.1369e-01
  2.5119e+00  6.7002e+01  5.6000e-01  3.8283e+08  4.0026e-01
  2.5119e+00  6.7002e+01  5.8000e-01  3.2947e+08  3.9804e-01
  2.5119e+00  6.7002e+01  6.0000e-01  2.7820e+08  3.8983e-01
  2.5119e+00  8.1855e+01  1.0000e-02  3.3810e+08  1.7009e+00
  2.5119e+00  8.1855e+01  2.0000e-02  1.1634e+09  1.5947e+00
  2.5119e+00  8.1855e+01  4.0000e-02  4.6546e+09  1.5426e+00
  2.5119e+00  8.1855e+01  6.0000e-02  9.7462e+09  1.4890e+00
  2.5119e+00  8.1855e+01  8.0000e-02  1.1894e+10  1.3823e+00
  2.5119e+00  8.1855e+01  1.0000e-01  1.3605e+10  1.2744e+00
  2.5119e+00  8.1855e+01  1.2000e-01  1.6233e+10  1.2956e+00
  2.5119e+00  8.1855e+01  1.4000e-01  1.4979e+10  1.2479e+00
  2.5119e+00  8.1855e+01  1.6000e-01  1.1846e+10  1.2303e+00
  2.5119e+00  8.1855e+01  1.8000e-01  1.1330e+10  1.2328e+00
  2.5119e+00  8.1855e+01  2.0000e-01  1.2366e+10  1.2516e+00
  2.5119e+00  8.1855e+01  2.2000e-01  1.3087e+10  1.2591e+00
  2.5119e+00  8.1855e+01  2.4000e-01  1.2507e+10  1.2570e+00
  2.5119e+00  8.1855e+01  2.6000e-01  1.1464e+10  1.2526e+00
  2.5119e+00  8.1855e+01  2.8000e-01  1.1488e+10  1.2572e+00
  2.5119e+00  8.1855e+01  3.0000e-01  1.3306e+10  1.2805e+00
  2.5119e+00  8.1855e+01  3.2000e-01  1.6643e+10  1.2967e+00
  2.5119e+00  8.1855e+01  3.4000e-01  2.0521e+10  1.3103e+00
  2.5119e+00  8.1855e+01  3.6000e-01  1.9469e+10  1.1999e+00
  2.5119e+00  8.1855e+01  3.8000e-01  8.8132e+09  1.0076e+00
  2.5119e+00  8.1855e+01  4.0000e-01  7.3282e+09  1.1399e+00
  2.5119e+00  8.1855e+01  4.2000e-01  6.0713e+09  1.2337e+00
  2.5119e+00  8.1855e+01  4.4000e-01  5.1073e+09  1.3462e+00
  2.5119e+00  8.1855e+01  4.6000e-01  8.0528e+09  1.8843e+00
  2.5119e+00  8.1855e+01  4.8000e-01  5.6519e+09  1.8395e+00
  2.5119e+00  8.1855e+01  5.0000e-01  5.1809e+08  1.0892e+00
  2.5119e+00  8.1855e+01  5.2000e-01  3.6487e+08  4.3391e-01
  2.5119e+00  8.1855e+01  5.4000e-01  2.8621e+08  4.2165e-01
  2.5119e+00  8.1855e+01  5.6000e-01  2.5036e+08  4.2944e-01
  2.5119e+00  8.1855e+01  5.8000e-01  2.0511e+08  4.0917e-01
  2.5119e+00  8.1855e+01  6.0000e-01  1.6837e+08  3.9502e-01
  2.5119e+00  1.0000e+02  1.0000e-02  2.1415e+08  1.7768e+00
  2.5119e+00  1.0000e+02  2.0000e-02  5.7821e+08  1.6176e+00
  2.5119e+00  1.0000e+02  4.0000e-02  2.2024e+09  1.5342e+00
  2.5119e+00  1.0000e+02  6.0000e-02  5.2250e+09  1.5085e+00
  2.5119e+00  1.0000e+02  8.0000e-02  8.6773e+09  1.4709e+00
  2.5119e+00  1.0000e+02  1.0000e-01  1.0591e+10  1.4050e+00
  2.5119e+00  1.0000e+02  1.2000e-01  1.1293e+10  1.3204e+00
  2.5119e+00  1.0000e+02  1.4000e-01  1.3034e+10  1.2672e+00
  2.5119e+00  1.0000e+02  1.6000e-01  1.4353e+10  1.2857e+00
  2.5119e+00  1.0000e+02  1.8000e-01  1.4064e+10  1.2762e+00
  2.5119e+00  1.0000e+02  2.0000e-01  1.1099e+10  1.2297e+00
  2.5119e+00  1.0000e+02  2.2000e-01  1.0613e+10  1.2291e+00
  2.5119e+00  1.0000e+02  2.4000e-01  1.1176e+10  1.2447e+00
  2.5119e+00  1.0000e+02  2.6000e-01  1.0962e+10  1.2470e+00
  2.5119e+00  1.0000e+02  2.8000e-01  9.8717e+09  1.2476e+00
  2.5119e+00  1.0000e+02  3.0000e-01  9.2315e+09  1.2541e+00
  2.5119e+00  1.0000e+02  3.2000e-01  1.0046e+10  1.2726e+00
  2.5119e+00  1.0000e+02  3.4000e-01  1.2334e+10  1.2889e+00
  2.5119e+00  1.0000e+02  3.6000e-01  1.5316e+10  1.2948e+00
  2.5119e+00  1.0000e+02  3.8000e-01  1.9445e+10  1.5443e+00
  2.5119e+00  1.0000e+02  4.0000e-01  8.1784e+09  9.7987e-01
  2.5119e+00  1.0000e+02  4.2000e-01  6.2794e+09  1.1071e+00
  2.5119e+00  1.0000e+02  4.4000e-01  4.6635e+09  1.2651e+00
  2.5119e+00  1.0000e+02  4.6000e-01  4.0791e+09  1.3566e+00
  2.5119e+00  1.0000e+02  4.8000e-01  4.7220e+09  1.8528e+00
  2.5119e+00  1.0000e+02  5.0000e-01  3.6156e+08  1.4000e+00
  2.5119e+00  1.0000e+02  5.2000e-01  2.2361e+08  4.4165e-01
  2.5119e+00  1.0000e+02  5.4000e-01  1.7792e+08  4.2910e-01
  2.5119e+00  1.0000e+02  5.6000e-01  1.5122e+08  4.2894e-01
  2.5119e+00  1.0000e+02  5.8000e-01  1.2658e+08  4.1905e-01
  2.5119e+00  1.0000e+02  6.0000e-01  1.1493e+08  4.3949e-01
  2.5119e+00  1.5000e+02  1.0000e-02  1.2479e+08  1.9206e+00
  2.5119e+00  1.5000e+02  2.0000e-02  2.2102e+08  1.7502e+00
  2.5119e+00  1.5000e+02  4.0000e-02  5.7189e+08  1.5671e+00
  2.5119e+00  1.5000e+02  6.0000e-02  1.2331e+09  1.5043e+00
  2.5119e+00  1.5000e+02  8.0000e-02  2.2268e+09  1.4789e+00
  2.5119e+00  1.5000e+02  1.0000e-01  3.5758e+09  1.4633e+00
  2.5119e+00  1.5000e+02  1.2000e-01  5.0592e+09  1.4504e+00
  2.5119e+00  1.5000e+02  1.4000e-01  6.3650e+09  1.4324e+00
  2.5119e+00  1.5000e+02  1.6000e-01  7.3279e+09  1.4013e+00
  2.5119e+00  1.5000e+02  1.8000e-01  7.9186e+09  1.3663e+00
  2.5119e+00  1.5000e+02  2.0000e-01  8.2605e+09  1.3263e+00
  2.5119e+00  1.5000e+02  2.2000e-01  8.4895e+09  1.2844e+00
  2.5119e+00  1.5000e+02  2.4000e-01  8.6849e+09  1.2536e+00
  2.5119e+00  1.5000e+02  2.6000e-01  9.1541e+09  1.2505e+00
  2.5119e+00  1.5000e+02  2.8000e-01  9.2845e+09  1.2560e+00
  2.5119e+00  1.5000e+02  3.0000e-01  9.2396e+09  1.2728e+00
  2.5119e+00  1.5000e+02  3.2000e-01  9.1029e+09  1.2809e+00
  2.5119e+00  1.5000e+02  3.4000e-01  8.3484e+09  1.2954e+00
  2.5119e+00  1.5000e+02  3.6000e-01  6.2841e+09  1.2542e+00
  2.5119e+00  1.5000e+02  3.8000e-01  4.5737e+09  1.2071e+00
  2.5119e+00  1.5000e+02  4.0000e-01  4.1029e+09  1.2184e+00
  2.5119e+00  1.5000e+02  4.2000e-01  4.3391e+09  1.2444e+00
  2.5119e+00  1.5000e+02  4.4000e-01  4.8929e+09  1.2678e+00
  2.5119e+00  1.5000e+02  4.6000e-01  5.1000e+09  1.2795e+00
  2.5119e+00  1.5000e+02  4.8000e-01  1.8751e+09  1.0549e+00
  2.5119e+00  1.5000e+02  5.0000e-01  3.0206e+08  1.5885e+00
  2.5119e+00  1.5000e+02  5.2000e-01  7.5330e+07  5.5555e-01
  2.5119e+00  1.5000e+02  5.4000e-01  4.7641e+07  5.5982e-01
  2.5119e+00  1.5000e+02  5.6000e-01  4.6371e+07  5.1457e-01
  2.5119e+00  1.5000e+02  5.8000e-01  4.0939e+07  5.1516e-01
  2.5119e+00  1.5000e+02  6.0000e-01  3.4487e+07  4.9823e-01
  2.5119e+00  2.0000e+02  1.0000e-02  9.6515e+07  1.9751e+00
  2.5119e+00  2.0000e+02  2.0000e-02  1.4750e+08  1.8521e+00
  2.5119e+00  2.0000e+02  4.0000e-02  2.8976e+08  1.6569e+00
  2.5119e+00  2.0000e+02  6.0000e-02  5.2444e+08  1.5444e+00
  2.5119e+00  2.0000e+02  8.0000e-02  8.6441e+08  1.4855e+00
  2.5119e+00  2.0000e+02  1.0000e-01  1.3359e+09  1.4564e+00
  2.5119e+00  2.0000e+02  1.2000e-01  1.9260e+09  1.4397e+00
  2.5119e+00  2.0000e+02  1.4000e-01  2.5802e+09  1.4308e+00
  2.5119e+00  2.0000e+02  1.6000e-01  3.2754e+09  1.4194e+00
  2.5119e+00  2.0000e+02  1.8000e-01  3.9372e+09  1.4086e+00
  2.5119e+00  2.0000e+02  2.0000e-01  4.5017e+09  1.3948e+00
  2.5119e+00  2.0000e+02  2.2000e-01  4.9112e+09  1.3771e+00
  2.5119e+00  2.0000e+02  2.4000e-01  5.1765e+09  1.3546e+00
  2.5119e+00  2.0000e+02  2.6000e-01  5.2361e+09  1.3306e+00
  2.5119e+00  2.0000e+02  2.8000e-01  5.1756e+09  1.3043e+00
  2.5119e+00  2.0000e+02  3.0000e-01  5.0507e+09  1.2759e+00
  2.5119e+00  2.0000e+02  3.2000e-01  4.9313e+09  1.2485e+00
  2.5119e+00  2.0000e+02  3.4000e-01  4.8444e+09  1.2300e+00
  2.5119e+00  2.0000e+02  3.6000e-01  4.7491e+09  1.2219e+00
  2.5119e+00  2.0000e+02  3.8000e-01  4.4649e+09  1.2144e+00
  2.5119e+00  2.0000e+02  4.0000e-01  4.0664e+09  1.2110e+00
  2.5119e+00  2.0000e+02  4.2000e-01  3.4653e+09  1.2090e+00
  2.5119e+00  2.0000e+02  4.4000e-01  2.7373e+09  1.2063e+00
  2.5119e+00  2.0000e+02  4.6000e-01  1.9084e+09  1.2224e+00
  2.5119e+00  2.0000e+02  4.8000e-01  9.8076e+08  1.2124e+00
  2.5119e+00  2.0000e+02  5.0000e-01  2.3898e+07  1.2362e+00
  2.5119e+00  2.0000e+02  5.2000e-01  1.1118e+07  9.0173e-01
  2.5119e+00  2.0000e+02  5.4000e-01  1.3251e+07  6.2405e-01
  2.5119e+00  2.0000e+02  5.6000e-01  1.2991e+07  5.4194e-01
  2.5119e+00  2.0000e+02  5.8000e-01  1.2208e+07  5.0834e-01
  2.5119e+00  2.0000e+02  6.0000e-01  1.0945e+07  4.8539e-01
  2.5119e+00  2.5000e+02  1.0000e-02  8.0452e+07  2.0426e+00
  2.5119e+00  2.5000e+02  2.0000e-02  1.2218e+08  1.9049e+00
  2.5119e+00  2.5000e+02  4.0000e-02  2.0359e+08  1.7422e+00
  2.5119e+00  2.5000e+02  6.0000e-02  3.1886e+08  1.6117e+00
  2.5119e+00  2.5000e+02  8.0000e-02  4.8332e+08  1.5255e+00
  2.5119e+00  2.5000e+02  1.0000e-01  6.9887e+08  1.4790e+00
  2.5119e+00  2.5000e+02  1.2000e-01  9.5501e+08  1.4480e+00
  2.5119e+00  2.5000e+02  1.4000e-01  1.2650e+09  1.4268e+00
  2.5119e+00  2.5000e+02  1.6000e-01  1.6058e+09  1.4117e+00
  2.5119e+00  2.5000e+02  1.8000e-01  1.9574e+09  1.3997e+00
  2.5119e+00  2.5000e+02  2.0000e-01  2.2862e+09  1.3960e+00
  2.5119e+00  2.5000e+02  2.2000e-01  2.5965e+09  1.3806e+00
  2.5119e+00  2.5000e+02  2.4000e-01  2.8263e+09  1.3698e+00
  2.5119e+00  2.5000e+02  2.6000e-01  2.9884e+09  1.3527e+00
  2.5119e+00  2.5000e+02  2.8000e-01  3.0552e+09  1.3377e+00
  2.5119e+00  2.5000e+02  3.0000e-01  3.0413e+09  1.3144e+00
  2.5119e+00  2.5000e+02  3.2000e-01  2.9640e+09  1.2910e+00
  2.5119e+00  2.5000e+02  3.4000e-01  2.8377e+09  1.2701e+00
  2.5119e+00  2.5000e+02  3.6000e-01  2.6968e+09  1.2495e+00
  2.5119e+00  2.5000e+02  3.8000e-01  2.4833e+09  1.2314e+00
  2.5119e+00  2.5000e+02  4.0000e-01  2.2327e+09  1.2124e+00
  2.5119e+00  2.5000e+02  4.2000e-01  1.8921e+09  1.2040e+00
  2.5119e+00  2.5000e+02  4.4000e-01  1.4529e+09  1.1850e+00
  2.5119e+00  2.5000e+02  4.6000e-01  4.4301e+08  1.1739e+00
  2.5119e+00  2.5000e+02  4.8000e-01  1.8591e+08  1.1942e+00
  2.5119e+00  2.5000e+02  5.0000e-01  1.0503e+07  1.1784e+00
  2.5119e+00  2.5000e+02  5.2000e-01  3.4568e+05  1.0011e+00
  2.5119e+00  2.5000e+02  5.4000e-01  5.1235e+06  8.0914e-01
  2.5119e+00  2.5000e+02  5.6000e-01  6.4544e+06  7.0006e-01
  2.5119e+00  2.5000e+02  5.8000e-01  5.7747e+06  6.0758e-01
  2.5119e+00  2.5000e+02  6.0000e-01  5.0214e+06  5.5503e-01
  2.5119e+00  3.0000e+02  1.0000e-02  7.0740e+07  2.0955e+00
  2.5119e+00  3.0000e+02  2.0000e-02  1.0550e+08  1.9396e+00
  2.5119e+00  3.0000e+02  4.0000e-02  1.6162e+08  1.8018e+00
  2.5119e+00  3.0000e+02  6.0000e-02  2.3494e+08  1.6777e+00
  2.5119e+00  3.0000e+02  8.0000e-02  3.2631e+08  1.5810e+00
  2.5119e+00  3.0000e+02  1.0000e-01  4.4672e+08  1.5217e+00
  2.5119e+00  3.0000e+02  1.2000e-01  5.9267e+08  1.4751e+00
  2.5119e+00  3.0000e+02  1.4000e-01  7.5203e+08  1.4489e+00
  2.5119e+00  3.0000e+02  1.6000e-01  9.2713e+08  1.4191e+00
  2.5119e+00  3.0000e+02  1.8000e-01  1.1138e+09  1.4019e+00
  2.5119e+00  3.0000e+02  2.0000e-01  1.2921e+09  1.3923e+00
  2.5119e+00  3.0000e+02  2.2000e-01  1.4619e+09  1.3814e+00
  2.5119e+00  3.0000e+02  2.4000e-01  1.5992e+09  1.3632e+00
  2.5119e+00  3.0000e+02  2.6000e-01  1.7062e+09  1.3506e+00
  2.5119e+00  3.0000e+02  2.8000e-01  1.7596e+09  1.3385e+00
  2.5119e+00  3.0000e+02  3.0000e-01  1.7785e+09  1.3201e+00
  2.5119e+00  3.0000e+02  3.2000e-01  1.7437e+09  1.3040e+00
  2.5119e+00  3.0000e+02  3.4000e-01  1.6762e+09  1.2807e+00
  2.5119e+00  3.0000e+02  3.6000e-01  1.5777e+09  1.2593e+00
  2.5119e+00  3.0000e+02  3.8000e-01  1.4306e+09  1.2471e+00
  2.5119e+00  3.0000e+02  4.0000e-01  1.2155e+09  1.2232e+00
  2.5119e+00  3.0000e+02  4.2000e-01  5.7829e+08  1.2224e+00
  2.5119e+00  3.0000e+02  4.4000e-01  3.8429e+08  1.2112e+00
  2.5119e+00  3.0000e+02  4.6000e-01  2.3173e+08  1.2573e+00
  2.5119e+00  3.0000e+02  4.8000e-01  1.2851e+08  1.2247e+00
  2.5119e+00  3.0000e+02  5.0000e-01  4.4218e+06  1.1741e+00
  2.5119e+00  3.0000e+02  5.2000e-01  3.3191e+05  1.1817e+00
  2.5119e+00  3.0000e+02  5.4000e-01  5.7714e+05  1.0603e+00
  2.5119e+00  3.0000e+02  5.6000e-01  2.2367e+06  8.3634e-01
  2.5119e+00  3.0000e+02  5.8000e-01  2.9340e+06  7.6257e-01
  2.5119e+00  3.0000e+02  6.0000e-01  2.8855e+06  7.2915e-01
  3.4145e+00  3.3246e+00  1.0000e-02  1.8985e+10  1.2748e+00
  3.4145e+00  3.3246e+00  2.0000e-02  1.8538e+10  1.2715e+00
  3.4145e+00  3.3246e+00  4.0000e-02  1.8030e+10  1.2696e+00
  3.4145e+00  3.3246e+00  6.0000e-02  1.7923e+10  1.2669e+00
  3.4145e+00  3.3246e+00  8.0000e-02  1.6604e+10  1.2566e+00
  3.4145e+00  3.3246e+00  1.0000e-01  2.1106e+10  1.2590e+00
  3.4145e+00  3.3246e+00  1.2000e-01  1.9262e+10  1.2560e+00
  3.4145e+00  3.3246e+00  1.4000e-01  1.5045e+10  1.1930e+00
  3.4145e+00  3.3246e+00  1.6000e-01  1.5490e+10  1.2851e+00
  3.4145e+00  3.3246e+00  1.8000e-01  2.0169e+10  1.4074e+00
  3.4145e+00  3.3246e+00  2.0000e-01  2.6970e+10  1.4860e+00
  3.4145e+00  3.3246e+00  2.2000e-01  3.2646e+10  1.5412e+00
  3.4145e+00  3.3246e+00  2.4000e-01  3.4682e+10  1.5049e+00
  3.4145e+00  3.3246e+00  2.6000e-01  3.1375e+10  1.4361e+00
  3.4145e+00  3.3246e+00  2.8000e-01  2.6813e+10  1.4021e+00
  3.4145e+00  3.3246e+00  3.0000e-01  2.2413e+10  1.4579e+00
  3.4145e+00  3.3246e+00  3.2000e-01  1.8052e+10  1.5697e+00
  3.4145e+00  3.3246e+00  3.4000e-01  1.2364e+10  1.6024e+00
  3.4145e+00  3.3246e+00  3.6000e-01  7.3480e+09  1.8105e+00
  3.4145e+00  3.3246e+00  3.8000e-01  2.9243e+09  1.8999e+00
  3.4145e+00  3.3246e+00  4.0000e-01  4.4647e+09  1.6085e+00
  3.4145e+00  3.3246e+00  4.2000e-01  1.9838e+10  1.3939e+00
  3.4145e+00  3.3246e+00  4.4000e-01  3.6451e+09  1.2103e+00
  3.4145e+00  3.3246e+00  4.6000e-01  1.2400e+07  6.5693e-01
  3.4145e+00  3.3246e+00  4.8000e-01  5.4921e+09  1.6927e+00
  3.4145e+00  3.3246e+00  5.0000e-01  3.4303e+10  3.6633e-01
  3.4145e+00  3.3246e+00  5.2000e-01  3.2220e+10  3.5421e-01
  3.4145e+00  3.3246e+00  5.4000e-01  2.5142e+10  4.0145e-01
  3.4145e+00  3.3246e+00  5.6000e-01  9.0927e+09  4.7478e-01
  3.4145e+00  3.3246e+00  5.8000e-01  2.1601e+09  8.4027e-01
  3.4145e+00  3.3246e+00  6.0000e-01  2.4170e+09  8.1093e-01
  3.4145e+00  4.0616e+00  1.0000e-02  1.9250e+10  1.2906e+00
  3.4145e+00  4.0616e+00  2.0000e-02  1.9127e+10  1.2813e+00
  3.4145e+00  4.0616e+00  4.0000e-02  1.8689e+10  1.2682e+00
  3.4145e+00  4.0616e+00  6.0000e-02  1.9214e+10  1.2651e+00
  3.4145e+00  4.0616e+00  8.0000e-02  1.8298e+10  1.2640e+00
  3.4145e+00  4.0616e+00  1.0000e-01  2.2720e+10  1.2765e+00
  3.4145e+00  4.0616e+00  1.2000e-01  2.1762e+10  1.2667e+00
  3.4145e+00  4.0616e+00  1.4000e-01  1.7435e+10  1.2325e+00
  3.4145e+00  4.0616e+00  1.6000e-01  1.6974e+10  1.2710e+00
  3.4145e+00  4.0616e+00  1.8000e-01  2.0002e+10  1.3714e+00
  3.4145e+00  4.0616e+00  2.0000e-01  2.7704e+10  1.5026e+00
  3.4145e+00  4.0616e+00  2.2000e-01  3.1378e+10  1.5434e+00
  3.4145e+00  4.0616e+00  2.4000e-01  3.4199e+10  1.5058e+00
  3.4145e+00  4.0616e+00  2.6000e-01  2.8210e+10  1.2923e+00
  3.4145e+00  4.0616e+00  2.8000e-01  2.3643e+10  1.2858e+00
  3.4145e+00  4.0616e+00  3.0000e-01  2.0901e+10  1.4032e+00
  3.4145e+00  4.0616e+00  3.2000e-01  1.9837e+10  1.5265e+00
  3.4145e+00  4.0616e+00  3.4000e-01  1.2317e+10  1.5709e+00
  3.4145e+00  4.0616e+00  3.6000e-01  7.8170e+09  1.8103e+00
  3.4145e+00  4.0616e+00  3.8000e-01  2.8183e+09  1.9076e+00
  3.4145e+00  4.0616e+00  4.0000e-01  4.5286e+09  1.5937e+00
  3.4145e+00  4.0616e+00  4.2000e-01  2.0540e+10  1.3995e+00
  3.4145e+00  4.0616e+00  4.4000e-01  3.6201e+09  1.1915e+00
  3.4145e+00  4.0616e+00  4.6000e-01  1.0003e+07  5.1418e-01
  3.4145e+00  4.0616e+00  4.8000e-01  6.3537e+09  1.8259e+00
  3.4145e+00  4.0616e+00  5.0000e-01  3.3457e+10  3.7379e-01
  3.4145e+00  4.0616e+00  5.2000e-01  3.1616e+10  3.5633e-01
  3.4145e+00  4.0616e+00  5.4000e-01  2.7389e+10  3.6362e-01
  3.4145e+00  4.0616e+00  5.6000e-01  1.9197e+10  3.8367e-01
  3.4145e+00  4.0616e+00  5.8000e-01  8.0751e+09  4.7310e-01
  3.4145e+00  4.0616e+00  6.0000e-01  2.0422e+09  7.9237e-01
  3.4145e+00  4.9619e+00  1.0000e-02  1.7061e+10  1.3111e+00
  3.4145e+00  4.9619e+00  2.0000e-02  1.7368e+10  1.3005e+00
  3.4145e+00  4.9619e+00  4.0000e-02  1.7307e+10  1.2908e+00
  3.4145e+00  4.9619e+00  6.0000e-02  1.7939e+10  1.2882e+00
  3.4145e+00  4.9619e+00  8.0000e-02  1.5911e+10  1.2750e+00
  3.4145e+00  4.9619e+00  1.0000e-01  1.8380e+10  1.2917e+00
  3.4145e+00  4.9619e+00  1.2000e-01  1.8900e+10  1.2899e+00
  3.4145e+00  4.9619e+00  1.4000e-01  1.7453e+10  1.2900e+00
  3.4145e+00  4.9619e+00  1.6000e-01  1.6382e+10  1.2983e+00
  3.4145e+00  4.9619e+00  1.8000e-01  1.7654e+10  1.3586e+00
  3.4145e+00  4.9619e+00  2.0000e-01  2.2160e+10  1.4161e+00
  3.4145e+00  4.9619e+00  2.2000e-01  2.8688e+10  1.4509e+00
  3.4145e+00  4.9619e+00  2.4000e-01  3.2986e+10  1.3593e+00
  3.4145e+00  4.9619e+00  2.6000e-01  2.5921e+10  1.2287e+00
  3.4145e+00  4.9619e+00  2.8000e-01  2.4865e+10  1.3363e+00
  3.4145e+00  4.9619e+00  3.0000e-01  2.3030e+10  1.4843e+00
  3.4145e+00  4.9619e+00  3.2000e-01  1.9891e+10  1.5376e+00
  3.4145e+00  4.9619e+00  3.4000e-01  1.2621e+10  1.5868e+00
  3.4145e+00  4.9619e+00  3.6000e-01  8.3114e+09  1.8128e+00
  3.4145e+00  4.9619e+00  3.8000e-01  2.8182e+09  1.9369e+00
  3.4145e+00  4.9619e+00  4.0000e-01  4.5076e+09  1.5819e+00
  3.4145e+00  4.9619e+00  4.2000e-01  2.1469e+10  1.4095e+00
  3.4145e+00  4.9619e+00  4.4000e-01  3.5093e+09  1.1805e+00
  3.4145e+00  4.9619e+00  4.6000e-01  1.6013e+07  6.9277e-01
  3.4145e+00  4.9619e+00  4.8000e-01  6.1719e+09  1.8629e+00
  3.4145e+00  4.9619e+00  5.0000e-01  3.2284e+10  3.7847e-01
  3.4145e+00  4.9619e+00  5.2000e-01  3.0282e+10  3.5399e-01
  3.4145e+00  4.9619e+00  5.4000e-01  2.8792e+10  3.5910e-01
  3.4145e+00  4.9619e+00  5.6000e-01  2.3974e+10  3.6866e-01
  3.4145e+00  4.9619e+00  5.8000e-01  1.5291e+10  3.9593e-01
  3.4145e+00  4.9619e+00  6.0000e-01  6.6771e+09  4.6349e-01
  3.4145e+00  6.0619e+00  1.0000e-02  1.6234e+10  1.3340e+00
  3.4145e+00  6.0619e+00  2.0000e-02  1.5608e+10  1.3301e+00
  3.4145e+00  6.0619e+00  4.0000e-02  1.5205e+10  1.3212e+00
  3.4145e+00  6.0619e+00  6.0000e-02  1.6438e+10  1.3167e+00
  3.4145e+00  6.0619e+00  8.0000e-02  1.3986e+10  1.3079e+00
  3.4145e+00  6.0619e+00  1.0000e-01  1.5020e+10  1.3267e+00
  3.4145e+00  6.0619e+00  1.2000e-01  1.7116e+10  1.3276e+00
  3.4145e+00  6.0619e+00  1.4000e-01  1.7744e+10  1.3135e+00
  3.4145e+00  6.0619e+00  1.6000e-01  1.6898e+10  1.3017e+00
  3.4145e+00  6.0619e+00  1.8000e-01  1.6965e+10  1.3268e+00
  3.4145e+00  6.0619e+00  2.0000e-01  2.0974e+10  1.3764e+00
  3.4145e+00  6.0619e+00  2.2000e-01  2.9223e+10  1.4497e+00
  3.4145e+00  6.0619e+00  2.4000e-01  3.1938e+10  1.3300e+00
  3.4145e+00  6.0619e+00  2.6000e-01  2.5003e+10  1.2545e+00
  3.4145e+00  6.0619e+00  2.8000e-01  2.4249e+10  1.4088e+00
  3.4145e+00  6.0619e+00  3.0000e-01  2.3420e+10  1.5448e+00
  3.4145e+00  6.0619e+00  3.2000e-01  1.7376e+10  1.5077e+00
  3.4145e+00  6.0619e+00  3.4000e-01  1.3025e+10  1.6422e+00
  3.4145e+00  6.0619e+00  3.6000e-01  8.7435e+09  1.8383e+00
  3.4145e+00  6.0619e+00  3.8000e-01  2.9593e+09  1.9588e+00
  3.4145e+00  6.0619e+00  4.0000e-01  4.3929e+09  1.5661e+00
  3.4145e+00  6.0619e+00  4.2000e-01  2.2804e+10  1.4180e+00
  3.4145e+00  6.0619e+00  4.4000e-01  3.2731e+09  1.1807e+00
  3.4145e+00  6.0619e+00  4.6000e-01  2.9449e+07  8.8523e-01
  3.4145e+00  6.0619e+00  4.8000e-01  5.6060e+09  1.8643e+00
  3.4145e+00  6.0619e+00  5.0000e-01  3.1121e+10  3.8745e-01
  3.4145e+00  6.0619e+00  5.2000e-01  2.8592e+10  3.5797e-01
  3.4145e+00  6.0619e+00  5.4000e-01  2.7871e+10  3.5974e-01
  3.4145e+00  6.0619e+00  5.6000e-01  2.5641e+10  3.6736e-01
  3.4145e+00  6.0619e+00  5.8000e-01  2.2062e+10  3.7231e-01
  3.4145e+00  6.0619e+00  6.0000e-01  1.5463e+10  3.9678e-01
  3.4145e+00  7.4057e+00  1.0000e-02  1.6358e+10  1.3071e+00
  3.4145e+00  7.4057e+00  2.0000e-02  1.5897e+10  1.3089e+00
  3.4145e+00  7.4057e+00  4.0000e-02  1.5406e+10  1.3041e+00
  3.4145e+00  7.4057e+00  6.0000e-02  1.6274e+10  1.3055e+00
  3.4145e+00  7.4057e+00  8.0000e-02  1.4926e+10  1.2882e+00
  3.4145e+00  7.4057e+00  1.0000e-01  1.3983e+10  1.2953e+00
  3.4145e+00  7.4057e+00  1.2000e-01  1.5171e+10  1.3017e+00
  3.4145e+00  7.4057e+00  1.4000e-01  1.5866e+10  1.2875e+00
  3.4145e+00  7.4057e+00  1.6000e-01  1.5532e+10  1.2831e+00
  3.4145e+00  7.4057e+00  1.8000e-01  1.7381e+10  1.3420e+00
  3.4145e+00  7.4057e+00  2.0000e-01  2.3174e+10  1.4002e+00
  3.4145e+00  7.4057e+00  2.2000e-01  3.0220e+10  1.4842e+00
  3.4145e+00  7.4057e+00  2.4000e-01  3.2511e+10  1.3927e+00
  3.4145e+00  7.4057e+00  2.6000e-01  2.5410e+10  1.3227e+00
  3.4145e+00  7.4057e+00  2.8000e-01  2.3842e+10  1.4695e+00
  3.4145e+00  7.4057e+00  3.0000e-01  2.3588e+10  1.5480e+00
  3.4145e+00  7.4057e+00  3.2000e-01  1.7336e+10  1.4908e+00
  3.4145e+00  7.4057e+00  3.4000e-01  1.4037e+10  1.6530e+00
  3.4145e+00  7.4057e+00  3.6000e-01  9.5185e+09  1.8631e+00
  3.4145e+00  7.4057e+00  3.8000e-01  3.2317e+09  1.9832e+00
  3.4145e+00  7.4057e+00  4.0000e-01  4.1345e+09  1.5558e+00
  3.4145e+00  7.4057e+00  4.2000e-01  2.4146e+10  1.4341e+00
  3.4145e+00  7.4057e+00  4.4000e-01  2.5511e+09  1.1761e+00
  3.4145e+00  7.4057e+00  4.6000e-01  3.8752e+07  9.7685e-01
  3.4145e+00  7.4057e+00  4.8000e-01  4.8822e+09  1.8565e+00
  3.4145e+00  7.4057e+00  5.0000e-01  2.9653e+10  3.9701e-01
  3.4145e+00  7.4057e+00  5.2000e-01  2.6505e+10  3.5932e-01
  3.4145e+00  7.4057e+00  5.4000e-01  2.6169e+10  3.6030e-01
  3.4145e+00  7.4057e+00  5.6000e-01  2.5209e+10  3.6220e-01
  3.4145e+00  7.4057e+00  5.8000e-01  2.3298e+10  3.6679e-01
  3.4145e+00  7.4057e+00  6.0000e-01  2.0048e+10  3.7874e-01
  3.4145e+00  9.0474e+00  1.0000e-02  1.6421e+10  1.2533e+00
  3.4145e+00  9.0474e+00  2.0000e-02  1.6222e+10  1.2576e+00
  3.4145e+00  9.0474e+00  4.0000e-02  1.5877e+10  1.2576e+00
  3.4145e+00  9.0474e+00  6.0000e-02  1.6398e+10  1.2675e+00
  3.4145e+00  9.0474e+00  8.0000e-02  1.6170e+10  1.2506e+00
  3.4145e+00  9.0474e+00  1.0000e-01  1.5259e+10  1.2513e+00
  3.4145e+00  9.0474e+00  1.2000e-01  1.5870e+10  1.2584e+00
  3.4145e+00  9.0474e+00  1.4000e-01  1.6445e+10  1.2592e+00
  3.4145e+00  9.0474e+00  1.6000e-01  1.6863e+10  1.2892e+00
  3.4145e+00  9.0474e+00  1.8000e-01  2.0049e+10  1.3741e+00
  3.4145e+00  9.0474e+00  2.0000e-01  2.5386e+10  1.4326e+00
  3.4145e+00  9.0474e+00  2.2000e-01  2.9794e+10  1.4935e+00
  3.4145e+00  9.0474e+00  2.4000e-01  3.2832e+10  1.4940e+00
  3.4145e+00  9.0474e+00  2.6000e-01  2.5930e+10  1.3716e+00
  3.4145e+00  9.0474e+00  2.8000e-01  2.3378e+10  1.4831e+00
  3.4145e+00  9.0474e+00  3.0000e-01  2.3393e+10  1.5378e+00
  3.4145e+00  9.0474e+00  3.2000e-01  1.8494e+10  1.4980e+00
  3.4145e+00  9.0474e+00  3.4000e-01  1.5231e+10  1.6444e+00
  3.4145e+00  9.0474e+00  3.6000e-01  1.0486e+10  1.8987e+00
  3.4145e+00  9.0474e+00  3.8000e-01  3.6132e+09  2.0058e+00
  3.4145e+00  9.0474e+00  4.0000e-01  3.7105e+09  1.5560e+00
  3.4145e+00  9.0474e+00  4.2000e-01  2.6301e+10  1.4470e+00
  3.4145e+00  9.0474e+00  4.4000e-01  1.3322e+09  1.1726e+00
  3.4145e+00  9.0474e+00  4.6000e-01  4.5659e+07  9.3352e-01
  3.4145e+00  9.0474e+00  4.8000e-01  4.0799e+09  1.8253e+00
  3.4145e+00  9.0474e+00  5.0000e-01  2.7901e+10  4.0724e-01
  3.4145e+00  9.0474e+00  5.2000e-01  2.4094e+10  3.6042e-01
  3.4145e+00  9.0474e+00  5.4000e-01  2.3788e+10  3.5962e-01
  3.4145e+00  9.0474e+00  5.6000e-01  2.3189e+10  3.6221e-01
  3.4145e+00  9.0474e+00  5.8000e-01  2.2270e+10  3.6460e-01
  3.4145e+00  9.0474e+00  6.0000e-01  2.0974e+10  3.6936e-01
  3.4145e+00  1.1053e+01  1.0000e-02  1.6481e+10  1.2653e+00
  3.4145e+00  1.1053e+01  2.0000e-02  1.6139e+10  1.2534e+00
  3.4145e+00  1.1053e+01  4.0000e-02  1.6080e+10  1.2464e+00
  3.4145e+00  1.1053e+01  6.0000e-02  1.5685e+10  1.2483e+00
  3.4145e+00  1.1053e+01  8.0000e-02  1.5878e+10  1.2474e+00
  3.4145e+00  1.1053e+01  1.0000e-01  1.5784e+10  1.2505e+00
  3.4145e+00  1.1053e+01  1.2000e-01  1.6562e+10  1.2577e+00
  3.4145e+00  1.1053e+01  1.4000e-01  1.7339e+10  1.2687e+00
  3.4145e+00  1.1053e+01  1.6000e-01  1.8483e+10  1.3142e+00
  3.4145e+00  1.1053e+01  1.8000e-01  2.1930e+10  1.3965e+00
  3.4145e+00  1.1053e+01  2.0000e-01  2.6294e+10  1.4505e+00
  3.4145e+00  1.1053e+01  2.2000e-01  2.9280e+10  1.4981e+00
  3.4145e+00  1.1053e+01  2.4000e-01  3.2628e+10  1.5599e+00
  3.4145e+00  1.1053e+01  2.6000e-01  2.6140e+10  1.3759e+00
  3.4145e+00  1.1053e+01  2.8000e-01  2.2823e+10  1.4575e+00
  3.4145e+00  1.1053e+01  3.0000e-01  2.2895e+10  1.5164e+00
  3.4145e+00  1.1053e+01  3.2000e-01  2.1298e+10  1.5360e+00
  3.4145e+00  1.1053e+01  3.4000e-01  1.6139e+10  1.5896e+00
  3.4145e+00  1.1053e+01  3.6000e-01  1.2143e+10  1.8879e+00
  3.4145e+00  1.1053e+01  3.8000e-01  4.0949e+09  2.0150e+00
  3.4145e+00  1.1053e+01  4.0000e-01  3.1325e+09  1.5746e+00
  3.4145e+00  1.1053e+01  4.2000e-01  2.8260e+10  1.4758e+00
  3.4145e+00  1.1053e+01  4.4000e-01  6.6522e+08  1.2035e+00
  3.4145e+00  1.1053e+01  4.6000e-01  4.9043e+07  9.4069e-01
  3.4145e+00  1.1053e+01  4.8000e-01  3.2271e+09  1.7873e+00
  3.4145e+00  1.1053e+01  5.0000e-01  2.5947e+10  4.1935e-01
  3.4145e+00  1.1053e+01  5.2000e-01  2.1391e+10  3.6469e-01
  3.4145e+00  1.1053e+01  5.4000e-01  2.0952e+10  3.6401e-01
  3.4145e+00  1.1053e+01  5.6000e-01  2.0502e+10  3.6635e-01
  3.4145e+00  1.1053e+01  5.8000e-01  1.9845e+10  3.6562e-01
  3.4145e+00  1.1053e+01  6.0000e-01  1.9040e+10  3.6754e-01
  3.4145e+00  1.3503e+01  1.0000e-02  1.7375e+10  1.2850e+00
  3.4145e+00  1.3503e+01  2.0000e-02  1.7239e+10  1.2769e+00
  3.4145e+00  1.3503e+01  4.0000e-02  1.6893e+10  1.2695e+00
  3.4145e+00  1.3503e+01  6.0000e-02  1.6561e+10  1.2639e+00
  3.4145e+00  1.3503e+01  8.0000e-02  1.6385e+10  1.2590e+00
  3.4145e+00  1.3503e+01  1.0000e-01  1.6361e+10  1.2596e+00
  3.4145e+00  1.3503e+01  1.2000e-01  1.7186e+10  1.2637e+00
  3.4145e+00  1.3503e+01  1.4000e-01  1.7935e+10  1.2727e+00
  3.4145e+00  1.3503e+01  1.6000e-01  1.9102e+10  1.3169e+00
  3.4145e+00  1.3503e+01  1.8000e-01  2.2224e+10  1.3951e+00
  3.4145e+00  1.3503e+01  2.0000e-01  2.6197e+10  1.4455e+00
  3.4145e+00  1.3503e+01  2.2000e-01  2.8987e+10  1.4853e+00
  3.4145e+00  1.3503e+01  2.4000e-01  3.2691e+10  1.5776e+00
  3.4145e+00  1.3503e+01  2.6000e-01  2.5895e+10  1.3360e+00
  3.4145e+00  1.3503e+01  2.8000e-01  2.2018e+10  1.4030e+00
  3.4145e+00  1.3503e+01  3.0000e-01  2.2186e+10  1.4838e+00
  3.4145e+00  1.3503e+01  3.2000e-01  2.3413e+10  1.5465e+00
  3.4145e+00  1.3503e+01  3.4000e-01  1.6680e+10  1.5306e+00
  3.4145e+00  1.3503e+01  3.6000e-01  1.4206e+10  1.8899e+00
  3.4145e+00  1.3503e+01  3.8000e-01  4.6774e+09  2.0066e+00
  3.4145e+00  1.3503e+01  4.0000e-01  2.4592e+09  1.6446e+00
  3.4145e+00  1.3503e+01  4.2000e-01  2.9335e+10  1.5137e+00
  3.4145e+00  1.3503e+01  4.4000e-01  3.9891e+08  1.1875e+00
  3.4145e+00  1.3503e+01  4.6000e-01  5.0118e+07  9.5985e-01
  3.4145e+00  1.3503e+01  4.8000e-01  2.3394e+09  1.7340e+00
  3.4145e+00  1.3503e+01  5.0000e-01  2.3621e+10  4.3643e-01
  3.4145e+00  1.3503e+01  5.2000e-01  1.8367e+10  3.6533e-01
  3.4145e+00  1.3503e+01  5.4000e-01  1.7734e+10  3.6858e-01
  3.4145e+00  1.3503e+01  5.6000e-01  1.7162e+10  3.6878e-01
  3.4145e+00  1.3503e+01  5.8000e-01  1.6509e+10  3.7047e-01
  3.4145e+00  1.3503e+01  6.0000e-01  1.5885e+10  3.7353e-01
  3.4145e+00  1.6496e+01  1.0000e-02  1.6539e+10  1.2929e+00
  3.4145e+00  1.6496e+01  2.0000e-02  1.7223e+10  1.2890e+00
  3.4145e+00  1.6496e+01  4.0000e-02  1.7389e+10  1.2800e+00
  3.4145e+00  1.6496e+01  6.0000e-02  1.7348e+10  1.2749e+00
  3.4145e+00  1.6496e+01  8.0000e-02  1.7226e+10  1.2679e+00
  3.4145e+00  1.6496e+01  1.0000e-01  1.7020e+10  1.2658e+00
  3.4145e+00  1.6496e+01  1.2000e-01  1.7750e+10  1.2677e+00
  3.4145e+00  1.6496e+01  1.4000e-01  1.8262e+10  1.2682e+00
  3.4145e+00  1.6496e+01  1.6000e-01  1.8678e+10  1.2963e+00
  3.4145e+00  1.6496e+01  1.8000e-01  2.1005e+10  1.3714e+00
  3.4145e+00  1.6496e+01  2.0000e-01  2.4955e+10  1.4256e+00
  3.4145e+00  1.6496e+01  2.2000e-01  2.8566e+10  1.4568e+00
  3.4145e+00  1.6496e+01  2.4000e-01  3.3536e+10  1.5721e+00
  3.4145e+00  1.6496e+01  2.6000e-01  2.4751e+10  1.2571e+00
  3.4145e+00  1.6496e+01  2.8000e-01  2.0642e+10  1.3259e+00
  3.4145e+00  1.6496e+01  3.0000e-01  2.0947e+10  1.4372e+00
  3.4145e+00  1.6496e+01  3.2000e-01  2.3284e+10  1.5214e+00
  3.4145e+00  1.6496e+01  3.4000e-01  1.8002e+10  1.5331e+00
  3.4145e+00  1.6496e+01  3.6000e-01  1.6508e+10  1.9032e+00
  3.4145e+00  1.6496e+01  3.8000e-01  5.4351e+09  1.9935e+00
  3.4145e+00  1.6496e+01  4.0000e-01  1.8175e+09  1.8114e+00
  3.4145e+00  1.6496e+01  4.2000e-01  2.2965e+10  1.4963e+00
  3.4145e+00  1.6496e+01  4.4000e-01  2.5553e+08  1.1952e+00
  3.4145e+00  1.6496e+01  4.6000e-01  4.7572e+07  9.5383e-01
  3.4145e+00  1.6496e+01  4.8000e-01  1.4568e+09  1.6508e+00
  3.4145e+00  1.6496e+01  5.0000e-01  2.1025e+10  4.5429e-01
  3.4145e+00  1.6496e+01  5.2000e-01  1.5216e+10  3.7386e-01
  3.4145e+00  1.6496e+01  5.4000e-01  1.4176e+10  3.7384e-01
  3.4145e+00  1.6496e+01  5.6000e-01  1.3395e+10  3.7338e-01
  3.4145e+00  1.6496e+01  5.8000e-01  1.2719e+10  3.7740e-01
  3.4145e+00  1.6496e+01  6.0000e-01  1.2052e+10  3.8007e-01
  3.4145e+00  2.0153e+01  1.0000e-02  1.4788e+10  1.2753e+00
  3.4145e+00  2.0153e+01  2.0000e-02  1.6264e+10  1.2903e+00
  3.4145e+00  2.0153e+01  4.0000e-02  1.7220e+10  1.2868e+00
  3.4145e+00  2.0153e+01  6.0000e-02  1.7365e+10  1.2808e+00
  3.4145e+00  2.0153e+01  8.0000e-02  1.7621e+10  1.2749e+00
  3.4145e+00  2.0153e+01  1.0000e-01  1.7254e+10  1.2697e+00
  3.4145e+00  2.0153e+01  1.2000e-01  1.8074e+10  1.2706e+00
  3.4145e+00  2.0153e+01  1.4000e-01  1.8486e+10  1.2600e+00
  3.4145e+00  2.0153e+01  1.6000e-01  1.7882e+10  1.2611e+00
  3.4145e+00  2.0153e+01  1.8000e-01  1.8641e+10  1.3126e+00
  3.4145e+00  2.0153e+01  2.0000e-01  2.2321e+10  1.3805e+00
  3.4145e+00  2.0153e+01  2.2000e-01  2.7170e+10  1.4058e+00
  3.4145e+00  2.0153e+01  2.4000e-01  3.4617e+10  1.5556e+00
  3.4145e+00  2.0153e+01  2.6000e-01  2.2068e+10  1.1478e+00
  3.4145e+00  2.0153e+01  2.8000e-01  1.8392e+10  1.2305e+00
  3.4145e+00  2.0153e+01  3.0000e-01  1.9124e+10  1.3809e+00
  3.4145e+00  2.0153e+01  3.2000e-01  2.2130e+10  1.5091e+00
  3.4145e+00  2.0153e+01  3.4000e-01  2.1115e+10  1.5779e+00
  3.4145e+00  2.0153e+01  3.6000e-01  2.0332e+10  1.9121e+00
  3.4145e+00  2.0153e+01  3.8000e-01  6.6332e+09  1.9851e+00
  3.4145e+00  2.0153e+01  4.0000e-01  1.2218e+09  2.2266e+00
  3.4145e+00  2.0153e+01  4.2000e-01  1.1730e+10  1.4257e+00
  3.4145e+00  2.0153e+01  4.4000e-01  1.7495e+08  1.2059e+00
  3.4145e+00  2.0153e+01  4.6000e-01  4.2931e+07  9.5973e-01
  3.4145e+00  2.0153e+01  4.8000e-01  6.2826e+08  1.4737e+00
  3.4145e+00  2.0153e+01  5.0000e-01  1.8303e+10  4.7790e-01
  3.4145e+00  2.0153e+01  5.2000e-01  1.1804e+10  3.7934e-01
  3.4145e+00  2.0153e+01  5.4000e-01  1.0531e+10  3.8205e-01
  3.4145e+00  2.0153e+01  5.6000e-01  9.6879e+09  3.8591e-01
  3.4145e+00  2.0153e+01  5.8000e-01  8.9855e+09  3.8729e-01
  3.4145e+00  2.0153e+01  6.0000e-01  8.3363e+09  3.9129e-01
  3.4145e+00  2.4621e+01  1.0000e-02  1.4051e+10  1.2502e+00
  3.4145e+00  2.4621e+01  2.0000e-02  1.4790e+10  1.2737e+00
  3.4145e+00  2.4621e+01  4.0000e-02  1.6597e+10  1.2898e+00
  3.4145e+00  2.4621e+01  6.0000e-02  1.7078e+10  1.2852e+00
  3.4145e+00  2.4621e+01  8.0000e-02  1.7545e+10  1.2813e+00
  3.4145e+00  2.4621e+01  1.0000e-01  1.7364e+10  1.2732e+00
  3.4145e+00  2.4621e+01  1.2000e-01  1.7577e+10  1.2738e+00
  3.4145e+00  2.4621e+01  1.4000e-01  1.8627e+10  1.2690e+00
  3.4145e+00  2.4621e+01  1.6000e-01  1.8248e+10  1.2466e+00
  3.4145e+00  2.4621e+01  1.8000e-01  1.6766e+10  1.2409e+00
  3.4145e+00  2.4621e+01  2.0000e-01  1.7859e+10  1.2970e+00
  3.4145e+00  2.4621e+01  2.2000e-01  2.2834e+10  1.3378e+00
  3.4145e+00  2.4621e+01  2.4000e-01  3.0960e+10  1.4026e+00
  3.4145e+00  2.4621e+01  2.6000e-01  1.7481e+10  9.8845e-01
  3.4145e+00  2.4621e+01  2.8000e-01  1.3735e+10  1.0697e+00
  3.4145e+00  2.4621e+01  3.0000e-01  1.5787e+10  1.2692e+00
  3.4145e+00  2.4621e+01  3.2000e-01  1.9708e+10  1.4007e+00
  3.4145e+00  2.4621e+01  3.4000e-01  2.2715e+10  1.4695e+00
  3.4145e+00  2.4621e+01  3.6000e-01  2.5613e+10  1.6505e+00
  3.4145e+00  2.4621e+01  3.8000e-01  1.9564e+10  1.6747e+00
  3.4145e+00  2.4621e+01  4.0000e-01  3.2034e+09  1.7778e+00
  3.4145e+00  2.4621e+01  4.2000e-01  3.1318e+09  1.3267e+00
  3.4145e+00  2.4621e+01  4.4000e-01  1.2708e+08  1.2006e+00
  3.4145e+00  2.4621e+01  4.6000e-01  3.7371e+07  9.7231e-01
  3.4145e+00  2.4621e+01  4.8000e-01  1.7820e+08  1.1048e+00
  3.4145e+00  2.4621e+01  5.0000e-01  1.5334e+10  5.0267e-01
  3.4145e+00  2.4621e+01  5.2000e-01  8.5220e+09  3.8816e-01
  3.4145e+00  2.4621e+01  5.4000e-01  7.2706e+09  3.9345e-01
  3.4145e+00  2.4621e+01  5.6000e-01  6.5746e+09  4.0121e-01
  3.4145e+00  2.4621e+01  5.8000e-01  5.9757e+09  4.0405e-01
  3.4145e+00  2.4621e+01  6.0000e-01  5.3812e+09  4.0535e-01
  3.4145e+00  3.0079e+01  1.0000e-02  1.5904e+10  1.2446e+00
  3.4145e+00  3.0079e+01  2.0000e-02  1.3910e+10  1.2504e+00
  3.4145e+00  3.0079e+01  4.0000e-02  1.5392e+10  1.2802e+00
  3.4145e+00  3.0079e+01  6.0000e-02  1.6495e+10  1.2868e+00
  3.4145e+00  3.0079e+01  8.0000e-02  1.7175e+10  1.2857e+00
  3.4145e+00  3.0079e+01  1.0000e-01  1.7242e+10  1.2778e+00
  3.4145e+00  3.0079e+01  1.2000e-01  1.7195e+10  1.2752e+00
  3.4145e+00  3.0079e+01  1.4000e-01  1.8101e+10  1.2766e+00
  3.4145e+00  3.0079e+01  1.6000e-01  1.8788e+10  1.2639e+00
  3.4145e+00  3.0079e+01  1.8000e-01  1.8091e+10  1.2420e+00
  3.4145e+00  3.0079e+01  2.0000e-01  1.6945e+10  1.2392e+00
  3.4145e+00  3.0079e+01  2.2000e-01  1.7632e+10  1.2850e+00
  3.4145e+00  3.0079e+01  2.4000e-01  2.1223e+10  1.3323e+00
  3.4145e+00  3.0079e+01  2.6000e-01  2.7016e+10  1.3290e+00
  3.4145e+00  3.0079e+01  2.8000e-01  3.2091e+10  1.2821e+00
  3.4145e+00  3.0079e+01  3.0000e-01  1.4065e+10  9.7192e-01
  3.4145e+00  3.0079e+01  3.2000e-01  1.3172e+10  1.1090e+00
  3.4145e+00  3.0079e+01  3.4000e-01  1.2239e+10  1.2280e+00
  3.4145e+00  3.0079e+01  3.6000e-01  1.4459e+10  1.3542e+00
  3.4145e+00  3.0079e+01  3.8000e-01  1.3950e+10  1.5021e+00
  3.4145e+00  3.0079e+01  4.0000e-01  1.4484e+10  1.9054e+00
  3.4145e+00  3.0079e+01  4.2000e-01  9.9207e+09  2.0041e+00
  3.4145e+00  3.0079e+01  4.4000e-01  1.0046e+08  1.1690e+00
  3.4145e+00  3.0079e+01  4.6000e-01  3.0712e+07  9.9030e-01
  3.4145e+00  3.0079e+01  4.8000e-01  9.4138e+07  9.2617e-01
  3.4145e+00  3.0079e+01  5.0000e-01  1.2389e+10  5.3574e-01
  3.4145e+00  3.0079e+01  5.2000e-01  5.7810e+09  4.0470e-01
  3.4145e+00  3.0079e+01  5.4000e-01  4.7065e+09  4.0424e-01
  3.4145e+00  3.0079e+01  5.6000e-01  4.1073e+09  4.0367e-01
  3.4145e+00  3.0079e+01  5.8000e-01  3.6544e+09  4.0561e-01
  3.4145e+00  3.0079e+01  6.0000e-01  3.2363e+09  4.0561e-01
  3.4145e+00  3.6747e+01  1.0000e-02  1.7091e+10  1.3079e+00
  3.4145e+00  3.6747e+01  2.0000e-02  1.4708e+10  1.2440e+00
  3.4145e+00  3.6747e+01  4.0000e-02  1.4070e+10  1.2584e+00
  3.4145e+00  3.6747e+01  6.0000e-02  1.5432e+10  1.2792e+00
  3.4145e+00  3.6747e+01  8.0000e-02  1.6443e+10  1.2869e+00
  3.4145e+00  3.6747e+01  1.0000e-01  1.6905e+10  1.2827e+00
  3.4145e+00  3.6747e+01  1.2000e-01  1.6741e+10  1.2772e+00
  3.4145e+00  3.6747e+01  1.4000e-01  1.7399e+10  1.2795e+00
  3.4145e+00  3.6747e+01  1.6000e-01  1.8395e+10  1.2740e+00
  3.4145e+00  3.6747e+01  1.8000e-01  1.8359e+10  1.2539e+00
  3.4145e+00  3.6747e+01  2.0000e-01  1.7276e+10  1.2344e+00
  3.4145e+00  3.6747e+01  2.2000e-01  1.6808e+10  1.2504e+00
  3.4145e+00  3.6747e+01  2.4000e-01  1.8495e+10  1.3061e+00
  3.4145e+00  3.6747e+01  2.6000e-01  2.2679e+10  1.3314e+00
  3.4145e+00  3.6747e+01  2.8000e-01  2.8538e+10  1.3431e+00
  3.4145e+00  3.6747e+01  3.0000e-01  2.1305e+10  1.0639e+00
  3.4145e+00  3.6747e+01  3.2000e-01  1.2921e+10  9.9650e-01
  3.4145e+00  3.6747e+01  3.4000e-01  1.0915e+10  1.1028e+00
  3.4145e+00  3.6747e+01  3.6000e-01  1.1464e+10  1.2385e+00
  3.4145e+00  3.6747e+01  3.8000e-01  1.1780e+10  1.3249e+00
  3.4145e+00  3.6747e+01  4.0000e-01  2.0501e+10  1.9912e+00
  3.4145e+00  3.6747e+01  4.2000e-01  1.9011e+10  1.9905e+00
  3.4145e+00  3.6747e+01  4.4000e-01  1.0647e+08  1.0508e+00
  3.4145e+00  3.6747e+01  4.6000e-01  2.2760e+07  9.6180e-01
  3.4145e+00  3.6747e+01  4.8000e-01  6.1127e+07  8.5518e-01
  3.4145e+00  3.6747e+01  5.0000e-01  9.3711e+09  5.7567e-01
  3.4145e+00  3.6747e+01  5.2000e-01  3.6392e+09  4.0847e-01
  3.4145e+00  3.6747e+01  5.4000e-01  2.8686e+09  4.0513e-01
  3.4145e+00  3.6747e+01  5.6000e-01  2.4882e+09  4.0435e-01
  3.4145e+00  3.6747e+01  5.8000e-01  2.1715e+09  4.0279e-01
  3.4145e+00  3.6747e+01  6.0000e-01  1.9054e+09  4.0392e-01
  3.4145e+00  4.4893e+01  1.0000e-02  1.1537e+10  1.6370e+00
  3.4145e+00  4.4893e+01  2.0000e-02  1.8976e+10  1.2709e+00
  3.4145e+00  4.4893e+01  4.0000e-02  1.3611e+10  1.2434e+00
  3.4145e+00  4.4893e+01  6.0000e-02  1.4105e+10  1.2602e+00
  3.4145e+00  4.4893e+01  8.0000e-02  1.5182e+10  1.2777e+00
  3.4145e+00  4.4893e+01  1.0000e-01  1.6206e+10  1.2840e+00
  3.4145e+00  4.4893e+01  1.2000e-01  1.6191e+10  1.2798e+00
  3.4145e+00  4.4893e+01  1.4000e-01  1.6500e+10  1.2807e+00
  3.4145e+00  4.4893e+01  1.6000e-01  1.7545e+10  1.2808e+00
  3.4145e+00  4.4893e+01  1.8000e-01  1.8043e+10  1.2671e+00
  3.4145e+00  4.4893e+01  2.0000e-01  1.7324e+10  1.2435e+00
  3.4145e+00  4.4893e+01  2.2000e-01  1.6418e+10  1.2360e+00
  3.4145e+00  4.4893e+01  2.4000e-01  1.6952e+10  1.2723e+00
  3.4145e+00  4.4893e+01  2.6000e-01  1.9817e+10  1.3228e+00
  3.4145e+00  4.4893e+01  2.8000e-01  2.4635e+10  1.3205e+00
  3.4145e+00  4.4893e+01  3.0000e-01  3.3198e+10  1.5701e+00
  3.4145e+00  4.4893e+01  3.2000e-01  1.3519e+10  9.4334e-01
  3.4145e+00  4.4893e+01  3.4000e-01  1.1971e+10  1.0517e+00
  3.4145e+00  4.4893e+01  3.6000e-01  9.9934e+09  1.2041e+00
  3.4145e+00  4.4893e+01  3.8000e-01  1.0945e+10  1.2784e+00
  3.4145e+00  4.4893e+01  4.0000e-01  1.7466e+10  1.7593e+00
  3.4145e+00  4.4893e+01  4.2000e-01  6.0894e+09  1.6350e+00
  3.4145e+00  4.4893e+01  4.4000e-01  3.3553e+09  1.5218e+00
  3.4145e+00  4.4893e+01  4.6000e-01  1.6954e+07  9.3253e-01
  3.4145e+00  4.4893e+01  4.8000e-01  4.2958e+07  8.8093e-01
  3.4145e+00  4.4893e+01  5.0000e-01  6.4683e+09  6.3321e-01
  3.4145e+00  4.4893e+01  5.2000e-01  2.2159e+09  4.1394e-01
  3.4145e+00  4.4893e+01  5.4000e-01  1.7073e+09  4.0128e-01
  3.4145e+00  4.4893e+01  5.6000e-01  1.4586e+09  3.9978e-01
  3.4145e+00  4.4893e+01  5.8000e-01  1.2757e+09  4.0234e-01
  3.4145e+00  4.4893e+01  6.0000e-01  1.1050e+09  4.0116e-01
  3.4145e+00  5.4844e+01  1.0000e-02  5.1260e+09  1.6797e+00
  3.4145e+00  5.4844e+01  2.0000e-02  1.4219e+10  1.5230e+00
  3.4145e+00  5.4844e+01  4.0000e-02  1.6321e+10  1.2441e+00
  3.4145e+00  5.4844e+01  6.0000e-02  1.3241e+10  1.2434e+00
  3.4145e+00  5.4844e+01  8.0000e-02  1.3659e+10  1.2570e+00
  3.4145e+00  5.4844e+01  1.0000e-01  1.4859e+10  1.2755e+00
  3.4145e+00  5.4844e+01  1.2000e-01  1.5412e+10  1.2793e+00
  3.4145e+00  5.4844e+01  1.4000e-01  1.5493e+10  1.2802e+00
  3.4145e+00  5.4844e+01  1.6000e-01  1.6288e+10  1.2836e+00
  3.4145e+00  5.4844e+01  1.8000e-01  1.7187e+10  1.2787e+00
  3.4145e+00  5.4844e+01  2.0000e-01  1.7049e+10  1.2599e+00
  3.4145e+00  5.4844e+01  2.2000e-01  1.6045e+10  1.2385e+00
  3.4145e+00  5.4844e+01  2.4000e-01  1.5733e+10  1.2492e+00
  3.4145e+00  5.4844e+01  2.6000e-01  1.7331e+10  1.2961e+00
  3.4145e+00  5.4844e+01  2.8000e-01  2.1041e+10  1.3235e+00
  3.4145e+00  5.4844e+01  3.0000e-01  2.6084e+10  1.3305e+00
  3.4145e+00  5.4844e+01  3.2000e-01  2.1812e+10  1.1119e+00
  3.4145e+00  5.4844e+01  3.4000e-01  1.2394e+10  1.0071e+00
  3.4145e+00  5.4844e+01  3.6000e-01  1.0215e+10  1.1093e+00
  3.4145e+00  5.4844e+01  3.8000e-01  1.0203e+10  1.2221e+00
  3.4145e+00  5.4844e+01  4.0000e-01  8.2267e+09  1.3335e+00
  3.4145e+00  5.4844e+01  4.2000e-01  1.5216e+10  1.9356e+00
  3.4145e+00  5.4844e+01  4.4000e-01  1.5974e+10  1.9632e+00
  3.4145e+00  5.4844e+01  4.6000e-01  2.2920e+07  9.0485e-01
  3.4145e+00  5.4844e+01  4.8000e-01  2.5190e+07  8.9035e-01
  3.4145e+00  5.4844e+01  5.0000e-01  3.7952e+09  7.1569e-01
  3.4145e+00  5.4844e+01  5.2000e-01  1.3274e+09  4.1801e-01
  3.4145e+00  5.4844e+01  5.4000e-01  1.0283e+09  4.0656e-01
  3.4145e+00  5.4844e+01  5.6000e-01  8.6498e+08  4.0014e-01
  3.4145e+00  5.4844e+01  5.8000e-01  7.4349e+08  3.9843e-01
  3.4145e+00  5.4844e+01  6.0000e-01  6.4748e+08  4.0197e-01
  3.4145e+00  6.7002e+01  1.0000e-02  2.3966e+09  1.6818e+00
  3.4145e+00  6.7002e+01  2.0000e-02  7.8770e+09  1.6320e+00
  3.4145e+00  6.7002e+01  4.0000e-02  1.5663e+10  1.3012e+00
  3.4145e+00  6.7002e+01  6.0000e-02  1.5632e+10  1.2440e+00
  3.4145e+00  6.7002e+01  8.0000e-02  1.2859e+10  1.2397e+00
  3.4145e+00  6.7002e+01  1.0000e-01  1.3027e+10  1.2510e+00
  3.4145e+00  6.7002e+01  1.2000e-01  1.4096e+10  1.2681e+00
  3.4145e+00  6.7002e+01  1.4000e-01  1.4351e+10  1.2738e+00
  3.4145e+00  6.7002e+01  1.6000e-01  1.4725e+10  1.2801e+00
  3.4145e+00  6.7002e+01  1.8000e-01  1.5721e+10  1.2844e+00
  3.4145e+00  6.7002e+01  2.0000e-01  1.6259e+10  1.2763e+00
  3.4145e+00  6.7002e+01  2.2000e-01  1.5669e+10  1.2553e+00
  3.4145e+00  6.7002e+01  2.4000e-01  1.4746e+10  1.2401e+00
  3.4145e+00  6.7002e+01  2.6000e-01  1.4985e+10  1.2610e+00
  3.4145e+00  6.7002e+01  2.8000e-01  1.7219e+10  1.3068e+00
  3.4145e+00  6.7002e+01  3.0000e-01  2.1154e+10  1.3195e+00
  3.4145e+00  6.7002e+01  3.2000e-01  2.7012e+10  1.4285e+00
  3.4145e+00  6.7002e+01  3.4000e-01  1.3831e+10  9.7033e-01
  3.4145e+00  6.7002e+01  3.6000e-01  1.1105e+10  1.0426e+00
  3.4145e+00  6.7002e+01  3.8000e-01  8.6750e+09  1.1698e+00
  3.4145e+00  6.7002e+01  4.0000e-01  7.9612e+09  1.2299e+00
  3.4145e+00  6.7002e+01  4.2000e-01  1.0734e+10  1.6247e+00
  3.4145e+00  6.7002e+01  4.4000e-01  6.9546e+09  1.7365e+00
  3.4145e+00  6.7002e+01  4.6000e-01  8.8189e+09  1.8191e+00
  3.4145e+00  6.7002e+01  4.8000e-01  1.4084e+07  8.7275e-01
  3.4145e+00  6.7002e+01  5.0000e-01  1.8285e+09  8.2855e-01
  3.4145e+00  6.7002e+01  5.2000e-01  8.0216e+08  4.2597e-01
  3.4145e+00  6.7002e+01  5.4000e-01  6.2155e+08  4.1221e-01
  3.4145e+00  6.7002e+01  5.6000e-01  5.1662e+08  4.0282e-01
  3.4145e+00  6.7002e+01  5.8000e-01  4.3970e+08  3.9739e-01
  3.4145e+00  6.7002e+01  6.0000e-01  3.7957e+08  3.9875e-01
  3.4145e+00  8.1855e+01  1.0000e-02  1.1390e+09  1.6807e+00
  3.4145e+00  8.1855e+01  2.0000e-02  3.7316e+09  1.6425e+00
  3.4145e+00  8.1855e+01  4.0000e-02  1.2260e+10  1.5326e+00
  3.4145e+00  8.1855e+01  6.0000e-02  1.5315e+10  1.2838e+00
  3.4145e+00  8.1855e+01  8.0000e-02  1.6281e+10  1.2364e+00
  3.4145e+00  8.1855e+01  1.0000e-01  1.2675e+10  1.2406e+00
  3.4145e+00  8.1855e+01  1.2000e-01  1.2208e+10  1.2430e+00
  3.4145e+00  8.1855e+01  1.4000e-01  1.2902e+10  1.2559e+00
  3.4145e+00  8.1855e+01  1.6000e-01  1.3087e+10  1.2666e+00
  3.4145e+00  8.1855e+01  1.8000e-01  1.3595e+10  1.2772e+00
  3.4145e+00  8.1855e+01  2.0000e-01  1.4583e+10  1.2826e+00
  3.4145e+00  8.1855e+01  2.2000e-01  1.4912e+10  1.2761e+00
  3.4145e+00  8.1855e+01  2.4000e-01  1.4157e+10  1.2578e+00
  3.4145e+00  8.1855e+01  2.6000e-01  1.3267e+10  1.2440e+00
  3.4145e+00  8.1855e+01  2.8000e-01  1.3711e+10  1.2661e+00
  3.4145e+00  8.1855e+01  3.0000e-01  1.5986e+10  1.3075e+00
  3.4145e+00  8.1855e+01  3.2000e-01  1.9582e+10  1.3157e+00
  3.4145e+00  8.1855e+01  3.4000e-01  2.5005e+10  1.4929e+00
  3.4145e+00  8.1855e+01  3.6000e-01  1.1745e+10  9.6768e-01
  3.4145e+00  8.1855e+01  3.8000e-01  9.6186e+09  1.0587e+00
  3.4145e+00  8.1855e+01  4.0000e-01  7.4335e+09  1.2203e+00
  3.4145e+00  8.1855e+01  4.2000e-01  7.0113e+09  1.2667e+00
  3.4145e+00  8.1855e+01  4.4000e-01  1.0453e+10  1.7059e+00
  3.4145e+00  8.1855e+01  4.6000e-01  3.4419e+09  1.5960e+00
  3.4145e+00  8.1855e+01  4.8000e-01  3.0973e+08  9.0160e-01
  3.4145e+00  8.1855e+01  5.0000e-01  7.6024e+08  9.7444e-01
  3.4145e+00  8.1855e+01  5.2000e-01  4.8488e+08  4.3251e-01
  3.4145e+00  8.1855e+01  5.4000e-01  3.7828e+08  4.1653e-01
  3.4145e+00  8.1855e+01  5.6000e-01  3.1344e+08  4.0268e-01
  3.4145e+00  8.1855e+01  5.8000e-01  2.7379e+08  4.1078e-01
  3.4145e+00  8.1855e+01  6.0000e-01  2.2655e+08  3.9333e-01
  3.4145e+00  1.0000e+02  1.0000e-02  5.9119e+08  1.6942e+00
  3.4145e+00  1.0000e+02  2.0000e-02  1.8389e+09  1.6432e+00
  3.4145e+00  1.0000e+02  4.0000e-02  6.5047e+09  1.5939e+00
  3.4145e+00  1.0000e+02  6.0000e-02  1.1991e+10  1.4978e+00
  3.4145e+00  1.0000e+02  8.0000e-02  1.3256e+10  1.3168e+00
  3.4145e+00  1.0000e+02  1.0000e-01  1.6549e+10  1.2731e+00
  3.4145e+00  1.0000e+02  1.2000e-01  1.4119e+10  1.2459e+00
  3.4145e+00  1.0000e+02  1.4000e-01  1.1592e+10  1.2347e+00
  3.4145e+00  1.0000e+02  1.6000e-01  1.1516e+10  1.2420e+00
  3.4145e+00  1.0000e+02  1.8000e-01  1.1558e+10  1.2515e+00
  3.4145e+00  1.0000e+02  2.0000e-01  1.1937e+10  1.2659e+00
  3.4145e+00  1.0000e+02  2.2000e-01  1.2812e+10  1.2771e+00
  3.4145e+00  1.0000e+02  2.4000e-01  1.3240e+10  1.2770e+00
  3.4145e+00  1.0000e+02  2.6000e-01  1.2575e+10  1.2652e+00
  3.4145e+00  1.0000e+02  2.8000e-01  1.1571e+10  1.2504e+00
  3.4145e+00  1.0000e+02  3.0000e-01  1.1570e+10  1.2624e+00
  3.4145e+00  1.0000e+02  3.2000e-01  1.3197e+10  1.2959e+00
  3.4145e+00  1.0000e+02  3.4000e-01  1.6028e+10  1.3112e+00
  3.4145e+00  1.0000e+02  3.6000e-01  1.9288e+10  1.3555e+00
  3.4145e+00  1.0000e+02  3.8000e-01  1.2851e+10  1.0562e+00
  3.4145e+00  1.0000e+02  4.0000e-01  8.1540e+09  1.0487e+00
  3.4145e+00  1.0000e+02  4.2000e-01  6.2667e+09  1.1811e+00
  3.4145e+00  1.0000e+02  4.4000e-01  4.3856e+09  1.2120e+00
  3.4145e+00  1.0000e+02  4.6000e-01  6.1248e+09  1.6097e+00
  3.4145e+00  1.0000e+02  4.8000e-01  2.5660e+09  1.5736e+00
  3.4145e+00  1.0000e+02  5.0000e-01  3.8845e+08  1.2108e+00
  3.4145e+00  1.0000e+02  5.2000e-01  3.0082e+08  4.4439e-01
  3.4145e+00  1.0000e+02  5.4000e-01  2.3607e+08  4.2436e-01
  3.4145e+00  1.0000e+02  5.6000e-01  2.0473e+08  4.3078e-01
  3.4145e+00  1.0000e+02  5.8000e-01  1.6933e+08  4.1721e-01
  3.4145e+00  1.0000e+02  6.0000e-01  1.4120e+08  4.0360e-01
  3.4145e+00  1.5000e+02  1.0000e-02  2.2980e+08  1.7782e+00
  3.4145e+00  1.5000e+02  2.0000e-02  5.1817e+08  1.6631e+00
  3.4145e+00  1.5000e+02  4.0000e-02  1.5861e+09  1.5987e+00
  3.4145e+00  1.5000e+02  6.0000e-02  3.3187e+09  1.5643e+00
  3.4145e+00  1.5000e+02  8.0000e-02  5.8476e+09  1.5439e+00
  3.4145e+00  1.5000e+02  1.0000e-01  8.4552e+09  1.5083e+00
  3.4145e+00  1.5000e+02  1.2000e-01  9.9849e+09  1.4540e+00
  3.4145e+00  1.5000e+02  1.4000e-01  1.0318e+10  1.3732e+00
  3.4145e+00  1.5000e+02  1.6000e-01  1.0842e+10  1.2931e+00
  3.4145e+00  1.5000e+02  1.8000e-01  1.2021e+10  1.2654e+00
  3.4145e+00  1.5000e+02  2.0000e-01  1.3040e+10  1.2858e+00
  3.4145e+00  1.5000e+02  2.2000e-01  1.2088e+10  1.2512e+00
  3.4145e+00  1.5000e+02  2.4000e-01  9.8163e+09  1.2412e+00
  3.4145e+00  1.5000e+02  2.6000e-01  8.2810e+09  1.2299e+00
  3.4145e+00  1.5000e+02  2.8000e-01  8.1746e+09  1.2368e+00
  3.4145e+00  1.5000e+02  3.0000e-01  8.4987e+09  1.2517e+00
  3.4145e+00  1.5000e+02  3.2000e-01  8.3410e+09  1.2557e+00
  3.4145e+00  1.5000e+02  3.4000e-01  7.3943e+09  1.2552e+00
  3.4145e+00  1.5000e+02  3.6000e-01  6.3670e+09  1.2579e+00
  3.4145e+00  1.5000e+02  3.8000e-01  6.0437e+09  1.2712e+00
  3.4145e+00  1.5000e+02  4.0000e-01  6.5566e+09  1.2960e+00
  3.4145e+00  1.5000e+02  4.2000e-01  7.4995e+09  1.3006e+00
  3.4145e+00  1.5000e+02  4.4000e-01  8.1687e+09  1.3596e+00
  3.4145e+00  1.5000e+02  4.6000e-01  4.0466e+09  1.0615e+00
  3.4145e+00  1.5000e+02  4.8000e-01  1.7568e+09  1.2062e+00
  3.4145e+00  1.5000e+02  5.0000e-01  4.4297e+08  1.5597e+00
  3.4145e+00  1.5000e+02  5.2000e-01  1.0950e+08  5.1512e-01
  3.4145e+00  1.5000e+02  5.4000e-01  8.7303e+07  5.1777e-01
  3.4145e+00  1.5000e+02  5.6000e-01  6.8931e+07  4.8609e-01
  3.4145e+00  1.5000e+02  5.8000e-01  5.9984e+07  4.8673e-01
  3.4145e+00  1.5000e+02  6.0000e-01  5.4265e+07  4.8887e-01
  3.4145e+00  2.0000e+02  1.0000e-02  1.6140e+08  1.8735e+00
  3.4145e+00  2.0000e+02  2.0000e-02  2.7803e+08  1.7201e+00
  3.4145e+00  2.0000e+02  4.0000e-02  6.6241e+08  1.6094e+00
  3.4145e+00  2.0000e+02  6.0000e-02  1.2778e+09  1.5657e+00
  3.4145e+00  2.0000e+02  8.0000e-02  2.1268e+09  1.5386e+00
  3.4145e+00  2.0000e+02  1.0000e-01  3.2625e+09  1.5218e+00
  3.4145e+00  2.0000e+02  1.2000e-01  4.5887e+09  1.5104e+00
  3.4145e+00  2.0000e+02  1.4000e-01  5.8905e+09  1.4956e+00
  3.4145e+00  2.0000e+02  1.6000e-01  6.9302e+09  1.4714e+00
  3.4145e+00  2.0000e+02  1.8000e-01  7.5442e+09  1.4406e+00
  3.4145e+00  2.0000e+02  2.0000e-01  7.7629e+09  1.4007e+00
  3.4145e+00  2.0000e+02  2.2000e-01  7.7305e+09  1.3527e+00
  3.4145e+00  2.0000e+02  2.4000e-01  7.7296e+09  1.3063e+00
  3.4145e+00  2.0000e+02  2.6000e-01  7.8501e+09  1.2686e+00
  3.4145e+00  2.0000e+02  2.8000e-01  8.0950e+09  1.2491e+00
  3.4145e+00  2.0000e+02  3.0000e-01  7.9577e+09  1.2596e+00
  3.4145e+00  2.0000e+02  3.2000e-01  7.5306e+09  1.2615e+00
  3.4145e+00  2.0000e+02  3.4000e-01  7.2232e+09  1.2824e+00
  3.4145e+00  2.0000e+02  3.6000e-01  6.6327e+09  1.2634e+00
  3.4145e+00  2.0000e+02  3.8000e-01  6.0059e+09  1.2548e+00
  3.4145e+00  2.0000e+02  4.0000e-01  5.2415e+09  1.2661e+00
  3.4145e+00  2.0000e+02  4.2000e-01  3.8863e+09  1.2651e+00
  3.4145e+00  2.0000e+02  4.4000e-01  2.4153e+09  1.2189e+00
  3.4145e+00  2.0000e+02  4.6000e-01  1.6411e+09  1.2071e+00
  3.4145e+00  2.0000e+02  4.8000e-01  1.1386e+09  1.2017e+00
  3.4145e+00  2.0000e+02  5.0000e-01  3.2348e+07  1.3171e+00
  3.4145e+00  2.0000e+02  5.2000e-01  2.2511e+07  8.3186e-01
  3.4145e+00  2.0000e+02  5.4000e-01  2.1367e+07  5.6997e-01
  3.4145e+00  2.0000e+02  5.6000e-01  2.1210e+07  5.4931e-01
  3.4145e+00  2.0000e+02  5.8000e-01  2.0601e+07  5.3254e-01
  3.4145e+00  2.0000e+02  6.0000e-01  1.8701e+07  5.1052e-01
  3.4145e+00  2.5000e+02  1.0000e-02  1.2314e+08  1.9214e+00
  3.4145e+00  2.5000e+02  2.0000e-02  2.0385e+08  1.7990e+00
  3.4145e+00  2.5000e+02  4.0000e-02  3.9095e+08  1.6475e+00
  3.4145e+00  2.5000e+02  6.0000e-02  6.6534e+08  1.5805e+00
  3.4145e+00  2.5000e+02  8.0000e-02  1.0512e+09  1.5457e+00
  3.4145e+00  2.5000e+02  1.0000e-01  1.5437e+09  1.5229e+00
  3.4145e+00  2.5000e+02  1.2000e-01  2.1427e+09  1.5050e+00
  3.4145e+00  2.5000e+02  1.4000e-01  2.8314e+09  1.4901e+00
  3.4145e+00  2.5000e+02  1.6000e-01  3.5376e+09  1.4807e+00
  3.4145e+00  2.5000e+02  1.8000e-01  4.1987e+09  1.4709e+00
  3.4145e+00  2.5000e+02  2.0000e-01  4.7343e+09  1.4550e+00
  3.4145e+00  2.5000e+02  2.2000e-01  5.1084e+09  1.4380e+00
  3.4145e+00  2.5000e+02  2.4000e-01  5.2986e+09  1.4148e+00
  3.4145e+00  2.5000e+02  2.6000e-01  5.3131e+09  1.3932e+00
  3.4145e+00  2.5000e+02  2.8000e-01  5.2447e+09  1.3639e+00
  3.4145e+00  2.5000e+02  3.0000e-01  5.0972e+09  1.3373e+00
  3.4145e+00  2.5000e+02  3.2000e-01  4.8478e+09  1.3095e+00
  3.4145e+00  2.5000e+02  3.4000e-01  4.5113e+09  1.2757e+00
  3.4145e+00  2.5000e+02  3.6000e-01  4.1583e+09  1.2522e+00
  3.4145e+00  2.5000e+02  3.8000e-01  3.7926e+09  1.2279e+00
  3.4145e+00  2.5000e+02  4.0000e-01  3.4618e+09  1.2225e+00
  3.4145e+00  2.5000e+02  4.2000e-01  3.0022e+09  1.2148e+00
  3.4145e+00  2.5000e+02  4.4000e-01  2.3837e+09  1.2148e+00
  3.4145e+00  2.5000e+02  4.6000e-01  1.6272e+09  1.2050e+00
  3.4145e+00  2.5000e+02  4.8000e-01  2.7726e+08  1.1947e+00
  3.4145e+00  2.5000e+02  5.0000e-01  1.6793e+07  1.1924e+00
  3.4145e+00  2.5000e+02  5.2000e-01  3.7238e+06  1.0069e+00
  3.4145e+00  2.5000e+02  5.4000e-01  9.6361e+06  6.8283e-01
  3.4145e+00  2.5000e+02  5.6000e-01  9.1978e+06  6.1371e-01
  3.4145e+00  2.5000e+02  5.8000e-01  8.5513e+06  5.6027e-01
  3.4145e+00  2.5000e+02  6.0000e-01  7.6429e+06  5.3074e-01
  3.4145e+00  3.0000e+02  1.0000e-02  1.0664e+08  1.9649e+00
  3.4145e+00  3.0000e+02  2.0000e-02  1.6419e+08  1.8465e+00
  3.4145e+00  3.0000e+02  4.0000e-02  2.8018e+08  1.6904e+00
  3.4145e+00  3.0000e+02  6.0000e-02  4.3230e+08  1.6105e+00
  3.4145e+00  3.0000e+02  8.0000e-02  6.4101e+08  1.5586e+00
  3.4145e+00  3.0000e+02  1.0000e-01  8.9480e+08  1.5250e+00
  3.4145e+00  3.0000e+02  1.2000e-01  1.2095e+09  1.5023e+00
  3.4145e+00  3.0000e+02  1.4000e-01  1.5641e+09  1.4900e+00
  3.4145e+00  3.0000e+02  1.6000e-01  1.9467e+09  1.4769e+00
  3.4145e+00  3.0000e+02  1.8000e-01  2.3311e+09  1.4684e+00
  3.4145e+00  3.0000e+02  2.0000e-01  2.7023e+09  1.4522e+00
  3.4145e+00  3.0000e+02  2.2000e-01  3.0103e+09  1.4430e+00
  3.4145e+00  3.0000e+02  2.4000e-01  3.2432e+09  1.4322e+00
  3.4145e+00  3.0000e+02  2.6000e-01  3.3895e+09  1.4178e+00
  3.4145e+00  3.0000e+02  2.8000e-01  3.4407e+09  1.4040e+00
  3.4145e+00  3.0000e+02  3.0000e-01  3.4264e+09  1.3843e+00
  3.4145e+00  3.0000e+02  3.2000e-01  3.2981e+09  1.3629e+00
  3.4145e+00  3.0000e+02  3.4000e-01  3.0870e+09  1.3414e+00
  3.4145e+00  3.0000e+02  3.6000e-01  2.7885e+09  1.3125e+00
  3.4145e+00  3.0000e+02  3.8000e-01  2.4392e+09  1.2866e+00
  3.4145e+00  3.0000e+02  4.0000e-01  2.0727e+09  1.2566e+00
  3.4145e+00  3.0000e+02  4.2000e-01  1.7044e+09  1.2298e+00
  3.4145e+00  3.0000e+02  4.4000e-01  7.3364e+08  1.2413e+00
  3.4145e+00  3.0000e+02  4.6000e-01  3.6319e+08  1.2196e+00
  3.4145e+00  3.0000e+02  4.8000e-01  1.6045e+08  1.2296e+00
  3.4145e+00  3.0000e+02  5.0000e-01  7.1974e+06  1.2002e+00
  3.4145e+00  3.0000e+02  5.2000e-01  9.2697e+04  1.1182e+00
  3.4145e+00  3.0000e+02  5.4000e-01  3.3220e+06  8.7187e-01
  3.4145e+00  3.0000e+02  5.6000e-01  5.2015e+06  7.2420e-01
  3.4145e+00  3.0000e+02  5.8000e-01  4.9500e+06  6.5332e-01
  3.4145e+00  3.0000e+02  6.0000e-01  4.3145e+06  6.0090e-01
  4.6416e+00  3.3246e+00  1.0000e-02  1.6768e+10  1.2412e+00
  4.6416e+00  3.3246e+00  2.0000e-02  1.6996e+10  1.2260e+00
  4.6416e+00  3.3246e+00  4.0000e-02  1.7374e+10  1.2309e+00
  4.6416e+00  3.3246e+00  6.0000e-02  1.7439e+10  1.2409e+00
  4.6416e+00  3.3246e+00  8.0000e-02  1.6637e+10  1.2265e+00
  4.6416e+00  3.3246e+00  1.0000e-01  2.1192e+10  1.2615e+00
  4.6416e+00  3.3246e+00  1.2000e-01  1.7355e+10  1.2604e+00
  4.6416e+00  3.3246e+00  1.4000e-01  1.2130e+10  1.1774e+00
  4.6416e+00  3.3246e+00  1.6000e-01  1.2304e+10  1.2626e+00
  4.6416e+00  3.3246e+00  1.8000e-01  1.7795e+10  1.3148e+00
  4.6416e+00  3.3246e+00  2.0000e-01  2.5762e+10  1.3869e+00
  4.6416e+00  3.3246e+00  2.2000e-01  3.2024e+10  1.4724e+00
  4.6416e+00  3.3246e+00  2.4000e-01  3.2431e+10  1.5200e+00
  4.6416e+00  3.3246e+00  2.6000e-01  3.1166e+10  1.5013e+00
  4.6416e+00  3.3246e+00  2.8000e-01  2.7167e+10  1.4576e+00
  4.6416e+00  3.3246e+00  3.0000e-01  2.3344e+10  1.5168e+00
  4.6416e+00  3.3246e+00  3.2000e-01  1.8987e+10  1.5342e+00
  4.6416e+00  3.3246e+00  3.4000e-01  1.2197e+10  1.6614e+00
  4.6416e+00  3.3246e+00  3.6000e-01  7.5921e+09  1.7842e+00
  4.6416e+00  3.3246e+00  3.8000e-01  2.8838e+09  1.8976e+00
  4.6416e+00  3.3246e+00  4.0000e-01  4.3875e+09  1.6114e+00
  4.6416e+00  3.3246e+00  4.2000e-01  1.9736e+10  1.3892e+00
  4.6416e+00  3.3246e+00  4.4000e-01  3.6047e+09  1.2101e+00
  4.6416e+00  3.3246e+00  4.6000e-01  1.1720e+07  6.8429e-01
  4.6416e+00  3.3246e+00  4.8000e-01  5.1243e+09  1.6686e+00
  4.6416e+00  3.3246e+00  5.0000e-01  3.4382e+10  3.6391e-01
  4.6416e+00  3.3246e+00  5.2000e-01  3.2092e+10  3.5798e-01
  4.6416e+00  3.3246e+00  5.4000e-01  2.3213e+10  4.0452e-01
  4.6416e+00  3.3246e+00  5.6000e-01  7.8566e+09  5.0807e-01
  4.6416e+00  3.3246e+00  5.8000e-01  2.1906e+09  9.0329e-01
  4.6416e+00  3.3246e+00  6.0000e-01  2.6755e+09  8.4581e-01
  4.6416e+00  4.0616e+00  1.0000e-02  1.8650e+10  1.2745e+00
  4.6416e+00  4.0616e+00  2.0000e-02  1.8246e+10  1.2726e+00
  4.6416e+00  4.0616e+00  4.0000e-02  1.7777e+10  1.2692e+00
  4.6416e+00  4.0616e+00  6.0000e-02  1.8163e+10  1.2687e+00
  4.6416e+00  4.0616e+00  8.0000e-02  1.6477e+10  1.2552e+00
  4.6416e+00  4.0616e+00  1.0000e-01  2.0354e+10  1.2657e+00
  4.6416e+00  4.0616e+00  1.2000e-01  2.0228e+10  1.2692e+00
  4.6416e+00  4.0616e+00  1.4000e-01  1.5823e+10  1.2357e+00
  4.6416e+00  4.0616e+00  1.6000e-01  1.5128e+10  1.2853e+00
  4.6416e+00  4.0616e+00  1.8000e-01  1.8606e+10  1.4171e+00
  4.6416e+00  4.0616e+00  2.0000e-01  2.6977e+10  1.5237e+00
  4.6416e+00  4.0616e+00  2.2000e-01  3.0757e+10  1.5663e+00
  4.6416e+00  4.0616e+00  2.4000e-01  3.5486e+10  1.4949e+00
  4.6416e+00  4.0616e+00  2.6000e-01  3.0363e+10  1.3744e+00
  4.6416e+00  4.0616e+00  2.8000e-01  2.6146e+10  1.3672e+00
  4.6416e+00  4.0616e+00  3.0000e-01  2.2969e+10  1.4678e+00
  4.6416e+00  4.0616e+00  3.2000e-01  1.8538e+10  1.5085e+00
  4.6416e+00  4.0616e+00  3.4000e-01  1.2359e+10  1.6493e+00
  4.6416e+00  4.0616e+00  3.6000e-01  7.8824e+09  1.7925e+00
  4.6416e+00  4.0616e+00  3.8000e-01  2.7697e+09  1.9029e+00
  4.6416e+00  4.0616e+00  4.0000e-01  4.4538e+09  1.5981e+00
  4.6416e+00  4.0616e+00  4.2000e-01  2.0309e+10  1.3928e+00
  4.6416e+00  4.0616e+00  4.4000e-01  3.5789e+09  1.1964e+00
  4.6416e+00  4.0616e+00  4.6000e-01  1.0448e+07  5.6760e-01
  4.6416e+00  4.0616e+00  4.8000e-01  5.9142e+09  1.7952e+00
  4.6416e+00  4.0616e+00  5.0000e-01  3.3591e+10  3.7048e-01
  4.6416e+00  4.0616e+00  5.2000e-01  3.1716e+10  3.5780e-01
  4.6416e+00  4.0616e+00  5.4000e-01  2.6518e+10  3.6649e-01
  4.6416e+00  4.0616e+00  5.6000e-01  1.7190e+10  3.8831e-01
  4.6416e+00  4.0616e+00  5.8000e-01  6.6593e+09  5.0201e-01
  4.6416e+00  4.0616e+00  6.0000e-01  1.9589e+09  8.5814e-01
  4.6416e+00  4.9619e+00  1.0000e-02  1.9256e+10  1.2911e+00
  4.6416e+00  4.9619e+00  2.0000e-02  1.9110e+10  1.2819e+00
  4.6416e+00  4.9619e+00  4.0000e-02  1.8649e+10  1.2708e+00
  4.6416e+00  4.9619e+00  6.0000e-02  1.9613e+10  1.2723e+00
  4.6416e+00  4.9619e+00  8.0000e-02  1.7137e+10  1.2594e+00
  4.6416e+00  4.9619e+00  1.0000e-01  2.1830e+10  1.2830e+00
  4.6416e+00  4.9619e+00  1.2000e-01  2.2579e+10  1.2747e+00
  4.6416e+00  4.9619e+00  1.4000e-01  1.8360e+10  1.2584e+00
  4.6416e+00  4.9619e+00  1.6000e-01  1.6256e+10  1.2602e+00
  4.6416e+00  4.9619e+00  1.8000e-01  1.7684e+10  1.3496e+00
  4.6416e+00  4.9619e+00  2.0000e-01  2.2421e+10  1.4372e+00
  4.6416e+00  4.9619e+00  2.2000e-01  2.8878e+10  1.4714e+00
  4.6416e+00  4.9619e+00  2.4000e-01  3.4059e+10  1.4048e+00
  4.6416e+00  4.9619e+00  2.6000e-01  2.6798e+10  1.2483e+00
  4.6416e+00  4.9619e+00  2.8000e-01  2.3624e+10  1.3043e+00
  4.6416e+00  4.9619e+00  3.0000e-01  2.2196e+10  1.4442e+00
  4.6416e+00  4.9619e+00  3.2000e-01  1.8231e+10  1.5291e+00
  4.6416e+00  4.9619e+00  3.4000e-01  1.2316e+10  1.6409e+00
  4.6416e+00  4.9619e+00  3.6000e-01  8.0405e+09  1.7915e+00
  4.6416e+00  4.9619e+00  3.8000e-01  2.7277e+09  1.9330e+00
  4.6416e+00  4.9619e+00  4.0000e-01  4.4619e+09  1.5868e+00
  4.6416e+00  4.9619e+00  4.2000e-01  2.1124e+10  1.4039e+00
  4.6416e+00  4.9619e+00  4.4000e-01  3.4995e+09  1.1854e+00
  4.6416e+00  4.9619e+00  4.6000e-01  1.2608e+07  6.2208e-01
  4.6416e+00  4.9619e+00  4.8000e-01  6.2001e+09  1.8587e+00
  4.6416e+00  4.9619e+00  5.0000e-01  3.2596e+10  3.7600e-01
  4.6416e+00  4.9619e+00  5.2000e-01  3.0644e+10  3.5560e-01
  4.6416e+00  4.9619e+00  5.4000e-01  2.8676e+10  3.6147e-01
  4.6416e+00  4.9619e+00  5.6000e-01  2.2902e+10  3.7267e-01
  4.6416e+00  4.9619e+00  5.8000e-01  1.3485e+10  4.0493e-01
  4.6416e+00  4.9619e+00  6.0000e-01  5.3421e+09  4.8827e-01
  4.6416e+00  6.0619e+00  1.0000e-02  1.6468e+10  1.3183e+00
  4.6416e+00  6.0619e+00  2.0000e-02  1.6686e+10  1.3071e+00
  4.6416e+00  6.0619e+00  4.0000e-02  1.6315e+10  1.2958e+00
  4.6416e+00  6.0619e+00  6.0000e-02  1.7312e+10  1.2983e+00
  4.6416e+00  6.0619e+00  8.0000e-02  1.4682e+10  1.2808e+00
  4.6416e+00  6.0619e+00  1.0000e-01  1.6798e+10  1.3068e+00
  4.6416e+00  6.0619e+00  1.2000e-01  1.8985e+10  1.3075e+00
  4.6416e+00  6.0619e+00  1.4000e-01  1.8764e+10  1.2973e+00
  4.6416e+00  6.0619e+00  1.6000e-01  1.6767e+10  1.2901e+00
  4.6416e+00  6.0619e+00  1.8000e-01  1.6892e+10  1.3311e+00
  4.6416e+00  6.0619e+00  2.0000e-01  2.1252e+10  1.3876e+00
  4.6416e+00  6.0619e+00  2.2000e-01  2.9376e+10  1.4579e+00
  4.6416e+00  6.0619e+00  2.4000e-01  3.2734e+10  1.3688e+00
  4.6416e+00  6.0619e+00  2.6000e-01  2.7192e+10  1.2876e+00
  4.6416e+00  6.0619e+00  2.8000e-01  2.5156e+10  1.4067e+00
  4.6416e+00  6.0619e+00  3.0000e-01  2.1827e+10  1.5209e+00
  4.6416e+00  6.0619e+00  3.2000e-01  1.7423e+10  1.6203e+00
  4.6416e+00  6.0619e+00  3.4000e-01  1.2444e+10  1.6563e+00
  4.6416e+00  6.0619e+00  3.6000e-01  8.4950e+09  1.8097e+00
  4.6416e+00  6.0619e+00  3.8000e-01  2.8309e+09  1.9562e+00
  4.6416e+00  6.0619e+00  4.0000e-01  4.3685e+09  1.5715e+00
  4.6416e+00  6.0619e+00  4.2000e-01  2.2259e+10  1.4099e+00
  4.6416e+00  6.0619e+00  4.4000e-01  3.3121e+09  1.1808e+00
  4.6416e+00  6.0619e+00  4.6000e-01  2.3753e+07  8.4373e-01
  4.6416e+00  6.0619e+00  4.8000e-01  5.8408e+09  1.8814e+00
  4.6416e+00  6.0619e+00  5.0000e-01  3.1437e+10  3.8273e-01
  4.6416e+00  6.0619e+00  5.2000e-01  2.9152e+10  3.5686e-01
  4.6416e+00  6.0619e+00  5.4000e-01  2.8152e+10  3.5909e-01
  4.6416e+00  6.0619e+00  5.6000e-01  2.5386e+10  3.6803e-01
  4.6416e+00  6.0619e+00  5.8000e-01  2.1123e+10  3.7622e-01
  4.6416e+00  6.0619e+00  6.0000e-01  1.3890e+10  4.0698e-01
  4.6416e+00  7.4057e+00  1.0000e-02  1.6318e+10  1.3283e+00
  4.6416e+00  7.4057e+00  2.0000e-02  1.5785e+10  1.3270e+00
  4.6416e+00  7.4057e+00  4.0000e-02  1.5355e+10  1.3214e+00
  4.6416e+00  7.4057e+00  6.0000e-02  1.6329e+10  1.3199e+00
  4.6416e+00  7.4057e+00  8.0000e-02  1.4539e+10  1.3053e+00
  4.6416e+00  7.4057e+00  1.0000e-01  1.4247e+10  1.3177e+00
  4.6416e+00  7.4057e+00  1.2000e-01  1.5949e+10  1.3195e+00
  4.6416e+00  7.4057e+00  1.4000e-01  1.6528e+10  1.3043e+00
  4.6416e+00  7.4057e+00  1.6000e-01  1.5867e+10  1.2965e+00
  4.6416e+00  7.4057e+00  1.8000e-01  1.7475e+10  1.3448e+00
  4.6416e+00  7.4057e+00  2.0000e-01  2.3433e+10  1.4010e+00
  4.6416e+00  7.4057e+00  2.2000e-01  3.1036e+10  1.5217e+00
  4.6416e+00  7.4057e+00  2.4000e-01  3.2552e+10  1.4078e+00
  4.6416e+00  7.4057e+00  2.6000e-01  2.6997e+10  1.3453e+00
  4.6416e+00  7.4057e+00  2.8000e-01  2.5238e+10  1.4839e+00
  4.6416e+00  7.4057e+00  3.0000e-01  2.1928e+10  1.5341e+00
  4.6416e+00  7.4057e+00  3.2000e-01  1.7115e+10  1.5882e+00
  4.6416e+00  7.4057e+00  3.4000e-01  1.3282e+10  1.6622e+00
  4.6416e+00  7.4057e+00  3.6000e-01  9.2651e+09  1.8320e+00
  4.6416e+00  7.4057e+00  3.8000e-01  3.0558e+09  1.9814e+00
  4.6416e+00  7.4057e+00  4.0000e-01  4.1579e+09  1.5584e+00
  4.6416e+00  7.4057e+00  4.2000e-01  2.3690e+10  1.4285e+00
  4.6416e+00  7.4057e+00  4.4000e-01  2.8346e+09  1.1798e+00
  4.6416e+00  7.4057e+00  4.6000e-01  3.3589e+07  9.3372e-01
  4.6416e+00  7.4057e+00  4.8000e-01  5.1450e+09  1.8723e+00
  4.6416e+00  7.4057e+00  5.0000e-01  3.0086e+10  3.9093e-01
  4.6416e+00  7.4057e+00  5.2000e-01  2.7243e+10  3.5864e-01
  4.6416e+00  7.4057e+00  5.4000e-01  2.6789e+10  3.5982e-01
  4.6416e+00  7.4057e+00  5.6000e-01  2.5546e+10  3.6390e-01
  4.6416e+00  7.4057e+00  5.8000e-01  2.3212e+10  3.7010e-01
  4.6416e+00  7.4057e+00  6.0000e-01  1.9275e+10  3.8014e-01
  4.6416e+00  9.0474e+00  1.0000e-02  1.6543e+10  1.2876e+00
  4.6416e+00  9.0474e+00  2.0000e-02  1.6043e+10  1.2967e+00
  4.6416e+00  9.0474e+00  4.0000e-02  1.5706e+10  1.2946e+00
  4.6416e+00  9.0474e+00  6.0000e-02  1.6445e+10  1.3001e+00
  4.6416e+00  9.0474e+00  8.0000e-02  1.5345e+10  1.2803e+00
  4.6416e+00  9.0474e+00  1.0000e-01  1.4462e+10  1.2849e+00
  4.6416e+00  9.0474e+00  1.2000e-01  1.5466e+10  1.2894e+00
  4.6416e+00  9.0474e+00  1.4000e-01  1.6084e+10  1.2831e+00
  4.6416e+00  9.0474e+00  1.6000e-01  1.6389e+10  1.3076e+00
  4.6416e+00  9.0474e+00  1.8000e-01  1.9947e+10  1.3855e+00
  4.6416e+00  9.0474e+00  2.0000e-01  2.5870e+10  1.4330e+00
  4.6416e+00  9.0474e+00  2.2000e-01  3.1057e+10  1.5418e+00
  4.6416e+00  9.0474e+00  2.4000e-01  3.2281e+10  1.4801e+00
  4.6416e+00  9.0474e+00  2.6000e-01  2.6852e+10  1.3924e+00
  4.6416e+00  9.0474e+00  2.8000e-01  2.4790e+10  1.5114e+00
  4.6416e+00  9.0474e+00  3.0000e-01  2.2484e+10  1.5369e+00
  4.6416e+00  9.0474e+00  3.2000e-01  1.7307e+10  1.5418e+00
  4.6416e+00  9.0474e+00  3.4000e-01  1.4596e+10  1.6734e+00
  4.6416e+00  9.0474e+00  3.6000e-01  1.0322e+10  1.8583e+00
  4.6416e+00  9.0474e+00  3.8000e-01  3.3844e+09  2.0074e+00
  4.6416e+00  9.0474e+00  4.0000e-01  3.7839e+09  1.5556e+00
  4.6416e+00  9.0474e+00  4.2000e-01  2.5521e+10  1.4413e+00
  4.6416e+00  9.0474e+00  4.4000e-01  1.6717e+09  1.1715e+00
  4.6416e+00  9.0474e+00  4.6000e-01  4.1184e+07  9.1932e-01
  4.6416e+00  9.0474e+00  4.8000e-01  4.3632e+09  1.8404e+00
  4.6416e+00  9.0474e+00  5.0000e-01  2.8522e+10  4.0126e-01
  4.6416e+00  9.0474e+00  5.2000e-01  2.5039e+10  3.6052e-01
  4.6416e+00  9.0474e+00  5.4000e-01  2.4634e+10  3.6077e-01
  4.6416e+00  9.0474e+00  5.6000e-01  2.3915e+10  3.6167e-01
  4.6416e+00  9.0474e+00  5.8000e-01  2.2807e+10  3.6467e-01
  4.6416e+00  9.0474e+00  6.0000e-01  2.1212e+10  3.6959e-01
  4.6416e+00  1.1053e+01  1.0000e-02  1.6250e+10  1.2488e+00
  4.6416e+00  1.1053e+01  2.0000e-02  1.6181e+10  1.2489e+00
  4.6416e+00  1.1053e+01  4.0000e-02  1.6060e+10  1.2489e+00
  4.6416e+00  1.1053e+01  6.0000e-02  1.6071e+10  1.2579e+00
  4.6416e+00  1.1053e+01  8.0000e-02  1.6098e+10  1.2506e+00
  4.6416e+00  1.1053e+01  1.0000e-01  1.5528e+10  1.2539e+00
  4.6416e+00  1.1053e+01  1.2000e-01  1.6208e+10  1.2627e+00
  4.6416e+00  1.1053e+01  1.4000e-01  1.6879e+10  1.2721e+00
  4.6416e+00  1.1053e+01  1.6000e-01  1.8009e+10  1.3240e+00
  4.6416e+00  1.1053e+01  1.8000e-01  2.1893e+10  1.4079e+00
  4.6416e+00  1.1053e+01  2.0000e-01  2.6773e+10  1.4534e+00
  4.6416e+00  1.1053e+01  2.2000e-01  3.0165e+10  1.5252e+00
  4.6416e+00  1.1053e+01  2.4000e-01  3.2020e+10  1.5269e+00
  4.6416e+00  1.1053e+01  2.6000e-01  2.6716e+10  1.4023e+00
  4.6416e+00  1.1053e+01  2.8000e-01  2.4297e+10  1.4965e+00
  4.6416e+00  1.1053e+01  3.0000e-01  2.3560e+10  1.5383e+00
  4.6416e+00  1.1053e+01  3.2000e-01  1.7778e+10  1.4979e+00
  4.6416e+00  1.1053e+01  3.4000e-01  1.6329e+10  1.6871e+00
  4.6416e+00  1.1053e+01  3.6000e-01  1.1635e+10  1.8892e+00
  4.6416e+00  1.1053e+01  3.8000e-01  3.8136e+09  2.0206e+00
  4.6416e+00  1.1053e+01  4.0000e-01  3.2509e+09  1.5660e+00
  4.6416e+00  1.1053e+01  4.2000e-01  2.7704e+10  1.4646e+00
  4.6416e+00  1.1053e+01  4.4000e-01  7.8558e+08  1.1861e+00
  4.6416e+00  1.1053e+01  4.6000e-01  4.5584e+07  9.2615e-01
  4.6416e+00  1.1053e+01  4.8000e-01  3.5570e+09  1.7958e+00
  4.6416e+00  1.1053e+01  5.0000e-01  2.6601e+10  4.1223e-01
  4.6416e+00  1.1053e+01  5.2000e-01  2.2504e+10  3.6368e-01
  4.6416e+00  1.1053e+01  5.4000e-01  2.2017e+10  3.6274e-01
  4.6416e+00  1.1053e+01  5.6000e-01  2.1483e+10  3.6470e-01
  4.6416e+00  1.1053e+01  5.8000e-01  2.0709e+10  3.6639e-01
  4.6416e+00  1.1053e+01  6.0000e-01  1.9734e+10  3.6785e-01
  4.6416e+00  1.3503e+01  1.0000e-02  1.6627e+10  1.2685e+00
  4.6416e+00  1.3503e+01  2.0000e-02  1.6255e+10  1.2566e+00
  4.6416e+00  1.3503e+01  4.0000e-02  1.6108e+10  1.2477e+00
  4.6416e+00  1.3503e+01  6.0000e-02  1.5749e+10  1.2468e+00
  4.6416e+00  1.3503e+01  8.0000e-02  1.5830e+10  1.2457e+00
  4.6416e+00  1.3503e+01  1.0000e-01  1.5747e+10  1.2498e+00
  4.6416e+00  1.3503e+01  1.2000e-01  1.6532e+10  1.2586e+00
  4.6416e+00  1.3503e+01  1.4000e-01  1.7374e+10  1.2727e+00
  4.6416e+00  1.3503e+01  1.6000e-01  1.8723e+10  1.3259e+00
  4.6416e+00  1.3503e+01  1.8000e-01  2.2303e+10  1.4074e+00
  4.6416e+00  1.3503e+01  2.0000e-01  2.6586e+10  1.4577e+00
  4.6416e+00  1.3503e+01  2.2000e-01  2.9576e+10  1.5070e+00
  4.6416e+00  1.3503e+01  2.4000e-01  3.2427e+10  1.5478e+00
  4.6416e+00  1.3503e+01  2.6000e-01  2.6460e+10  1.3674e+00
  4.6416e+00  1.3503e+01  2.8000e-01  2.3664e+10  1.4482e+00
  4.6416e+00  1.3503e+01  3.0000e-01  2.3631e+10  1.5206e+00
  4.6416e+00  1.3503e+01  3.2000e-01  1.9577e+10  1.4966e+00
  4.6416e+00  1.3503e+01  3.4000e-01  1.7834e+10  1.6586e+00
  4.6416e+00  1.3503e+01  3.6000e-01  1.3626e+10  1.8838e+00
  4.6416e+00  1.3503e+01  3.8000e-01  4.3412e+09  2.0149e+00
  4.6416e+00  1.3503e+01  4.0000e-01  2.6073e+09  1.6160e+00
  4.6416e+00  1.3503e+01  4.2000e-01  2.9500e+10  1.4985e+00
  4.6416e+00  1.3503e+01  4.4000e-01  4.5475e+08  1.1986e+00
  4.6416e+00  1.3503e+01  4.6000e-01  4.7375e+07  9.3575e-01
  4.6416e+00  1.3503e+01  4.8000e-01  2.6945e+09  1.7452e+00
  4.6416e+00  1.3503e+01  5.0000e-01  2.4494e+10  4.2711e-01
  4.6416e+00  1.3503e+01  5.2000e-01  1.9701e+10  3.6669e-01
  4.6416e+00  1.3503e+01  5.4000e-01  1.9052e+10  3.6576e-01
  4.6416e+00  1.3503e+01  5.6000e-01  1.8437e+10  3.6758e-01
  4.6416e+00  1.3503e+01  5.8000e-01  1.7741e+10  3.6973e-01
  4.6416e+00  1.3503e+01  6.0000e-01  1.6951e+10  3.7037e-01
  4.6416e+00  1.6496e+01  1.0000e-02  1.7356e+10  1.2840e+00
  4.6416e+00  1.6496e+01  2.0000e-02  1.7114e+10  1.2758e+00
  4.6416e+00  1.6496e+01  4.0000e-02  1.6606e+10  1.2653e+00
  4.6416e+00  1.6496e+01  6.0000e-02  1.6190e+10  1.2582e+00
  4.6416e+00  1.6496e+01  8.0000e-02  1.6003e+10  1.2521e+00
  4.6416e+00  1.6496e+01  1.0000e-01  1.5890e+10  1.2531e+00
  4.6416e+00  1.6496e+01  1.2000e-01  1.6698e+10  1.2591e+00
  4.6416e+00  1.6496e+01  1.4000e-01  1.7458e+10  1.2668e+00
  4.6416e+00  1.6496e+01  1.6000e-01  1.8329e+10  1.3085e+00
  4.6416e+00  1.6496e+01  1.8000e-01  2.1256e+10  1.3886e+00
  4.6416e+00  1.6496e+01  2.0000e-01  2.5423e+10  1.4393e+00
  4.6416e+00  1.6496e+01  2.2000e-01  2.9047e+10  1.4780e+00
  4.6416e+00  1.6496e+01  2.4000e-01  3.3517e+10  1.5494e+00
  4.6416e+00  1.6496e+01  2.6000e-01  2.5678e+10  1.2976e+00
  4.6416e+00  1.6496e+01  2.8000e-01  2.2460e+10  1.3715e+00
  4.6416e+00  1.6496e+01  3.0000e-01  2.2681e+10  1.4798e+00
  4.6416e+00  1.6496e+01  3.2000e-01  2.3401e+10  1.5319e+00
  4.6416e+00  1.6496e+01  3.4000e-01  1.8154e+10  1.5633e+00
  4.6416e+00  1.6496e+01  3.6000e-01  1.5921e+10  1.8923e+00
  4.6416e+00  1.6496e+01  3.8000e-01  4.9929e+09  2.0027e+00
  4.6416e+00  1.6496e+01  4.0000e-01  1.9650e+09  1.7429e+00
  4.6416e+00  1.6496e+01  4.2000e-01  2.6303e+10  1.5132e+00
  4.6416e+00  1.6496e+01  4.4000e-01  2.8248e+08  1.1812e+00
  4.6416e+00  1.6496e+01  4.6000e-01  4.6190e+07  9.4158e-01
  4.6416e+00  1.6496e+01  4.8000e-01  1.8153e+09  1.6840e+00
  4.6416e+00  1.6496e+01  5.0000e-01  2.2057e+10  4.4331e-01
  4.6416e+00  1.6496e+01  5.2000e-01  1.6579e+10  3.7010e-01
  4.6416e+00  1.6496e+01  5.4000e-01  1.5716e+10  3.7131e-01
  4.6416e+00  1.6496e+01  5.6000e-01  1.4931e+10  3.7300e-01
  4.6416e+00  1.6496e+01  5.8000e-01  1.4229e+10  3.7436e-01
  4.6416e+00  1.6496e+01  6.0000e-01  1.3446e+10  3.7514e-01
  4.6416e+00  2.0153e+01  1.0000e-02  1.6987e+10  1.2932e+00
  4.6416e+00  2.0153e+01  2.0000e-02  1.7363e+10  1.2850e+00
  4.6416e+00  2.0153e+01  4.0000e-02  1.7204e+10  1.2757e+00
  4.6416e+00  2.0153e+01  6.0000e-02  1.6858e+10  1.2691e+00
  4.6416e+00  2.0153e+01  8.0000e-02  1.6654e+10  1.2619e+00
  4.6416e+00  2.0153e+01  1.0000e-01  1.6146e+10  1.2595e+00
  4.6416e+00  2.0153e+01  1.2000e-01  1.6824e+10  1.2622e+00
  4.6416e+00  2.0153e+01  1.4000e-01  1.7366e+10  1.2586e+00
  4.6416e+00  2.0153e+01  1.6000e-01  1.7292e+10  1.2746e+00
  4.6416e+00  2.0153e+01  1.8000e-01  1.9002e+10  1.3413e+00
  4.6416e+00  2.0153e+01  2.0000e-01  2.3154e+10  1.4031e+00
  4.6416e+00  2.0153e+01  2.2000e-01  2.7840e+10  1.4291e+00
  4.6416e+00  2.0153e+01  2.4000e-01  3.4725e+10  1.5544e+00
  4.6416e+00  2.0153e+01  2.6000e-01  2.3713e+10  1.1999e+00
  4.6416e+00  2.0153e+01  2.8000e-01  2.0353e+10  1.2741e+00
  4.6416e+00  2.0153e+01  3.0000e-01  2.1188e+10  1.4191e+00
  4.6416e+00  2.0153e+01  3.2000e-01  2.3998e+10  1.5228e+00
  4.6416e+00  2.0153e+01  3.4000e-01  1.8826e+10  1.5191e+00
  4.6416e+00  2.0153e+01  3.6000e-01  1.8843e+10  1.9023e+00
  4.6416e+00  2.0153e+01  3.8000e-01  5.9588e+09  1.9944e+00
  4.6416e+00  2.0153e+01  4.0000e-01  1.3618e+09  2.0589e+00
  4.6416e+00  2.0153e+01  4.2000e-01  1.5685e+10  1.4574e+00
  4.6416e+00  2.0153e+01  4.4000e-01  1.8739e+08  1.2012e+00
  4.6416e+00  2.0153e+01  4.6000e-01  4.2500e+07  9.4718e-01
  4.6416e+00  2.0153e+01  4.8000e-01  9.7530e+08  1.5781e+00
  4.6416e+00  2.0153e+01  5.0000e-01  1.9401e+10  4.6306e-01
  4.6416e+00  2.0153e+01  5.2000e-01  1.3283e+10  3.7545e-01
  4.6416e+00  2.0153e+01  5.4000e-01  1.2103e+10  3.7986e-01
  4.6416e+00  2.0153e+01  5.6000e-01  1.1249e+10  3.8105e-01
  4.6416e+00  2.0153e+01  5.8000e-01  1.0495e+10  3.8383e-01
  4.6416e+00  2.0153e+01  6.0000e-01  9.7796e+09  3.8717e-01
  4.6416e+00  2.4621e+01  1.0000e-02  1.5670e+10  1.2898e+00
  4.6416e+00  2.4621e+01  2.0000e-02  1.6962e+10  1.2921e+00
  4.6416e+00  2.4621e+01  4.0000e-02  1.7373e+10  1.2821e+00
  4.6416e+00  2.4621e+01  6.0000e-02  1.7255e+10  1.2754e+00
  4.6416e+00  2.4621e+01  8.0000e-02  1.7306e+10  1.2710e+00
  4.6416e+00  2.4621e+01  1.0000e-01  1.6771e+10  1.2636e+00
  4.6416e+00  2.4621e+01  1.2000e-01  1.6782e+10  1.2656e+00
  4.6416e+00  2.4621e+01  1.4000e-01  1.7496e+10  1.2589e+00
  4.6416e+00  2.4621e+01  1.6000e-01  1.6558e+10  1.2421e+00
  4.6416e+00  2.4621e+01  1.8000e-01  1.5935e+10  1.2669e+00
  4.6416e+00  2.4621e+01  2.0000e-01  1.9102e+10  1.3381e+00
  4.6416e+00  2.4621e+01  2.2000e-01  2.4843e+10  1.3587e+00
  4.6416e+00  2.4621e+01  2.4000e-01  3.4188e+10  1.5561e+00
  4.6416e+00  2.4621e+01  2.6000e-01  1.9727e+10  1.0678e+00
  4.6416e+00  2.4621e+01  2.8000e-01  1.6899e+10  1.1486e+00
  4.6416e+00  2.4621e+01  3.0000e-01  1.8584e+10  1.3348e+00
  4.6416e+00  2.4621e+01  3.2000e-01  2.2544e+10  1.4760e+00
  4.6416e+00  2.4621e+01  3.4000e-01  2.2462e+10  1.4726e+00
  4.6416e+00  2.4621e+01  3.6000e-01  2.8067e+10  1.8780e+00
  4.6416e+00  2.4621e+01  3.8000e-01  1.3104e+10  1.7871e+00
  4.6416e+00  2.4621e+01  4.0000e-01  1.6804e+09  2.1454e+00
  4.6416e+00  2.4621e+01  4.2000e-01  5.5007e+09  1.3500e+00
  4.6416e+00  2.4621e+01  4.4000e-01  1.3152e+08  1.2075e+00
  4.6416e+00  2.4621e+01  4.6000e-01  3.7473e+07  9.5720e-01
  4.6416e+00  2.4621e+01  4.8000e-01  2.8524e+08  1.2498e+00
  4.6416e+00  2.4621e+01  5.0000e-01  1.6582e+10  4.8731e-01
  4.6416e+00  2.4621e+01  5.2000e-01  9.9697e+09  3.8535e-01
  4.6416e+00  2.4621e+01  5.4000e-01  8.7300e+09  3.8974e-01
  4.6416e+00  2.4621e+01  5.6000e-01  7.9040e+09  3.9425e-01
  4.6416e+00  2.4621e+01  5.8000e-01  7.2154e+09  3.9693e-01
  4.6416e+00  2.4621e+01  6.0000e-01  6.5898e+09  4.0164e-01
  4.6416e+00  3.0079e+01  1.0000e-02  1.4233e+10  1.2645e+00
  4.6416e+00  3.0079e+01  2.0000e-02  1.5881e+10  1.2902e+00
  4.6416e+00  3.0079e+01  4.0000e-02  1.7141e+10  1.2883e+00
  4.6416e+00  3.0079e+01  6.0000e-02  1.7283e+10  1.2805e+00
  4.6416e+00  3.0079e+01  8.0000e-02  1.7500e+10  1.2770e+00
  4.6416e+00  3.0079e+01  1.0000e-01  1.7298e+10  1.2687e+00
  4.6416e+00  3.0079e+01  1.2000e-01  1.6977e+10  1.2670e+00
  4.6416e+00  3.0079e+01  1.4000e-01  1.7560e+10  1.2674e+00
  4.6416e+00  3.0079e+01  1.6000e-01  1.7830e+10  1.2557e+00
  4.6416e+00  3.0079e+01  1.8000e-01  1.6707e+10  1.2409e+00
  4.6416e+00  3.0079e+01  2.0000e-01  1.5864e+10  1.2605e+00
  4.6416e+00  3.0079e+01  2.2000e-01  1.8094e+10  1.3237e+00
  4.6416e+00  3.0079e+01  2.4000e-01  2.3035e+10  1.3442e+00
  4.6416e+00  3.0079e+01  2.6000e-01  3.0499e+10  1.3953e+00
  4.6416e+00  3.0079e+01  2.8000e-01  1.9374e+10  1.0291e+00
  4.6416e+00  3.0079e+01  3.0000e-01  1.4716e+10  1.0292e+00
  4.6416e+00  3.0079e+01  3.2000e-01  1.4434e+10  1.1837e+00
  4.6416e+00  3.0079e+01  3.4000e-01  1.5377e+10  1.3175e+00
  4.6416e+00  3.0079e+01  3.6000e-01  1.8523e+10  1.4419e+00
  4.6416e+00  3.0079e+01  3.8000e-01  1.6653e+10  1.6013e+00
  4.6416e+00  3.0079e+01  4.0000e-01  8.8722e+09  1.7075e+00
  4.6416e+00  3.0079e+01  4.2000e-01  2.6264e+09  1.6955e+00
  4.6416e+00  3.0079e+01  4.4000e-01  9.7583e+07  1.1832e+00
  4.6416e+00  3.0079e+01  4.6000e-01  3.1357e+07  9.7481e-01
  4.6416e+00  3.0079e+01  4.8000e-01  1.1820e+08  9.8698e-01
  4.6416e+00  3.0079e+01  5.0000e-01  1.3627e+10  5.1452e-01
  4.6416e+00  3.0079e+01  5.2000e-01  7.0156e+09  3.9863e-01
  4.6416e+00  3.0079e+01  5.4000e-01  5.9090e+09  4.0434e-01
  4.6416e+00  3.0079e+01  5.6000e-01  5.2163e+09  4.0435e-01
  4.6416e+00  3.0079e+01  5.8000e-01  4.6780e+09  4.0766e-01
  4.6416e+00  3.0079e+01  6.0000e-01  4.1559e+09  4.0801e-01
  4.6416e+00  3.6747e+01  1.0000e-02  1.4150e+10  1.2496e+00
  4.6416e+00  3.6747e+01  2.0000e-02  1.4403e+10  1.2699e+00
  4.6416e+00  3.6747e+01  4.0000e-02  1.6414e+10  1.2914e+00
  4.6416e+00  3.6747e+01  6.0000e-02  1.7029e+10  1.2859e+00
  4.6416e+00  3.6747e+01  8.0000e-02  1.7316e+10  1.2819e+00
  4.6416e+00  3.6747e+01  1.0000e-01  1.7434e+10  1.2746e+00
  4.6416e+00  3.6747e+01  1.2000e-01  1.7081e+10  1.2693e+00
  4.6416e+00  3.6747e+01  1.4000e-01  1.7522e+10  1.2715e+00
  4.6416e+00  3.6747e+01  1.6000e-01  1.8173e+10  1.2640e+00
  4.6416e+00  3.6747e+01  1.8000e-01  1.7624e+10  1.2464e+00
  4.6416e+00  3.6747e+01  2.0000e-01  1.6163e+10  1.2392e+00
  4.6416e+00  3.6747e+01  2.2000e-01  1.6090e+10  1.2760e+00
  4.6416e+00  3.6747e+01  2.4000e-01  1.8921e+10  1.3326e+00
  4.6416e+00  3.6747e+01  2.6000e-01  2.3683e+10  1.3361e+00
  4.6416e+00  3.6747e+01  2.8000e-01  3.0783e+10  1.4226e+00
  4.6416e+00  3.6747e+01  3.0000e-01  1.8183e+10  1.0016e+00
  4.6416e+00  3.6747e+01  3.2000e-01  1.4157e+10  1.0332e+00
  4.6416e+00  3.6747e+01  3.4000e-01  1.1782e+10  1.1310e+00
  4.6416e+00  3.6747e+01  3.6000e-01  1.2262e+10  1.2608e+00
  4.6416e+00  3.6747e+01  3.8000e-01  1.1968e+10  1.3773e+00
  4.6416e+00  3.6747e+01  4.0000e-01  1.9685e+10  2.0265e+00
  4.6416e+00  3.6747e+01  4.2000e-01  1.9176e+10  2.0967e+00
  4.6416e+00  3.6747e+01  4.4000e-01  9.2066e+07  1.1510e+00
  4.6416e+00  3.6747e+01  4.6000e-01  2.4161e+07  9.5756e-01
  4.6416e+00  3.6747e+01  4.8000e-01  7.2516e+07  8.6691e-01
  4.6416e+00  3.6747e+01  5.0000e-01  1.0712e+10  5.5155e-01
  4.6416e+00  3.6747e+01  5.2000e-01  4.6003e+09  4.0644e-01
  4.6416e+00  3.6747e+01  5.4000e-01  3.7284e+09  4.0720e-01
  4.6416e+00  3.6747e+01  5.6000e-01  3.2315e+09  4.0487e-01
  4.6416e+00  3.6747e+01  5.8000e-01  2.8611e+09  4.0719e-01
  4.6416e+00  3.6747e+01  6.0000e-01  2.5008e+09  4.0678e-01
  4.6416e+00  4.4893e+01  1.0000e-02  1.8337e+10  1.2462e+00
  4.6416e+00  4.4893e+01  2.0000e-02  1.3791e+10  1.2501e+00
  4.6416e+00  4.4893e+01  4.0000e-02  1.5081e+10  1.2818e+00
  4.6416e+00  4.4893e+01  6.0000e-02  1.6415e+10  1.2902e+00
  4.6416e+00  4.4893e+01  8.0000e-02  1.6796e+10  1.2863e+00
  4.6416e+00  4.4893e+01  1.0000e-01  1.7219e+10  1.2809e+00
  4.6416e+00  4.4893e+01  1.2000e-01  1.6929e+10  1.2731e+00
  4.6416e+00  4.4893e+01  1.4000e-01  1.7118e+10  1.2740e+00
  4.6416e+00  4.4893e+01  1.6000e-01  1.8013e+10  1.2719e+00
  4.6416e+00  4.4893e+01  1.8000e-01  1.8098e+10  1.2554e+00
  4.6416e+00  4.4893e+01  2.0000e-01  1.6761e+10  1.2373e+00
  4.6416e+00  4.4893e+01  2.2000e-01  1.5593e+10  1.2501e+00
  4.6416e+00  4.4893e+01  2.4000e-01  1.6894e+10  1.3071e+00
  4.6416e+00  4.4893e+01  2.6000e-01  2.0668e+10  1.3398e+00
  4.6416e+00  4.4893e+01  2.8000e-01  2.5811e+10  1.3239e+00
  4.6416e+00  4.4893e+01  3.0000e-01  3.4320e+10  1.4323e+00
  4.6416e+00  4.4893e+01  3.2000e-01  1.4317e+10  9.7900e-01
  4.6416e+00  4.4893e+01  3.4000e-01  1.1740e+10  1.0580e+00
  4.6416e+00  4.4893e+01  3.6000e-01  1.1430e+10  1.2073e+00
  4.6416e+00  4.4893e+01  3.8000e-01  1.1709e+10  1.3072e+00
  4.6416e+00  4.4893e+01  4.0000e-01  1.8565e+10  1.8878e+00
  4.6416e+00  4.4893e+01  4.2000e-01  8.4484e+09  1.6508e+00
  4.6416e+00  4.4893e+01  4.4000e-01  2.9051e+08  6.4035e-01
  4.6416e+00  4.4893e+01  4.6000e-01  1.7704e+07  9.3817e-01
  4.6416e+00  4.4893e+01  4.8000e-01  5.0766e+07  8.6427e-01
  4.6416e+00  4.4893e+01  5.0000e-01  7.8062e+09  5.9926e-01
  4.6416e+00  4.4893e+01  5.2000e-01  2.8736e+09  4.1151e-01
  4.6416e+00  4.4893e+01  5.4000e-01  2.2671e+09  4.0468e-01
  4.6416e+00  4.4893e+01  5.6000e-01  1.9598e+09  4.0690e-01
  4.6416e+00  4.4893e+01  5.8000e-01  1.7028e+09  4.0558e-01
  4.6416e+00  4.4893e+01  6.0000e-01  1.4864e+09  4.0661e-01
  4.6416e+00  5.4844e+01  1.0000e-02  1.5402e+10  1.4986e+00
  4.6416e+00  5.4844e+01  2.0000e-02  1.5630e+10  1.2452e+00
  4.6416e+00  5.4844e+01  4.0000e-02  1.3709e+10  1.2578e+00
  4.6416e+00  5.4844e+01  6.0000e-02  1.5110e+10  1.2836e+00
  4.6416e+00  5.4844e+01  8.0000e-02  1.5974e+10  1.2887e+00
  4.6416e+00  5.4844e+01  1.0000e-01  1.6616e+10  1.2870e+00
  4.6416e+00  5.4844e+01  1.2000e-01  1.6610e+10  1.2785e+00
  4.6416e+00  5.4844e+01  1.4000e-01  1.6440e+10  1.2756e+00
  4.6416e+00  5.4844e+01  1.6000e-01  1.7231e+10  1.2782e+00
  4.6416e+00  5.4844e+01  1.8000e-01  1.7992e+10  1.2682e+00
  4.6416e+00  5.4844e+01  2.0000e-01  1.7283e+10  1.2452e+00
  4.6416e+00  5.4844e+01  2.2000e-01  1.5660e+10  1.2342e+00
  4.6416e+00  5.4844e+01  2.4000e-01  1.5407e+10  1.2737e+00
  4.6416e+00  5.4844e+01  2.6000e-01  1.8021e+10  1.3270e+00
  4.6416e+00  5.4844e+01  2.8000e-01  2.2337e+10  1.3307e+00
  4.6416e+00  5.4844e+01  3.0000e-01  2.8175e+10  1.3870e+00
  4.6416e+00  5.4844e+01  3.2000e-01  1.6958e+10  9.9753e-01
  4.6416e+00  5.4844e+01  3.4000e-01  1.2973e+10  1.0276e+00
  4.6416e+00  5.4844e+01  3.6000e-01  1.0272e+10  1.1370e+00
  4.6416e+00  5.4844e+01  3.8000e-01  9.2028e+09  1.2185e+00
  4.6416e+00  5.4844e+01  4.0000e-01  9.7902e+09  1.5340e+00
  4.6416e+00  5.4844e+01  4.2000e-01  1.1379e+10  1.8658e+00
  4.6416e+00  5.4844e+01  4.4000e-01  1.5345e+10  1.9889e+00
  4.6416e+00  5.4844e+01  4.6000e-01  1.4905e+07  9.1817e-01
  4.6416e+00  5.4844e+01  4.8000e-01  3.1834e+07  8.6997e-01
  4.6416e+00  5.4844e+01  5.0000e-01  5.0157e+09  6.6717e-01
  4.6416e+00  5.4844e+01  5.2000e-01  1.7619e+09  4.1892e-01
  4.6416e+00  5.4844e+01  5.4000e-01  1.3730e+09  4.0660e-01
  4.6416e+00  5.4844e+01  5.6000e-01  1.1711e+09  4.0476e-01
  4.6416e+00  5.4844e+01  5.8000e-01  1.0138e+09  4.0437e-01
  4.6416e+00  5.4844e+01  6.0000e-01  8.7535e+08  4.0483e-01
  4.6416e+00  6.7002e+01  1.0000e-02  9.4460e+09  1.6954e+00
  4.6416e+00  6.7002e+01  2.0000e-02  1.7448e+10  1.2881e+00
  4.6416e+00  6.7002e+01  4.0000e-02  1.3554e+10  1.2458e+00
  4.6416e+00  6.7002e+01  6.0000e-02  1.3472e+10  1.2595e+00
  4.6416e+00  6.7002e+01  8.0000e-02  1.4614e+10  1.2801e+00
  4.6416e+00  6.7002e+01  1.0000e-01  1.5445e+10  1.2884e+00
  4.6416e+00  6.7002e+01  1.2000e-01  1.6030e+10  1.2861e+00
  4.6416e+00  6.7002e+01  1.4000e-01  1.5743e+10  1.2782e+00
  4.6416e+00  6.7002e+01  1.6000e-01  1.5989e+10  1.2803e+00
  4.6416e+00  6.7002e+01  1.8000e-01  1.7018e+10  1.2803e+00
  4.6416e+00  6.7002e+01  2.0000e-01  1.7313e+10  1.2638e+00
  4.6416e+00  6.7002e+01  2.2000e-01  1.6080e+10  1.2380e+00
  4.6416e+00  6.7002e+01  2.4000e-01  1.4657e+10  1.2400e+00
  4.6416e+00  6.7002e+01  2.6000e-01  1.5402e+10  1.2957e+00
  4.6416e+00  6.7002e+01  2.8000e-01  1.8635e+10  1.3346e+00
  4.6416e+00  6.7002e+01  3.0000e-01  2.3019e+10  1.3234e+00
  4.6416e+00  6.7002e+01  3.2000e-01  3.1190e+10  1.5829e+00
  4.6416e+00  6.7002e+01  3.4000e-01  1.3285e+10  9.8135e-01
  4.6416e+00  6.7002e+01  3.6000e-01  1.0509e+10  1.0529e+00
  4.6416e+00  6.7002e+01  3.8000e-01  1.0027e+10  1.2131e+00
  4.6416e+00  6.7002e+01  4.0000e-01  9.5446e+09  1.3020e+00
  4.6416e+00  6.7002e+01  4.2000e-01  1.4239e+10  1.8341e+00
  4.6416e+00  6.7002e+01  4.4000e-01  5.4705e+09  1.5867e+00
  4.6416e+00  6.7002e+01  4.6000e-01  5.2459e+08  9.6503e-01
  4.6416e+00  6.7002e+01  4.8000e-01  1.7638e+07  8.8145e-01
  4.6416e+00  6.7002e+01  5.0000e-01  2.6895e+09  7.6582e-01
  4.6416e+00  6.7002e+01  5.2000e-01  1.0648e+09  4.2282e-01
  4.6416e+00  6.7002e+01  5.4000e-01  8.2689e+08  4.0788e-01
  4.6416e+00  6.7002e+01  5.6000e-01  7.0078e+08  4.0476e-01
  4.6416e+00  6.7002e+01  5.8000e-01  6.0165e+08  4.0450e-01
  4.6416e+00  6.7002e+01  6.0000e-01  5.1813e+08  4.0459e-01
  4.6416e+00  8.1855e+01  1.0000e-02  4.9802e+09  1.7149e+00
  4.6416e+00  8.1855e+01  2.0000e-02  1.3039e+10  1.6141e+00
  4.6416e+00  8.1855e+01  4.0000e-02  1.7461e+10  1.2405e+00
  4.6416e+00  8.1855e+01  6.0000e-02  1.3065e+10  1.2451e+00
  4.6416e+00  8.1855e+01  8.0000e-02  1.2935e+10  1.2543e+00
  4.6416e+00  8.1855e+01  1.0000e-01  1.3689e+10  1.2739e+00
  4.6416e+00  8.1855e+01  1.2000e-01  1.4628e+10  1.2856e+00
  4.6416e+00  8.1855e+01  1.4000e-01  1.5039e+10  1.2846e+00
  4.6416e+00  8.1855e+01  1.6000e-01  1.4768e+10  1.2808e+00
  4.6416e+00  8.1855e+01  1.8000e-01  1.5243e+10  1.2843e+00
  4.6416e+00  8.1855e+01  2.0000e-01  1.6225e+10  1.2822e+00
  4.6416e+00  8.1855e+01  2.2000e-01  1.6188e+10  1.2630e+00
  4.6416e+00  8.1855e+01  2.4000e-01  1.4782e+10  1.2368e+00
  4.6416e+00  8.1855e+01  2.6000e-01  1.3673e+10  1.2468e+00
  4.6416e+00  8.1855e+01  2.8000e-01  1.4839e+10  1.3053e+00
  4.6416e+00  8.1855e+01  3.0000e-01  1.8118e+10  1.3304e+00
  4.6416e+00  8.1855e+01  3.2000e-01  2.2141e+10  1.3217e+00
  4.6416e+00  8.1855e+01  3.4000e-01  2.6357e+10  1.3447e+00
  4.6416e+00  8.1855e+01  3.6000e-01  1.1998e+10  1.0103e+00
  4.6416e+00  8.1855e+01  3.8000e-01  9.5334e+09  1.1036e+00
  4.6416e+00  8.1855e+01  4.0000e-01  8.6037e+09  1.2278e+00
  4.6416e+00  8.1855e+01  4.2000e-01  7.1492e+09  1.3244e+00
  4.6416e+00  8.1855e+01  4.4000e-01  1.1760e+10  1.8797e+00
  4.6416e+00  8.1855e+01  4.6000e-01  1.0409e+10  1.8642e+00
  4.6416e+00  8.1855e+01  4.8000e-01  1.1947e+07  8.6341e-01
  4.6416e+00  8.1855e+01  5.0000e-01  1.1879e+09  8.8800e-01
  4.6416e+00  8.1855e+01  5.2000e-01  6.4461e+08  4.2884e-01
  4.6416e+00  8.1855e+01  5.4000e-01  5.0517e+08  4.1550e-01
  4.6416e+00  8.1855e+01  5.6000e-01  4.1846e+08  4.0387e-01
  4.6416e+00  8.1855e+01  5.8000e-01  3.5964e+08  4.0083e-01
  4.6416e+00  8.1855e+01  6.0000e-01  3.1186e+08  4.0210e-01
  4.6416e+00  1.0000e+02  1.0000e-02  2.6202e+09  1.7156e+00
  4.6416e+00  1.0000e+02  2.0000e-02  6.7694e+09  1.6782e+00
  4.6416e+00  1.0000e+02  4.0000e-02  1.4072e+10  1.4130e+00
  4.6416e+00  1.0000e+02  6.0000e-02  1.6770e+10  1.2377e+00
  4.6416e+00  1.0000e+02  8.0000e-02  1.2838e+10  1.2437e+00
  4.6416e+00  1.0000e+02  1.0000e-01  1.2180e+10  1.2466e+00
  4.6416e+00  1.0000e+02  1.2000e-01  1.2481e+10  1.2613e+00
  4.6416e+00  1.0000e+02  1.4000e-01  1.3310e+10  1.2776e+00
  4.6416e+00  1.0000e+02  1.6000e-01  1.3743e+10  1.2821e+00
  4.6416e+00  1.0000e+02  1.8000e-01  1.3536e+10  1.2817e+00
  4.6416e+00  1.0000e+02  2.0000e-01  1.3936e+10  1.2865e+00
  4.6416e+00  1.0000e+02  2.2000e-01  1.4837e+10  1.2867e+00
  4.6416e+00  1.0000e+02  2.4000e-01  1.4822e+10  1.2698e+00
  4.6416e+00  1.0000e+02  2.6000e-01  1.3517e+10  1.2427e+00
  4.6416e+00  1.0000e+02  2.8000e-01  1.2382e+10  1.2450e+00
  4.6416e+00  1.0000e+02  3.0000e-01  1.3190e+10  1.2962e+00
  4.6416e+00  1.0000e+02  3.2000e-01  1.5887e+10  1.3272e+00
  4.6416e+00  1.0000e+02  3.4000e-01  1.9164e+10  1.3222e+00
  4.6416e+00  1.0000e+02  3.6000e-01  2.4553e+10  1.4646e+00
  4.6416e+00  1.0000e+02  3.8000e-01  1.0369e+10  1.0107e+00
  4.6416e+00  1.0000e+02  4.0000e-01  7.8442e+09  1.1016e+00
  4.6416e+00  1.0000e+02  4.2000e-01  6.7041e+09  1.2388e+00
  4.6416e+00  1.0000e+02  4.4000e-01  5.6235e+09  1.3408e+00
  4.6416e+00  1.0000e+02  4.6000e-01  8.2313e+09  1.8762e+00
  4.6416e+00  1.0000e+02  4.8000e-01  6.2539e+09  1.9063e+00
  4.6416e+00  1.0000e+02  5.0000e-01  5.0730e+08  1.0554e+00
  4.6416e+00  1.0000e+02  5.2000e-01  3.9428e+08  4.3483e-01
  4.6416e+00  1.0000e+02  5.4000e-01  3.1358e+08  4.2307e-01
  4.6416e+00  1.0000e+02  5.6000e-01  2.7002e+08  4.2521e-01
  4.6416e+00  1.0000e+02  5.8000e-01  2.1878e+08  4.0209e-01
  4.6416e+00  1.0000e+02  6.0000e-01  1.8814e+08  4.0036e-01
  4.6416e+00  1.5000e+02  1.0000e-02  7.8784e+08  1.7115e+00
  4.6416e+00  1.5000e+02  2.0000e-02  1.9552e+09  1.6830e+00
  4.6416e+00  1.5000e+02  4.0000e-02  5.3144e+09  1.6457e+00
  4.6416e+00  1.5000e+02  6.0000e-02  1.0244e+10  1.5862e+00
  4.6416e+00  1.5000e+02  8.0000e-02  1.2400e+10  1.4586e+00
  4.6416e+00  1.5000e+02  1.0000e-01  1.3804e+10  1.2859e+00
  4.6416e+00  1.5000e+02  1.2000e-01  1.5382e+10  1.2495e+00
  4.6416e+00  1.5000e+02  1.4000e-01  1.3122e+10  1.2456e+00
  4.6416e+00  1.5000e+02  1.6000e-01  1.0880e+10  1.2418e+00
  4.6416e+00  1.5000e+02  1.8000e-01  9.9814e+09  1.2398e+00
  4.6416e+00  1.5000e+02  2.0000e-01  1.0075e+10  1.2498e+00
  4.6416e+00  1.5000e+02  2.2000e-01  1.0124e+10  1.2586e+00
  4.6416e+00  1.5000e+02  2.4000e-01  9.8729e+09  1.2664e+00
  4.6416e+00  1.5000e+02  2.6000e-01  1.0005e+10  1.2781e+00
  4.6416e+00  1.5000e+02  2.8000e-01  1.0520e+10  1.2882e+00
  4.6416e+00  1.5000e+02  3.0000e-01  1.0578e+10  1.2857e+00
  4.6416e+00  1.5000e+02  3.2000e-01  9.6279e+09  1.2687e+00
  4.6416e+00  1.5000e+02  3.4000e-01  8.3368e+09  1.2518e+00
  4.6416e+00  1.5000e+02  3.6000e-01  7.9049e+09  1.2695e+00
  4.6416e+00  1.5000e+02  3.8000e-01  8.7029e+09  1.3088e+00
  4.6416e+00  1.5000e+02  4.0000e-01  1.0068e+10  1.3134e+00
  4.6416e+00  1.5000e+02  4.2000e-01  1.1222e+10  1.3892e+00
  4.6416e+00  1.5000e+02  4.4000e-01  6.3856e+09  1.0743e+00
  4.6416e+00  1.5000e+02  4.6000e-01  3.5950e+09  1.1222e+00
  4.6416e+00  1.5000e+02  4.8000e-01  1.7667e+09  1.3327e+00
  4.6416e+00  1.5000e+02  5.0000e-01  3.8934e+08  1.5104e+00
  4.6416e+00  1.5000e+02  5.2000e-01  1.5364e+08  4.6071e-01
  4.6416e+00  1.5000e+02  5.4000e-01  1.2526e+08  4.5110e-01
  4.6416e+00  1.5000e+02  5.6000e-01  1.0911e+08  4.5746e-01
  4.6416e+00  1.5000e+02  5.8000e-01  9.1893e+07  4.5497e-01
  4.6416e+00  1.5000e+02  6.0000e-01  8.1392e+07  4.6892e-01
  4.6416e+00  2.0000e+02  1.0000e-02  3.9098e+08  1.7409e+00
  4.6416e+00  2.0000e+02  2.0000e-02  8.7970e+08  1.6843e+00
  4.6416e+00  2.0000e+02  4.0000e-02  2.2248e+09  1.6462e+00
  4.6416e+00  2.0000e+02  6.0000e-02  4.0387e+09  1.6208e+00
  4.6416e+00  2.0000e+02  8.0000e-02  6.5095e+09  1.5938e+00
  4.6416e+00  2.0000e+02  1.0000e-01  9.0299e+09  1.5537e+00
  4.6416e+00  2.0000e+02  1.2000e-01  1.0439e+10  1.4955e+00
  4.6416e+00  2.0000e+02  1.4000e-01  1.0499e+10  1.4093e+00
  4.6416e+00  2.0000e+02  1.6000e-01  1.0730e+10  1.3148e+00
  4.6416e+00  2.0000e+02  1.8000e-01  1.1716e+10  1.2686e+00
  4.6416e+00  2.0000e+02  2.0000e-01  1.2583e+10  1.2722e+00
  4.6416e+00  2.0000e+02  2.2000e-01  1.1609e+10  1.2392e+00
  4.6416e+00  2.0000e+02  2.4000e-01  9.8381e+09  1.2407e+00
  4.6416e+00  2.0000e+02  2.6000e-01  8.4020e+09  1.2418e+00
  4.6416e+00  2.0000e+02  2.8000e-01  7.4877e+09  1.2406e+00
  4.6416e+00  2.0000e+02  3.0000e-01  6.7485e+09  1.2397e+00
  4.6416e+00  2.0000e+02  3.2000e-01  6.3471e+09  1.2451e+00
  4.6416e+00  2.0000e+02  3.4000e-01  6.3254e+09  1.2573e+00
  4.6416e+00  2.0000e+02  3.6000e-01  6.3133e+09  1.2688e+00
  4.6416e+00  2.0000e+02  3.8000e-01  5.8014e+09  1.2688e+00
  4.6416e+00  2.0000e+02  4.0000e-01  4.7153e+09  1.2644e+00
  4.6416e+00  2.0000e+02  4.2000e-01  3.6192e+09  1.2647e+00
  4.6416e+00  2.0000e+02  4.4000e-01  3.0133e+09  1.2803e+00
  4.6416e+00  2.0000e+02  4.6000e-01  2.8018e+09  1.2986e+00
  4.6416e+00  2.0000e+02  4.8000e-01  2.2009e+09  1.2962e+00
  4.6416e+00  2.0000e+02  5.0000e-01  2.3513e+08  1.5816e+00
  4.6416e+00  2.0000e+02  5.2000e-01  3.5573e+07  6.2846e-01
  4.6416e+00  2.0000e+02  5.4000e-01  3.5436e+07  5.8494e-01
  4.6416e+00  2.0000e+02  5.6000e-01  3.5773e+07  5.4676e-01
  4.6416e+00  2.0000e+02  5.8000e-01  3.4653e+07  5.1744e-01
  4.6416e+00  2.0000e+02  6.0000e-01  2.9985e+07  5.0473e-01
  4.6416e+00  2.5000e+02  1.0000e-02  2.5363e+08  1.7815e+00
  4.6416e+00  2.5000e+02  2.0000e-02  5.2303e+08  1.6935e+00
  4.6416e+00  2.5000e+02  4.0000e-02  1.1918e+09  1.6439e+00
  4.6416e+00  2.5000e+02  6.0000e-02  2.0616e+09  1.6211e+00
  4.6416e+00  2.5000e+02  8.0000e-02  3.1416e+09  1.5997e+00
  4.6416e+00  2.5000e+02  1.0000e-01  4.4819e+09  1.5826e+00
  4.6416e+00  2.5000e+02  1.2000e-01  5.9749e+09  1.5613e+00
  4.6416e+00  2.5000e+02  1.4000e-01  7.3036e+09  1.5403e+00
  4.6416e+00  2.5000e+02  1.6000e-01  8.2152e+09  1.5054e+00
  4.6416e+00  2.5000e+02  1.8000e-01  8.5544e+09  1.4652e+00
  4.6416e+00  2.5000e+02  2.0000e-01  8.3937e+09  1.4156e+00
  4.6416e+00  2.5000e+02  2.2000e-01  8.1118e+09  1.3600e+00
  4.6416e+00  2.5000e+02  2.4000e-01  8.0934e+09  1.3031e+00
  4.6416e+00  2.5000e+02  2.6000e-01  8.3299e+09  1.2689e+00
  4.6416e+00  2.5000e+02  2.8000e-01  8.2017e+09  1.2582e+00
  4.6416e+00  2.5000e+02  3.0000e-01  7.9994e+09  1.2654e+00
  4.6416e+00  2.5000e+02  3.2000e-01  7.7907e+09  1.2726e+00
  4.6416e+00  2.5000e+02  3.4000e-01  7.2566e+09  1.2699e+00
  4.6416e+00  2.5000e+02  3.6000e-01  6.3943e+09  1.2607e+00
  4.6416e+00  2.5000e+02  3.8000e-01  5.2454e+09  1.2431e+00
  4.6416e+00  2.5000e+02  4.0000e-01  4.3207e+09  1.2298e+00
  4.6416e+00  2.5000e+02  4.2000e-01  3.7565e+09  1.2236e+00
  4.6416e+00  2.5000e+02  4.4000e-01  3.2033e+09  1.2375e+00
  4.6416e+00  2.5000e+02  4.6000e-01  2.3135e+09  1.2535e+00
  4.6416e+00  2.5000e+02  4.8000e-01  1.1465e+09  1.1871e+00
  4.6416e+00  2.5000e+02  5.0000e-01  2.2636e+07  1.2663e+00
  4.6416e+00  2.5000e+02  5.2000e-01  1.3119e+07  8.5798e-01
  4.6416e+00  2.5000e+02  5.4000e-01  1.4636e+07  6.0031e-01
  4.6416e+00  2.5000e+02  5.6000e-01  1.4547e+07  5.4710e-01
  4.6416e+00  2.5000e+02  5.8000e-01  1.3536e+07  5.0054e-01
  4.6416e+00  2.5000e+02  6.0000e-01  1.2158e+07  4.7281e-01
  4.6416e+00  3.0000e+02  1.0000e-02  1.9122e+08  1.8271e+00
  4.6416e+00  3.0000e+02  2.0000e-02  3.6386e+08  1.7210e+00
  4.6416e+00  3.0000e+02  4.0000e-02  7.5682e+08  1.6501e+00
  4.6416e+00  3.0000e+02  6.0000e-02  1.2403e+09  1.6183e+00
  4.6416e+00  3.0000e+02  8.0000e-02  1.8187e+09  1.5968e+00
  4.6416e+00  3.0000e+02  1.0000e-01  2.5136e+09  1.5799e+00
  4.6416e+00  3.0000e+02  1.2000e-01  3.3009e+09  1.5663e+00
  4.6416e+00  3.0000e+02  1.4000e-01  4.1596e+09  1.5548e+00
  4.6416e+00  3.0000e+02  1.6000e-01  5.0018e+09  1.5365e+00
  4.6416e+00  3.0000e+02  1.8000e-01  5.7058e+09  1.5219e+00
  4.6416e+00  3.0000e+02  2.0000e-01  6.1923e+09  1.5036e+00
  4.6416e+00  3.0000e+02  2.2000e-01  6.4197e+09  1.4809e+00
  4.6416e+00  3.0000e+02  2.4000e-01  6.4223e+09  1.4516e+00
  4.6416e+00  3.0000e+02  2.6000e-01  6.2085e+09  1.4220e+00
  4.6416e+00  3.0000e+02  2.8000e-01  5.8908e+09  1.3869e+00
  4.6416e+00  3.0000e+02  3.0000e-01  5.5261e+09  1.3477e+00
  4.6416e+00  3.0000e+02  3.2000e-01  5.1375e+09  1.3185e+00
  4.6416e+00  3.0000e+02  3.4000e-01  4.8010e+09  1.2878e+00
  4.6416e+00  3.0000e+02  3.6000e-01  4.4688e+09  1.2698e+00
  4.6416e+00  3.0000e+02  3.8000e-01  4.0424e+09  1.2542e+00
  4.6416e+00  3.0000e+02  4.0000e-01  3.4757e+09  1.2376e+00
  4.6416e+00  3.0000e+02  4.2000e-01  2.8829e+09  1.2341e+00
  4.6416e+00  3.0000e+02  4.4000e-01  2.2474e+09  1.2278e+00
  4.6416e+00  3.0000e+02  4.6000e-01  9.2376e+08  1.2302e+00
  4.6416e+00  3.0000e+02  4.8000e-01  2.3806e+08  1.2258e+00
  4.6416e+00  3.0000e+02  5.0000e-01  1.2010e+07  1.2170e+00
  4.6416e+00  3.0000e+02  5.2000e-01  1.4603e+06  9.9464e-01
  4.6416e+00  3.0000e+02  5.4000e-01  7.7194e+06  7.2844e-01
  4.6416e+00  3.0000e+02  5.6000e-01  7.9076e+06  6.1581e-01
  4.6416e+00  3.0000e+02  5.8000e-01  7.2071e+06  5.6058e-01
  4.6416e+00  3.0000e+02  6.0000e-01  6.3850e+06  5.2745e-01
  6.3096e+00  3.3246e+00  1.0000e-02  1.6996e+10  1.1891e+00
  6.3096e+00  3.3246e+00  2.0000e-02  1.6377e+10  1.1636e+00
  6.3096e+00  3.3246e+00  4.0000e-02  1.6079e+10  1.1446e+00
  6.3096e+00  3.3246e+00  6.0000e-02  1.5780e+10  1.1439e+00
  6.3096e+00  3.3246e+00  8.0000e-02  1.5890e+10  1.1617e+00
  6.3096e+00  3.3246e+00  1.0000e-01  2.0647e+10  1.2189e+00
  6.3096e+00  3.3246e+00  1.2000e-01  1.5671e+10  1.1791e+00
  6.3096e+00  3.3246e+00  1.4000e-01  1.0949e+10  1.1344e+00
  6.3096e+00  3.3246e+00  1.6000e-01  1.1857e+10  1.2293e+00
  6.3096e+00  3.3246e+00  1.8000e-01  1.6072e+10  1.2384e+00
  6.3096e+00  3.3246e+00  2.0000e-01  2.4154e+10  1.2998e+00
  6.3096e+00  3.3246e+00  2.2000e-01  2.9072e+10  1.4345e+00
  6.3096e+00  3.3246e+00  2.4000e-01  3.0172e+10  1.5188e+00
  6.3096e+00  3.3246e+00  2.6000e-01  2.9962e+10  1.5614e+00
  6.3096e+00  3.3246e+00  2.8000e-01  2.7353e+10  1.5169e+00
  6.3096e+00  3.3246e+00  3.0000e-01  2.3065e+10  1.5315e+00
  6.3096e+00  3.3246e+00  3.2000e-01  1.8551e+10  1.6897e+00
  6.3096e+00  3.3246e+00  3.4000e-01  1.2165e+10  1.7115e+00
  6.3096e+00  3.3246e+00  3.6000e-01  7.4506e+09  1.7786e+00
  6.3096e+00  3.3246e+00  3.8000e-01  2.8268e+09  1.8981e+00
  6.3096e+00  3.3246e+00  4.0000e-01  4.3074e+09  1.6152e+00
  6.3096e+00  3.3246e+00  4.2000e-01  1.9586e+10  1.3910e+00
  6.3096e+00  3.3246e+00  4.4000e-01  3.5536e+09  1.2137e+00
  6.3096e+00  3.3246e+00  4.6000e-01  1.0862e+07  7.0370e-01
  6.3096e+00  3.3246e+00  4.8000e-01  4.7432e+09  1.6397e+00
  6.3096e+00  3.3246e+00  5.0000e-01  3.4498e+10  3.6437e-01
  6.3096e+00  3.3246e+00  5.2000e-01  3.1763e+10  3.5768e-01
  6.3096e+00  3.3246e+00  5.4000e-01  2.1125e+10  4.0725e-01
  6.3096e+00  3.3246e+00  5.6000e-01  6.6476e+09  5.4033e-01
  6.3096e+00  3.3246e+00  5.8000e-01  2.5920e+09  1.0018e+00
  6.3096e+00  3.3246e+00  6.0000e-01  3.2867e+09  9.3871e-01
  6.3096e+00  4.0616e+00  1.0000e-02  1.6769e+10  1.2258e+00
  6.3096e+00  4.0616e+00  2.0000e-02  1.7197e+10  1.2247e+00
  6.3096e+00  4.0616e+00  4.0000e-02  1.7315e+10  1.2297e+00
  6.3096e+00  4.0616e+00  6.0000e-02  1.7707e+10  1.2435e+00
  6.3096e+00  4.0616e+00  8.0000e-02  1.6145e+10  1.2200e+00
  6.3096e+00  4.0616e+00  1.0000e-01  2.1077e+10  1.2554e+00
  6.3096e+00  4.0616e+00  1.2000e-01  1.9273e+10  1.2710e+00
  6.3096e+00  4.0616e+00  1.4000e-01  1.3707e+10  1.1992e+00
  6.3096e+00  4.0616e+00  1.6000e-01  1.2590e+10  1.2527e+00
  6.3096e+00  4.0616e+00  1.8000e-01  1.7017e+10  1.3442e+00
  6.3096e+00  4.0616e+00  2.0000e-01  2.6915e+10  1.4265e+00
  6.3096e+00  4.0616e+00  2.2000e-01  3.2414e+10  1.4991e+00
  6.3096e+00  4.0616e+00  2.4000e-01  3.3783e+10  1.5170e+00
  6.3096e+00  4.0616e+00  2.6000e-01  3.0923e+10  1.4390e+00
  6.3096e+00  4.0616e+00  2.8000e-01  2.6584e+10  1.4188e+00
  6.3096e+00  4.0616e+00  3.0000e-01  2.3882e+10  1.5241e+00
  6.3096e+00  4.0616e+00  3.2000e-01  1.9704e+10  1.6054e+00
  6.3096e+00  4.0616e+00  3.4000e-01  1.2326e+10  1.6727e+00
  6.3096e+00  4.0616e+00  3.6000e-01  7.6017e+09  1.7754e+00
  6.3096e+00  4.0616e+00  3.8000e-01  2.7126e+09  1.9029e+00
  6.3096e+00  4.0616e+00  4.0000e-01  4.4016e+09  1.6029e+00
  6.3096e+00  4.0616e+00  4.2000e-01  2.0058e+10  1.3941e+00
  6.3096e+00  4.0616e+00  4.4000e-01  3.5368e+09  1.2020e+00
  6.3096e+00  4.0616e+00  4.6000e-01  9.4799e+06  5.6366e-01
  6.3096e+00  4.0616e+00  4.8000e-01  5.7781e+09  1.7838e+00
  6.3096e+00  4.0616e+00  5.0000e-01  3.3734e+10  3.6776e-01
  6.3096e+00  4.0616e+00  5.2000e-01  3.1787e+10  3.5751e-01
  6.3096e+00  4.0616e+00  5.4000e-01  2.6860e+10  3.6673e-01
  6.3096e+00  4.0616e+00  5.6000e-01  1.5156e+10  3.9476e-01
  6.3096e+00  4.0616e+00  5.8000e-01  5.4670e+09  5.3941e-01
  6.3096e+00  4.0616e+00  6.0000e-01  2.1697e+09  9.4684e-01
  6.3096e+00  4.9619e+00  1.0000e-02  1.8653e+10  1.2745e+00
  6.3096e+00  4.9619e+00  2.0000e-02  1.8390e+10  1.2723e+00
  6.3096e+00  4.9619e+00  4.0000e-02  1.8090e+10  1.2697e+00
  6.3096e+00  4.9619e+00  6.0000e-02  1.9020e+10  1.2733e+00
  6.3096e+00  4.9619e+00  8.0000e-02  1.7072e+10  1.2587e+00
  6.3096e+00  4.9619e+00  1.0000e-01  2.0738e+10  1.2692e+00
  6.3096e+00  4.9619e+00  1.2000e-01  2.1685e+10  1.2672e+00
  6.3096e+00  4.9619e+00  1.4000e-01  1.7230e+10  1.2428e+00
  6.3096e+00  4.9619e+00  1.6000e-01  1.5754e+10  1.2397e+00
  6.3096e+00  4.9619e+00  1.8000e-01  1.7823e+10  1.3458e+00
  6.3096e+00  4.9619e+00  2.0000e-01  2.2816e+10  1.4496e+00
  6.3096e+00  4.9619e+00  2.2000e-01  2.8113e+10  1.5274e+00
  6.3096e+00  4.9619e+00  2.4000e-01  3.6125e+10  1.4420e+00
  6.3096e+00  4.9619e+00  2.6000e-01  2.9420e+10  1.3356e+00
  6.3096e+00  4.9619e+00  2.8000e-01  2.3944e+10  1.2838e+00
  6.3096e+00  4.9619e+00  3.0000e-01  2.2121e+10  1.4477e+00
  6.3096e+00  4.9619e+00  3.2000e-01  1.8585e+10  1.6292e+00
  6.3096e+00  4.9619e+00  3.4000e-01  1.2002e+10  1.6597e+00
  6.3096e+00  4.9619e+00  3.6000e-01  6.7747e+09  1.7805e+00
  6.3096e+00  4.9619e+00  3.8000e-01  2.6353e+09  1.9300e+00
  6.3096e+00  4.9619e+00  4.0000e-01  4.4157e+09  1.5911e+00
  6.3096e+00  4.9619e+00  4.2000e-01  2.0943e+10  1.4012e+00
  6.3096e+00  4.9619e+00  4.4000e-01  3.4871e+09  1.1924e+00
  6.3096e+00  4.9619e+00  4.6000e-01  9.2356e+06  5.4364e-01
  6.3096e+00  4.9619e+00  4.8000e-01  6.2049e+09  1.8617e+00
  6.3096e+00  4.9619e+00  5.0000e-01  3.2834e+10  3.7291e-01
  6.3096e+00  4.9619e+00  5.2000e-01  3.0973e+10  3.5452e-01
  6.3096e+00  4.9619e+00  5.4000e-01  2.8443e+10  3.6156e-01
  6.3096e+00  4.9619e+00  5.6000e-01  2.1619e+10  3.7784e-01
  6.3096e+00  4.9619e+00  5.8000e-01  1.1716e+10  4.1852e-01
  6.3096e+00  4.9619e+00  6.0000e-01  5.1640e+09  4.7612e-01
  6.3096e+00  6.0619e+00  1.0000e-02  1.9036e+10  1.2971e+00
  6.3096e+00  6.0619e+00  2.0000e-02  1.8972e+10  1.2897e+00
  6.3096e+00  6.0619e+00  4.0000e-02  1.8433e+10  1.2818e+00
  6.3096e+00  6.0619e+00  6.0000e-02  1.9460e+10  1.2843e+00
  6.3096e+00  6.0619e+00  8.0000e-02  1.6291e+10  1.2638e+00
  6.3096e+00  6.0619e+00  1.0000e-01  1.9060e+10  1.2917e+00
  6.3096e+00  6.0619e+00  1.2000e-01  2.0960e+10  1.2838e+00
  6.3096e+00  6.0619e+00  1.4000e-01  1.8383e+10  1.2790e+00
  6.3096e+00  6.0619e+00  1.6000e-01  1.5089e+10  1.2652e+00
  6.3096e+00  6.0619e+00  1.8000e-01  1.5954e+10  1.3483e+00
  6.3096e+00  6.0619e+00  2.0000e-01  2.1166e+10  1.4211e+00
  6.3096e+00  6.0619e+00  2.2000e-01  2.9479e+10  1.4706e+00
  6.3096e+00  6.0619e+00  2.4000e-01  3.3694e+10  1.4089e+00
  6.3096e+00  6.0619e+00  2.6000e-01  2.7453e+10  1.2978e+00
  6.3096e+00  6.0619e+00  2.8000e-01  2.4830e+10  1.4060e+00
  6.3096e+00  6.0619e+00  3.0000e-01  2.3043e+10  1.5975e+00
  6.3096e+00  6.0619e+00  3.2000e-01  1.7067e+10  1.6927e+00
  6.3096e+00  6.0619e+00  3.4000e-01  1.1668e+10  1.6658e+00
  6.3096e+00  6.0619e+00  3.6000e-01  7.1087e+09  1.7881e+00
  6.3096e+00  6.0619e+00  3.8000e-01  2.7062e+09  1.9542e+00
  6.3096e+00  6.0619e+00  4.0000e-01  4.3404e+09  1.5756e+00
  6.3096e+00  6.0619e+00  4.2000e-01  2.1869e+10  1.4125e+00
  6.3096e+00  6.0619e+00  4.4000e-01  3.3476e+09  1.1781e+00
  6.3096e+00  6.0619e+00  4.6000e-01  1.8010e+07  8.0663e-01
  6.3096e+00  6.0619e+00  4.8000e-01  5.9025e+09  1.8846e+00
  6.3096e+00  6.0619e+00  5.0000e-01  3.1755e+10  3.7831e-01
  6.3096e+00  6.0619e+00  5.2000e-01  2.9684e+10  3.5622e-01
  6.3096e+00  6.0619e+00  5.4000e-01  2.8349e+10  3.6102e-01
  6.3096e+00  6.0619e+00  5.6000e-01  2.5610e+10  3.6582e-01
  6.3096e+00  6.0619e+00  5.8000e-01  1.9987e+10  3.8203e-01
  6.3096e+00  6.0619e+00  6.0000e-01  1.2186e+10  4.1958e-01
  6.3096e+00  7.4057e+00  1.0000e-02  1.6113e+10  1.3331e+00
  6.3096e+00  7.4057e+00  2.0000e-02  1.5766e+10  1.3228e+00
  6.3096e+00  7.4057e+00  4.0000e-02  1.5553e+10  1.3149e+00
  6.3096e+00  7.4057e+00  6.0000e-02  1.6579e+10  1.3152e+00
  6.3096e+00  7.4057e+00  8.0000e-02  1.3920e+10  1.2976e+00
  6.3096e+00  7.4057e+00  1.0000e-01  1.4939e+10  1.3252e+00
  6.3096e+00  7.4057e+00  1.2000e-01  1.8082e+10  1.3229e+00
  6.3096e+00  7.4057e+00  1.4000e-01  1.8348e+10  1.3089e+00
  6.3096e+00  7.4057e+00  1.6000e-01  1.6458e+10  1.2967e+00
  6.3096e+00  7.4057e+00  1.8000e-01  1.7563e+10  1.3476e+00
  6.3096e+00  7.4057e+00  2.0000e-01  2.3762e+10  1.4156e+00
  6.3096e+00  7.4057e+00  2.2000e-01  3.1410e+10  1.5346e+00
  6.3096e+00  7.4057e+00  2.4000e-01  3.2909e+10  1.4325e+00
  6.3096e+00  7.4057e+00  2.6000e-01  2.8342e+10  1.3697e+00
  6.3096e+00  7.4057e+00  2.8000e-01  2.4816e+10  1.4793e+00
  6.3096e+00  7.4057e+00  3.0000e-01  2.2551e+10  1.6065e+00
  6.3096e+00  7.4057e+00  3.2000e-01  1.6692e+10  1.6704e+00
  6.3096e+00  7.4057e+00  3.4000e-01  1.2445e+10  1.6717e+00
  6.3096e+00  7.4057e+00  3.6000e-01  7.8116e+09  1.8006e+00
  6.3096e+00  7.4057e+00  3.8000e-01  2.8873e+09  1.9808e+00
  6.3096e+00  7.4057e+00  4.0000e-01  4.1601e+09  1.5640e+00
  6.3096e+00  7.4057e+00  4.2000e-01  2.3155e+10  1.4222e+00
  6.3096e+00  7.4057e+00  4.4000e-01  3.0091e+09  1.1818e+00
  6.3096e+00  7.4057e+00  4.6000e-01  2.8971e+07  9.0052e-01
  6.3096e+00  7.4057e+00  4.8000e-01  5.3315e+09  1.8730e+00
  6.3096e+00  7.4057e+00  5.0000e-01  3.0505e+10  3.8578e-01
  6.3096e+00  7.4057e+00  5.2000e-01  2.7966e+10  3.5814e-01
  6.3096e+00  7.4057e+00  5.4000e-01  2.7324e+10  3.6121e-01
  6.3096e+00  7.4057e+00  5.6000e-01  2.5802e+10  3.6431e-01
  6.3096e+00  7.4057e+00  5.8000e-01  2.2961e+10  3.7135e-01
  6.3096e+00  7.4057e+00  6.0000e-01  1.8344e+10  3.8630e-01
  6.3096e+00  9.0474e+00  1.0000e-02  1.6400e+10  1.3140e+00
  6.3096e+00  9.0474e+00  2.0000e-02  1.5974e+10  1.3146e+00
  6.3096e+00  9.0474e+00  4.0000e-02  1.5614e+10  1.3105e+00
  6.3096e+00  9.0474e+00  6.0000e-02  1.6514e+10  1.3118e+00
  6.3096e+00  9.0474e+00  8.0000e-02  1.4683e+10  1.2956e+00
  6.3096e+00  9.0474e+00  1.0000e-01  1.4239e+10  1.3059e+00
  6.3096e+00  9.0474e+00  1.2000e-01  1.5626e+10  1.3087e+00
  6.3096e+00  9.0474e+00  1.4000e-01  1.6201e+10  1.2999e+00
  6.3096e+00  9.0474e+00  1.6000e-01  1.6493e+10  1.3146e+00
  6.3096e+00  9.0474e+00  1.8000e-01  2.0165e+10  1.3846e+00
  6.3096e+00  9.0474e+00  2.0000e-01  2.6643e+10  1.4561e+00
  6.3096e+00  9.0474e+00  2.2000e-01  3.1759e+10  1.5432e+00
  6.3096e+00  9.0474e+00  2.4000e-01  3.2154e+10  1.4794e+00
  6.3096e+00  9.0474e+00  2.6000e-01  2.8057e+10  1.4173e+00
  6.3096e+00  9.0474e+00  2.8000e-01  2.5249e+10  1.5280e+00
  6.3096e+00  9.0474e+00  3.0000e-01  2.2181e+10  1.5786e+00
  6.3096e+00  9.0474e+00  3.2000e-01  1.7051e+10  1.6566e+00
  6.3096e+00  9.0474e+00  3.4000e-01  1.3707e+10  1.6836e+00
  6.3096e+00  9.0474e+00  3.6000e-01  8.9603e+09  1.8221e+00
  6.3096e+00  9.0474e+00  3.8000e-01  3.1675e+09  2.0071e+00
  6.3096e+00  9.0474e+00  4.0000e-01  3.8402e+09  1.5561e+00
  6.3096e+00  9.0474e+00  4.2000e-01  2.4696e+10  1.4384e+00
  6.3096e+00  9.0474e+00  4.4000e-01  2.0683e+09  1.1680e+00
  6.3096e+00  9.0474e+00  4.6000e-01  3.6819e+07  9.4113e-01
  6.3096e+00  9.0474e+00  4.8000e-01  4.6346e+09  1.8535e+00
  6.3096e+00  9.0474e+00  5.0000e-01  2.9039e+10  3.9490e-01
  6.3096e+00  9.0474e+00  5.2000e-01  2.5848e+10  3.5840e-01
  6.3096e+00  9.0474e+00  5.4000e-01  2.5462e+10  3.6038e-01
  6.3096e+00  9.0474e+00  5.6000e-01  2.4591e+10  3.6149e-01
  6.3096e+00  9.0474e+00  5.8000e-01  2.3241e+10  3.6494e-01
  6.3096e+00  9.0474e+00  6.0000e-01  2.1212e+10  3.7130e-01
  6.3096e+00  1.1053e+01  1.0000e-02  1.6597e+10  1.2656e+00
  6.3096e+00  1.1053e+01  2.0000e-02  1.6303e+10  1.2778e+00
  6.3096e+00  1.1053e+01  4.0000e-02  1.5828e+10  1.2835e+00
  6.3096e+00  1.1053e+01  6.0000e-02  1.6434e+10  1.2936e+00
  6.3096e+00  1.1053e+01  8.0000e-02  1.5687e+10  1.2800e+00
  6.3096e+00  1.1053e+01  1.0000e-01  1.4913e+10  1.2847e+00
  6.3096e+00  1.1053e+01  1.2000e-01  1.5805e+10  1.2916e+00
  6.3096e+00  1.1053e+01  1.4000e-01  1.6360e+10  1.2962e+00
  6.3096e+00  1.1053e+01  1.6000e-01  1.7656e+10  1.3412e+00
  6.3096e+00  1.1053e+01  1.8000e-01  2.2271e+10  1.4161e+00
  6.3096e+00  1.1053e+01  2.0000e-01  2.7714e+10  1.4702e+00
  6.3096e+00  1.1053e+01  2.2000e-01  3.1177e+10  1.5450e+00
  6.3096e+00  1.1053e+01  2.4000e-01  3.1640e+10  1.5178e+00
  6.3096e+00  1.1053e+01  2.6000e-01  2.7828e+10  1.4337e+00
  6.3096e+00  1.1053e+01  2.8000e-01  2.5422e+10  1.5300e+00
  6.3096e+00  1.1053e+01  3.0000e-01  2.2015e+10  1.5392e+00
  6.3096e+00  1.1053e+01  3.2000e-01  1.7931e+10  1.6268e+00
  6.3096e+00  1.1053e+01  3.4000e-01  1.5430e+10  1.6982e+00
  6.3096e+00  1.1053e+01  3.6000e-01  1.0652e+10  1.8387e+00
  6.3096e+00  1.1053e+01  3.8000e-01  3.5542e+09  2.0225e+00
  6.3096e+00  1.1053e+01  4.0000e-01  3.3613e+09  1.5599e+00
  6.3096e+00  1.1053e+01  4.2000e-01  2.6779e+10  1.4546e+00
  6.3096e+00  1.1053e+01  4.4000e-01  9.7378e+08  1.1678e+00
  6.3096e+00  1.1053e+01  4.6000e-01  4.1998e+07  9.1247e-01
  6.3096e+00  1.1053e+01  4.8000e-01  3.8868e+09  1.8108e+00
  6.3096e+00  1.1053e+01  5.0000e-01  2.7336e+10  4.0533e-01
  6.3096e+00  1.1053e+01  5.2000e-01  2.3498e+10  3.6183e-01
  6.3096e+00  1.1053e+01  5.4000e-01  2.3103e+10  3.6271e-01
  6.3096e+00  1.1053e+01  5.6000e-01  2.2408e+10  3.6322e-01
  6.3096e+00  1.1053e+01  5.8000e-01  2.1496e+10  3.6498e-01
  6.3096e+00  1.1053e+01  6.0000e-01  2.0430e+10  3.6830e-01
  6.3096e+00  1.3503e+01  1.0000e-02  1.6258e+10  1.2496e+00
  6.3096e+00  1.3503e+01  2.0000e-02  1.6262e+10  1.2488e+00
  6.3096e+00  1.3503e+01  4.0000e-02  1.6213e+10  1.2504e+00
  6.3096e+00  1.3503e+01  6.0000e-02  1.6076e+10  1.2591e+00
  6.3096e+00  1.3503e+01  8.0000e-02  1.6083e+10  1.2557e+00
  6.3096e+00  1.3503e+01  1.0000e-01  1.5612e+10  1.2609e+00
  6.3096e+00  1.3503e+01  1.2000e-01  1.6288e+10  1.2710e+00
  6.3096e+00  1.3503e+01  1.4000e-01  1.6915e+10  1.2860e+00
  6.3096e+00  1.3503e+01  1.6000e-01  1.8383e+10  1.3473e+00
  6.3096e+00  1.3503e+01  1.8000e-01  2.2723e+10  1.4249e+00
  6.3096e+00  1.3503e+01  2.0000e-01  2.7514e+10  1.4637e+00
  6.3096e+00  1.3503e+01  2.2000e-01  3.0780e+10  1.5462e+00
  6.3096e+00  1.3503e+01  2.4000e-01  3.1845e+10  1.5334e+00
  6.3096e+00  1.3503e+01  2.6000e-01  2.7594e+10  1.4082e+00
  6.3096e+00  1.3503e+01  2.8000e-01  2.5167e+10  1.4924e+00
  6.3096e+00  1.3503e+01  3.0000e-01  2.2738e+10  1.5185e+00
  6.3096e+00  1.3503e+01  3.2000e-01  1.8695e+10  1.5544e+00
  6.3096e+00  1.3503e+01  3.4000e-01  1.7597e+10  1.7099e+00
  6.3096e+00  1.3503e+01  3.6000e-01  1.2755e+10  1.8593e+00
  6.3096e+00  1.3503e+01  3.8000e-01  4.0303e+09  2.0200e+00
  6.3096e+00  1.3503e+01  4.0000e-01  2.7563e+09  1.5942e+00
  6.3096e+00  1.3503e+01  4.2000e-01  2.8990e+10  1.4895e+00
  6.3096e+00  1.3503e+01  4.4000e-01  5.2323e+08  1.2051e+00
  6.3096e+00  1.3503e+01  4.6000e-01  4.4414e+07  9.2313e-01
  6.3096e+00  1.3503e+01  4.8000e-01  3.0415e+09  1.7665e+00
  6.3096e+00  1.3503e+01  5.0000e-01  2.5365e+10  4.1846e-01
  6.3096e+00  1.3503e+01  5.2000e-01  2.0906e+10  3.6545e-01
  6.3096e+00  1.3503e+01  5.4000e-01  2.0355e+10  3.6604e-01
  6.3096e+00  1.3503e+01  5.6000e-01  1.9655e+10  3.6627e-01
  6.3096e+00  1.3503e+01  5.8000e-01  1.8868e+10  3.6764e-01
  6.3096e+00  1.3503e+01  6.0000e-01  1.8066e+10  3.7060e-01
  6.3096e+00  1.6496e+01  1.0000e-02  1.6535e+10  1.2667e+00
  6.3096e+00  1.6496e+01  2.0000e-02  1.6250e+10  1.2547e+00
  6.3096e+00  1.6496e+01  4.0000e-02  1.6144e+10  1.2461e+00
  6.3096e+00  1.6496e+01  6.0000e-02  1.5828e+10  1.2472e+00
  6.3096e+00  1.6496e+01  8.0000e-02  1.5887e+10  1.2462e+00
  6.3096e+00  1.6496e+01  1.0000e-01  1.5694e+10  1.2512e+00
  6.3096e+00  1.6496e+01  1.2000e-01  1.6442e+10  1.2605e+00
  6.3096e+00  1.6496e+01  1.4000e-01  1.7093e+10  1.2718e+00
  6.3096e+00  1.6496e+01  1.6000e-01  1.8126e+10  1.3237e+00
  6.3096e+00  1.6496e+01  1.8000e-01  2.1710e+10  1.4094e+00
  6.3096e+00  1.6496e+01  2.0000e-01  2.6330e+10  1.4530e+00
  6.3096e+00  1.6496e+01  2.2000e-01  3.0123e+10  1.5177e+00
  6.3096e+00  1.6496e+01  2.4000e-01  3.2789e+10  1.5336e+00
  6.3096e+00  1.6496e+01  2.6000e-01  2.6953e+10  1.3450e+00
  6.3096e+00  1.6496e+01  2.8000e-01  2.4339e+10  1.4221e+00
  6.3096e+00  1.6496e+01  3.0000e-01  2.3893e+10  1.5055e+00
  6.3096e+00  1.6496e+01  3.2000e-01  1.9406e+10  1.4832e+00
  6.3096e+00  1.6496e+01  3.4000e-01  1.9367e+10  1.7073e+00
  6.3096e+00  1.6496e+01  3.6000e-01  1.5225e+10  1.8737e+00
  6.3096e+00  1.6496e+01  3.8000e-01  4.5993e+09  2.0107e+00
  6.3096e+00  1.6496e+01  4.0000e-01  2.1165e+09  1.6894e+00
  6.3096e+00  1.6496e+01  4.2000e-01  2.8470e+10  1.5213e+00
  6.3096e+00  1.6496e+01  4.4000e-01  3.1647e+08  1.1778e+00
  6.3096e+00  1.6496e+01  4.6000e-01  4.4944e+07  9.4423e-01
  6.3096e+00  1.6496e+01  4.8000e-01  2.2073e+09  1.7122e+00
  6.3096e+00  1.6496e+01  5.0000e-01  2.3063e+10  4.3298e-01
  6.3096e+00  1.6496e+01  5.2000e-01  1.7977e+10  3.6969e-01
  6.3096e+00  1.6496e+01  5.4000e-01  1.7211e+10  3.7117e-01
  6.3096e+00  1.6496e+01  5.6000e-01  1.6470e+10  3.7371e-01
  6.3096e+00  1.6496e+01  5.8000e-01  1.5616e+10  3.7172e-01
  6.3096e+00  1.6496e+01  6.0000e-01  1.4892e+10  3.7545e-01
  6.3096e+00  2.0153e+01  1.0000e-02  1.7189e+10  1.2800e+00
  6.3096e+00  2.0153e+01  2.0000e-02  1.6751e+10  1.2702e+00
  6.3096e+00  2.0153e+01  4.0000e-02  1.6285e+10  1.2573e+00
  6.3096e+00  2.0153e+01  6.0000e-02  1.5873e+10  1.2495e+00
  6.3096e+00  2.0153e+01  8.0000e-02  1.5852e+10  1.2456e+00
  6.3096e+00  2.0153e+01  1.0000e-01  1.5559e+10  1.2479e+00
  6.3096e+00  2.0153e+01  1.2000e-01  1.6332e+10  1.2555e+00
  6.3096e+00  2.0153e+01  1.4000e-01  1.6965e+10  1.2584e+00
  6.3096e+00  2.0153e+01  1.6000e-01  1.7140e+10  1.2880e+00
  6.3096e+00  2.0153e+01  1.8000e-01  1.9562e+10  1.3667e+00
  6.3096e+00  2.0153e+01  2.0000e-01  2.4103e+10  1.4251e+00
  6.3096e+00  2.0153e+01  2.2000e-01  2.8853e+10  1.4586e+00
  6.3096e+00  2.0153e+01  2.4000e-01  3.4389e+10  1.5340e+00
  6.3096e+00  2.0153e+01  2.6000e-01  2.5388e+10  1.2519e+00
  6.3096e+00  2.0153e+01  2.8000e-01  2.2860e+10  1.3290e+00
  6.3096e+00  2.0153e+01  3.0000e-01  2.3140e+10  1.4540e+00
  6.3096e+00  2.0153e+01  3.2000e-01  2.2437e+10  1.4927e+00
  6.3096e+00  2.0153e+01  3.4000e-01  1.9715e+10  1.5928e+00
  6.3096e+00  2.0153e+01  3.6000e-01  1.8009e+10  1.8886e+00
  6.3096e+00  2.0153e+01  3.8000e-01  5.3875e+09  1.9992e+00
  6.3096e+00  2.0153e+01  4.0000e-01  1.5441e+09  1.9006e+00
  6.3096e+00  2.0153e+01  4.2000e-01  1.9880e+10  1.4811e+00
  6.3096e+00  2.0153e+01  4.4000e-01  2.0431e+08  1.1958e+00
  6.3096e+00  2.0153e+01  4.6000e-01  4.1696e+07  9.3206e-01
  6.3096e+00  2.0153e+01  4.8000e-01  1.3505e+09  1.6389e+00
  6.3096e+00  2.0153e+01  5.0000e-01  2.0529e+10  4.5072e-01
  6.3096e+00  2.0153e+01  5.2000e-01  1.4844e+10  3.7324e-01
  6.3096e+00  2.0153e+01  5.4000e-01  1.3763e+10  3.7664e-01
  6.3096e+00  2.0153e+01  5.6000e-01  1.2855e+10  3.7915e-01
  6.3096e+00  2.0153e+01  5.8000e-01  1.2050e+10  3.8208e-01
  6.3096e+00  2.0153e+01  6.0000e-01  1.1284e+10  3.8396e-01
  6.3096e+00  2.4621e+01  1.0000e-02  1.7255e+10  1.2896e+00
  6.3096e+00  2.4621e+01  2.0000e-02  1.7211e+10  1.2796e+00
  6.3096e+00  2.4621e+01  4.0000e-02  1.6714e+10  1.2685e+00
  6.3096e+00  2.4621e+01  6.0000e-02  1.6229e+10  1.2591e+00
  6.3096e+00  2.4621e+01  8.0000e-02  1.6144e+10  1.2534e+00
  6.3096e+00  2.4621e+01  1.0000e-01  1.5615e+10  1.2481e+00
  6.3096e+00  2.4621e+01  1.2000e-01  1.5959e+10  1.2539e+00
  6.3096e+00  2.4621e+01  1.4000e-01  1.6648e+10  1.2475e+00
  6.3096e+00  2.4621e+01  1.6000e-01  1.5909e+10  1.2459e+00
  6.3096e+00  2.4621e+01  1.8000e-01  1.6444e+10  1.3002e+00
  6.3096e+00  2.4621e+01  2.0000e-01  2.0481e+10  1.3727e+00
  6.3096e+00  2.4621e+01  2.2000e-01  2.6214e+10  1.3913e+00
  6.3096e+00  2.4621e+01  2.4000e-01  3.5444e+10  1.5663e+00
  6.3096e+00  2.4621e+01  2.6000e-01  2.2257e+10  1.1330e+00
  6.3096e+00  2.4621e+01  2.8000e-01  2.0159e+10  1.2145e+00
  6.3096e+00  2.4621e+01  3.0000e-01  2.1097e+10  1.3695e+00
  6.3096e+00  2.4621e+01  3.2000e-01  2.3810e+10  1.4852e+00
  6.3096e+00  2.4621e+01  3.4000e-01  2.0331e+10  1.4918e+00
  6.3096e+00  2.4621e+01  3.6000e-01  2.2704e+10  1.9011e+00
  6.3096e+00  2.4621e+01  3.8000e-01  6.7142e+09  2.0088e+00
  6.3096e+00  2.4621e+01  4.0000e-01  1.0086e+09  2.4565e+00
  6.3096e+00  2.4621e+01  4.2000e-01  8.7268e+09  1.3994e+00
  6.3096e+00  2.4621e+01  4.4000e-01  1.3978e+08  1.2091e+00
  6.3096e+00  2.4621e+01  4.6000e-01  3.7338e+07  9.3836e-01
  6.3096e+00  2.4621e+01  4.8000e-01  5.3840e+08  1.4272e+00
  6.3096e+00  2.4621e+01  5.0000e-01  1.7804e+10  4.7251e-01
  6.3096e+00  2.4621e+01  5.2000e-01  1.1504e+10  3.8150e-01
  6.3096e+00  2.4621e+01  5.4000e-01  1.0302e+10  3.8618e-01
  6.3096e+00  2.4621e+01  5.6000e-01  9.3649e+09  3.8855e-01
  6.3096e+00  2.4621e+01  5.8000e-01  8.6616e+09  3.9440e-01
  6.3096e+00  2.4621e+01  6.0000e-01  7.9476e+09  3.9843e-01
  6.3096e+00  3.0079e+01  1.0000e-02  1.6486e+10  1.2952e+00
  6.3096e+00  3.0079e+01  2.0000e-02  1.7249e+10  1.2876e+00
  6.3096e+00  3.0079e+01  4.0000e-02  1.7126e+10  1.2764e+00
  6.3096e+00  3.0079e+01  6.0000e-02  1.6725e+10  1.2681e+00
  6.3096e+00  3.0079e+01  8.0000e-02  1.6549e+10  1.2623e+00
  6.3096e+00  3.0079e+01  1.0000e-01  1.6076e+10  1.2540e+00
  6.3096e+00  3.0079e+01  1.2000e-01  1.5763e+10  1.2549e+00
  6.3096e+00  3.0079e+01  1.4000e-01  1.6466e+10  1.2558e+00
  6.3096e+00  3.0079e+01  1.6000e-01  1.6699e+10  1.2454e+00
  6.3096e+00  3.0079e+01  1.8000e-01  1.5482e+10  1.2400e+00
  6.3096e+00  3.0079e+01  2.0000e-01  1.5781e+10  1.2894e+00
  6.3096e+00  3.0079e+01  2.2000e-01  1.9808e+10  1.3490e+00
  6.3096e+00  3.0079e+01  2.4000e-01  2.6071e+10  1.3437e+00
  6.3096e+00  3.0079e+01  2.6000e-01  3.4757e+10  1.3735e+00
  6.3096e+00  3.0079e+01  2.8000e-01  1.7506e+10  1.0402e+00
  6.3096e+00  3.0079e+01  3.0000e-01  1.7737e+10  1.1400e+00
  6.3096e+00  3.0079e+01  3.2000e-01  1.6864e+10  1.2719e+00
  6.3096e+00  3.0079e+01  3.4000e-01  2.1617e+10  1.4750e+00
  6.3096e+00  3.0079e+01  3.6000e-01  2.6315e+10  1.5803e+00
  6.3096e+00  3.0079e+01  3.8000e-01  1.9781e+10  1.6739e+00
  6.3096e+00  3.0079e+01  4.0000e-01  4.6078e+09  1.6605e+00
  6.3096e+00  3.0079e+01  4.2000e-01  1.9069e+09  1.3143e+00
  6.3096e+00  3.0079e+01  4.4000e-01  9.8956e+07  1.1965e+00
  6.3096e+00  3.0079e+01  4.6000e-01  3.2099e+07  9.5355e-01
  6.3096e+00  3.0079e+01  4.8000e-01  1.5901e+08  1.0566e+00
  6.3096e+00  3.0079e+01  5.0000e-01  1.4954e+10  4.9932e-01
  6.3096e+00  3.0079e+01  5.2000e-01  8.4062e+09  3.9442e-01
  6.3096e+00  3.0079e+01  5.4000e-01  7.2074e+09  3.9690e-01
  6.3096e+00  3.0079e+01  5.6000e-01  6.5103e+09  4.0496e-01
  6.3096e+00  3.0079e+01  5.8000e-01  5.8844e+09  4.0792e-01
  6.3096e+00  3.0079e+01  6.0000e-01  5.3015e+09  4.1177e-01
  6.3096e+00  3.6747e+01  1.0000e-02  1.4948e+10  1.2838e+00
  6.3096e+00  3.6747e+01  2.0000e-02  1.6692e+10  1.2938e+00
  6.3096e+00  3.6747e+01  4.0000e-02  1.7212e+10  1.2830e+00
  6.3096e+00  3.6747e+01  6.0000e-02  1.7057e+10  1.2750e+00
  6.3096e+00  3.6747e+01  8.0000e-02  1.6943e+10  1.2706e+00
  6.3096e+00  3.6747e+01  1.0000e-01  1.6603e+10  1.2616e+00
  6.3096e+00  3.6747e+01  1.2000e-01  1.5982e+10  1.2579e+00
  6.3096e+00  3.6747e+01  1.4000e-01  1.6385e+10  1.2604e+00
  6.3096e+00  3.6747e+01  1.6000e-01  1.6975e+10  1.2530e+00
  6.3096e+00  3.6747e+01  1.8000e-01  1.6356e+10  1.2389e+00
  6.3096e+00  3.6747e+01  2.0000e-01  1.5179e+10  1.2460e+00
  6.3096e+00  3.6747e+01  2.2000e-01  1.6098e+10  1.2988e+00
  6.3096e+00  3.6747e+01  2.4000e-01  1.9728e+10  1.3498e+00
  6.3096e+00  3.6747e+01  2.6000e-01  2.4965e+10  1.3418e+00
  6.3096e+00  3.6747e+01  2.8000e-01  3.4507e+10  1.6148e+00
  6.3096e+00  3.6747e+01  3.0000e-01  1.6723e+10  9.8071e-01
  6.3096e+00  3.6747e+01  3.2000e-01  1.3702e+10  1.0487e+00
  6.3096e+00  3.6747e+01  3.4000e-01  1.2594e+10  1.1765e+00
  6.3096e+00  3.6747e+01  3.6000e-01  1.0570e+10  1.2325e+00
  6.3096e+00  3.6747e+01  3.8000e-01  1.3203e+10  1.4799e+00
  6.3096e+00  3.6747e+01  4.0000e-01  1.6681e+10  1.9923e+00
  6.3096e+00  3.6747e+01  4.2000e-01  1.4302e+10  2.0489e+00
  6.3096e+00  3.6747e+01  4.4000e-01  7.8942e+07  1.1603e+00
  6.3096e+00  3.6747e+01  4.6000e-01  2.5880e+07  9.5995e-01
  6.3096e+00  3.6747e+01  4.8000e-01  8.9226e+07  9.0448e-01
  6.3096e+00  3.6747e+01  5.0000e-01  1.2025e+10  5.2926e-01
  6.3096e+00  3.6747e+01  5.2000e-01  5.7495e+09  4.0635e-01
  6.3096e+00  3.6747e+01  5.4000e-01  4.7759e+09  4.0744e-01
  6.3096e+00  3.6747e+01  5.6000e-01  4.1838e+09  4.0837e-01
  6.3096e+00  3.6747e+01  5.8000e-01  3.7256e+09  4.1258e-01
  6.3096e+00  3.6747e+01  6.0000e-01  3.2671e+09  4.0976e-01
  6.3096e+00  4.4893e+01  1.0000e-02  1.3964e+10  1.2586e+00
  6.3096e+00  4.4893e+01  2.0000e-02  1.5389e+10  1.2893e+00
  6.3096e+00  4.4893e+01  4.0000e-02  1.6907e+10  1.2895e+00
  6.3096e+00  4.4893e+01  6.0000e-02  1.7093e+10  1.2812e+00
  6.3096e+00  4.4893e+01  8.0000e-02  1.7015e+10  1.2767e+00
  6.3096e+00  4.4893e+01  1.0000e-01  1.7027e+10  1.2696e+00
  6.3096e+00  4.4893e+01  1.2000e-01  1.6311e+10  1.2622e+00
  6.3096e+00  4.4893e+01  1.4000e-01  1.6334e+10  1.2643e+00
  6.3096e+00  4.4893e+01  1.6000e-01  1.7054e+10  1.2598e+00
  6.3096e+00  4.4893e+01  1.8000e-01  1.6832e+10  1.2439e+00
  6.3096e+00  4.4893e+01  2.0000e-01  1.5443e+10  1.2347e+00
  6.3096e+00  4.4893e+01  2.2000e-01  1.5019e+10  1.2668e+00
  6.3096e+00  4.4893e+01  2.4000e-01  1.7381e+10  1.3264e+00
  6.3096e+00  4.4893e+01  2.6000e-01  2.1602e+10  1.3472e+00
  6.3096e+00  4.4893e+01  2.8000e-01  2.7156e+10  1.3389e+00
  6.3096e+00  4.4893e+01  3.0000e-01  2.7830e+10  1.2090e+00
  6.3096e+00  4.4893e+01  3.2000e-01  1.5546e+10  1.0205e+00
  6.3096e+00  4.4893e+01  3.4000e-01  1.2442e+10  1.0886e+00
  6.3096e+00  4.4893e+01  3.6000e-01  1.2921e+10  1.2428e+00
  6.3096e+00  4.4893e+01  3.8000e-01  1.1712e+10  1.3317e+00
  6.3096e+00  4.4893e+01  4.0000e-01  1.9938e+10  1.9600e+00
  6.3096e+00  4.4893e+01  4.2000e-01  1.6086e+10  1.9000e+00
  6.3096e+00  4.4893e+01  4.4000e-01  1.5697e+08  7.3426e-01
  6.3096e+00  4.4893e+01  4.6000e-01  1.8834e+07  9.3269e-01
  6.3096e+00  4.4893e+01  4.8000e-01  5.8432e+07  8.4087e-01
  6.3096e+00  4.4893e+01  5.0000e-01  9.1457e+09  5.7011e-01
  6.3096e+00  4.4893e+01  5.2000e-01  3.6907e+09  4.1049e-01
  6.3096e+00  4.4893e+01  5.4000e-01  2.9899e+09  4.0858e-01
  6.3096e+00  4.4893e+01  5.6000e-01  2.5876e+09  4.0820e-01
  6.3096e+00  4.4893e+01  5.8000e-01  2.2736e+09  4.1027e-01
  6.3096e+00  4.4893e+01  6.0000e-01  1.9911e+09  4.1191e-01
  6.3096e+00  5.4844e+01  1.0000e-02  1.4483e+10  1.2479e+00
  6.3096e+00  5.4844e+01  2.0000e-02  1.3973e+10  1.2659e+00
  6.3096e+00  5.4844e+01  4.0000e-02  1.6059e+10  1.2928e+00
  6.3096e+00  5.4844e+01  6.0000e-02  1.6778e+10  1.2879e+00
  6.3096e+00  5.4844e+01  8.0000e-02  1.6751e+10  1.2814e+00
  6.3096e+00  5.4844e+01  1.0000e-01  1.7045e+10  1.2774e+00
  6.3096e+00  5.4844e+01  1.2000e-01  1.6589e+10  1.2675e+00
  6.3096e+00  5.4844e+01  1.4000e-01  1.6202e+10  1.2667e+00
  6.3096e+00  5.4844e+01  1.6000e-01  1.6876e+10  1.2674e+00
  6.3096e+00  5.4844e+01  1.8000e-01  1.7171e+10  1.2535e+00
  6.3096e+00  5.4844e+01  2.0000e-01  1.5935e+10  1.2341e+00
  6.3096e+00  5.4844e+01  2.2000e-01  1.4559e+10  1.2427e+00
  6.3096e+00  5.4844e+01  2.4000e-01  1.5530e+10  1.2999e+00
  6.3096e+00  5.4844e+01  2.6000e-01  1.8955e+10  1.3432e+00
  6.3096e+00  5.4844e+01  2.8000e-01  2.3541e+10  1.3336e+00
  6.3096e+00  5.4844e+01  3.0000e-01  3.0844e+10  1.5658e+00
  6.3096e+00  5.4844e+01  3.2000e-01  1.6390e+10  1.0007e+00
  6.3096e+00  5.4844e+01  3.4000e-01  1.2752e+10  1.0365e+00
  6.3096e+00  5.4844e+01  3.6000e-01  1.2168e+10  1.2004e+00
  6.3096e+00  5.4844e+01  3.8000e-01  1.0955e+10  1.2962e+00
  6.3096e+00  5.4844e+01  4.0000e-01  1.6835e+10  1.7307e+00
  6.3096e+00  5.4844e+01  4.2000e-01  6.8216e+09  1.6954e+00
  6.3096e+00  5.4844e+01  4.4000e-01  8.1511e+09  1.7545e+00
  6.3096e+00  5.4844e+01  4.6000e-01  1.4098e+07  9.1272e-01
  6.3096e+00  5.4844e+01  4.8000e-01  3.9924e+07  8.6489e-01
  6.3096e+00  5.4844e+01  5.0000e-01  6.3213e+09  6.2610e-01
  6.3096e+00  5.4844e+01  5.2000e-01  2.2951e+09  4.1604e-01
  6.3096e+00  5.4844e+01  5.4000e-01  1.8253e+09  4.0789e-01
  6.3096e+00  5.4844e+01  5.6000e-01  1.5754e+09  4.0978e-01
  6.3096e+00  5.4844e+01  5.8000e-01  1.3754e+09  4.1145e-01
  6.3096e+00  5.4844e+01  6.0000e-01  1.1905e+09  4.1172e-01
  6.3096e+00  6.7002e+01  1.0000e-02  1.8813e+10  1.2466e+00
  6.3096e+00  6.7002e+01  2.0000e-02  1.3804e+10  1.2513e+00
  6.3096e+00  6.7002e+01  4.0000e-02  1.4484e+10  1.2813e+00
  6.3096e+00  6.7002e+01  6.0000e-02  1.5883e+10  1.2924e+00
  6.3096e+00  6.7002e+01  8.0000e-02  1.6292e+10  1.2869e+00
  6.3096e+00  6.7002e+01  1.0000e-01  1.6522e+10  1.2840e+00
  6.3096e+00  6.7002e+01  1.2000e-01  1.6616e+10  1.2761e+00
  6.3096e+00  6.7002e+01  1.4000e-01  1.6001e+10  1.2692e+00
  6.3096e+00  6.7002e+01  1.6000e-01  1.6304e+10  1.2731e+00
  6.3096e+00  6.7002e+01  1.8000e-01  1.7103e+10  1.2665e+00
  6.3096e+00  6.7002e+01  2.0000e-01  1.6564e+10  1.2448e+00
  6.3096e+00  6.7002e+01  2.2000e-01  1.4704e+10  1.2299e+00
  6.3096e+00  6.7002e+01  2.4000e-01  1.4109e+10  1.2646e+00
  6.3096e+00  6.7002e+01  2.6000e-01  1.6289e+10  1.3210e+00
  6.3096e+00  6.7002e+01  2.8000e-01  2.0031e+10  1.3405e+00
  6.3096e+00  6.7002e+01  3.0000e-01  2.4869e+10  1.3302e+00
  6.3096e+00  6.7002e+01  3.2000e-01  2.7418e+10  1.2636e+00
  6.3096e+00  6.7002e+01  3.4000e-01  1.4449e+10  1.0251e+00
  6.3096e+00  6.7002e+01  3.6000e-01  1.1274e+10  1.0953e+00
  6.3096e+00  6.7002e+01  3.8000e-01  9.9986e+09  1.1990e+00
  6.3096e+00  6.7002e+01  4.0000e-01  8.7987e+09  1.3415e+00
  6.3096e+00  6.7002e+01  4.2000e-01  1.5362e+10  1.9209e+00
  6.3096e+00  6.7002e+01  4.4000e-01  1.3943e+10  1.8903e+00
  6.3096e+00  6.7002e+01  4.6000e-01  7.8965e+07  4.0972e-01
  6.3096e+00  6.7002e+01  4.8000e-01  2.3153e+07  8.6779e-01
  6.3096e+00  6.7002e+01  5.0000e-01  3.7296e+09  7.0576e-01
  6.3096e+00  6.7002e+01  5.2000e-01  1.4146e+09  4.2276e-01
  6.3096e+00  6.7002e+01  5.4000e-01  1.1056e+09  4.0890e-01
  6.3096e+00  6.7002e+01  5.6000e-01  9.4946e+08  4.0834e-01
  6.3096e+00  6.7002e+01  5.8000e-01  8.1992e+08  4.0900e-01
  6.3096e+00  6.7002e+01  6.0000e-01  7.0548e+08  4.0767e-01
  6.3096e+00  8.1855e+01  1.0000e-02  1.5815e+10  1.4725e+00
  6.3096e+00  8.1855e+01  2.0000e-02  1.6590e+10  1.2505e+00
  6.3096e+00  8.1855e+01  4.0000e-02  1.3307e+10  1.2548e+00
  6.3096e+00  8.1855e+01  6.0000e-02  1.4272e+10  1.2823e+00
  6.3096e+00  8.1855e+01  8.0000e-02  1.5381e+10  1.2920e+00
  6.3096e+00  8.1855e+01  1.0000e-01  1.5618e+10  1.2884e+00
  6.3096e+00  8.1855e+01  1.2000e-01  1.6059e+10  1.2860e+00
  6.3096e+00  8.1855e+01  1.4000e-01  1.5782e+10  1.2755e+00
  6.3096e+00  8.1855e+01  1.6000e-01  1.5383e+10  1.2737e+00
  6.3096e+00  8.1855e+01  1.8000e-01  1.6155e+10  1.2778e+00
  6.3096e+00  8.1855e+01  2.0000e-01  1.6752e+10  1.2648e+00
  6.3096e+00  8.1855e+01  2.2000e-01  1.5534e+10  1.2380e+00
  6.3096e+00  8.1855e+01  2.4000e-01  1.3588e+10  1.2315e+00
  6.3096e+00  8.1855e+01  2.6000e-01  1.3700e+10  1.2826e+00
  6.3096e+00  8.1855e+01  2.8000e-01  1.6350e+10  1.3310e+00
  6.3096e+00  8.1855e+01  3.0000e-01  2.0044e+10  1.3365e+00
  6.3096e+00  8.1855e+01  3.2000e-01  2.4956e+10  1.3946e+00
  6.3096e+00  8.1855e+01  3.4000e-01  1.6646e+10  1.0381e+00
  6.3096e+00  8.1855e+01  3.6000e-01  1.1720e+10  1.0269e+00
  6.3096e+00  8.1855e+01  3.8000e-01  9.6973e+09  1.1783e+00
  6.3096e+00  8.1855e+01  4.0000e-01  8.1397e+09  1.2501e+00
  6.3096e+00  8.1855e+01  4.2000e-01  9.5251e+09  1.5759e+00
  6.3096e+00  8.1855e+01  4.4000e-01  8.0734e+09  1.8054e+00
  6.3096e+00  8.1855e+01  4.6000e-01  1.0626e+10  1.9152e+00
  6.3096e+00  8.1855e+01  4.8000e-01  1.3262e+07  8.5706e-01
  6.3096e+00  8.1855e+01  5.0000e-01  1.8374e+09  8.1901e-01
  6.3096e+00  8.1855e+01  5.2000e-01  8.6427e+08  4.2877e-01
  6.3096e+00  8.1855e+01  5.4000e-01  6.7522e+08  4.1247e-01
  6.3096e+00  8.1855e+01  5.6000e-01  5.6712e+08  4.0560e-01
  6.3096e+00  8.1855e+01  5.8000e-01  4.8694e+08  4.0720e-01
  6.3096e+00  8.1855e+01  6.0000e-01  4.2270e+08  4.0910e-01
  6.3096e+00  1.0000e+02  1.0000e-02  1.1576e+10  1.6995e+00
  6.3096e+00  1.0000e+02  2.0000e-02  1.7489e+10  1.2943e+00
  6.3096e+00  1.0000e+02  4.0000e-02  1.3739e+10  1.2452e+00
  6.3096e+00  1.0000e+02  6.0000e-02  1.2877e+10  1.2551e+00
  6.3096e+00  1.0000e+02  8.0000e-02  1.3504e+10  1.2773e+00
  6.3096e+00  1.0000e+02  1.0000e-01  1.4440e+10  1.2896e+00
  6.3096e+00  1.0000e+02  1.2000e-01  1.4739e+10  1.2906e+00
  6.3096e+00  1.0000e+02  1.4000e-01  1.5215e+10  1.2884e+00
  6.3096e+00  1.0000e+02  1.6000e-01  1.4783e+10  1.2781e+00
  6.3096e+00  1.0000e+02  1.8000e-01  1.4493e+10  1.2785e+00
  6.3096e+00  1.0000e+02  2.0000e-01  1.5412e+10  1.2830e+00
  6.3096e+00  1.0000e+02  2.2000e-01  1.5936e+10  1.2686e+00
  6.3096e+00  1.0000e+02  2.4000e-01  1.4526e+10  1.2382e+00
  6.3096e+00  1.0000e+02  2.6000e-01  1.2559e+10  1.2330e+00
  6.3096e+00  1.0000e+02  2.8000e-01  1.2728e+10  1.2852e+00
  6.3096e+00  1.0000e+02  3.0000e-01  1.5164e+10  1.3285e+00
  6.3096e+00  1.0000e+02  3.2000e-01  1.8466e+10  1.3329e+00
  6.3096e+00  1.0000e+02  3.4000e-01  2.2759e+10  1.4187e+00
  6.3096e+00  1.0000e+02  3.6000e-01  1.4446e+10  1.0407e+00
  6.3096e+00  1.0000e+02  3.8000e-01  1.0175e+10  1.0391e+00
  6.3096e+00  1.0000e+02  4.0000e-01  8.2516e+09  1.2109e+00
  6.3096e+00  1.0000e+02  4.2000e-01  6.8497e+09  1.2726e+00
  6.3096e+00  1.0000e+02  4.4000e-01  9.4948e+09  1.6610e+00
  6.3096e+00  1.0000e+02  4.6000e-01  3.9677e+09  1.6449e+00
  6.3096e+00  1.0000e+02  4.8000e-01  8.0394e+08  1.3078e+00
  6.3096e+00  1.0000e+02  5.0000e-01  7.7643e+08  9.5880e-01
  6.3096e+00  1.0000e+02  5.2000e-01  5.2625e+08  4.3430e-01
  6.3096e+00  1.0000e+02  5.4000e-01  4.1849e+08  4.2053e-01
  6.3096e+00  1.0000e+02  5.6000e-01  3.4716e+08  4.0909e-01
  6.3096e+00  1.0000e+02  5.8000e-01  2.9943e+08  4.1080e-01
  6.3096e+00  1.0000e+02  6.0000e-01  2.5516e+08  4.0504e-01
  6.3096e+00  1.5000e+02  1.0000e-02  4.1870e+09  1.7387e+00
  6.3096e+00  1.5000e+02  2.0000e-02  8.2920e+09  1.7013e+00
  6.3096e+00  1.5000e+02  4.0000e-02  1.4264e+10  1.4748e+00
  6.3096e+00  1.5000e+02  6.0000e-02  1.7240e+10  1.2459e+00
  6.3096e+00  1.5000e+02  8.0000e-02  1.3556e+10  1.2468e+00
  6.3096e+00  1.5000e+02  1.0000e-01  1.1836e+10  1.2468e+00
  6.3096e+00  1.5000e+02  1.2000e-01  1.1349e+10  1.2508e+00
  6.3096e+00  1.5000e+02  1.4000e-01  1.1507e+10  1.2641e+00
  6.3096e+00  1.5000e+02  1.6000e-01  1.1644e+10  1.2760e+00
  6.3096e+00  1.5000e+02  1.8000e-01  1.2107e+10  1.2877e+00
  6.3096e+00  1.5000e+02  2.0000e-01  1.2313e+10  1.2886e+00
  6.3096e+00  1.5000e+02  2.2000e-01  1.1646e+10  1.2828e+00
  6.3096e+00  1.5000e+02  2.4000e-01  1.1526e+10  1.2893e+00
  6.3096e+00  1.5000e+02  2.6000e-01  1.2324e+10  1.2957e+00
  6.3096e+00  1.5000e+02  2.8000e-01  1.2588e+10  1.2835e+00
  6.3096e+00  1.5000e+02  3.0000e-01  1.1230e+10  1.2502e+00
  6.3096e+00  1.5000e+02  3.2000e-01  9.3719e+09  1.2355e+00
  6.3096e+00  1.5000e+02  3.4000e-01  9.0706e+09  1.2773e+00
  6.3096e+00  1.5000e+02  3.6000e-01  1.0316e+10  1.3193e+00
  6.3096e+00  1.5000e+02  3.8000e-01  1.2059e+10  1.3235e+00
  6.3096e+00  1.5000e+02  4.0000e-01  1.3705e+10  1.3833e+00
  6.3096e+00  1.5000e+02  4.2000e-01  9.4259e+09  1.1164e+00
  6.3096e+00  1.5000e+02  4.4000e-01  5.6749e+09  1.0917e+00
  6.3096e+00  1.5000e+02  4.6000e-01  3.6734e+09  1.2967e+00
  6.3096e+00  1.5000e+02  4.8000e-01  2.0996e+09  1.3988e+00
  6.3096e+00  1.5000e+02  5.0000e-01  3.1372e+08  1.4504e+00
  6.3096e+00  1.5000e+02  5.2000e-01  2.0280e+08  4.5334e-01
  6.3096e+00  1.5000e+02  5.4000e-01  1.6306e+08  4.3726e-01
  6.3096e+00  1.5000e+02  5.6000e-01  1.5015e+08  4.6440e-01
  6.3096e+00  1.5000e+02  5.8000e-01  1.2834e+08  4.6598e-01
  6.3096e+00  1.5000e+02  6.0000e-01  9.9402e+07  4.2857e-01
  6.3096e+00  2.0000e+02  1.0000e-02  1.9381e+09  1.7325e+00
  6.3096e+00  2.0000e+02  2.0000e-02  4.1278e+09  1.7128e+00
  6.3096e+00  2.0000e+02  4.0000e-02  8.4491e+09  1.6683e+00
  6.3096e+00  2.0000e+02  6.0000e-02  1.2771e+10  1.5693e+00
  6.3096e+00  2.0000e+02  8.0000e-02  1.3230e+10  1.3720e+00
  6.3096e+00  2.0000e+02  1.0000e-01  1.5764e+10  1.2834e+00
  6.3096e+00  2.0000e+02  1.2000e-01  1.4350e+10  1.2366e+00
  6.3096e+00  2.0000e+02  1.4000e-01  1.1940e+10  1.2477e+00
  6.3096e+00  2.0000e+02  1.6000e-01  1.0412e+10  1.2455e+00
  6.3096e+00  2.0000e+02  1.8000e-01  9.7313e+09  1.2457e+00
  6.3096e+00  2.0000e+02  2.0000e-01  9.2953e+09  1.2495e+00
  6.3096e+00  2.0000e+02  2.2000e-01  9.0744e+09  1.2582e+00
  6.3096e+00  2.0000e+02  2.4000e-01  9.2351e+09  1.2702e+00
  6.3096e+00  2.0000e+02  2.6000e-01  9.1007e+09  1.2755e+00
  6.3096e+00  2.0000e+02  2.8000e-01  8.4790e+09  1.2772e+00
  6.3096e+00  2.0000e+02  3.0000e-01  8.1496e+09  1.2873e+00
  6.3096e+00  2.0000e+02  3.2000e-01  8.4406e+09  1.2985e+00
  6.3096e+00  2.0000e+02  3.4000e-01  8.5872e+09  1.2992e+00
  6.3096e+00  2.0000e+02  3.6000e-01  7.7472e+09  1.2818e+00
  6.3096e+00  2.0000e+02  3.8000e-01  6.2075e+09  1.2550e+00
  6.3096e+00  2.0000e+02  4.0000e-01  5.0824e+09  1.2599e+00
  6.3096e+00  2.0000e+02  4.2000e-01  4.8397e+09  1.2976e+00
  6.3096e+00  2.0000e+02  4.4000e-01  5.0391e+09  1.3133e+00
  6.3096e+00  2.0000e+02  4.6000e-01  4.9227e+09  1.3200e+00
  6.3096e+00  2.0000e+02  4.8000e-01  2.4504e+09  1.1602e+00
  6.3096e+00  2.0000e+02  5.0000e-01  3.5719e+08  1.5594e+00
  6.3096e+00  2.0000e+02  5.2000e-01  9.3377e+07  5.1702e-01
  6.3096e+00  2.0000e+02  5.4000e-01  7.9335e+07  5.3530e-01
  6.3096e+00  2.0000e+02  5.6000e-01  6.4729e+07  5.1623e-01
  6.3096e+00  2.0000e+02  5.8000e-01  5.2680e+07  4.9139e-01
  6.3096e+00  2.0000e+02  6.0000e-01  4.5866e+07  4.9036e-01
  6.3096e+00  2.5000e+02  1.0000e-02  1.0723e+09  1.7297e+00
  6.3096e+00  2.5000e+02  2.0000e-02  2.3110e+09  1.7081e+00
  6.3096e+00  2.5000e+02  4.0000e-02  4.7772e+09  1.6809e+00
  6.3096e+00  2.5000e+02  6.0000e-02  7.4735e+09  1.6523e+00
  6.3096e+00  2.5000e+02  8.0000e-02  1.0416e+10  1.6008e+00
  6.3096e+00  2.5000e+02  1.0000e-01  1.1761e+10  1.5210e+00
  6.3096e+00  2.5000e+02  1.2000e-01  1.1535e+10  1.3981e+00
  6.3096e+00  2.5000e+02  1.4000e-01  1.2446e+10  1.2861e+00
  6.3096e+00  2.5000e+02  1.6000e-01  1.3571e+10  1.2806e+00
  6.3096e+00  2.5000e+02  1.8000e-01  1.2741e+10  1.2358e+00
  6.3096e+00  2.5000e+02  2.0000e-01  1.1213e+10  1.2408e+00
  6.3096e+00  2.5000e+02  2.2000e-01  9.6788e+09  1.2498e+00
  6.3096e+00  2.5000e+02  2.4000e-01  8.4638e+09  1.2475e+00
  6.3096e+00  2.5000e+02  2.6000e-01  7.4868e+09  1.2447e+00
  6.3096e+00  2.5000e+02  2.8000e-01  6.9483e+09  1.2457e+00
  6.3096e+00  2.5000e+02  3.0000e-01  6.6902e+09  1.2517e+00
  6.3096e+00  2.5000e+02  3.2000e-01  6.2516e+09  1.2533e+00
  6.3096e+00  2.5000e+02  3.4000e-01  5.5490e+09  1.2542e+00
  6.3096e+00  2.5000e+02  3.6000e-01  5.0005e+09  1.2608e+00
  6.3096e+00  2.5000e+02  3.8000e-01  4.7929e+09  1.2747e+00
  6.3096e+00  2.5000e+02  4.0000e-01  4.6243e+09  1.2871e+00
  6.3096e+00  2.5000e+02  4.2000e-01  4.0212e+09  1.2850e+00
  6.3096e+00  2.5000e+02  4.4000e-01  2.8722e+09  1.2695e+00
  6.3096e+00  2.5000e+02  4.6000e-01  1.7240e+09  1.2619e+00
  6.3096e+00  2.5000e+02  4.8000e-01  8.8221e+08  1.2516e+00
  6.3096e+00  2.5000e+02  5.0000e-01  3.2153e+07  1.3197e+00
  6.3096e+00  2.5000e+02  5.2000e-01  2.4344e+07  7.6174e-01
  6.3096e+00  2.5000e+02  5.4000e-01  2.4494e+07  5.9762e-01
  6.3096e+00  2.5000e+02  5.6000e-01  2.4161e+07  5.4693e-01
  6.3096e+00  2.5000e+02  5.8000e-01  2.2765e+07  5.1932e-01
  6.3096e+00  2.5000e+02  6.0000e-01  2.0453e+07  4.9806e-01
  6.3096e+00  3.0000e+02  1.0000e-02  6.7709e+08  1.7333e+00
  6.3096e+00  3.0000e+02  2.0000e-02  1.4668e+09  1.7046e+00
  6.3096e+00  3.0000e+02  4.0000e-02  3.0350e+09  1.6792e+00
  6.3096e+00  3.0000e+02  6.0000e-02  4.5923e+09  1.6621e+00
  6.3096e+00  3.0000e+02  8.0000e-02  6.3863e+09  1.6378e+00
  6.3096e+00  3.0000e+02  1.0000e-01  8.2880e+09  1.6095e+00
  6.3096e+00  3.0000e+02  1.2000e-01  9.7262e+09  1.5697e+00
  6.3096e+00  3.0000e+02  1.4000e-01  1.0282e+10  1.5151e+00
  6.3096e+00  3.0000e+02  1.6000e-01  1.0001e+10  1.4493e+00
  6.3096e+00  3.0000e+02  1.8000e-01  9.6624e+09  1.3685e+00
  6.3096e+00  3.0000e+02  2.0000e-01  1.0014e+10  1.2994e+00
  6.3096e+00  3.0000e+02  2.2000e-01  1.0118e+10  1.2680e+00
  6.3096e+00  3.0000e+02  2.4000e-01  1.0472e+10  1.2769e+00
  6.3096e+00  3.0000e+02  2.6000e-01  9.9448e+09  1.2523e+00
  6.3096e+00  3.0000e+02  2.8000e-01  9.1681e+09  1.2335e+00
  6.3096e+00  3.0000e+02  3.0000e-01  8.1554e+09  1.2319e+00
  6.3096e+00  3.0000e+02  3.2000e-01  7.0401e+09  1.2384e+00
  6.3096e+00  3.0000e+02  3.4000e-01  6.0954e+09  1.2420e+00
  6.3096e+00  3.0000e+02  3.6000e-01  5.3700e+09  1.2468e+00
  6.3096e+00  3.0000e+02  3.8000e-01  4.5802e+09  1.2542e+00
  6.3096e+00  3.0000e+02  4.0000e-01  3.6620e+09  1.2527e+00
  6.3096e+00  3.0000e+02  4.2000e-01  2.8859e+09  1.2468e+00
  6.3096e+00  3.0000e+02  4.4000e-01  2.3764e+09  1.2429e+00
  6.3096e+00  3.0000e+02  4.6000e-01  2.0066e+09  1.2239e+00
  6.3096e+00  3.0000e+02  4.8000e-01  4.9077e+08  1.2391e+00
  6.3096e+00  3.0000e+02  5.0000e-01  1.7618e+07  1.2725e+00
  6.3096e+00  3.0000e+02  5.2000e-01  9.2175e+06  9.1612e-01
  6.3096e+00  3.0000e+02  5.4000e-01  1.2336e+07  6.7817e-01
  6.3096e+00  3.0000e+02  5.6000e-01  1.2398e+07  5.9331e-01
  6.3096e+00  3.0000e+02  5.8000e-01  1.1493e+07  5.4985e-01
  6.3096e+00  3.0000e+02  6.0000e-01  1.0032e+07  5.0371e-01
  8.5770e+00  3.3246e+00  1.0000e-02  1.8723e+10  1.1274e+00
  8.5770e+00  3.3246e+00  2.0000e-02  1.8539e+10  1.1226e+00
  8.5770e+00  3.3246e+00  4.0000e-02  1.8077e+10  1.1190e+00
  8.5770e+00  3.3246e+00  6.0000e-02  1.7934e+10  1.1074e+00
  8.5770e+00  3.3246e+00  8.0000e-02  1.8046e+10  1.1257e+00
  8.5770e+00  3.3246e+00  1.0000e-01  2.1864e+10  1.1043e+00
  8.5770e+00  3.3246e+00  1.2000e-01  1.6380e+10  1.0801e+00
  8.5770e+00  3.3246e+00  1.4000e-01  1.2046e+10  1.1300e+00
  8.5770e+00  3.3246e+00  1.6000e-01  1.4194e+10  1.2190e+00
  8.5770e+00  3.3246e+00  1.8000e-01  1.9024e+10  1.2373e+00
  8.5770e+00  3.3246e+00  2.0000e-01  2.4763e+10  1.2657e+00
  8.5770e+00  3.3246e+00  2.2000e-01  2.8528e+10  1.3669e+00
  8.5770e+00  3.3246e+00  2.4000e-01  2.8413e+10  1.4805e+00
  8.5770e+00  3.3246e+00  2.6000e-01  2.6647e+10  1.5852e+00
  8.5770e+00  3.3246e+00  2.8000e-01  2.5465e+10  1.5950e+00
  8.5770e+00  3.3246e+00  3.0000e-01  2.2189e+10  1.5590e+00
  8.5770e+00  3.3246e+00  3.2000e-01  1.9894e+10  1.6312e+00
  8.5770e+00  3.3246e+00  3.4000e-01  1.2039e+10  1.7382e+00
  8.5770e+00  3.3246e+00  3.6000e-01  6.4864e+09  1.7736e+00
  8.5770e+00  3.3246e+00  3.8000e-01  2.7634e+09  1.8971e+00
  8.5770e+00  3.3246e+00  4.0000e-01  4.2280e+09  1.6158e+00
  8.5770e+00  3.3246e+00  4.2000e-01  1.9553e+10  1.3867e+00
  8.5770e+00  3.3246e+00  4.4000e-01  3.5476e+09  1.2181e+00
  8.5770e+00  3.3246e+00  4.6000e-01  1.0372e+07  7.3645e-01
  8.5770e+00  3.3246e+00  4.8000e-01  4.1668e+09  1.5867e+00
  8.5770e+00  3.3246e+00  5.0000e-01  3.4633e+10  3.6327e-01
  8.5770e+00  3.3246e+00  5.2000e-01  3.1309e+10  3.5971e-01
  8.5770e+00  3.3246e+00  5.4000e-01  1.8381e+10  3.9538e-01
  8.5770e+00  3.3246e+00  5.6000e-01  6.0662e+09  6.1326e-01
  8.5770e+00  3.3246e+00  5.8000e-01  3.4055e+09  1.1084e+00
  8.5770e+00  3.3246e+00  6.0000e-01  4.3088e+09  1.0854e+00
  8.5770e+00  4.0616e+00  1.0000e-02  1.6659e+10  1.1626e+00
  8.5770e+00  4.0616e+00  2.0000e-02  1.6477e+10  1.1454e+00
  8.5770e+00  4.0616e+00  4.0000e-02  1.6195e+10  1.1378e+00
  8.5770e+00  4.0616e+00  6.0000e-02  1.5991e+10  1.1452e+00
  8.5770e+00  4.0616e+00  8.0000e-02  1.4968e+10  1.1588e+00
  8.5770e+00  4.0616e+00  1.0000e-01  2.0250e+10  1.2153e+00
  8.5770e+00  4.0616e+00  1.2000e-01  1.7333e+10  1.2112e+00
  8.5770e+00  4.0616e+00  1.4000e-01  1.1282e+10  1.1516e+00
  8.5770e+00  4.0616e+00  1.6000e-01  1.0525e+10  1.2174e+00
  8.5770e+00  4.0616e+00  1.8000e-01  1.4416e+10  1.2468e+00
  8.5770e+00  4.0616e+00  2.0000e-01  2.4731e+10  1.3157e+00
  8.5770e+00  4.0616e+00  2.2000e-01  2.9723e+10  1.4218e+00
  8.5770e+00  4.0616e+00  2.4000e-01  3.1366e+10  1.5239e+00
  8.5770e+00  4.0616e+00  2.6000e-01  3.0813e+10  1.5267e+00
  8.5770e+00  4.0616e+00  2.8000e-01  2.6748e+10  1.4693e+00
  8.5770e+00  4.0616e+00  3.0000e-01  2.3199e+10  1.5285e+00
  8.5770e+00  4.0616e+00  3.2000e-01  1.9790e+10  1.6745e+00
  8.5770e+00  4.0616e+00  3.4000e-01  1.2071e+10  1.6932e+00
  8.5770e+00  4.0616e+00  3.6000e-01  6.5667e+09  1.7771e+00
  8.5770e+00  4.0616e+00  3.8000e-01  2.6467e+09  1.9028e+00
  8.5770e+00  4.0616e+00  4.0000e-01  4.3722e+09  1.6067e+00
  8.5770e+00  4.0616e+00  4.2000e-01  1.9950e+10  1.3895e+00
  8.5770e+00  4.0616e+00  4.4000e-01  3.4893e+09  1.2061e+00
  8.5770e+00  4.0616e+00  4.6000e-01  8.4028e+06  5.7823e-01
  8.5770e+00  4.0616e+00  4.8000e-01  5.5925e+09  1.7826e+00
  8.5770e+00  4.0616e+00  5.0000e-01  3.3880e+10  3.6527e-01
  8.5770e+00  4.0616e+00  5.2000e-01  3.1753e+10  3.5938e-01
  8.5770e+00  4.0616e+00  5.4000e-01  2.5745e+10  3.7042e-01
  8.5770e+00  4.0616e+00  5.6000e-01  1.2919e+10  3.9709e-01
  8.5770e+00  4.0616e+00  5.8000e-01  4.7864e+09  6.1606e-01
  8.5770e+00  4.0616e+00  6.0000e-01  2.7299e+09  1.0515e+00
  8.5770e+00  4.9619e+00  1.0000e-02  1.6732e+10  1.2256e+00
  8.5770e+00  4.9619e+00  2.0000e-02  1.7036e+10  1.2235e+00
  8.5770e+00  4.9619e+00  4.0000e-02  1.7143e+10  1.2281e+00
  8.5770e+00  4.9619e+00  6.0000e-02  1.8117e+10  1.2439e+00
  8.5770e+00  4.9619e+00  8.0000e-02  1.5494e+10  1.2121e+00
  8.5770e+00  4.9619e+00  1.0000e-01  2.0251e+10  1.2504e+00
  8.5770e+00  4.9619e+00  1.2000e-01  2.0892e+10  1.2606e+00
  8.5770e+00  4.9619e+00  1.4000e-01  1.5786e+10  1.1945e+00
  8.5770e+00  4.9619e+00  1.6000e-01  1.3844e+10  1.1989e+00
  8.5770e+00  4.9619e+00  1.8000e-01  1.6204e+10  1.3394e+00
  8.5770e+00  4.9619e+00  2.0000e-01  2.2266e+10  1.4218e+00
  8.5770e+00  4.9619e+00  2.2000e-01  2.7918e+10  1.4642e+00
  8.5770e+00  4.9619e+00  2.4000e-01  3.5280e+10  1.4938e+00
  8.5770e+00  4.9619e+00  2.6000e-01  3.0259e+10  1.4010e+00
  8.5770e+00  4.9619e+00  2.8000e-01  2.6358e+10  1.3819e+00
  8.5770e+00  4.9619e+00  3.0000e-01  2.4174e+10  1.5336e+00
  8.5770e+00  4.9619e+00  3.2000e-01  1.8200e+10  1.7166e+00
  8.5770e+00  4.9619e+00  3.4000e-01  1.1172e+10  1.6727e+00
  8.5770e+00  4.9619e+00  3.6000e-01  6.8005e+09  1.7893e+00
  8.5770e+00  4.9619e+00  3.8000e-01  2.5400e+09  1.9293e+00
  8.5770e+00  4.9619e+00  4.0000e-01  4.3484e+09  1.5956e+00
  8.5770e+00  4.9619e+00  4.2000e-01  2.0686e+10  1.3963e+00
  8.5770e+00  4.9619e+00  4.4000e-01  3.4589e+09  1.1971e+00
  8.5770e+00  4.9619e+00  4.6000e-01  7.3720e+06  5.1297e-01
  8.5770e+00  4.9619e+00  4.8000e-01  6.2149e+09  1.8648e+00
  8.5770e+00  4.9619e+00  5.0000e-01  3.3057e+10  3.6997e-01
  8.5770e+00  4.9619e+00  5.2000e-01  3.1256e+10  3.5637e-01
  8.5770e+00  4.9619e+00  5.4000e-01  2.8071e+10  3.6468e-01
  8.5770e+00  4.9619e+00  5.6000e-01  2.0070e+10  3.8379e-01
  8.5770e+00  4.9619e+00  5.8000e-01  9.9151e+09  4.4258e-01
  8.5770e+00  4.9619e+00  6.0000e-01  4.0495e+09  5.1858e-01
  8.5770e+00  6.0619e+00  1.0000e-02  1.9006e+10  1.2752e+00
  8.5770e+00  6.0619e+00  2.0000e-02  1.8866e+10  1.2720e+00
  8.5770e+00  6.0619e+00  4.0000e-02  1.8568e+10  1.2664e+00
  8.5770e+00  6.0619e+00  6.0000e-02  1.9884e+10  1.2700e+00
  8.5770e+00  6.0619e+00  8.0000e-02  1.7654e+10  1.2526e+00
  8.5770e+00  6.0619e+00  1.0000e-01  2.1107e+10  1.2784e+00
  8.5770e+00  6.0619e+00  1.2000e-01  2.3368e+10  1.2730e+00
  8.5770e+00  6.0619e+00  1.4000e-01  1.8736e+10  1.2433e+00
  8.5770e+00  6.0619e+00  1.6000e-01  1.5071e+10  1.2131e+00
  8.5770e+00  6.0619e+00  1.8000e-01  1.6374e+10  1.3063e+00
  8.5770e+00  6.0619e+00  2.0000e-01  2.1670e+10  1.4040e+00
  8.5770e+00  6.0619e+00  2.2000e-01  2.8596e+10  1.5201e+00
  8.5770e+00  6.0619e+00  2.4000e-01  3.5230e+10  1.4356e+00
  8.5770e+00  6.0619e+00  2.6000e-01  2.9395e+10  1.3775e+00
  8.5770e+00  6.0619e+00  2.8000e-01  2.6500e+10  1.4831e+00
  8.5770e+00  6.0619e+00  3.0000e-01  2.3094e+10  1.6775e+00
  8.5770e+00  6.0619e+00  3.2000e-01  1.6578e+10  1.7223e+00
  8.5770e+00  6.0619e+00  3.4000e-01  1.0733e+10  1.6894e+00
  8.5770e+00  6.0619e+00  3.6000e-01  6.8499e+09  1.7992e+00
  8.5770e+00  6.0619e+00  3.8000e-01  2.5759e+09  1.9547e+00
  8.5770e+00  6.0619e+00  4.0000e-01  4.3082e+09  1.5816e+00
  8.5770e+00  6.0619e+00  4.2000e-01  2.1471e+10  1.4047e+00
  8.5770e+00  6.0619e+00  4.4000e-01  3.3498e+09  1.1821e+00
  8.5770e+00  6.0619e+00  4.6000e-01  1.2940e+07  7.0208e-01
  8.5770e+00  6.0619e+00  4.8000e-01  6.0397e+09  1.8887e+00
  8.5770e+00  6.0619e+00  5.0000e-01  3.2060e+10  3.7458e-01
  8.5770e+00  6.0619e+00  5.2000e-01  3.0161e+10  3.5799e-01
  8.5770e+00  6.0619e+00  5.4000e-01  2.8472e+10  3.6151e-01
  8.5770e+00  6.0619e+00  5.6000e-01  2.5126e+10  3.6947e-01
  8.5770e+00  6.0619e+00  5.8000e-01  1.8561e+10  3.8840e-01
  8.5770e+00  6.0619e+00  6.0000e-01  1.0459e+10  4.4122e-01
  8.5770e+00  7.4057e+00  1.0000e-02  1.7973e+10  1.3065e+00
  8.5770e+00  7.4057e+00  2.0000e-02  1.7900e+10  1.3002e+00
  8.5770e+00  7.4057e+00  4.0000e-02  1.7473e+10  1.2937e+00
  8.5770e+00  7.4057e+00  6.0000e-02  1.7942e+10  1.2930e+00
  8.5770e+00  7.4057e+00  8.0000e-02  1.5707e+10  1.2766e+00
  8.5770e+00  7.4057e+00  1.0000e-01  1.7064e+10  1.2931e+00
  8.5770e+00  7.4057e+00  1.2000e-01  1.9278e+10  1.2964e+00
  8.5770e+00  7.4057e+00  1.4000e-01  1.7884e+10  1.2872e+00
  8.5770e+00  7.4057e+00  1.6000e-01  1.4625e+10  1.2737e+00
  8.5770e+00  7.4057e+00  1.8000e-01  1.6770e+10  1.3675e+00
  8.5770e+00  7.4057e+00  2.0000e-01  2.3714e+10  1.4459e+00
  8.5770e+00  7.4057e+00  2.2000e-01  3.1499e+10  1.5558e+00
  8.5770e+00  7.4057e+00  2.4000e-01  3.3604e+10  1.4612e+00
  8.5770e+00  7.4057e+00  2.6000e-01  2.8113e+10  1.3866e+00
  8.5770e+00  7.4057e+00  2.8000e-01  2.5806e+10  1.5270e+00
  8.5770e+00  7.4057e+00  3.0000e-01  2.2348e+10  1.7119e+00
  8.5770e+00  7.4057e+00  3.2000e-01  1.5766e+10  1.6927e+00
  8.5770e+00  7.4057e+00  3.4000e-01  1.1019e+10  1.6854e+00
  8.5770e+00  7.4057e+00  3.6000e-01  6.9724e+09  1.8072e+00
  8.5770e+00  7.4057e+00  3.8000e-01  2.7197e+09  1.9801e+00
  8.5770e+00  7.4057e+00  4.0000e-01  4.1615e+09  1.5678e+00
  8.5770e+00  7.4057e+00  4.2000e-01  2.2709e+10  1.4127e+00
  8.5770e+00  7.4057e+00  4.4000e-01  3.1170e+09  1.1844e+00
  8.5770e+00  7.4057e+00  4.6000e-01  2.4260e+07  8.7997e-01
  8.5770e+00  7.4057e+00  4.8000e-01  5.5632e+09  1.8789e+00
  8.5770e+00  7.4057e+00  5.0000e-01  3.0900e+10  3.8097e-01
  8.5770e+00  7.4057e+00  5.2000e-01  2.8531e+10  3.5813e-01
  8.5770e+00  7.4057e+00  5.4000e-01  2.7806e+10  3.6082e-01
  8.5770e+00  7.4057e+00  5.6000e-01  2.5924e+10  3.6694e-01
  8.5770e+00  7.4057e+00  5.8000e-01  2.2522e+10  3.7619e-01
  8.5770e+00  7.4057e+00  6.0000e-01  1.7169e+10  3.9433e-01
  8.5770e+00  9.0474e+00  1.0000e-02  1.6324e+10  1.3331e+00
  8.5770e+00  9.0474e+00  2.0000e-02  1.5864e+10  1.3299e+00
  8.5770e+00  9.0474e+00  4.0000e-02  1.5510e+10  1.3241e+00
  8.5770e+00  9.0474e+00  6.0000e-02  1.6618e+10  1.3231e+00
  8.5770e+00  9.0474e+00  8.0000e-02  1.4233e+10  1.3085e+00
  8.5770e+00  9.0474e+00  1.0000e-01  1.4638e+10  1.3279e+00
  8.5770e+00  9.0474e+00  1.2000e-01  1.7059e+10  1.3259e+00
  8.5770e+00  9.0474e+00  1.4000e-01  1.7500e+10  1.3105e+00
  8.5770e+00  9.0474e+00  1.6000e-01  1.6799e+10  1.3155e+00
  8.5770e+00  9.0474e+00  1.8000e-01  2.0191e+10  1.3994e+00
  8.5770e+00  9.0474e+00  2.0000e-01  2.6950e+10  1.4736e+00
  8.5770e+00  9.0474e+00  2.2000e-01  3.2287e+10  1.5566e+00
  8.5770e+00  9.0474e+00  2.4000e-01  3.2394e+10  1.5016e+00
  8.5770e+00  9.0474e+00  2.6000e-01  2.8207e+10  1.4401e+00
  8.5770e+00  9.0474e+00  2.8000e-01  2.5225e+10  1.5558e+00
  8.5770e+00  9.0474e+00  3.0000e-01  2.2300e+10  1.7031e+00
  8.5770e+00  9.0474e+00  3.2000e-01  1.6187e+10  1.6810e+00
  8.5770e+00  9.0474e+00  3.4000e-01  1.1685e+10  1.6820e+00
  8.5770e+00  9.0474e+00  3.6000e-01  7.2910e+09  1.8078e+00
  8.5770e+00  9.0474e+00  3.8000e-01  2.9565e+09  2.0072e+00
  8.5770e+00  9.0474e+00  4.0000e-01  3.8895e+09  1.5586e+00
  8.5770e+00  9.0474e+00  4.2000e-01  2.4091e+10  1.4334e+00
  8.5770e+00  9.0474e+00  4.4000e-01  2.4068e+09  1.1745e+00
  8.5770e+00  9.0474e+00  4.6000e-01  3.2164e+07  9.3854e-01
  8.5770e+00  9.0474e+00  4.8000e-01  4.9228e+09  1.8637e+00
  8.5770e+00  9.0474e+00  5.0000e-01  2.9548e+10  3.8854e-01
  8.5770e+00  9.0474e+00  5.2000e-01  2.6699e+10  3.6043e-01
  8.5770e+00  9.0474e+00  5.4000e-01  2.6232e+10  3.5998e-01
  8.5770e+00  9.0474e+00  5.6000e-01  2.5159e+10  3.6334e-01
  8.5770e+00  9.0474e+00  5.8000e-01  2.3541e+10  3.6759e-01
  8.5770e+00  9.0474e+00  6.0000e-01  2.1150e+10  3.7351e-01
  8.5770e+00  1.1053e+01  1.0000e-02  1.6439e+10  1.3042e+00
  8.5770e+00  1.1053e+01  2.0000e-02  1.6054e+10  1.3063e+00
  8.5770e+00  1.1053e+01  4.0000e-02  1.5629e+10  1.3044e+00
  8.5770e+00  1.1053e+01  6.0000e-02  1.6570e+10  1.3087e+00
  8.5770e+00  1.1053e+01  8.0000e-02  1.5000e+10  1.2952e+00
  8.5770e+00  1.1053e+01  1.0000e-01  1.4634e+10  1.3031e+00
  8.5770e+00  1.1053e+01  1.2000e-01  1.5816e+10  1.3067e+00
  8.5770e+00  1.1053e+01  1.4000e-01  1.6518e+10  1.3064e+00
  8.5770e+00  1.1053e+01  1.6000e-01  1.7980e+10  1.3427e+00
  8.5770e+00  1.1053e+01  1.8000e-01  2.2872e+10  1.4245e+00
  8.5770e+00  1.1053e+01  2.0000e-01  2.8618e+10  1.4896e+00
  8.5770e+00  1.1053e+01  2.2000e-01  3.1847e+10  1.5501e+00
  8.5770e+00  1.1053e+01  2.4000e-01  3.1584e+10  1.5274e+00
  8.5770e+00  1.1053e+01  2.6000e-01  2.8407e+10  1.4654e+00
  8.5770e+00  1.1053e+01  2.8000e-01  2.5092e+10  1.5532e+00
  8.5770e+00  1.1053e+01  3.0000e-01  2.2643e+10  1.6598e+00
  8.5770e+00  1.1053e+01  3.2000e-01  1.7574e+10  1.6814e+00
  8.5770e+00  1.1053e+01  3.4000e-01  1.3354e+10  1.6891e+00
  8.5770e+00  1.1053e+01  3.6000e-01  8.1958e+09  1.8002e+00
  8.5770e+00  1.1053e+01  3.8000e-01  3.2948e+09  2.0239e+00
  8.5770e+00  1.1053e+01  4.0000e-01  3.4590e+09  1.5569e+00
  8.5770e+00  1.1053e+01  4.2000e-01  2.6137e+10  1.4468e+00
  8.5770e+00  1.1053e+01  4.4000e-01  1.2385e+09  1.1600e+00
  8.5770e+00  1.1053e+01  4.6000e-01  3.8186e+07  8.9669e-01
  8.5770e+00  1.1053e+01  4.8000e-01  4.2022e+09  1.8285e+00
  8.5770e+00  1.1053e+01  5.0000e-01  2.7962e+10  3.9826e-01
  8.5770e+00  1.1053e+01  5.2000e-01  2.4554e+10  3.6228e-01
  8.5770e+00  1.1053e+01  5.4000e-01  2.4019e+10  3.6090e-01
  8.5770e+00  1.1053e+01  5.6000e-01  2.3290e+10  3.6468e-01
  8.5770e+00  1.1053e+01  5.8000e-01  2.2253e+10  3.6458e-01
  8.5770e+00  1.1053e+01  6.0000e-01  2.0905e+10  3.6926e-01
  8.5770e+00  1.3503e+01  1.0000e-02  1.6628e+10  1.2614e+00
  8.5770e+00  1.3503e+01  2.0000e-02  1.6447e+10  1.2744e+00
  8.5770e+00  1.3503e+01  4.0000e-02  1.6005e+10  1.2845e+00
  8.5770e+00  1.3503e+01  6.0000e-02  1.6326e+10  1.2968e+00
  8.5770e+00  1.3503e+01  8.0000e-02  1.5658e+10  1.2868e+00
  8.5770e+00  1.3503e+01  1.0000e-01  1.5050e+10  1.2915e+00
  8.5770e+00  1.3503e+01  1.2000e-01  1.5878e+10  1.2973e+00
  8.5770e+00  1.3503e+01  1.4000e-01  1.6450e+10  1.3050e+00
  8.5770e+00  1.3503e+01  1.6000e-01  1.8512e+10  1.3576e+00
  8.5770e+00  1.3503e+01  1.8000e-01  2.3612e+10  1.4305e+00
  8.5770e+00  1.3503e+01  2.0000e-01  2.8796e+10  1.4902e+00
  8.5770e+00  1.3503e+01  2.2000e-01  3.1321e+10  1.5449e+00
  8.5770e+00  1.3503e+01  2.4000e-01  3.1521e+10  1.5367e+00
  8.5770e+00  1.3503e+01  2.6000e-01  2.8374e+10  1.4472e+00
  8.5770e+00  1.3503e+01  2.8000e-01  2.5397e+10  1.5239e+00
  8.5770e+00  1.3503e+01  3.0000e-01  2.2856e+10  1.5878e+00
  8.5770e+00  1.3503e+01  3.2000e-01  1.8999e+10  1.6785e+00
  8.5770e+00  1.3503e+01  3.4000e-01  1.5981e+10  1.7082e+00
  8.5770e+00  1.3503e+01  3.6000e-01  1.0215e+10  1.8035e+00
  8.5770e+00  1.3503e+01  3.8000e-01  3.7249e+09  2.0246e+00
  8.5770e+00  1.3503e+01  4.0000e-01  2.8883e+09  1.5811e+00
  8.5770e+00  1.3503e+01  4.2000e-01  2.8231e+10  1.4712e+00
  8.5770e+00  1.3503e+01  4.4000e-01  6.0886e+08  1.1858e+00
  8.5770e+00  1.3503e+01  4.6000e-01  4.1768e+07  9.1306e-01
  8.5770e+00  1.3503e+01  4.8000e-01  3.3860e+09  1.7939e+00
  8.5770e+00  1.3503e+01  5.0000e-01  2.6143e+10  4.0957e-01
  8.5770e+00  1.3503e+01  5.2000e-01  2.2113e+10  3.6346e-01
  8.5770e+00  1.3503e+01  5.4000e-01  2.1542e+10  3.6486e-01
  8.5770e+00  1.3503e+01  5.6000e-01  2.0850e+10  3.6604e-01
  8.5770e+00  1.3503e+01  5.8000e-01  1.9974e+10  3.6744e-01
  8.5770e+00  1.3503e+01  6.0000e-01  1.8999e+10  3.6918e-01
  8.5770e+00  1.6496e+01  1.0000e-02  1.6326e+10  1.2498e+00
  8.5770e+00  1.6496e+01  2.0000e-02  1.6406e+10  1.2511e+00
  8.5770e+00  1.6496e+01  4.0000e-02  1.6353e+10  1.2558e+00
  8.5770e+00  1.6496e+01  6.0000e-02  1.6190e+10  1.2678e+00
  8.5770e+00  1.6496e+01  8.0000e-02  1.6078e+10  1.2670e+00
  8.5770e+00  1.6496e+01  1.0000e-01  1.5535e+10  1.2744e+00
  8.5770e+00  1.6496e+01  1.2000e-01  1.6178e+10  1.2844e+00
  8.5770e+00  1.6496e+01  1.4000e-01  1.6569e+10  1.2964e+00
  8.5770e+00  1.6496e+01  1.6000e-01  1.8075e+10  1.3500e+00
  8.5770e+00  1.6496e+01  1.8000e-01  2.2639e+10  1.4223e+00
  8.5770e+00  1.6496e+01  2.0000e-01  2.7766e+10  1.4762e+00
  8.5770e+00  1.6496e+01  2.2000e-01  3.1033e+10  1.5397e+00
  8.5770e+00  1.6496e+01  2.4000e-01  3.2327e+10  1.5285e+00
  8.5770e+00  1.6496e+01  2.6000e-01  2.8155e+10  1.3934e+00
  8.5770e+00  1.6496e+01  2.8000e-01  2.5683e+10  1.4683e+00
  8.5770e+00  1.6496e+01  3.0000e-01  2.2732e+10  1.5102e+00
  8.5770e+00  1.6496e+01  3.2000e-01  1.9960e+10  1.6102e+00
  8.5770e+00  1.6496e+01  3.4000e-01  1.9026e+10  1.7294e+00
  8.5770e+00  1.6496e+01  3.6000e-01  1.3417e+10  1.8337e+00
  8.5770e+00  1.6496e+01  3.8000e-01  4.2298e+09  2.0179e+00
  8.5770e+00  1.6496e+01  4.0000e-01  2.2585e+09  1.6508e+00
  8.5770e+00  1.6496e+01  4.2000e-01  2.9199e+10  1.5146e+00
  8.5770e+00  1.6496e+01  4.4000e-01  3.6176e+08  1.1659e+00
  8.5770e+00  1.6496e+01  4.6000e-01  4.2322e+07  9.1480e-01
  8.5770e+00  1.6496e+01  4.8000e-01  2.5813e+09  1.7361e+00
  8.5770e+00  1.6496e+01  5.0000e-01  2.4033e+10  4.2362e-01
  8.5770e+00  1.6496e+01  5.2000e-01  1.9386e+10  3.6817e-01
  8.5770e+00  1.6496e+01  5.4000e-01  1.8594e+10  3.6714e-01
  8.5770e+00  1.6496e+01  5.6000e-01  1.7837e+10  3.6899e-01
  8.5770e+00  1.6496e+01  5.8000e-01  1.7051e+10  3.7190e-01
  8.5770e+00  1.6496e+01  6.0000e-01  1.6213e+10  3.7471e-01
  8.5770e+00  2.0153e+01  1.0000e-02  1.6348e+10  1.2606e+00
  8.5770e+00  2.0153e+01  2.0000e-02  1.6254e+10  1.2500e+00
  8.5770e+00  2.0153e+01  4.0000e-02  1.6322e+10  1.2479e+00
  8.5770e+00  2.0153e+01  6.0000e-02  1.5993e+10  1.2519e+00
  8.5770e+00  2.0153e+01  8.0000e-02  1.6070e+10  1.2514e+00
  8.5770e+00  2.0153e+01  1.0000e-01  1.5636e+10  1.2569e+00
  8.5770e+00  2.0153e+01  1.2000e-01  1.6321e+10  1.2665e+00
  8.5770e+00  2.0153e+01  1.4000e-01  1.6701e+10  1.2729e+00
  8.5770e+00  2.0153e+01  1.6000e-01  1.7011e+10  1.3163e+00
  8.5770e+00  2.0153e+01  1.8000e-01  2.0387e+10  1.3964e+00
  8.5770e+00  2.0153e+01  2.0000e-01  2.5494e+10  1.4386e+00
  8.5770e+00  2.0153e+01  2.2000e-01  3.0345e+10  1.5163e+00
  8.5770e+00  2.0153e+01  2.4000e-01  3.3769e+10  1.5201e+00
  8.5770e+00  2.0153e+01  2.6000e-01  2.7277e+10  1.3101e+00
  8.5770e+00  2.0153e+01  2.8000e-01  2.4884e+10  1.3816e+00
  8.5770e+00  2.0153e+01  3.0000e-01  2.3498e+10  1.4624e+00
  8.5770e+00  2.0153e+01  3.2000e-01  2.0063e+10  1.4965e+00
  8.5770e+00  2.0153e+01  3.4000e-01  2.0955e+10  1.7302e+00
  8.5770e+00  2.0153e+01  3.6000e-01  1.6851e+10  1.8615e+00
  8.5770e+00  2.0153e+01  3.8000e-01  4.8870e+09  2.0056e+00
  8.5770e+00  2.0153e+01  4.0000e-01  1.6776e+09  1.8178e+00
  8.5770e+00  2.0153e+01  4.2000e-01  2.3707e+10  1.4966e+00
  8.5770e+00  2.0153e+01  4.4000e-01  2.2656e+08  1.1880e+00
  8.5770e+00  2.0153e+01  4.6000e-01  4.1102e+07  9.2451e-01
  8.5770e+00  2.0153e+01  4.8000e-01  1.7146e+09  1.6642e+00
  8.5770e+00  2.0153e+01  5.0000e-01  2.1606e+10  4.3901e-01
  8.5770e+00  2.0153e+01  5.2000e-01  1.6332e+10  3.7214e-01
  8.5770e+00  2.0153e+01  5.4000e-01  1.5354e+10  3.7533e-01
  8.5770e+00  2.0153e+01  5.6000e-01  1.4569e+10  3.7810e-01
  8.5770e+00  2.0153e+01  5.8000e-01  1.3683e+10  3.8040e-01
  8.5770e+00  2.0153e+01  6.0000e-01  1.2785e+10  3.8136e-01
  8.5770e+00  2.4621e+01  1.0000e-02  1.6824e+10  1.2743e+00
  8.5770e+00  2.4621e+01  2.0000e-02  1.6356e+10  1.2612e+00
  8.5770e+00  2.4621e+01  4.0000e-02  1.6196e+10  1.2492e+00
  8.5770e+00  2.4621e+01  6.0000e-02  1.5859e+10  1.2456e+00
  8.5770e+00  2.4621e+01  8.0000e-02  1.6088e+10  1.2469e+00
  8.5770e+00  2.4621e+01  1.0000e-01  1.5490e+10  1.2476e+00
  8.5770e+00  2.4621e+01  1.2000e-01  1.6069e+10  1.2566e+00
  8.5770e+00  2.4621e+01  1.4000e-01  1.6586e+10  1.2526e+00
  8.5770e+00  2.4621e+01  1.6000e-01  1.5844e+10  1.2645e+00
  8.5770e+00  2.4621e+01  1.8000e-01  1.7258e+10  1.3395e+00
  8.5770e+00  2.4621e+01  2.0000e-01  2.1949e+10  1.4031e+00
  8.5770e+00  2.4621e+01  2.2000e-01  2.7817e+10  1.4311e+00
  8.5770e+00  2.4621e+01  2.4000e-01  3.5329e+10  1.5411e+00
  8.5770e+00  2.4621e+01  2.6000e-01  2.5098e+10  1.2061e+00
  8.5770e+00  2.4621e+01  2.8000e-01  2.2778e+10  1.2713e+00
  8.5770e+00  2.4621e+01  3.0000e-01  2.3228e+10  1.3971e+00
  8.5770e+00  2.4621e+01  3.2000e-01  2.1171e+10  1.4435e+00
  8.5770e+00  2.4621e+01  3.4000e-01  2.1687e+10  1.6044e+00
  8.5770e+00  2.4621e+01  3.6000e-01  2.0479e+10  1.8914e+00
  8.5770e+00  2.4621e+01  3.8000e-01  5.9528e+09  1.9987e+00
  8.5770e+00  2.4621e+01  4.0000e-01  1.1180e+09  2.2369e+00
  8.5770e+00  2.4621e+01  4.2000e-01  1.2611e+10  1.4290e+00
  8.5770e+00  2.4621e+01  4.4000e-01  1.4974e+08  1.2077e+00
  8.5770e+00  2.4621e+01  4.6000e-01  3.7385e+07  9.3128e-01
  8.5770e+00  2.4621e+01  4.8000e-01  8.9013e+08  1.5564e+00
  8.5770e+00  2.4621e+01  5.0000e-01  1.8978e+10  4.5828e-01
  8.5770e+00  2.4621e+01  5.2000e-01  1.3108e+10  3.7795e-01
  8.5770e+00  2.4621e+01  5.4000e-01  1.1966e+10  3.8343e-01
  8.5770e+00  2.4621e+01  5.6000e-01  1.0986e+10  3.8459e-01
  8.5770e+00  2.4621e+01  5.8000e-01  1.0166e+10  3.8756e-01
  8.5770e+00  2.4621e+01  6.0000e-01  9.4288e+09  3.9296e-01
  8.5770e+00  3.0079e+01  1.0000e-02  1.7207e+10  1.2843e+00
  8.5770e+00  3.0079e+01  2.0000e-02  1.6761e+10  1.2727e+00
  8.5770e+00  3.0079e+01  4.0000e-02  1.6243e+10  1.2580e+00
  8.5770e+00  3.0079e+01  6.0000e-02  1.5958e+10  1.2484e+00
  8.5770e+00  3.0079e+01  8.0000e-02  1.6024e+10  1.2468e+00
  8.5770e+00  3.0079e+01  1.0000e-01  1.5726e+10  1.2434e+00
  8.5770e+00  3.0079e+01  1.2000e-01  1.5544e+10  1.2494e+00
  8.5770e+00  3.0079e+01  1.4000e-01  1.6401e+10  1.2528e+00
  8.5770e+00  3.0079e+01  1.6000e-01  1.6182e+10  1.2417e+00
  8.5770e+00  3.0079e+01  1.8000e-01  1.4834e+10  1.2556e+00
  8.5770e+00  3.0079e+01  2.0000e-01  1.6856e+10  1.3361e+00
  8.5770e+00  3.0079e+01  2.2000e-01  2.2346e+10  1.3639e+00
  8.5770e+00  3.0079e+01  2.4000e-01  3.0502e+10  1.4532e+00
  8.5770e+00  3.0079e+01  2.6000e-01  2.2004e+10  1.0895e+00
  8.5770e+00  3.0079e+01  2.8000e-01  1.8281e+10  1.1093e+00
  8.5770e+00  3.0079e+01  3.0000e-01  1.9901e+10  1.2491e+00
  8.5770e+00  3.0079e+01  3.2000e-01  2.0054e+10  1.3362e+00
  8.5770e+00  3.0079e+01  3.4000e-01  2.7787e+10  1.6393e+00
  8.5770e+00  3.0079e+01  3.6000e-01  2.4193e+10  1.6580e+00
  8.5770e+00  3.0079e+01  3.8000e-01  1.9819e+10  1.7074e+00
  8.5770e+00  3.0079e+01  4.0000e-01  2.5149e+09  1.8376e+00
  8.5770e+00  3.0079e+01  4.2000e-01  3.5116e+09  1.3159e+00
  8.5770e+00  3.0079e+01  4.4000e-01  1.0347e+08  1.2084e+00
  8.5770e+00  3.0079e+01  4.6000e-01  3.2520e+07  9.3550e-01
  8.5770e+00  3.0079e+01  4.8000e-01  2.4471e+08  1.1896e+00
  8.5770e+00  3.0079e+01  5.0000e-01  1.6220e+10  4.8130e-01
  8.5770e+00  3.0079e+01  5.2000e-01  9.8838e+09  3.8848e-01
  8.5770e+00  3.0079e+01  5.4000e-01  8.7202e+09  3.9506e-01
  8.5770e+00  3.0079e+01  5.6000e-01  7.8768e+09  3.9888e-01
  8.5770e+00  3.0079e+01  5.8000e-01  7.2019e+09  4.0472e-01
  8.5770e+00  3.0079e+01  6.0000e-01  6.5338e+09  4.0821e-01
  8.5770e+00  3.6747e+01  1.0000e-02  1.6999e+10  1.2932e+00
  8.5770e+00  3.6747e+01  2.0000e-02  1.7113e+10  1.2815e+00
  8.5770e+00  3.6747e+01  4.0000e-02  1.6539e+10  1.2684e+00
  8.5770e+00  3.6747e+01  6.0000e-02  1.6155e+10  1.2570e+00
  8.5770e+00  3.6747e+01  8.0000e-02  1.6073e+10  1.2519e+00
  8.5770e+00  3.6747e+01  1.0000e-01  1.5870e+10  1.2451e+00
  8.5770e+00  3.6747e+01  1.2000e-01  1.5474e+10  1.2463e+00
  8.5770e+00  3.6747e+01  1.4000e-01  1.6072e+10  1.2519e+00
  8.5770e+00  3.6747e+01  1.6000e-01  1.6641e+10  1.2459e+00
  8.5770e+00  3.6747e+01  1.8000e-01  1.5777e+10  1.2369e+00
  8.5770e+00  3.6747e+01  2.0000e-01  1.4794e+10  1.2583e+00
  8.5770e+00  3.6747e+01  2.2000e-01  1.6629e+10  1.3297e+00
  8.5770e+00  3.6747e+01  2.4000e-01  2.0990e+10  1.3671e+00
  8.5770e+00  3.6747e+01  2.6000e-01  2.7271e+10  1.3574e+00
  8.5770e+00  3.6747e+01  2.8000e-01  3.2311e+10  1.3111e+00
  8.5770e+00  3.6747e+01  3.0000e-01  1.7515e+10  1.0324e+00
  8.5770e+00  3.6747e+01  3.2000e-01  1.4549e+10  1.1082e+00
  8.5770e+00  3.6747e+01  3.4000e-01  1.4836e+10  1.2593e+00
  8.5770e+00  3.6747e+01  3.6000e-01  1.1964e+10  1.2862e+00
  8.5770e+00  3.6747e+01  3.8000e-01  1.6197e+10  1.6048e+00
  8.5770e+00  3.6747e+01  4.0000e-01  1.1979e+10  1.8538e+00
  8.5770e+00  3.6747e+01  4.2000e-01  7.3725e+09  1.9755e+00
  8.5770e+00  3.6747e+01  4.4000e-01  7.5060e+07  1.1770e+00
  8.5770e+00  3.6747e+01  4.6000e-01  2.6211e+07  9.3260e-01
  8.5770e+00  3.6747e+01  4.8000e-01  1.1224e+08  9.6104e-01
  8.5770e+00  3.6747e+01  5.0000e-01  1.3364e+10  5.1024e-01
  8.5770e+00  3.6747e+01  5.2000e-01  7.0416e+09  4.0215e-01
  8.5770e+00  3.6747e+01  5.4000e-01  6.0463e+09  4.0871e-01
  8.5770e+00  3.6747e+01  5.6000e-01  5.3368e+09  4.0970e-01
  8.5770e+00  3.6747e+01  5.8000e-01  4.7690e+09  4.1271e-01
  8.5770e+00  3.6747e+01  6.0000e-01  4.2193e+09  4.1388e-01
  8.5770e+00  4.4893e+01  1.0000e-02  1.5897e+10  1.2949e+00
  8.5770e+00  4.4893e+01  2.0000e-02  1.7037e+10  1.2900e+00
  8.5770e+00  4.4893e+01  4.0000e-02  1.6857e+10  1.2767e+00
  8.5770e+00  4.4893e+01  6.0000e-02  1.6450e+10  1.2668e+00
  8.5770e+00  4.4893e+01  8.0000e-02  1.6175e+10  1.2600e+00
  8.5770e+00  4.4893e+01  1.0000e-01  1.6052e+10  1.2512e+00
  8.5770e+00  4.4893e+01  1.2000e-01  1.5480e+10  1.2474e+00
  8.5770e+00  4.4893e+01  1.4000e-01  1.5822e+10  1.2523e+00
  8.5770e+00  4.4893e+01  1.6000e-01  1.6630e+10  1.2487e+00
  8.5770e+00  4.4893e+01  1.8000e-01  1.6285e+10  1.2366e+00
  8.5770e+00  4.4893e+01  2.0000e-01  1.4861e+10  1.2372e+00
  8.5770e+00  4.4893e+01  2.2000e-01  1.5069e+10  1.2867e+00
  8.5770e+00  4.4893e+01  2.4000e-01  1.8061e+10  1.3510e+00
  8.5770e+00  4.4893e+01  2.6000e-01  2.2562e+10  1.3572e+00
  8.5770e+00  4.4893e+01  2.8000e-01  2.8979e+10  1.4107e+00
  8.5770e+00  4.4893e+01  3.0000e-01  2.1773e+10  1.0743e+00
  8.5770e+00  4.4893e+01  3.2000e-01  1.5315e+10  1.0349e+00
  8.5770e+00  4.4893e+01  3.4000e-01  1.3419e+10  1.1328e+00
  8.5770e+00  4.4893e+01  3.6000e-01  1.1229e+10  1.2348e+00
  8.5770e+00  4.4893e+01  3.8000e-01  1.2114e+10  1.3996e+00
  8.5770e+00  4.4893e+01  4.0000e-01  1.9844e+10  2.0060e+00
  8.5770e+00  4.4893e+01  4.2000e-01  1.9903e+10  2.0708e+00
  8.5770e+00  4.4893e+01  4.4000e-01  7.8806e+07  1.1330e+00
  8.5770e+00  4.4893e+01  4.6000e-01  2.0562e+07  9.4207e-01
  8.5770e+00  4.4893e+01  4.8000e-01  7.0072e+07  8.5869e-01
  8.5770e+00  4.4893e+01  5.0000e-01  1.0487e+10  5.4383e-01
  8.5770e+00  4.4893e+01  5.2000e-01  4.6960e+09  4.0990e-01
  8.5770e+00  4.4893e+01  5.4000e-01  3.9015e+09  4.1167e-01
  8.5770e+00  4.4893e+01  5.6000e-01  3.4031e+09  4.1328e-01
  8.5770e+00  4.4893e+01  5.8000e-01  3.0067e+09  4.1559e-01
  8.5770e+00  4.4893e+01  6.0000e-01  2.6225e+09  4.1340e-01
  8.5770e+00  5.4844e+01  1.0000e-02  1.4447e+10  1.2773e+00
  8.5770e+00  5.4844e+01  2.0000e-02  1.6258e+10  1.2957e+00
  8.5770e+00  5.4844e+01  4.0000e-02  1.6913e+10  1.2842e+00
  8.5770e+00  5.4844e+01  6.0000e-02  1.6719e+10  1.2757e+00
  8.5770e+00  5.4844e+01  8.0000e-02  1.6293e+10  1.2684e+00
  8.5770e+00  5.4844e+01  1.0000e-01  1.6275e+10  1.2607e+00
  8.5770e+00  5.4844e+01  1.2000e-01  1.5593e+10  1.2516e+00
  8.5770e+00  5.4844e+01  1.4000e-01  1.5498e+10  1.2540e+00
  8.5770e+00  5.4844e+01  1.6000e-01  1.6384e+10  1.2530e+00
  8.5770e+00  5.4844e+01  1.8000e-01  1.6556e+10  1.2400e+00
  8.5770e+00  5.4844e+01  2.0000e-01  1.5203e+10  1.2295e+00
  8.5770e+00  5.4844e+01  2.2000e-01  1.4330e+10  1.2562e+00
  8.5770e+00  5.4844e+01  2.4000e-01  1.6123e+10  1.3218e+00
  8.5770e+00  5.4844e+01  2.6000e-01  1.9887e+10  1.3601e+00
  8.5770e+00  5.4844e+01  2.8000e-01  2.4911e+10  1.3447e+00
  8.5770e+00  5.4844e+01  3.0000e-01  3.4719e+10  1.6014e+00
  8.5770e+00  5.4844e+01  3.2000e-01  1.7702e+10  1.0510e+00
  8.5770e+00  5.4844e+01  3.4000e-01  1.3564e+10  1.0790e+00
  8.5770e+00  5.4844e+01  3.6000e-01  1.3333e+10  1.2190e+00
  8.5770e+00  5.4844e+01  3.8000e-01  1.1745e+10  1.3349e+00
  8.5770e+00  5.4844e+01  4.0000e-01  1.8201e+10  1.8592e+00
  8.5770e+00  5.4844e+01  4.2000e-01  5.7309e+09  1.6037e+00
  8.5770e+00  5.4844e+01  4.4000e-01  5.1117e+08  9.2163e-01
  8.5770e+00  5.4844e+01  4.6000e-01  1.4697e+07  9.1302e-01
  8.5770e+00  5.4844e+01  4.8000e-01  4.9061e+07  8.5838e-01
  8.5770e+00  5.4844e+01  5.0000e-01  7.6609e+09  5.9056e-01
  8.5770e+00  5.4844e+01  5.2000e-01  2.9961e+09  4.1616e-01
  8.5770e+00  5.4844e+01  5.4000e-01  2.4372e+09  4.1400e-01
  8.5770e+00  5.4844e+01  5.6000e-01  2.1085e+09  4.1340e-01
  8.5770e+00  5.4844e+01  5.8000e-01  1.8389e+09  4.1446e-01
  8.5770e+00  5.4844e+01  6.0000e-01  1.6078e+09  4.1778e-01
  8.5770e+00  6.7002e+01  1.0000e-02  1.3942e+10  1.2585e+00
  8.5770e+00  6.7002e+01  2.0000e-02  1.4810e+10  1.2867e+00
  8.5770e+00  6.7002e+01  4.0000e-02  1.6518e+10  1.2921e+00
  8.5770e+00  6.7002e+01  6.0000e-02  1.6653e+10  1.2833e+00
  8.5770e+00  6.7002e+01  8.0000e-02  1.6345e+10  1.2754e+00
  8.5770e+00  6.7002e+01  1.0000e-01  1.6355e+10  1.2713e+00
  8.5770e+00  6.7002e+01  1.2000e-01  1.5887e+10  1.2594e+00
  8.5770e+00  6.7002e+01  1.4000e-01  1.5249e+10  1.2569e+00
  8.5770e+00  6.7002e+01  1.6000e-01  1.5868e+10  1.2593e+00
  8.5770e+00  6.7002e+01  1.8000e-01  1.6535e+10  1.2484e+00
  8.5770e+00  6.7002e+01  2.0000e-01  1.5684e+10  1.2311e+00
  8.5770e+00  6.7002e+01  2.2000e-01  1.4072e+10  1.2329e+00
  8.5770e+00  6.7002e+01  2.4000e-01  1.4428e+10  1.2871e+00
  8.5770e+00  6.7002e+01  2.6000e-01  1.7275e+10  1.3435e+00
  8.5770e+00  6.7002e+01  2.8000e-01  2.1429e+10  1.3491e+00
  8.5770e+00  6.7002e+01  3.0000e-01  2.7029e+10  1.4020e+00
  8.5770e+00  6.7002e+01  3.2000e-01  2.0604e+10  1.0885e+00
  8.5770e+00  6.7002e+01  3.4000e-01  1.4098e+10  1.0415e+00
  8.5770e+00  6.7002e+01  3.6000e-01  1.3030e+10  1.1772e+00
  8.5770e+00  6.7002e+01  3.8000e-01  1.0073e+10  1.2753e+00
  8.5770e+00  6.7002e+01  4.0000e-01  1.0662e+10  1.5283e+00
  8.5770e+00  6.7002e+01  4.2000e-01  1.2440e+10  1.9061e+00
  8.5770e+00  6.7002e+01  4.4000e-01  1.6418e+10  2.0228e+00
  8.5770e+00  6.7002e+01  4.6000e-01  1.2999e+07  9.0313e-01
  8.5770e+00  6.7002e+01  4.8000e-01  3.0476e+07  8.6671e-01
  8.5770e+00  6.7002e+01  5.0000e-01  4.9554e+09  6.5797e-01
  8.5770e+00  6.7002e+01  5.2000e-01  1.8604e+09  4.1880e-01
  8.5770e+00  6.7002e+01  5.4000e-01  1.4869e+09  4.1161e-01
  8.5770e+00  6.7002e+01  5.6000e-01  1.2838e+09  4.1263e-01
  8.5770e+00  6.7002e+01  5.8000e-01  1.1139e+09  4.1445e-01
  8.5770e+00  6.7002e+01  6.0000e-01  9.6084e+08  4.1340e-01
  8.5770e+00  8.1855e+01  1.0000e-02  1.4301e+10  1.2497e+00
  8.5770e+00  8.1855e+01  2.0000e-02  1.3760e+10  1.2627e+00
  8.5770e+00  8.1855e+01  4.0000e-02  1.5396e+10  1.2939e+00
  8.5770e+00  8.1855e+01  6.0000e-02  1.6161e+10  1.2909e+00
  8.5770e+00  8.1855e+01  8.0000e-02  1.6251e+10  1.2834e+00
  8.5770e+00  8.1855e+01  1.0000e-01  1.6032e+10  1.2790e+00
  8.5770e+00  8.1855e+01  1.2000e-01  1.6129e+10  1.2722e+00
  8.5770e+00  8.1855e+01  1.4000e-01  1.5275e+10  1.2612e+00
  8.5770e+00  8.1855e+01  1.6000e-01  1.5154e+10  1.2638e+00
  8.5770e+00  8.1855e+01  1.8000e-01  1.6043e+10  1.2605e+00
  8.5770e+00  8.1855e+01  2.0000e-01  1.6056e+10  1.2426e+00
  8.5770e+00  8.1855e+01  2.2000e-01  1.4457e+10  1.2254e+00
  8.5770e+00  8.1855e+01  2.4000e-01  1.3291e+10  1.2473e+00
  8.5770e+00  8.1855e+01  2.6000e-01  1.4634e+10  1.3070e+00
  8.5770e+00  8.1855e+01  2.8000e-01  1.7839e+10  1.3504e+00
  8.5770e+00  8.1855e+01  3.0000e-01  2.2032e+10  1.3410e+00
  8.5770e+00  8.1855e+01  3.2000e-01  2.8886e+10  1.6117e+00
  8.5770e+00  8.1855e+01  3.4000e-01  1.6957e+10  1.0720e+00
  8.5770e+00  8.1855e+01  3.6000e-01  1.2531e+10  1.0824e+00
  8.5770e+00  8.1855e+01  3.8000e-01  1.1426e+10  1.2071e+00
  8.5770e+00  8.1855e+01  4.0000e-01  9.7226e+09  1.3333e+00
  8.5770e+00  8.1855e+01  4.2000e-01  1.3858e+10  1.8033e+00
  8.5770e+00  8.1855e+01  4.4000e-01  4.2469e+09  1.5925e+00
  8.5770e+00  8.1855e+01  4.6000e-01  2.0834e+09  1.4508e+00
  8.5770e+00  8.1855e+01  4.8000e-01  1.6912e+07  8.6289e-01
  8.5770e+00  8.1855e+01  5.0000e-01  2.7017e+09  7.5539e-01
  8.5770e+00  8.1855e+01  5.2000e-01  1.1444e+09  4.2490e-01
  8.5770e+00  8.1855e+01  5.4000e-01  9.0819e+08  4.1334e-01
  8.5770e+00  8.1855e+01  5.6000e-01  7.7259e+08  4.1152e-01
  8.5770e+00  8.1855e+01  5.8000e-01  6.7382e+08  4.1566e-01
  8.5770e+00  8.1855e+01  6.0000e-01  5.7945e+08  4.1722e-01
  8.5770e+00  1.0000e+02  1.0000e-02  1.7170e+10  1.2523e+00
  8.5770e+00  1.0000e+02  2.0000e-02  1.3788e+10  1.2523e+00
  8.5770e+00  1.0000e+02  4.0000e-02  1.3818e+10  1.2764e+00
  8.5770e+00  1.0000e+02  6.0000e-02  1.5075e+10  1.2941e+00
  8.5770e+00  1.0000e+02  8.0000e-02  1.5608e+10  1.2925e+00
  8.5770e+00  1.0000e+02  1.0000e-01  1.5561e+10  1.2849e+00
  8.5770e+00  1.0000e+02  1.2000e-01  1.5609e+10  1.2832e+00
  8.5770e+00  1.0000e+02  1.4000e-01  1.5520e+10  1.2737e+00
  8.5770e+00  1.0000e+02  1.6000e-01  1.4651e+10  1.2659e+00
  8.5770e+00  1.0000e+02  1.8000e-01  1.4901e+10  1.2706e+00
  8.5770e+00  1.0000e+02  2.0000e-01  1.5740e+10  1.2627e+00
  8.5770e+00  1.0000e+02  2.2000e-01  1.5214e+10  1.2400e+00
  8.5770e+00  1.0000e+02  2.4000e-01  1.3347e+10  1.2253e+00
  8.5770e+00  1.0000e+02  2.6000e-01  1.2515e+10  1.2561e+00
  8.5770e+00  1.0000e+02  2.8000e-01  1.4139e+10  1.3143e+00
  8.5770e+00  1.0000e+02  3.0000e-01  1.7214e+10  1.3471e+00
  8.5770e+00  1.0000e+02  3.2000e-01  2.1093e+10  1.3442e+00
  8.5770e+00  1.0000e+02  3.4000e-01  2.8340e+10  1.5546e+00
  8.5770e+00  1.0000e+02  3.6000e-01  1.4324e+10  1.0615e+00
  8.5770e+00  1.0000e+02  3.8000e-01  1.0738e+10  1.1086e+00
  8.5770e+00  1.0000e+02  4.0000e-01  9.3954e+09  1.2297e+00
  8.5770e+00  1.0000e+02  4.2000e-01  7.6633e+09  1.3475e+00
  8.5770e+00  1.0000e+02  4.4000e-01  1.1397e+10  1.8625e+00
  8.5770e+00  1.0000e+02  4.6000e-01  8.4557e+09  1.7819e+00
  8.5770e+00  1.0000e+02  4.8000e-01  2.3788e+07  7.4329e-01
  8.5770e+00  1.0000e+02  5.0000e-01  1.2211e+09  8.7521e-01
  8.5770e+00  1.0000e+02  5.2000e-01  7.0529e+08  4.3174e-01
  8.5770e+00  1.0000e+02  5.4000e-01  5.5921e+08  4.2059e-01
  8.5770e+00  1.0000e+02  5.6000e-01  4.7095e+08  4.1280e-01
  8.5770e+00  1.0000e+02  5.8000e-01  4.0851e+08  4.1620e-01
  8.5770e+00  1.0000e+02  6.0000e-01  3.5087e+08  4.1446e-01
  8.5770e+00  1.5000e+02  1.0000e-02  1.5786e+10  1.5370e+00
  8.5770e+00  1.5000e+02  2.0000e-02  1.8668e+10  1.2517e+00
  8.5770e+00  1.5000e+02  4.0000e-02  1.3787e+10  1.2464e+00
  8.5770e+00  1.5000e+02  6.0000e-02  1.2635e+10  1.2537e+00
  8.5770e+00  1.5000e+02  8.0000e-02  1.2543e+10  1.2685e+00
  8.5770e+00  1.5000e+02  1.0000e-01  1.3011e+10  1.2850e+00
  8.5770e+00  1.5000e+02  1.2000e-01  1.3493e+10  1.2937e+00
  8.5770e+00  1.5000e+02  1.4000e-01  1.3536e+10  1.2923e+00
  8.5770e+00  1.5000e+02  1.6000e-01  1.3555e+10  1.2928e+00
  8.5770e+00  1.5000e+02  1.8000e-01  1.3656e+10  1.2882e+00
  8.5770e+00  1.5000e+02  2.0000e-01  1.2828e+10  1.2771e+00
  8.5770e+00  1.5000e+02  2.2000e-01  1.2572e+10  1.2813e+00
  8.5770e+00  1.5000e+02  2.4000e-01  1.3353e+10  1.2852e+00
  8.5770e+00  1.5000e+02  2.6000e-01  1.3514e+10  1.2679e+00
  8.5770e+00  1.5000e+02  2.8000e-01  1.2004e+10  1.2385e+00
  8.5770e+00  1.5000e+02  3.0000e-01  1.0169e+10  1.2320e+00
  8.5770e+00  1.5000e+02  3.2000e-01  9.9509e+09  1.2752e+00
  8.5770e+00  1.5000e+02  3.4000e-01  1.1388e+10  1.3170e+00
  8.5770e+00  1.5000e+02  3.6000e-01  1.3388e+10  1.3363e+00
  8.5770e+00  1.5000e+02  3.8000e-01  1.5647e+10  1.3719e+00
  8.5770e+00  1.5000e+02  4.0000e-01  1.4332e+10  1.2293e+00
  8.5770e+00  1.5000e+02  4.2000e-01  7.8587e+09  1.0756e+00
  8.5770e+00  1.5000e+02  4.4000e-01  5.5522e+09  1.2337e+00
  8.5770e+00  1.5000e+02  4.6000e-01  3.5789e+09  1.3143e+00
  8.5770e+00  1.5000e+02  4.8000e-01  4.3106e+09  1.7395e+00
  8.5770e+00  1.5000e+02  5.0000e-01  3.0374e+08  1.2718e+00
  8.5770e+00  1.5000e+02  5.2000e-01  2.6915e+08  4.4715e-01
  8.5770e+00  1.5000e+02  5.4000e-01  2.1913e+08  4.3684e-01
  8.5770e+00  1.5000e+02  5.6000e-01  1.8399e+08  4.3206e-01
  8.5770e+00  1.5000e+02  5.8000e-01  1.5903e+08  4.3352e-01
  8.5770e+00  1.5000e+02  6.0000e-01  1.3506e+08  4.3029e-01
  8.5770e+00  2.0000e+02  1.0000e-02  1.0117e+10  1.7298e+00
  8.5770e+00  2.0000e+02  2.0000e-02  1.5077e+10  1.5775e+00
  8.5770e+00  2.0000e+02  4.0000e-02  1.7970e+10  1.2599e+00
  8.5770e+00  2.0000e+02  6.0000e-02  1.4869e+10  1.2494e+00
  8.5770e+00  2.0000e+02  8.0000e-02  1.2429e+10  1.2483e+00
  8.5770e+00  2.0000e+02  1.0000e-01  1.1584e+10  1.2513e+00
  8.5770e+00  2.0000e+02  1.2000e-01  1.1213e+10  1.2578e+00
  8.5770e+00  2.0000e+02  1.4000e-01  1.1074e+10  1.2683e+00
  8.5770e+00  2.0000e+02  1.6000e-01  1.1211e+10  1.2809e+00
  8.5770e+00  2.0000e+02  1.8000e-01  1.1203e+10  1.2878e+00
  8.5770e+00  2.0000e+02  2.0000e-01  1.1106e+10  1.2933e+00
  8.5770e+00  2.0000e+02  2.2000e-01  1.1289e+10  1.2965e+00
  8.5770e+00  2.0000e+02  2.4000e-01  1.0812e+10  1.2896e+00
  8.5770e+00  2.0000e+02  2.6000e-01  9.9644e+09  1.2848e+00
  8.5770e+00  2.0000e+02  2.8000e-01  9.9209e+09  1.2944e+00
  8.5770e+00  2.0000e+02  3.0000e-01  1.0460e+10  1.2995e+00
  8.5770e+00  2.0000e+02  3.2000e-01  1.0273e+10  1.2832e+00
  8.5770e+00  2.0000e+02  3.4000e-01  8.8260e+09  1.2529e+00
  8.5770e+00  2.0000e+02  3.6000e-01  7.1566e+09  1.2394e+00
  8.5770e+00  2.0000e+02  3.8000e-01  6.4540e+09  1.2683e+00
  8.5770e+00  2.0000e+02  4.0000e-01  6.8059e+09  1.3035e+00
  8.5770e+00  2.0000e+02  4.2000e-01  7.4335e+09  1.3157e+00
  8.5770e+00  2.0000e+02  4.4000e-01  7.6713e+09  1.3582e+00
  8.5770e+00  2.0000e+02  4.6000e-01  5.5823e+09  1.2283e+00
  8.5770e+00  2.0000e+02  4.8000e-01  2.1484e+09  1.1979e+00
  8.5770e+00  2.0000e+02  5.0000e-01  3.7847e+08  1.4684e+00
  8.5770e+00  2.0000e+02  5.2000e-01  1.3921e+08  4.6811e-01
  8.5770e+00  2.0000e+02  5.4000e-01  1.0840e+08  4.8135e-01
  8.5770e+00  2.0000e+02  5.6000e-01  9.8618e+07  4.5832e-01
  8.5770e+00  2.0000e+02  5.8000e-01  9.0588e+07  4.8765e-01
  8.5770e+00  2.0000e+02  6.0000e-01  7.7117e+07  4.9341e-01
  8.5770e+00  2.5000e+02  1.0000e-02  6.4177e+09  1.7476e+00
  8.5770e+00  2.5000e+02  2.0000e-02  1.0778e+10  1.7013e+00
  8.5770e+00  2.5000e+02  4.0000e-02  1.4477e+10  1.5061e+00
  8.5770e+00  2.5000e+02  6.0000e-02  1.7000e+10  1.2929e+00
  8.5770e+00  2.5000e+02  8.0000e-02  1.6120e+10  1.2437e+00
  8.5770e+00  2.5000e+02  1.0000e-01  1.3432e+10  1.2475e+00
  8.5770e+00  2.5000e+02  1.2000e-01  1.1580e+10  1.2483e+00
  8.5770e+00  2.5000e+02  1.4000e-01  1.0620e+10  1.2491e+00
  8.5770e+00  2.5000e+02  1.6000e-01  1.0012e+10  1.2510e+00
  8.5770e+00  2.5000e+02  1.8000e-01  9.5437e+09  1.2545e+00
  8.5770e+00  2.5000e+02  2.0000e-01  9.3164e+09  1.2620e+00
  8.5770e+00  2.5000e+02  2.2000e-01  9.0357e+09  1.2693e+00
  8.5770e+00  2.5000e+02  2.4000e-01  8.7040e+09  1.2776e+00
  8.5770e+00  2.5000e+02  2.6000e-01  8.6924e+09  1.2877e+00
  8.5770e+00  2.5000e+02  2.8000e-01  8.5574e+09  1.2915e+00
  8.5770e+00  2.5000e+02  3.0000e-01  7.8422e+09  1.2869e+00
  8.5770e+00  2.5000e+02  3.2000e-01  7.0932e+09  1.2890e+00
  8.5770e+00  2.5000e+02  3.4000e-01  6.8899e+09  1.3013e+00
  8.5770e+00  2.5000e+02  3.6000e-01  6.9853e+09  1.3090e+00
  8.5770e+00  2.5000e+02  3.8000e-01  6.6470e+09  1.3021e+00
  8.5770e+00  2.5000e+02  4.0000e-01  5.4977e+09  1.2806e+00
  8.5770e+00  2.5000e+02  4.2000e-01  4.0455e+09  1.2600e+00
  8.5770e+00  2.5000e+02  4.4000e-01  2.9870e+09  1.2677e+00
  8.5770e+00  2.5000e+02  4.6000e-01  2.4618e+09  1.2952e+00
  8.5770e+00  2.5000e+02  4.8000e-01  1.8425e+09  1.2960e+00
  8.5770e+00  2.5000e+02  5.0000e-01  2.5728e+08  1.5731e+00
  8.5770e+00  2.5000e+02  5.2000e-01  4.1743e+07  6.4256e-01
  8.5770e+00  2.5000e+02  5.4000e-01  4.0157e+07  5.8149e-01
  8.5770e+00  2.5000e+02  5.6000e-01  4.2825e+07  5.6066e-01
  8.5770e+00  2.5000e+02  5.8000e-01  3.9494e+07  5.2082e-01
  8.5770e+00  2.5000e+02  6.0000e-01  3.3811e+07  5.1006e-01
  8.5770e+00  3.0000e+02  1.0000e-02  4.2236e+09  1.7513e+00
  8.5770e+00  3.0000e+02  2.0000e-02  7.4523e+09  1.7234e+00
  8.5770e+00  3.0000e+02  4.0000e-02  1.2221e+10  1.6502e+00
  8.5770e+00  3.0000e+02  6.0000e-02  1.3644e+10  1.5229e+00
  8.5770e+00  3.0000e+02  8.0000e-02  1.4301e+10  1.3344e+00
  8.5770e+00  3.0000e+02  1.0000e-01  1.5652e+10  1.2771e+00
  8.5770e+00  3.0000e+02  1.2000e-01  1.4706e+10  1.2386e+00
  8.5770e+00  3.0000e+02  1.4000e-01  1.2849e+10  1.2481e+00
  8.5770e+00  3.0000e+02  1.6000e-01  1.1123e+10  1.2486e+00
  8.5770e+00  3.0000e+02  1.8000e-01  9.9201e+09  1.2494e+00
  8.5770e+00  3.0000e+02  2.0000e-01  9.0614e+09  1.2498e+00
  8.5770e+00  3.0000e+02  2.2000e-01  8.3742e+09  1.2499e+00
  8.5770e+00  3.0000e+02  2.4000e-01  7.8907e+09  1.2524e+00
  8.5770e+00  3.0000e+02  2.6000e-01  7.4023e+09  1.2537e+00
  8.5770e+00  3.0000e+02  2.8000e-01  6.8449e+09  1.2567e+00
  8.5770e+00  3.0000e+02  3.0000e-01  6.4735e+09  1.2633e+00
  8.5770e+00  3.0000e+02  3.2000e-01  6.2421e+09  1.2715e+00
  8.5770e+00  3.0000e+02  3.4000e-01  5.7838e+09  1.2733e+00
  8.5770e+00  3.0000e+02  3.6000e-01  5.0325e+09  1.2726e+00
  8.5770e+00  3.0000e+02  3.8000e-01  4.3230e+09  1.2765e+00
  8.5770e+00  3.0000e+02  4.0000e-01  3.9016e+09  1.2877e+00
  8.5770e+00  3.0000e+02  4.2000e-01  3.5962e+09  1.2993e+00
  8.5770e+00  3.0000e+02  4.4000e-01  3.0394e+09  1.2989e+00
  8.5770e+00  3.0000e+02  4.6000e-01  2.0109e+09  1.2809e+00
  8.5770e+00  3.0000e+02  4.8000e-01  8.8345e+08  1.2399e+00
  8.5770e+00  3.0000e+02  5.0000e-01  2.3992e+07  1.3185e+00
  8.5770e+00  3.0000e+02  5.2000e-01  1.9188e+07  7.8868e-01
  8.5770e+00  3.0000e+02  5.4000e-01  1.9321e+07  5.6900e-01
  8.5770e+00  3.0000e+02  5.6000e-01  1.9353e+07  5.3377e-01
  8.5770e+00  3.0000e+02  5.8000e-01  1.8499e+07  5.3739e-01
  8.5770e+00  3.0000e+02  6.0000e-01  1.6607e+07  5.1399e-01
  1.1659e+01  3.3246e+00  1.0000e-02  1.6319e+10  1.0445e+00
  1.1659e+01  3.3246e+00  2.0000e-02  1.5712e+10  1.0431e+00
  1.1659e+01  3.3246e+00  4.0000e-02  1.4864e+10  1.0489e+00
  1.1659e+01  3.3246e+00  6.0000e-02  1.4714e+10  1.0464e+00
  1.1659e+01  3.3246e+00  8.0000e-02  1.5763e+10  1.0542e+00
  1.1659e+01  3.3246e+00  1.0000e-01  1.9093e+10  1.0323e+00
  1.1659e+01  3.3246e+00  1.2000e-01  1.2964e+10  1.0745e+00
  1.1659e+01  3.3246e+00  1.4000e-01  9.0557e+09  1.1327e+00
  1.1659e+01  3.3246e+00  1.6000e-01  1.2741e+10  1.1256e+00
  1.1659e+01  3.3246e+00  1.8000e-01  1.9528e+10  1.1254e+00
  1.1659e+01  3.3246e+00  2.0000e-01  2.5759e+10  1.1744e+00
  1.1659e+01  3.3246e+00  2.2000e-01  2.7200e+10  1.2827e+00
  1.1659e+01  3.3246e+00  2.4000e-01  2.6684e+10  1.4071e+00
  1.1659e+01  3.3246e+00  2.6000e-01  2.4179e+10  1.5301e+00
  1.1659e+01  3.3246e+00  2.8000e-01  2.2198e+10  1.6259e+00
  1.1659e+01  3.3246e+00  3.0000e-01  2.0472e+10  1.6106e+00
  1.1659e+01  3.3246e+00  3.2000e-01  1.8590e+10  1.6265e+00
  1.1659e+01  3.3246e+00  3.4000e-01  1.1678e+10  1.7767e+00
  1.1659e+01  3.3246e+00  3.6000e-01  6.4774e+09  1.7848e+00
  1.1659e+01  3.3246e+00  3.8000e-01  2.6597e+09  1.9022e+00
  1.1659e+01  3.3246e+00  4.0000e-01  4.1479e+09  1.6181e+00
  1.1659e+01  3.3246e+00  4.2000e-01  1.9427e+10  1.3871e+00
  1.1659e+01  3.3246e+00  4.4000e-01  3.4963e+09  1.2219e+00
  1.1659e+01  3.3246e+00  4.6000e-01  9.8294e+06  7.6612e-01
  1.1659e+01  3.3246e+00  4.8000e-01  3.5548e+09  1.5154e+00
  1.1659e+01  3.3246e+00  5.0000e-01  3.4715e+10  3.6129e-01
  1.1659e+01  3.3246e+00  5.2000e-01  3.0857e+10  3.6396e-01
  1.1659e+01  3.3246e+00  5.4000e-01  1.6781e+10  4.0611e-01
  1.1659e+01  3.3246e+00  5.6000e-01  6.1136e+09  7.1867e-01
  1.1659e+01  3.3246e+00  5.8000e-01  4.4643e+09  1.1645e+00
  1.1659e+01  3.3246e+00  6.0000e-01  5.4273e+09  1.1914e+00
  1.1659e+01  4.0616e+00  1.0000e-02  1.8554e+10  1.1248e+00
  1.1659e+01  4.0616e+00  2.0000e-02  1.8296e+10  1.1185e+00
  1.1659e+01  4.0616e+00  4.0000e-02  1.7886e+10  1.1167e+00
  1.1659e+01  4.0616e+00  6.0000e-02  1.8091e+10  1.1078e+00
  1.1659e+01  4.0616e+00  8.0000e-02  1.7770e+10  1.1302e+00
  1.1659e+01  4.0616e+00  1.0000e-01  2.1432e+10  1.1166e+00
  1.1659e+01  4.0616e+00  1.2000e-01  1.7679e+10  1.1122e+00
  1.1659e+01  4.0616e+00  1.4000e-01  1.2571e+10  1.0988e+00
  1.1659e+01  4.0616e+00  1.6000e-01  1.2853e+10  1.2292e+00
  1.1659e+01  4.0616e+00  1.8000e-01  1.5692e+10  1.2571e+00
  1.1659e+01  4.0616e+00  2.0000e-01  2.3955e+10  1.2814e+00
  1.1659e+01  4.0616e+00  2.2000e-01  2.7919e+10  1.3689e+00
  1.1659e+01  4.0616e+00  2.4000e-01  2.9277e+10  1.4942e+00
  1.1659e+01  4.0616e+00  2.6000e-01  2.7889e+10  1.5938e+00
  1.1659e+01  4.0616e+00  2.8000e-01  2.6151e+10  1.5556e+00
  1.1659e+01  4.0616e+00  3.0000e-01  2.2132e+10  1.5459e+00
  1.1659e+01  4.0616e+00  3.2000e-01  1.8893e+10  1.6923e+00
  1.1659e+01  4.0616e+00  3.4000e-01  1.0929e+10  1.7221e+00
  1.1659e+01  4.0616e+00  3.6000e-01  6.7008e+09  1.7774e+00
  1.1659e+01  4.0616e+00  3.8000e-01  2.5642e+09  1.9037e+00
  1.1659e+01  4.0616e+00  4.0000e-01  4.2926e+09  1.6101e+00
  1.1659e+01  4.0616e+00  4.2000e-01  1.9812e+10  1.3907e+00
  1.1659e+01  4.0616e+00  4.4000e-01  3.4503e+09  1.2113e+00
  1.1659e+01  4.0616e+00  4.6000e-01  8.0755e+06  6.1435e-01
  1.1659e+01  4.0616e+00  4.8000e-01  5.2297e+09  1.7606e+00
  1.1659e+01  4.0616e+00  5.0000e-01  3.3989e+10  3.6498e-01
  1.1659e+01  4.0616e+00  5.2000e-01  3.1653e+10  3.5931e-01
  1.1659e+01  4.0616e+00  5.4000e-01  2.4239e+10  3.7211e-01
  1.1659e+01  4.0616e+00  5.6000e-01  1.1027e+10  4.1197e-01
  1.1659e+01  4.0616e+00  5.8000e-01  4.6840e+09  7.3874e-01
  1.1659e+01  4.0616e+00  6.0000e-01  3.6339e+09  1.1439e+00
  1.1659e+01  4.9619e+00  1.0000e-02  1.6681e+10  1.1662e+00
  1.1659e+01  4.9619e+00  2.0000e-02  1.6477e+10  1.1559e+00
  1.1659e+01  4.9619e+00  4.0000e-02  1.5995e+10  1.1544e+00
  1.1659e+01  4.9619e+00  6.0000e-02  1.6250e+10  1.1683e+00
  1.1659e+01  4.9619e+00  8.0000e-02  1.4267e+10  1.1717e+00
  1.1659e+01  4.9619e+00  1.0000e-01  1.9398e+10  1.2276e+00
  1.1659e+01  4.9619e+00  1.2000e-01  1.9041e+10  1.2545e+00
  1.1659e+01  4.9619e+00  1.4000e-01  1.3371e+10  1.1719e+00
  1.1659e+01  4.9619e+00  1.6000e-01  1.0791e+10  1.2114e+00
  1.1659e+01  4.9619e+00  1.8000e-01  1.3586e+10  1.2780e+00
  1.1659e+01  4.9619e+00  2.0000e-01  2.0220e+10  1.3326e+00
  1.1659e+01  4.9619e+00  2.2000e-01  2.7457e+10  1.3714e+00
  1.1659e+01  4.9619e+00  2.4000e-01  3.3050e+10  1.5256e+00
  1.1659e+01  4.9619e+00  2.6000e-01  3.1014e+10  1.4880e+00
  1.1659e+01  4.9619e+00  2.8000e-01  2.6243e+10  1.4171e+00
  1.1659e+01  4.9619e+00  3.0000e-01  2.3968e+10  1.5637e+00
  1.1659e+01  4.9619e+00  3.2000e-01  1.7147e+10  1.7541e+00
  1.1659e+01  4.9619e+00  3.4000e-01  1.0549e+10  1.6990e+00
  1.1659e+01  4.9619e+00  3.6000e-01  6.7867e+09  1.7816e+00
  1.1659e+01  4.9619e+00  3.8000e-01  2.4298e+09  1.9290e+00
  1.1659e+01  4.9619e+00  4.0000e-01  4.2965e+09  1.5992e+00
  1.1659e+01  4.9619e+00  4.2000e-01  2.0331e+10  1.3945e+00
  1.1659e+01  4.9619e+00  4.4000e-01  3.4424e+09  1.1984e+00
  1.1659e+01  4.9619e+00  4.6000e-01  7.4718e+06  5.1895e-01
  1.1659e+01  4.9619e+00  4.8000e-01  6.0964e+09  1.8621e+00
  1.1659e+01  4.9619e+00  5.0000e-01  3.3239e+10  3.6893e-01
  1.1659e+01  4.9619e+00  5.2000e-01  3.1496e+10  3.5566e-01
  1.1659e+01  4.9619e+00  5.4000e-01  2.7532e+10  3.6856e-01
  1.1659e+01  4.9619e+00  5.6000e-01  1.8415e+10  3.9313e-01
  1.1659e+01  4.9619e+00  5.8000e-01  8.5727e+09  4.8641e-01
  1.1659e+01  4.9619e+00  6.0000e-01  3.2911e+09  6.0039e-01
  1.1659e+01  6.0619e+00  1.0000e-02  1.6738e+10  1.2524e+00
  1.1659e+01  6.0619e+00  2.0000e-02  1.6778e+10  1.2442e+00
  1.1659e+01  6.0619e+00  4.0000e-02  1.6724e+10  1.2411e+00
  1.1659e+01  6.0619e+00  6.0000e-02  1.7890e+10  1.2497e+00
  1.1659e+01  6.0619e+00  8.0000e-02  1.5826e+10  1.2392e+00
  1.1659e+01  6.0619e+00  1.0000e-01  1.8643e+10  1.2623e+00
  1.1659e+01  6.0619e+00  1.2000e-01  2.1445e+10  1.2681e+00
  1.1659e+01  6.0619e+00  1.4000e-01  1.7303e+10  1.2580e+00
  1.1659e+01  6.0619e+00  1.6000e-01  1.3569e+10  1.2297e+00
  1.1659e+01  6.0619e+00  1.8000e-01  1.5239e+10  1.3472e+00
  1.1659e+01  6.0619e+00  2.0000e-01  2.1027e+10  1.4412e+00
  1.1659e+01  6.0619e+00  2.2000e-01  2.7490e+10  1.4726e+00
  1.1659e+01  6.0619e+00  2.4000e-01  3.4691e+10  1.4881e+00
  1.1659e+01  6.0619e+00  2.6000e-01  2.9861e+10  1.4356e+00
  1.1659e+01  6.0619e+00  2.8000e-01  2.6174e+10  1.5139e+00
  1.1659e+01  6.0619e+00  3.0000e-01  2.1601e+10  1.7052e+00
  1.1659e+01  6.0619e+00  3.2000e-01  1.5699e+10  1.7695e+00
  1.1659e+01  6.0619e+00  3.4000e-01  1.0761e+10  1.6891e+00
  1.1659e+01  6.0619e+00  3.6000e-01  7.0377e+09  1.7301e+00
  1.1659e+01  6.0619e+00  3.8000e-01  2.4408e+09  1.9559e+00
  1.1659e+01  6.0619e+00  4.0000e-01  4.2681e+09  1.5844e+00
  1.1659e+01  6.0619e+00  4.2000e-01  2.1246e+10  1.4012e+00
  1.1659e+01  6.0619e+00  4.4000e-01  3.3531e+09  1.1878e+00
  1.1659e+01  6.0619e+00  4.6000e-01  8.9041e+06  5.9356e-01
  1.1659e+01  6.0619e+00  4.8000e-01  6.0158e+09  1.8879e+00
  1.1659e+01  6.0619e+00  5.0000e-01  3.2327e+10  3.7319e-01
  1.1659e+01  6.0619e+00  5.2000e-01  3.0609e+10  3.5717e-01
  1.1659e+01  6.0619e+00  5.4000e-01  2.8475e+10  3.6454e-01
  1.1659e+01  6.0619e+00  5.6000e-01  2.4463e+10  3.7444e-01
  1.1659e+01  6.0619e+00  5.8000e-01  1.6972e+10  3.9851e-01
  1.1659e+01  6.0619e+00  6.0000e-01  8.9614e+09  4.7798e-01
  1.1659e+01  7.4057e+00  1.0000e-02  1.9380e+10  1.2866e+00
  1.1659e+01  7.4057e+00  2.0000e-02  1.9199e+10  1.2810e+00
  1.1659e+01  7.4057e+00  4.0000e-02  1.8845e+10  1.2744e+00
  1.1659e+01  7.4057e+00  6.0000e-02  2.0345e+10  1.2815e+00
  1.1659e+01  7.4057e+00  8.0000e-02  1.6622e+10  1.2530e+00
  1.1659e+01  7.4057e+00  1.0000e-01  1.9456e+10  1.2886e+00
  1.1659e+01  7.4057e+00  1.2000e-01  2.3259e+10  1.2770e+00
  1.1659e+01  7.4057e+00  1.4000e-01  1.8943e+10  1.2642e+00
  1.1659e+01  7.4057e+00  1.6000e-01  1.4404e+10  1.2256e+00
  1.1659e+01  7.4057e+00  1.8000e-01  1.6936e+10  1.3287e+00
  1.1659e+01  7.4057e+00  2.0000e-01  2.4055e+10  1.4392e+00
  1.1659e+01  7.4057e+00  2.2000e-01  3.0386e+10  1.5894e+00
  1.1659e+01  7.4057e+00  2.4000e-01  3.3841e+10  1.4748e+00
  1.1659e+01  7.4057e+00  2.6000e-01  2.8986e+10  1.4605e+00
  1.1659e+01  7.4057e+00  2.8000e-01  2.5796e+10  1.5905e+00
  1.1659e+01  7.4057e+00  3.0000e-01  2.0569e+10  1.7677e+00
  1.1659e+01  7.4057e+00  3.2000e-01  1.4956e+10  1.7274e+00
  1.1659e+01  7.4057e+00  3.4000e-01  1.0949e+10  1.6925e+00
  1.1659e+01  7.4057e+00  3.6000e-01  7.0871e+09  1.7591e+00
  1.1659e+01  7.4057e+00  3.8000e-01  2.5480e+09  1.9818e+00
  1.1659e+01  7.4057e+00  4.0000e-01  4.1464e+09  1.5718e+00
  1.1659e+01  7.4057e+00  4.2000e-01  2.2278e+10  1.4149e+00
  1.1659e+01  7.4057e+00  4.4000e-01  3.1472e+09  1.1818e+00
  1.1659e+01  7.4057e+00  4.6000e-01  1.8960e+07  8.4838e-01
  1.1659e+01  7.4057e+00  4.8000e-01  5.6701e+09  1.8876e+00
  1.1659e+01  7.4057e+00  5.0000e-01  3.1287e+10  3.7670e-01
  1.1659e+01  7.4057e+00  5.2000e-01  2.9172e+10  3.5763e-01
  1.1659e+01  7.4057e+00  5.4000e-01  2.8239e+10  3.6098e-01
  1.1659e+01  7.4057e+00  5.6000e-01  2.5860e+10  3.6699e-01
  1.1659e+01  7.4057e+00  5.8000e-01  2.1765e+10  3.8019e-01
  1.1659e+01  7.4057e+00  6.0000e-01  1.5829e+10  4.0759e-01
  1.1659e+01  9.0474e+00  1.0000e-02  1.6282e+10  1.3261e+00
  1.1659e+01  9.0474e+00  2.0000e-02  1.6233e+10  1.3167e+00
  1.1659e+01  9.0474e+00  4.0000e-02  1.5922e+10  1.3080e+00
  1.1659e+01  9.0474e+00  6.0000e-02  1.7237e+10  1.3100e+00
  1.1659e+01  9.0474e+00  8.0000e-02  1.3718e+10  1.2791e+00
  1.1659e+01  9.0474e+00  1.0000e-01  1.6127e+10  1.3126e+00
  1.1659e+01  9.0474e+00  1.2000e-01  1.9253e+10  1.3080e+00
  1.1659e+01  9.0474e+00  1.4000e-01  1.7328e+10  1.2924e+00
  1.1659e+01  9.0474e+00  1.6000e-01  1.5371e+10  1.3061e+00
  1.1659e+01  9.0474e+00  1.8000e-01  1.9857e+10  1.4203e+00
  1.1659e+01  9.0474e+00  2.0000e-01  2.7303e+10  1.4836e+00
  1.1659e+01  9.0474e+00  2.2000e-01  3.2190e+10  1.5888e+00
  1.1659e+01  9.0474e+00  2.4000e-01  3.2464e+10  1.5090e+00
  1.1659e+01  9.0474e+00  2.6000e-01  2.7973e+10  1.4797e+00
  1.1659e+01  9.0474e+00  2.8000e-01  2.5443e+10  1.6341e+00
  1.1659e+01  9.0474e+00  3.0000e-01  2.0805e+10  1.7700e+00
  1.1659e+01  9.0474e+00  3.2000e-01  1.4716e+10  1.7052e+00
  1.1659e+01  9.0474e+00  3.4000e-01  1.1273e+10  1.6990e+00
  1.1659e+01  9.0474e+00  3.6000e-01  7.2299e+09  1.7864e+00
  1.1659e+01  9.0474e+00  3.8000e-01  2.7445e+09  2.0076e+00
  1.1659e+01  9.0474e+00  4.0000e-01  3.9179e+09  1.5596e+00
  1.1659e+01  9.0474e+00  4.2000e-01  2.3709e+10  1.4283e+00
  1.1659e+01  9.0474e+00  4.4000e-01  2.6725e+09  1.1752e+00
  1.1659e+01  9.0474e+00  4.6000e-01  2.7696e+07  9.0202e-01
  1.1659e+01  9.0474e+00  4.8000e-01  5.1242e+09  1.8715e+00
  1.1659e+01  9.0474e+00  5.0000e-01  3.0037e+10  3.8326e-01
  1.1659e+01  9.0474e+00  5.2000e-01  2.7504e+10  3.5993e-01
  1.1659e+01  9.0474e+00  5.4000e-01  2.6837e+10  3.6068e-01
  1.1659e+01  9.0474e+00  5.6000e-01  2.5667e+10  3.6371e-01
  1.1659e+01  9.0474e+00  5.8000e-01  2.3739e+10  3.6916e-01
  1.1659e+01  9.0474e+00  6.0000e-01  2.0824e+10  3.7765e-01
  1.1659e+01  1.1053e+01  1.0000e-02  1.6463e+10  1.3253e+00
  1.1659e+01  1.1053e+01  2.0000e-02  1.6087e+10  1.3253e+00
  1.1659e+01  1.1053e+01  4.0000e-02  1.5525e+10  1.3224e+00
  1.1659e+01  1.1053e+01  6.0000e-02  1.6643e+10  1.3224e+00
  1.1659e+01  1.1053e+01  8.0000e-02  1.4503e+10  1.3106e+00
  1.1659e+01  1.1053e+01  1.0000e-01  1.4793e+10  1.3251e+00
  1.1659e+01  1.1053e+01  1.2000e-01  1.7099e+10  1.3236e+00
  1.1659e+01  1.1053e+01  1.4000e-01  1.7393e+10  1.3118e+00
  1.1659e+01  1.1053e+01  1.6000e-01  1.7747e+10  1.3485e+00
  1.1659e+01  1.1053e+01  1.8000e-01  2.2924e+10  1.4505e+00
  1.1659e+01  1.1053e+01  2.0000e-01  2.9190e+10  1.5144e+00
  1.1659e+01  1.1053e+01  2.2000e-01  3.2225e+10  1.5635e+00
  1.1659e+01  1.1053e+01  2.4000e-01  3.1446e+10  1.5456e+00
  1.1659e+01  1.1053e+01  2.6000e-01  2.7492e+10  1.4930e+00
  1.1659e+01  1.1053e+01  2.8000e-01  2.5550e+10  1.6304e+00
  1.1659e+01  1.1053e+01  3.0000e-01  2.1413e+10  1.7511e+00
  1.1659e+01  1.1053e+01  3.2000e-01  1.5379e+10  1.6855e+00
  1.1659e+01  1.1053e+01  3.4000e-01  1.1712e+10  1.6979e+00
  1.1659e+01  1.1053e+01  3.6000e-01  7.5563e+09  1.7966e+00
  1.1659e+01  1.1053e+01  3.8000e-01  3.0401e+09  2.0221e+00
  1.1659e+01  1.1053e+01  4.0000e-01  3.5302e+09  1.5558e+00
  1.1659e+01  1.1053e+01  4.2000e-01  2.5288e+10  1.4364e+00
  1.1659e+01  1.1053e+01  4.4000e-01  1.5953e+09  1.1656e+00
  1.1659e+01  1.1053e+01  4.6000e-01  3.4316e+07  9.1808e-01
  1.1659e+01  1.1053e+01  4.8000e-01  4.4893e+09  1.8541e+00
  1.1659e+01  1.1053e+01  5.0000e-01  2.8572e+10  3.9170e-01
  1.1659e+01  1.1053e+01  5.2000e-01  2.5559e+10  3.6252e-01
  1.1659e+01  1.1053e+01  5.4000e-01  2.4968e+10  3.6063e-01
  1.1659e+01  1.1053e+01  5.6000e-01  2.4032e+10  3.6310e-01
  1.1659e+01  1.1053e+01  5.8000e-01  2.2910e+10  3.6726e-01
  1.1659e+01  1.1053e+01  6.0000e-01  2.1353e+10  3.7053e-01
  1.1659e+01  1.3503e+01  1.0000e-02  1.6546e+10  1.3010e+00
  1.1659e+01  1.3503e+01  2.0000e-02  1.6200e+10  1.3056e+00
  1.1659e+01  1.3503e+01  4.0000e-02  1.5744e+10  1.3060e+00
  1.1659e+01  1.3503e+01  6.0000e-02  1.6520e+10  1.3108e+00
  1.1659e+01  1.3503e+01  8.0000e-02  1.5196e+10  1.3010e+00
  1.1659e+01  1.3503e+01  1.0000e-01  1.4859e+10  1.3073e+00
  1.1659e+01  1.3503e+01  1.2000e-01  1.6053e+10  1.3116e+00
  1.1659e+01  1.3503e+01  1.4000e-01  1.6967e+10  1.3151e+00
  1.1659e+01  1.3503e+01  1.6000e-01  1.8994e+10  1.3655e+00
  1.1659e+01  1.3503e+01  1.8000e-01  2.4259e+10  1.4553e+00
  1.1659e+01  1.3503e+01  2.0000e-01  2.9709e+10  1.5116e+00
  1.1659e+01  1.3503e+01  2.2000e-01  3.1856e+10  1.5555e+00
  1.1659e+01  1.3503e+01  2.4000e-01  3.1181e+10  1.5538e+00
  1.1659e+01  1.3503e+01  2.6000e-01  2.7964e+10  1.4859e+00
  1.1659e+01  1.3503e+01  2.8000e-01  2.5723e+10  1.5853e+00
  1.1659e+01  1.3503e+01  3.0000e-01  2.2414e+10  1.7161e+00
  1.1659e+01  1.3503e+01  3.2000e-01  1.7798e+10  1.6907e+00
  1.1659e+01  1.3503e+01  3.4000e-01  1.2705e+10  1.6853e+00
  1.1659e+01  1.3503e+01  3.6000e-01  8.1235e+09  1.8021e+00
  1.1659e+01  1.3503e+01  3.8000e-01  3.4187e+09  2.0273e+00
  1.1659e+01  1.3503e+01  4.0000e-01  3.0167e+09  1.5703e+00
  1.1659e+01  1.3503e+01  4.2000e-01  2.7497e+10  1.4632e+00
  1.1659e+01  1.3503e+01  4.4000e-01  7.3727e+08  1.1766e+00
  1.1659e+01  1.3503e+01  4.6000e-01  3.8624e+07  8.7521e-01
  1.1659e+01  1.3503e+01  4.8000e-01  3.7512e+09  1.8104e+00
  1.1659e+01  1.3503e+01  5.0000e-01  2.6888e+10  4.0169e-01
  1.1659e+01  1.3503e+01  5.2000e-01  2.3347e+10  3.6318e-01
  1.1659e+01  1.3503e+01  5.4000e-01  2.2675e+10  3.6367e-01
  1.1659e+01  1.3503e+01  5.6000e-01  2.1841e+10  3.6337e-01
  1.1659e+01  1.3503e+01  5.8000e-01  2.1010e+10  3.6755e-01
  1.1659e+01  1.3503e+01  6.0000e-01  1.9875e+10  3.7122e-01
  1.1659e+01  1.6496e+01  1.0000e-02  1.6710e+10  1.2647e+00
  1.1659e+01  1.6496e+01  2.0000e-02  1.6593e+10  1.2792e+00
  1.1659e+01  1.6496e+01  4.0000e-02  1.6072e+10  1.2926e+00
  1.1659e+01  1.6496e+01  6.0000e-02  1.6285e+10  1.3025e+00
  1.1659e+01  1.6496e+01  8.0000e-02  1.5619e+10  1.2932e+00
  1.1659e+01  1.6496e+01  1.0000e-01  1.5113e+10  1.2969e+00
  1.1659e+01  1.6496e+01  1.2000e-01  1.5912e+10  1.3006e+00
  1.1659e+01  1.6496e+01  1.4000e-01  1.6499e+10  1.3071e+00
  1.1659e+01  1.6496e+01  1.6000e-01  1.8701e+10  1.3597e+00
  1.1659e+01  1.6496e+01  1.8000e-01  2.3793e+10  1.4393e+00
  1.1659e+01  1.6496e+01  2.0000e-01  2.8980e+10  1.4957e+00
  1.1659e+01  1.6496e+01  2.2000e-01  3.1783e+10  1.5512e+00
  1.1659e+01  1.6496e+01  2.4000e-01  3.1928e+10  1.5433e+00
  1.1659e+01  1.6496e+01  2.6000e-01  2.8652e+10  1.4461e+00
  1.1659e+01  1.6496e+01  2.8000e-01  2.5637e+10  1.5093e+00
  1.1659e+01  1.6496e+01  3.0000e-01  2.3525e+10  1.6276e+00
  1.1659e+01  1.6496e+01  3.2000e-01  2.0224e+10  1.6979e+00
  1.1659e+01  1.6496e+01  3.4000e-01  1.6167e+10  1.7109e+00
  1.1659e+01  1.6496e+01  3.6000e-01  9.7784e+09  1.7822e+00
  1.1659e+01  1.6496e+01  3.8000e-01  3.8714e+09  2.0233e+00
  1.1659e+01  1.6496e+01  4.0000e-01  2.4080e+09  1.6208e+00
  1.1659e+01  1.6496e+01  4.2000e-01  2.9419e+10  1.4964e+00
  1.1659e+01  1.6496e+01  4.4000e-01  4.1587e+08  1.1908e+00
  1.1659e+01  1.6496e+01  4.6000e-01  4.0386e+07  9.0910e-01
  1.1659e+01  1.6496e+01  4.8000e-01  2.9136e+09  1.7680e+00
  1.1659e+01  1.6496e+01  5.0000e-01  2.4910e+10  4.1379e-01
  1.1659e+01  1.6496e+01  5.2000e-01  2.0802e+10  3.6729e-01
  1.1659e+01  1.6496e+01  5.4000e-01  2.0031e+10  3.6740e-01
  1.1659e+01  1.6496e+01  5.6000e-01  1.9191e+10  3.6776e-01
  1.1659e+01  1.6496e+01  5.8000e-01  1.8362e+10  3.7120e-01
  1.1659e+01  1.6496e+01  6.0000e-01  1.7431e+10  3.7320e-01
  1.1659e+01  2.0153e+01  1.0000e-02  1.6473e+10  1.2519e+00
  1.1659e+01  2.0153e+01  2.0000e-02  1.6585e+10  1.2570e+00
  1.1659e+01  2.0153e+01  4.0000e-02  1.6583e+10  1.2693e+00
  1.1659e+01  2.0153e+01  6.0000e-02  1.6266e+10  1.2849e+00
  1.1659e+01  2.0153e+01  8.0000e-02  1.6038e+10  1.2835e+00
  1.1659e+01  2.0153e+01  1.0000e-01  1.5336e+10  1.2891e+00
  1.1659e+01  2.0153e+01  1.2000e-01  1.5969e+10  1.2947e+00
  1.1659e+01  2.0153e+01  1.4000e-01  1.6236e+10  1.2963e+00
  1.1659e+01  2.0153e+01  1.6000e-01  1.7329e+10  1.3374e+00
  1.1659e+01  2.0153e+01  1.8000e-01  2.1733e+10  1.4086e+00
  1.1659e+01  2.0153e+01  2.0000e-01  2.7250e+10  1.4676e+00
  1.1659e+01  2.0153e+01  2.2000e-01  3.1291e+10  1.5350e+00
  1.1659e+01  2.0153e+01  2.4000e-01  3.3200e+10  1.5304e+00
  1.1659e+01  2.0153e+01  2.6000e-01  2.8598e+10  1.3693e+00
  1.1659e+01  2.0153e+01  2.8000e-01  2.5538e+10  1.4246e+00
  1.1659e+01  2.0153e+01  3.0000e-01  2.3556e+10  1.5077e+00
  1.1659e+01  2.0153e+01  3.2000e-01  2.1219e+10  1.6383e+00
  1.1659e+01  2.0153e+01  3.4000e-01  2.0409e+10  1.7448e+00
  1.1659e+01  2.0153e+01  3.6000e-01  1.3750e+10  1.8081e+00
  1.1659e+01  2.0153e+01  3.8000e-01  4.4356e+09  2.0130e+00
  1.1659e+01  2.0153e+01  4.0000e-01  1.8267e+09  1.7418e+00
  1.1659e+01  2.0153e+01  4.2000e-01  2.6999e+10  1.5130e+00
  1.1659e+01  2.0153e+01  4.4000e-01  2.5446e+08  1.1671e+00
  1.1659e+01  2.0153e+01  4.6000e-01  4.0128e+07  9.1931e-01
  1.1659e+01  2.0153e+01  4.8000e-01  2.1200e+09  1.7050e+00
  1.1659e+01  2.0153e+01  5.0000e-01  2.2696e+10  4.2866e-01
  1.1659e+01  2.0153e+01  5.2000e-01  1.7892e+10  3.7038e-01
  1.1659e+01  2.0153e+01  5.4000e-01  1.6981e+10  3.7361e-01
  1.1659e+01  2.0153e+01  5.6000e-01  1.6125e+10  3.7606e-01
  1.1659e+01  2.0153e+01  5.8000e-01  1.5247e+10  3.7686e-01
  1.1659e+01  2.0153e+01  6.0000e-01  1.4364e+10  3.7994e-01
  1.1659e+01  2.4621e+01  1.0000e-02  1.6310e+10  1.2535e+00
  1.1659e+01  2.4621e+01  2.0000e-02  1.6404e+10  1.2500e+00
  1.1659e+01  2.4621e+01  4.0000e-02  1.6576e+10  1.2557e+00
  1.1659e+01  2.4621e+01  6.0000e-02  1.6084e+10  1.2628e+00
  1.1659e+01  2.4621e+01  8.0000e-02  1.6394e+10  1.2676e+00
  1.1659e+01  2.4621e+01  1.0000e-01  1.5503e+10  1.2731e+00
  1.1659e+01  2.4621e+01  1.2000e-01  1.6069e+10  1.2837e+00
  1.1659e+01  2.4621e+01  1.4000e-01  1.6267e+10  1.2812e+00
  1.1659e+01  2.4621e+01  1.6000e-01  1.5790e+10  1.2991e+00
  1.1659e+01  2.4621e+01  1.8000e-01  1.8413e+10  1.3705e+00
  1.1659e+01  2.4621e+01  2.0000e-01  2.3777e+10  1.4233e+00
  1.1659e+01  2.4621e+01  2.2000e-01  2.9618e+10  1.4820e+00
  1.1659e+01  2.4621e+01  2.4000e-01  3.4797e+10  1.5248e+00
  1.1659e+01  2.4621e+01  2.6000e-01  2.7218e+10  1.2694e+00
  1.1659e+01  2.4621e+01  2.8000e-01  2.4779e+10  1.3271e+00
  1.1659e+01  2.4621e+01  3.0000e-01  2.2773e+10  1.3986e+00
  1.1659e+01  2.4621e+01  3.2000e-01  2.1170e+10  1.5112e+00
  1.1659e+01  2.4621e+01  3.4000e-01  2.2571e+10  1.7289e+00
  1.1659e+01  2.4621e+01  3.6000e-01  1.8478e+10  1.8586e+00
  1.1659e+01  2.4621e+01  3.8000e-01  5.3105e+09  1.9935e+00
  1.1659e+01  2.4621e+01  4.0000e-01  1.3044e+09  2.0213e+00
  1.1659e+01  2.4621e+01  4.2000e-01  1.6752e+10  1.4661e+00
  1.1659e+01  2.4621e+01  4.4000e-01  1.6424e+08  1.1975e+00
  1.1659e+01  2.4621e+01  4.6000e-01  3.7262e+07  9.1768e-01
  1.1659e+01  2.4621e+01  4.8000e-01  1.2725e+09  1.6228e+00
  1.1659e+01  2.4621e+01  5.0000e-01  2.0174e+10  4.4556e-01
  1.1659e+01  2.4621e+01  5.2000e-01  1.4799e+10  3.7760e-01
  1.1659e+01  2.4621e+01  5.4000e-01  1.3653e+10  3.7978e-01
  1.1659e+01  2.4621e+01  5.6000e-01  1.2723e+10  3.8222e-01
  1.1659e+01  2.4621e+01  5.8000e-01  1.1855e+10  3.8640e-01
  1.1659e+01  2.4621e+01  6.0000e-01  1.0989e+10  3.8959e-01
  1.1659e+01  3.0079e+01  1.0000e-02  1.6407e+10  1.2654e+00
  1.1659e+01  3.0079e+01  2.0000e-02  1.6273e+10  1.2527e+00
  1.1659e+01  3.0079e+01  4.0000e-02  1.6361e+10  1.2499e+00
  1.1659e+01  3.0079e+01  6.0000e-02  1.6080e+10  1.2513e+00
  1.1659e+01  3.0079e+01  8.0000e-02  1.6397e+10  1.2576e+00
  1.1659e+01  3.0079e+01  1.0000e-01  1.5926e+10  1.2570e+00
  1.1659e+01  3.0079e+01  1.2000e-01  1.5702e+10  1.2687e+00
  1.1659e+01  3.0079e+01  1.4000e-01  1.6477e+10  1.2708e+00
  1.1659e+01  3.0079e+01  1.6000e-01  1.5403e+10  1.2611e+00
  1.1659e+01  3.0079e+01  1.8000e-01  1.4773e+10  1.2995e+00
  1.1659e+01  3.0079e+01  2.0000e-01  1.8744e+10  1.3687e+00
  1.1659e+01  3.0079e+01  2.2000e-01  2.5242e+10  1.3856e+00
  1.1659e+01  3.0079e+01  2.4000e-01  3.4782e+10  1.6000e+00
  1.1659e+01  3.0079e+01  2.6000e-01  2.3982e+10  1.1518e+00
  1.1659e+01  3.0079e+01  2.8000e-01  2.2034e+10  1.2004e+00
  1.1659e+01  3.0079e+01  3.0000e-01  2.1323e+10  1.2918e+00
  1.1659e+01  3.0079e+01  3.2000e-01  2.0541e+10  1.3948e+00
  1.1659e+01  3.0079e+01  3.4000e-01  2.6673e+10  1.6625e+00
  1.1659e+01  3.0079e+01  3.6000e-01  2.5361e+10  1.8578e+00
  1.1659e+01  3.0079e+01  3.8000e-01  1.1693e+10  1.8269e+00
  1.1659e+01  3.0079e+01  4.0000e-01  1.5828e+09  2.2582e+00
  1.1659e+01  3.0079e+01  4.2000e-01  6.2537e+09  1.3619e+00
  1.1659e+01  3.0079e+01  4.4000e-01  1.1065e+08  1.2142e+00
  1.1659e+01  3.0079e+01  4.6000e-01  3.2933e+07  9.2569e-01
  1.1659e+01  3.0079e+01  4.8000e-01  4.7019e+08  1.3929e+00
  1.1659e+01  3.0079e+01  5.0000e-01  1.7507e+10  4.6656e-01
  1.1659e+01  3.0079e+01  5.2000e-01  1.1543e+10  3.8461e-01
  1.1659e+01  3.0079e+01  5.4000e-01  1.0302e+10  3.8797e-01
  1.1659e+01  3.0079e+01  5.6000e-01  9.3990e+09  3.9224e-01
  1.1659e+01  3.0079e+01  5.8000e-01  8.6808e+09  4.0133e-01
  1.1659e+01  3.0079e+01  6.0000e-01  7.8686e+09  4.0079e-01
  1.1659e+01  3.6747e+01  1.0000e-02  1.6859e+10  1.2776e+00
  1.1659e+01  3.6747e+01  2.0000e-02  1.6316e+10  1.2628e+00
  1.1659e+01  3.6747e+01  4.0000e-02  1.6188e+10  1.2502e+00
  1.1659e+01  3.6747e+01  6.0000e-02  1.6088e+10  1.2472e+00
  1.1659e+01  3.6747e+01  8.0000e-02  1.6243e+10  1.2513e+00
  1.1659e+01  3.6747e+01  1.0000e-01  1.6119e+10  1.2500e+00
  1.1659e+01  3.6747e+01  1.2000e-01  1.5660e+10  1.2564e+00
  1.1659e+01  3.6747e+01  1.4000e-01  1.6250e+10  1.2649e+00
  1.1659e+01  3.6747e+01  1.6000e-01  1.6557e+10  1.2600e+00
  1.1659e+01  3.6747e+01  1.8000e-01  1.5266e+10  1.2564e+00
  1.1659e+01  3.6747e+01  2.0000e-01  1.4696e+10  1.2945e+00
  1.1659e+01  3.6747e+01  2.2000e-01  1.7782e+10  1.3629e+00
  1.1659e+01  3.6747e+01  2.4000e-01  2.3388e+10  1.3701e+00
  1.1659e+01  3.6747e+01  2.6000e-01  3.0912e+10  1.4618e+00
  1.1659e+01  3.6747e+01  2.8000e-01  2.3629e+10  1.1203e+00
  1.1659e+01  3.6747e+01  3.0000e-01  1.8267e+10  1.1073e+00
  1.1659e+01  3.6747e+01  3.2000e-01  1.8474e+10  1.2549e+00
  1.1659e+01  3.6747e+01  3.4000e-01  1.7931e+10  1.3604e+00
  1.1659e+01  3.6747e+01  3.6000e-01  1.4335e+10  1.3452e+00
  1.1659e+01  3.6747e+01  3.8000e-01  2.0217e+10  1.7052e+00
  1.1659e+01  3.6747e+01  4.0000e-01  6.6827e+09  1.6616e+00
  1.1659e+01  3.6747e+01  4.2000e-01  6.9646e+08  1.4586e+00
  1.1659e+01  3.6747e+01  4.4000e-01  7.6015e+07  1.1956e+00
  1.1659e+01  3.6747e+01  4.6000e-01  2.7679e+07  9.3129e-01
  1.1659e+01  3.6747e+01  4.8000e-01  1.4917e+08  1.0349e+00
  1.1659e+01  3.6747e+01  5.0000e-01  1.4682e+10  4.9235e-01
  1.1659e+01  3.6747e+01  5.2000e-01  8.4629e+09  3.9434e-01
  1.1659e+01  3.6747e+01  5.4000e-01  7.3983e+09  4.0327e-01
  1.1659e+01  3.6747e+01  5.6000e-01  6.6739e+09  4.0984e-01
  1.1659e+01  3.6747e+01  5.8000e-01  6.0057e+09  4.1302e-01
  1.1659e+01  3.6747e+01  6.0000e-01  5.3917e+09  4.1675e-01
  1.1659e+01  4.4893e+01  1.0000e-02  1.7110e+10  1.2879e+00
  1.1659e+01  4.4893e+01  2.0000e-02  1.6646e+10  1.2742e+00
  1.1659e+01  4.4893e+01  4.0000e-02  1.6130e+10  1.2571e+00
  1.1659e+01  4.4893e+01  6.0000e-02  1.6083e+10  1.2488e+00
  1.1659e+01  4.4893e+01  8.0000e-02  1.6098e+10  1.2492e+00
  1.1659e+01  4.4893e+01  1.0000e-01  1.6150e+10  1.2467e+00
  1.1659e+01  4.4893e+01  1.2000e-01  1.5645e+10  1.2495e+00
  1.1659e+01  4.4893e+01  1.4000e-01  1.6096e+10  1.2585e+00
  1.1659e+01  4.4893e+01  1.6000e-01  1.6792e+10  1.2564e+00
  1.1659e+01  4.4893e+01  1.8000e-01  1.6048e+10  1.2475e+00
  1.1659e+01  4.4893e+01  2.0000e-01  1.4527e+10  1.2584e+00
  1.1659e+01  4.4893e+01  2.2000e-01  1.5293e+10  1.3202e+00
  1.1659e+01  4.4893e+01  2.4000e-01  1.8886e+10  1.3685e+00
  1.1659e+01  4.4893e+01  2.6000e-01  2.4245e+10  1.3658e+00
  1.1659e+01  4.4893e+01  2.8000e-01  3.1198e+10  1.4812e+00
  1.1659e+01  4.4893e+01  3.0000e-01  2.2392e+10  1.1127e+00
  1.1659e+01  4.4893e+01  3.2000e-01  1.6276e+10  1.0835e+00
  1.1659e+01  4.4893e+01  3.4000e-01  1.6013e+10  1.2079e+00
  1.1659e+01  4.4893e+01  3.6000e-01  1.2330e+10  1.3173e+00
  1.1659e+01  4.4893e+01  3.8000e-01  1.4163e+10  1.5145e+00
  1.1659e+01  4.4893e+01  4.0000e-01  1.7754e+10  2.0125e+00
  1.1659e+01  4.4893e+01  4.2000e-01  1.7359e+10  2.0961e+00
  1.1659e+01  4.4893e+01  4.4000e-01  6.2276e+07  1.1542e+00
  1.1659e+01  4.4893e+01  4.6000e-01  2.1572e+07  9.2380e-01
  1.1659e+01  4.4893e+01  4.8000e-01  8.7109e+07  8.9080e-01
  1.1659e+01  4.4893e+01  5.0000e-01  1.1865e+10  5.2286e-01
  1.1659e+01  4.4893e+01  5.2000e-01  5.9101e+09  4.1043e-01
  1.1659e+01  4.4893e+01  5.4000e-01  5.0261e+09  4.1545e-01
  1.1659e+01  4.4893e+01  5.6000e-01  4.4116e+09  4.1579e-01
  1.1659e+01  4.4893e+01  5.8000e-01  3.9143e+09  4.1850e-01
  1.1659e+01  4.4893e+01  6.0000e-01  3.4257e+09  4.1664e-01
  1.1659e+01  5.4844e+01  1.0000e-02  1.6673e+10  1.2961e+00
  1.1659e+01  5.4844e+01  2.0000e-02  1.6931e+10  1.2840e+00
  1.1659e+01  5.4844e+01  4.0000e-02  1.6286e+10  1.2679e+00
  1.1659e+01  5.4844e+01  6.0000e-02  1.6070e+10  1.2564e+00
  1.1659e+01  5.4844e+01  8.0000e-02  1.5911e+10  1.2512e+00
  1.1659e+01  5.4844e+01  1.0000e-01  1.6110e+10  1.2473e+00
  1.1659e+01  5.4844e+01  1.2000e-01  1.5577e+10  1.2455e+00
  1.1659e+01  5.4844e+01  1.4000e-01  1.5776e+10  1.2539e+00
  1.1659e+01  5.4844e+01  1.6000e-01  1.6697e+10  1.2545e+00
  1.1659e+01  5.4844e+01  1.8000e-01  1.6508e+10  1.2437e+00
  1.1659e+01  5.4844e+01  2.0000e-01  1.4863e+10  1.2409e+00
  1.1659e+01  5.4844e+01  2.2000e-01  1.4318e+10  1.2857e+00
  1.1659e+01  5.4844e+01  2.4000e-01  1.6701e+10  1.3542e+00
  1.1659e+01  5.4844e+01  2.6000e-01  2.0969e+10  1.3678e+00
  1.1659e+01  5.4844e+01  2.8000e-01  2.6726e+10  1.3717e+00
  1.1659e+01  5.4844e+01  3.0000e-01  3.2344e+10  1.3603e+00
  1.1659e+01  5.4844e+01  3.2000e-01  1.7832e+10  1.0769e+00
  1.1659e+01  5.4844e+01  3.4000e-01  1.5944e+10  1.1466e+00
  1.1659e+01  5.4844e+01  3.6000e-01  1.2615e+10  1.2600e+00
  1.1659e+01  5.4844e+01  3.8000e-01  1.2086e+10  1.3775e+00
  1.1659e+01  5.4844e+01  4.0000e-01  1.9303e+10  1.9310e+00
  1.1659e+01  5.4844e+01  4.2000e-01  1.2871e+10  1.8101e+00
  1.1659e+01  5.4844e+01  4.4000e-01  1.5844e+08  4.1490e-01
  1.1659e+01  5.4844e+01  4.6000e-01  1.6043e+07  9.1755e-01
  1.1659e+01  5.4844e+01  4.8000e-01  5.7474e+07  8.4031e-01
  1.1659e+01  5.4844e+01  5.0000e-01  9.0301e+09  5.6207e-01
  1.1659e+01  5.4844e+01  5.2000e-01  3.8694e+09  4.1643e-01
  1.1659e+01  5.4844e+01  5.4000e-01  3.1940e+09  4.1424e-01
  1.1659e+01  5.4844e+01  5.6000e-01  2.7995e+09  4.1709e-01
  1.1659e+01  5.4844e+01  5.8000e-01  2.4646e+09  4.2165e-01
  1.1659e+01  5.4844e+01  6.0000e-01  2.1369e+09  4.1996e-01
  1.1659e+01  6.7002e+01  1.0000e-02  1.5581e+10  1.2953e+00
  1.1659e+01  6.7002e+01  2.0000e-02  1.6737e+10  1.2930e+00
  1.1659e+01  6.7002e+01  4.0000e-02  1.6537e+10  1.2779e+00
  1.1659e+01  6.7002e+01  6.0000e-02  1.6133e+10  1.2676e+00
  1.1659e+01  6.7002e+01  8.0000e-02  1.5757e+10  1.2579e+00
  1.1659e+01  6.7002e+01  1.0000e-01  1.5967e+10  1.2527e+00
  1.1659e+01  6.7002e+01  1.2000e-01  1.5550e+10  1.2451e+00
  1.1659e+01  6.7002e+01  1.4000e-01  1.5341e+10  1.2500e+00
  1.1659e+01  6.7002e+01  1.6000e-01  1.6259e+10  1.2551e+00
  1.1659e+01  6.7002e+01  1.8000e-01  1.6705e+10  1.2461e+00
  1.1659e+01  6.7002e+01  2.0000e-01  1.5403e+10  1.2345e+00
  1.1659e+01  6.7002e+01  2.2000e-01  1.3898e+10  1.2521e+00
  1.1659e+01  6.7002e+01  2.4000e-01  1.4896e+10  1.3229e+00
  1.1659e+01  6.7002e+01  2.6000e-01  1.8323e+10  1.3664e+00
  1.1659e+01  6.7002e+01  2.8000e-01  2.3134e+10  1.3635e+00
  1.1659e+01  6.7002e+01  3.0000e-01  2.9346e+10  1.4717e+00
  1.1659e+01  6.7002e+01  3.2000e-01  2.1549e+10  1.1311e+00
  1.1659e+01  6.7002e+01  3.4000e-01  1.5475e+10  1.0996e+00
  1.1659e+01  6.7002e+01  3.6000e-01  1.4294e+10  1.2116e+00
  1.1659e+01  6.7002e+01  3.8000e-01  1.1488e+10  1.3497e+00
  1.1659e+01  6.7002e+01  4.0000e-01  1.6950e+10  1.7161e+00
  1.1659e+01  6.7002e+01  4.2000e-01  7.5635e+09  1.7286e+00
  1.1659e+01  6.7002e+01  4.4000e-01  1.1500e+10  1.8969e+00
  1.1659e+01  6.7002e+01  4.6000e-01  1.2673e+07  9.1076e-01
  1.1659e+01  6.7002e+01  4.8000e-01  3.8229e+07  8.4926e-01
  1.1659e+01  6.7002e+01  5.0000e-01  6.2719e+09  6.1668e-01
  1.1659e+01  6.7002e+01  5.2000e-01  2.4314e+09  4.1747e-01
  1.1659e+01  6.7002e+01  5.4000e-01  1.9960e+09  4.1555e-01
  1.1659e+01  6.7002e+01  5.6000e-01  1.7538e+09  4.2214e-01
  1.1659e+01  6.7002e+01  5.8000e-01  1.5145e+09  4.2079e-01
  1.1659e+01  6.7002e+01  6.0000e-01  1.3120e+09  4.2179e-01
  1.1659e+01  8.1855e+01  1.0000e-02  1.4475e+10  1.2805e+00
  1.1659e+01  8.1855e+01  2.0000e-02  1.5824e+10  1.2967e+00
  1.1659e+01  8.1855e+01  4.0000e-02  1.6530e+10  1.2872e+00
  1.1659e+01  8.1855e+01  6.0000e-02  1.6184e+10  1.2775e+00
  1.1659e+01  8.1855e+01  8.0000e-02  1.5797e+10  1.2679e+00
  1.1659e+01  8.1855e+01  1.0000e-01  1.5679e+10  1.2625e+00
  1.1659e+01  8.1855e+01  1.2000e-01  1.5602e+10  1.2525e+00
  1.1659e+01  8.1855e+01  1.4000e-01  1.4974e+10  1.2486e+00
  1.1659e+01  8.1855e+01  1.6000e-01  1.5440e+10  1.2550e+00
  1.1659e+01  8.1855e+01  1.8000e-01  1.6402e+10  1.2517e+00
  1.1659e+01  8.1855e+01  2.0000e-01  1.5951e+10  1.2381e+00
  1.1659e+01  8.1855e+01  2.2000e-01  1.4099e+10  1.2322e+00
  1.1659e+01  8.1855e+01  2.4000e-01  1.3493e+10  1.2784e+00
  1.1659e+01  8.1855e+01  2.6000e-01  1.5616e+10  1.3494e+00
  1.1659e+01  8.1855e+01  2.8000e-01  1.9352e+10  1.3657e+00
  1.1659e+01  8.1855e+01  3.0000e-01  2.4346e+10  1.3710e+00
  1.1659e+01  8.1855e+01  3.2000e-01  3.1233e+10  1.4353e+00
  1.1659e+01  8.1855e+01  3.4000e-01  1.6412e+10  1.0819e+00
  1.1659e+01  8.1855e+01  3.6000e-01  1.4393e+10  1.1600e+00
  1.1659e+01  8.1855e+01  3.8000e-01  1.0714e+10  1.2674e+00
  1.1659e+01  8.1855e+01  4.0000e-01  9.6283e+09  1.3855e+00
  1.1659e+01  8.1855e+01  4.2000e-01  1.5190e+10  1.9109e+00
  1.1659e+01  8.1855e+01  4.4000e-01  1.1538e+10  1.8029e+00
  1.1659e+01  8.1855e+01  4.6000e-01  1.6458e+08  4.6866e-01
  1.1659e+01  8.1855e+01  4.8000e-01  2.2257e+07  8.5208e-01
  1.1659e+01  8.1855e+01  5.0000e-01  3.7551e+09  6.9579e-01
  1.1659e+01  8.1855e+01  5.2000e-01  1.5221e+09  4.2408e-01
  1.1659e+01  8.1855e+01  5.4000e-01  1.2286e+09  4.1551e-01
  1.1659e+01  8.1855e+01  5.6000e-01  1.0558e+09  4.1625e-01
  1.1659e+01  8.1855e+01  5.8000e-01  9.2264e+08  4.2219e-01
  1.1659e+01  8.1855e+01  6.0000e-01  7.9869e+08  4.2362e-01
  1.1659e+01  1.0000e+02  1.0000e-02  1.3959e+10  1.2644e+00
  1.1659e+01  1.0000e+02  2.0000e-02  1.4577e+10  1.2863e+00
  1.1659e+01  1.0000e+02  4.0000e-02  1.6002e+10  1.2953e+00
  1.1659e+01  1.0000e+02  6.0000e-02  1.6104e+10  1.2864e+00
  1.1659e+01  1.0000e+02  8.0000e-02  1.5876e+10  1.2795e+00
  1.1659e+01  1.0000e+02  1.0000e-01  1.5382e+10  1.2716e+00
  1.1659e+01  1.0000e+02  1.2000e-01  1.5470e+10  1.2660e+00
  1.1659e+01  1.0000e+02  1.4000e-01  1.4957e+10  1.2546e+00
  1.1659e+01  1.0000e+02  1.6000e-01  1.4535e+10  1.2549e+00
  1.1659e+01  1.0000e+02  1.8000e-01  1.5354e+10  1.2583e+00
  1.1659e+01  1.0000e+02  2.0000e-01  1.5965e+10  1.2488e+00
  1.1659e+01  1.0000e+02  2.2000e-01  1.4842e+10  1.2330e+00
  1.1659e+01  1.0000e+02  2.4000e-01  1.3029e+10  1.2359e+00
  1.1659e+01  1.0000e+02  2.6000e-01  1.3135e+10  1.2960e+00
  1.1659e+01  1.0000e+02  2.8000e-01  1.5628e+10  1.3577e+00
  1.1659e+01  1.0000e+02  3.0000e-01  1.9372e+10  1.3605e+00
  1.1659e+01  1.0000e+02  3.2000e-01  2.4015e+10  1.3919e+00
  1.1659e+01  1.0000e+02  3.4000e-01  2.2530e+10  1.2120e+00
  1.1659e+01  1.0000e+02  3.6000e-01  1.4229e+10  1.0977e+00
  1.1659e+01  1.0000e+02  3.8000e-01  1.2792e+10  1.2009e+00
  1.1659e+01  1.0000e+02  4.0000e-01  8.9126e+09  1.3173e+00
  1.1659e+01  1.0000e+02  4.2000e-01  9.8917e+09  1.5701e+00
  1.1659e+01  1.0000e+02  4.4000e-01  9.2454e+09  1.8731e+00
  1.1659e+01  1.0000e+02  4.6000e-01  1.1392e+10  1.9624e+00
  1.1659e+01  1.0000e+02  4.8000e-01  1.3404e+07  8.1842e-01
  1.1659e+01  1.0000e+02  5.0000e-01  1.8834e+09  8.0549e-01
  1.1659e+01  1.0000e+02  5.2000e-01  9.3852e+08  4.2854e-01
  1.1659e+01  1.0000e+02  5.4000e-01  7.5314e+08  4.1881e-01
  1.1659e+01  1.0000e+02  5.6000e-01  6.4175e+08  4.1631e-01
  1.1659e+01  1.0000e+02  5.8000e-01  5.5972e+08  4.2320e-01
  1.1659e+01  1.0000e+02  6.0000e-01  4.8117e+08  4.2241e-01
  1.1659e+01  1.5000e+02  1.0000e-02  1.4485e+10  1.2504e+00
  1.1659e+01  1.5000e+02  2.0000e-02  1.3680e+10  1.2567e+00
  1.1659e+01  1.5000e+02  4.0000e-02  1.3533e+10  1.2749e+00
  1.1659e+01  1.5000e+02  6.0000e-02  1.4246e+10  1.2931e+00
  1.1659e+01  1.5000e+02  8.0000e-02  1.4717e+10  1.2965e+00
  1.1659e+01  1.5000e+02  1.0000e-01  1.4730e+10  1.2928e+00
  1.1659e+01  1.5000e+02  1.2000e-01  1.4591e+10  1.2877e+00
  1.1659e+01  1.5000e+02  1.4000e-01  1.4185e+10  1.2833e+00
  1.1659e+01  1.5000e+02  1.6000e-01  1.4217e+10  1.2798e+00
  1.1659e+01  1.5000e+02  1.8000e-01  1.3609e+10  1.2686e+00
  1.1659e+01  1.5000e+02  2.0000e-01  1.3038e+10  1.2670e+00
  1.1659e+01  1.5000e+02  2.2000e-01  1.3497e+10  1.2704e+00
  1.1659e+01  1.5000e+02  2.4000e-01  1.3985e+10  1.2612e+00
  1.1659e+01  1.5000e+02  2.6000e-01  1.3128e+10  1.2420e+00
  1.1659e+01  1.5000e+02  2.8000e-01  1.1261e+10  1.2309e+00
  1.1659e+01  1.5000e+02  3.0000e-01  1.0556e+10  1.2659e+00
  1.1659e+01  1.5000e+02  3.2000e-01  1.1771e+10  1.3318e+00
  1.1659e+01  1.5000e+02  3.4000e-01  1.4097e+10  1.3579e+00
  1.1659e+01  1.5000e+02  3.6000e-01  1.6813e+10  1.3700e+00
  1.1659e+01  1.5000e+02  3.8000e-01  2.1152e+10  1.5040e+00
  1.1659e+01  1.5000e+02  4.0000e-01  1.0815e+10  1.0988e+00
  1.1659e+01  1.5000e+02  4.2000e-01  7.8209e+09  1.1749e+00
  1.1659e+01  1.5000e+02  4.4000e-01  5.2764e+09  1.2626e+00
  1.1659e+01  1.5000e+02  4.6000e-01  4.0298e+09  1.4752e+00
  1.1659e+01  1.5000e+02  4.8000e-01  2.6364e+09  1.6940e+00
  1.1659e+01  1.5000e+02  5.0000e-01  3.6247e+08  1.1059e+00
  1.1659e+01  1.5000e+02  5.2000e-01  3.5492e+08  4.3910e-01
  1.1659e+01  1.5000e+02  5.4000e-01  2.9298e+08  4.3455e-01
  1.1659e+01  1.5000e+02  5.6000e-01  2.4683e+08  4.2723e-01
  1.1659e+01  1.5000e+02  5.8000e-01  2.1376e+08  4.3140e-01
  1.1659e+01  1.5000e+02  6.0000e-01  1.8642e+08  4.4136e-01
  1.1659e+01  2.0000e+02  1.0000e-02  1.8072e+10  1.2548e+00
  1.1659e+01  2.0000e+02  2.0000e-02  1.4651e+10  1.2464e+00
  1.1659e+01  2.0000e+02  4.0000e-02  1.3142e+10  1.2558e+00
  1.1659e+01  2.0000e+02  6.0000e-02  1.2691e+10  1.2643e+00
  1.1659e+01  2.0000e+02  8.0000e-02  1.2703e+10  1.2794e+00
  1.1659e+01  2.0000e+02  1.0000e-01  1.2946e+10  1.2914e+00
  1.1659e+01  2.0000e+02  1.2000e-01  1.3083e+10  1.2960e+00
  1.1659e+01  2.0000e+02  1.4000e-01  1.3076e+10  1.2968e+00
  1.1659e+01  2.0000e+02  1.6000e-01  1.2870e+10  1.2942e+00
  1.1659e+01  2.0000e+02  1.8000e-01  1.2506e+10  1.2920e+00
  1.1659e+01  2.0000e+02  2.0000e-01  1.2422e+10  1.2906e+00
  1.1659e+01  2.0000e+02  2.2000e-01  1.1943e+10  1.2826e+00
  1.1659e+01  2.0000e+02  2.4000e-01  1.1210e+10  1.2772e+00
  1.1659e+01  2.0000e+02  2.6000e-01  1.1118e+10  1.2820e+00
  1.1659e+01  2.0000e+02  2.8000e-01  1.1448e+10  1.2809e+00
  1.1659e+01  2.0000e+02  3.0000e-01  1.1179e+10  1.2662e+00
  1.1659e+01  2.0000e+02  3.2000e-01  9.7780e+09  1.2441e+00
  1.1659e+01  2.0000e+02  3.4000e-01  8.1862e+09  1.2376e+00
  1.1659e+01  2.0000e+02  3.6000e-01  7.7635e+09  1.2748e+00
  1.1659e+01  2.0000e+02  3.8000e-01  8.4713e+09  1.3244e+00
  1.1659e+01  2.0000e+02  4.0000e-01  9.5546e+09  1.3365e+00
  1.1659e+01  2.0000e+02  4.2000e-01  1.0464e+10  1.4104e+00
  1.1659e+01  2.0000e+02  4.4000e-01  9.0388e+09  1.2779e+00
  1.1659e+01  2.0000e+02  4.6000e-01  4.3982e+09  1.1586e+00
  1.1659e+01  2.0000e+02  4.8000e-01  2.0590e+09  1.3115e+00
  1.1659e+01  2.0000e+02  5.0000e-01  2.9348e+08  1.4719e+00
  1.1659e+01  2.0000e+02  5.2000e-01  1.8351e+08  4.5696e-01
  1.1659e+01  2.0000e+02  5.4000e-01  1.5258e+08  4.4959e-01
  1.1659e+01  2.0000e+02  5.6000e-01  1.3683e+08  4.6972e-01
  1.1659e+01  2.0000e+02  5.8000e-01  1.1893e+08  4.7657e-01
  1.1659e+01  2.0000e+02  6.0000e-01  9.5609e+07  4.5395e-01
  1.1659e+01  2.5000e+02  1.0000e-02  1.9352e+10  1.2877e+00
  1.1659e+01  2.5000e+02  2.0000e-02  1.7711e+10  1.2516e+00
  1.1659e+01  2.5000e+02  4.0000e-02  1.3879e+10  1.2491e+00
  1.1659e+01  2.5000e+02  6.0000e-02  1.2660e+10  1.2548e+00
  1.1659e+01  2.5000e+02  8.0000e-02  1.2038e+10  1.2581e+00
  1.1659e+01  2.5000e+02  1.0000e-01  1.1653e+10  1.2647e+00
  1.1659e+01  2.5000e+02  1.2000e-01  1.1472e+10  1.2755e+00
  1.1659e+01  2.5000e+02  1.4000e-01  1.1421e+10  1.2852e+00
  1.1659e+01  2.5000e+02  1.6000e-01  1.1327e+10  1.2923e+00
  1.1659e+01  2.5000e+02  1.8000e-01  1.1244e+10  1.2963e+00
  1.1659e+01  2.5000e+02  2.0000e-01  1.0976e+10  1.2971e+00
  1.1659e+01  2.5000e+02  2.2000e-01  1.0617e+10  1.2974e+00
  1.1659e+01  2.5000e+02  2.4000e-01  1.0412e+10  1.2985e+00
  1.1659e+01  2.5000e+02  2.6000e-01  1.0002e+10  1.2940e+00
  1.1659e+01  2.5000e+02  2.8000e-01  9.2792e+09  1.2885e+00
  1.1659e+01  2.5000e+02  3.0000e-01  8.7409e+09  1.2894e+00
  1.1659e+01  2.5000e+02  3.2000e-01  8.6422e+09  1.2956e+00
  1.1659e+01  2.5000e+02  3.4000e-01  8.5950e+09  1.2935e+00
  1.1659e+01  2.5000e+02  3.6000e-01  7.9370e+09  1.2784e+00
  1.1659e+01  2.5000e+02  3.8000e-01  6.5073e+09  1.2547e+00
  1.1659e+01  2.5000e+02  4.0000e-01  5.1079e+09  1.2450e+00
  1.1659e+01  2.5000e+02  4.2000e-01  4.4341e+09  1.2657e+00
  1.1659e+01  2.5000e+02  4.4000e-01  4.3019e+09  1.2992e+00
  1.1659e+01  2.5000e+02  4.6000e-01  4.0744e+09  1.3140e+00
  1.1659e+01  2.5000e+02  4.8000e-01  3.3869e+09  1.5302e+00
  1.1659e+01  2.5000e+02  5.0000e-01  3.4545e+08  1.5165e+00
  1.1659e+01  2.5000e+02  5.2000e-01  1.0025e+08  5.0725e-01
  1.1659e+01  2.5000e+02  5.4000e-01  8.5928e+07  5.2706e-01
  1.1659e+01  2.5000e+02  5.6000e-01  7.1839e+07  5.1765e-01
  1.1659e+01  2.5000e+02  5.8000e-01  6.1807e+07  5.1343e-01
  1.1659e+01  2.5000e+02  6.0000e-01  5.1338e+07  4.9935e-01
  1.1659e+01  3.0000e+02  1.0000e-02  1.6025e+10  1.5036e+00
  1.1659e+01  3.0000e+02  2.0000e-02  1.8764e+10  1.2665e+00
  1.1659e+01  3.0000e+02  4.0000e-02  1.6271e+10  1.2507e+00
  1.1659e+01  3.0000e+02  6.0000e-02  1.3587e+10  1.2483e+00
  1.1659e+01  3.0000e+02  8.0000e-02  1.2271e+10  1.2524e+00
  1.1659e+01  3.0000e+02  1.0000e-01  1.1529e+10  1.2549e+00
  1.1659e+01  3.0000e+02  1.2000e-01  1.0968e+10  1.2571e+00
  1.1659e+01  3.0000e+02  1.4000e-01  1.0510e+10  1.2610e+00
  1.1659e+01  3.0000e+02  1.6000e-01  1.0173e+10  1.2685e+00
  1.1659e+01  3.0000e+02  1.8000e-01  9.8732e+09  1.2760e+00
  1.1659e+01  3.0000e+02  2.0000e-01  9.6117e+09  1.2835e+00
  1.1659e+01  3.0000e+02  2.2000e-01  9.3811e+09  1.2893e+00
  1.1659e+01  3.0000e+02  2.4000e-01  9.0288e+09  1.2930e+00
  1.1659e+01  3.0000e+02  2.6000e-01  8.6324e+09  1.2960e+00
  1.1659e+01  3.0000e+02  2.8000e-01  8.3227e+09  1.2991e+00
  1.1659e+01  3.0000e+02  3.0000e-01  7.9321e+09  1.2994e+00
  1.1659e+01  3.0000e+02  3.2000e-01  7.2807e+09  1.2967e+00
  1.1659e+01  3.0000e+02  3.4000e-01  6.5602e+09  1.2952e+00
  1.1659e+01  3.0000e+02  3.6000e-01  6.0439e+09  1.3009e+00
  1.1659e+01  3.0000e+02  3.8000e-01  5.7445e+09  1.3086e+00
  1.1659e+01  3.0000e+02  4.0000e-01  5.3591e+09  1.3089e+00
  1.1659e+01  3.0000e+02  4.2000e-01  4.4808e+09  1.2958e+00
  1.1659e+01  3.0000e+02  4.4000e-01  3.1395e+09  1.2739e+00
  1.1659e+01  3.0000e+02  4.6000e-01  1.9080e+09  1.2612e+00
  1.1659e+01  3.0000e+02  4.8000e-01  1.0348e+09  1.2713e+00
  1.1659e+01  3.0000e+02  5.0000e-01  1.9793e+08  1.5452e+00
  1.1659e+01  3.0000e+02  5.2000e-01  3.1391e+07  6.3828e-01
  1.1659e+01  3.0000e+02  5.4000e-01  3.3260e+07  6.0349e-01
  1.1659e+01  3.0000e+02  5.6000e-01  3.3383e+07  5.7599e-01
  1.1659e+01  3.0000e+02  5.8000e-01  3.1494e+07  5.5300e-01
  1.1659e+01  3.0000e+02  6.0000e-01  2.8850e+07  5.3492e-01
  1.5849e+01  3.3246e+00  1.0000e-02  1.4378e+10  1.1724e+00
  1.5849e+01  3.3246e+00  2.0000e-02  1.3801e+10  1.1923e+00
  1.5849e+01  3.3246e+00  4.0000e-02  1.3442e+10  1.1924e+00
  1.5849e+01  3.3246e+00  6.0000e-02  1.3754e+10  1.1651e+00
  1.5849e+01  3.3246e+00  8.0000e-02  1.4351e+10  1.1637e+00
  1.5849e+01  3.3246e+00  1.0000e-01  1.6600e+10  1.0782e+00
  1.5849e+01  3.3246e+00  1.2000e-01  1.2663e+10  1.0647e+00
  1.5849e+01  3.3246e+00  1.4000e-01  9.8531e+09  1.1403e+00
  1.5849e+01  3.3246e+00  1.6000e-01  1.2948e+10  1.1870e+00
  1.5849e+01  3.3246e+00  1.8000e-01  1.7342e+10  1.1506e+00
  1.5849e+01  3.3246e+00  2.0000e-01  2.2124e+10  1.1741e+00
  1.5849e+01  3.3246e+00  2.2000e-01  2.4545e+10  1.2434e+00
  1.5849e+01  3.3246e+00  2.4000e-01  2.4900e+10  1.3208e+00
  1.5849e+01  3.3246e+00  2.6000e-01  2.2762e+10  1.4267e+00
  1.5849e+01  3.3246e+00  2.8000e-01  1.9859e+10  1.5613e+00
  1.5849e+01  3.3246e+00  3.0000e-01  1.7748e+10  1.6367e+00
  1.5849e+01  3.3246e+00  3.2000e-01  1.6392e+10  1.6230e+00
  1.5849e+01  3.3246e+00  3.4000e-01  1.0642e+10  1.8141e+00
  1.5849e+01  3.3246e+00  3.6000e-01  6.6390e+09  1.7453e+00
  1.5849e+01  3.3246e+00  3.8000e-01  2.5287e+09  1.9022e+00
  1.5849e+01  3.3246e+00  4.0000e-01  4.0690e+09  1.6211e+00
  1.5849e+01  3.3246e+00  4.2000e-01  1.9213e+10  1.3824e+00
  1.5849e+01  3.3246e+00  4.4000e-01  3.4439e+09  1.2250e+00
  1.5849e+01  3.3246e+00  4.6000e-01  9.4209e+06  8.0005e-01
  1.5849e+01  3.3246e+00  4.8000e-01  2.6090e+09  1.3676e+00
  1.5849e+01  3.3246e+00  5.0000e-01  3.4846e+10  3.6012e-01
  1.5849e+01  3.3246e+00  5.2000e-01  2.9930e+10  3.6172e-01
  1.5849e+01  3.3246e+00  5.4000e-01  1.6090e+10  4.4320e-01
  1.5849e+01  3.3246e+00  5.6000e-01  6.7111e+09  8.1461e-01
  1.5849e+01  3.3246e+00  5.8000e-01  4.6025e+09  1.1737e+00
  1.5849e+01  3.3246e+00  6.0000e-01  6.6034e+09  1.2208e+00
  1.5849e+01  4.0616e+00  1.0000e-02  1.5613e+10  1.0475e+00
  1.5849e+01  4.0616e+00  2.0000e-02  1.5405e+10  1.0445e+00
  1.5849e+01  4.0616e+00  4.0000e-02  1.4864e+10  1.0505e+00
  1.5849e+01  4.0616e+00  6.0000e-02  1.4802e+10  1.0427e+00
  1.5849e+01  4.0616e+00  8.0000e-02  1.4993e+10  1.0576e+00
  1.5849e+01  4.0616e+00  1.0000e-01  2.0372e+10  1.0480e+00
  1.5849e+01  4.0616e+00  1.2000e-01  1.5396e+10  1.0701e+00
  1.5849e+01  4.0616e+00  1.4000e-01  9.8138e+09  1.1278e+00
  1.5849e+01  4.0616e+00  1.6000e-01  1.2288e+10  1.1543e+00
  1.5849e+01  4.0616e+00  1.8000e-01  1.8499e+10  1.1649e+00
  1.5849e+01  4.0616e+00  2.0000e-01  2.6564e+10  1.2041e+00
  1.5849e+01  4.0616e+00  2.2000e-01  2.8143e+10  1.2848e+00
  1.5849e+01  4.0616e+00  2.4000e-01  2.7511e+10  1.4255e+00
  1.5849e+01  4.0616e+00  2.6000e-01  2.4979e+10  1.5573e+00
  1.5849e+01  4.0616e+00  2.8000e-01  2.3315e+10  1.6098e+00
  1.5849e+01  4.0616e+00  3.0000e-01  2.0694e+10  1.5934e+00
  1.5849e+01  4.0616e+00  3.2000e-01  1.7486e+10  1.6913e+00
  1.5849e+01  4.0616e+00  3.4000e-01  1.0907e+10  1.7594e+00
  1.5849e+01  4.0616e+00  3.6000e-01  6.8315e+09  1.7151e+00
  1.5849e+01  4.0616e+00  3.8000e-01  2.4587e+09  1.9051e+00
  1.5849e+01  4.0616e+00  4.0000e-01  4.2282e+09  1.6129e+00
  1.5849e+01  4.0616e+00  4.2000e-01  1.9563e+10  1.3902e+00
  1.5849e+01  4.0616e+00  4.4000e-01  3.4019e+09  1.2163e+00
  1.5849e+01  4.0616e+00  4.6000e-01  7.6845e+06  6.4346e-01
  1.5849e+01  4.0616e+00  4.8000e-01  4.8662e+09  1.7391e+00
  1.5849e+01  4.0616e+00  5.0000e-01  3.4123e+10  3.6278e-01
  1.5849e+01  4.0616e+00  5.2000e-01  3.1353e+10  3.6088e-01
  1.5849e+01  4.0616e+00  5.4000e-01  2.2729e+10  3.7848e-01
  1.5849e+01  4.0616e+00  5.6000e-01  9.8010e+09  4.5491e-01
  1.5849e+01  4.0616e+00  5.8000e-01  4.9888e+09  8.6693e-01
  1.5849e+01  4.0616e+00  6.0000e-01  4.6233e+09  1.1914e+00
  1.5849e+01  4.9619e+00  1.0000e-02  1.8439e+10  1.1252e+00
  1.5849e+01  4.9619e+00  2.0000e-02  1.8509e+10  1.1218e+00
  1.5849e+01  4.9619e+00  4.0000e-02  1.8231e+10  1.1218e+00
  1.5849e+01  4.9619e+00  6.0000e-02  1.8504e+10  1.1083e+00
  1.5849e+01  4.9619e+00  8.0000e-02  1.7235e+10  1.1363e+00
  1.5849e+01  4.9619e+00  1.0000e-01  2.0385e+10  1.1471e+00
  1.5849e+01  4.9619e+00  1.2000e-01  1.8517e+10  1.1717e+00
  1.5849e+01  4.9619e+00  1.4000e-01  1.2279e+10  1.1129e+00
  1.5849e+01  4.9619e+00  1.6000e-01  1.1041e+10  1.1747e+00
  1.5849e+01  4.9619e+00  1.8000e-01  1.2823e+10  1.2439e+00
  1.5849e+01  4.9619e+00  2.0000e-01  1.7773e+10  1.2336e+00
  1.5849e+01  4.9619e+00  2.2000e-01  2.5803e+10  1.3029e+00
  1.5849e+01  4.9619e+00  2.4000e-01  3.0281e+10  1.5009e+00
  1.5849e+01  4.9619e+00  2.6000e-01  2.9240e+10  1.5851e+00
  1.5849e+01  4.9619e+00  2.8000e-01  2.6577e+10  1.4768e+00
  1.5849e+01  4.9619e+00  3.0000e-01  2.2884e+10  1.5731e+00
  1.5849e+01  4.9619e+00  3.2000e-01  1.5872e+10  1.7867e+00
  1.5849e+01  4.9619e+00  3.4000e-01  1.0653e+10  1.7149e+00
  1.5849e+01  4.9619e+00  3.6000e-01  6.9086e+09  1.7027e+00
  1.5849e+01  4.9619e+00  3.8000e-01  2.3199e+09  1.9243e+00
  1.5849e+01  4.9619e+00  4.0000e-01  4.2276e+09  1.6036e+00
  1.5849e+01  4.9619e+00  4.2000e-01  2.0227e+10  1.3917e+00
  1.5849e+01  4.9619e+00  4.4000e-01  3.4121e+09  1.2030e+00
  1.5849e+01  4.9619e+00  4.6000e-01  7.2595e+06  5.6259e-01
  1.5849e+01  4.9619e+00  4.8000e-01  5.6250e+09  1.8371e+00
  1.5849e+01  4.9619e+00  5.0000e-01  3.3457e+10  3.6699e-01
  1.5849e+01  4.9619e+00  5.2000e-01  3.1675e+10  3.5799e-01
  1.5849e+01  4.9619e+00  5.4000e-01  2.6786e+10  3.7088e-01
  1.5849e+01  4.9619e+00  5.6000e-01  1.6787e+10  4.1230e-01
  1.5849e+01  4.9619e+00  5.8000e-01  7.8231e+09  5.6564e-01
  1.5849e+01  4.9619e+00  6.0000e-01  2.9356e+09  7.4113e-01
  1.5849e+01  6.0619e+00  1.0000e-02  1.7330e+10  1.2013e+00
  1.5849e+01  6.0619e+00  2.0000e-02  1.7086e+10  1.1989e+00
  1.5849e+01  6.0619e+00  4.0000e-02  1.6758e+10  1.2038e+00
  1.5849e+01  6.0619e+00  6.0000e-02  1.7860e+10  1.2353e+00
  1.5849e+01  6.0619e+00  8.0000e-02  1.5474e+10  1.2078e+00
  1.5849e+01  6.0619e+00  1.0000e-01  1.9211e+10  1.2452e+00
  1.5849e+01  6.0619e+00  1.2000e-01  2.1659e+10  1.2690e+00
  1.5849e+01  6.0619e+00  1.4000e-01  1.5768e+10  1.2305e+00
  1.5849e+01  6.0619e+00  1.6000e-01  1.1905e+10  1.1877e+00
  1.5849e+01  6.0619e+00  1.8000e-01  1.3571e+10  1.2940e+00
  1.5849e+01  6.0619e+00  2.0000e-01  1.9970e+10  1.3446e+00
  1.5849e+01  6.0619e+00  2.2000e-01  2.7609e+10  1.3664e+00
  1.5849e+01  6.0619e+00  2.4000e-01  3.3186e+10  1.5372e+00
  1.5849e+01  6.0619e+00  2.6000e-01  3.0740e+10  1.5113e+00
  1.5849e+01  6.0619e+00  2.8000e-01  2.6279e+10  1.5536e+00
  1.5849e+01  6.0619e+00  3.0000e-01  2.0008e+10  1.7195e+00
  1.5849e+01  6.0619e+00  3.2000e-01  1.5630e+10  1.8173e+00
  1.5849e+01  6.0619e+00  3.4000e-01  1.0552e+10  1.6645e+00
  1.5849e+01  6.0619e+00  3.6000e-01  6.6363e+09  1.6346e+00
  1.5849e+01  6.0619e+00  3.8000e-01  2.3091e+09  1.9536e+00
  1.5849e+01  6.0619e+00  4.0000e-01  4.2174e+09  1.5906e+00
  1.5849e+01  6.0619e+00  4.2000e-01  2.0966e+10  1.4023e+00
  1.5849e+01  6.0619e+00  4.4000e-01  3.3238e+09  1.1910e+00
  1.5849e+01  6.0619e+00  4.6000e-01  6.4634e+06  5.1532e-01
  1.5849e+01  6.0619e+00  4.8000e-01  6.0371e+09  1.8896e+00
  1.5849e+01  6.0619e+00  5.0000e-01  3.2613e+10  3.7017e-01
  1.5849e+01  6.0619e+00  5.2000e-01  3.0909e+10  3.5808e-01
  1.5849e+01  6.0619e+00  5.4000e-01  2.8314e+10  3.6762e-01
  1.5849e+01  6.0619e+00  5.6000e-01  2.3492e+10  3.7925e-01
  1.5849e+01  6.0619e+00  5.8000e-01  1.5406e+10  4.1844e-01
  1.5849e+01  6.0619e+00  6.0000e-01  7.8452e+09  5.4569e-01
  1.5849e+01  7.4057e+00  1.0000e-02  1.8079e+10  1.2775e+00
  1.5849e+01  7.4057e+00  2.0000e-02  1.8055e+10  1.2744e+00
  1.5849e+01  7.4057e+00  4.0000e-02  1.8053e+10  1.2709e+00
  1.5849e+01  7.4057e+00  6.0000e-02  1.9502e+10  1.2733e+00
  1.5849e+01  7.4057e+00  8.0000e-02  1.7337e+10  1.2548e+00
  1.5849e+01  7.4057e+00  1.0000e-01  1.9936e+10  1.2726e+00
  1.5849e+01  7.4057e+00  1.2000e-01  2.3751e+10  1.2692e+00
  1.5849e+01  7.4057e+00  1.4000e-01  1.8231e+10  1.2386e+00
  1.5849e+01  7.4057e+00  1.6000e-01  1.3789e+10  1.2017e+00
  1.5849e+01  7.4057e+00  1.8000e-01  1.6140e+10  1.3569e+00
  1.5849e+01  7.4057e+00  2.0000e-01  2.3097e+10  1.4597e+00
  1.5849e+01  7.4057e+00  2.2000e-01  3.1919e+10  1.5300e+00
  1.5849e+01  7.4057e+00  2.4000e-01  3.3048e+10  1.5261e+00
  1.5849e+01  7.4057e+00  2.6000e-01  2.8997e+10  1.5064e+00
  1.5849e+01  7.4057e+00  2.8000e-01  2.4761e+10  1.6163e+00
  1.5849e+01  7.4057e+00  3.0000e-01  1.8626e+10  1.8050e+00
  1.5849e+01  7.4057e+00  3.2000e-01  1.5087e+10  1.7546e+00
  1.5849e+01  7.4057e+00  3.4000e-01  1.0612e+10  1.6517e+00
  1.5849e+01  7.4057e+00  3.6000e-01  6.7247e+09  1.6551e+00
  1.5849e+01  7.4057e+00  3.8000e-01  2.3796e+09  1.9801e+00
  1.5849e+01  7.4057e+00  4.0000e-01  4.1214e+09  1.5760e+00
  1.5849e+01  7.4057e+00  4.2000e-01  2.1939e+10  1.4087e+00
  1.5849e+01  7.4057e+00  4.4000e-01  3.2008e+09  1.1809e+00
  1.5849e+01  7.4057e+00  4.6000e-01  1.4312e+07  7.9314e-01
  1.5849e+01  7.4057e+00  4.8000e-01  5.7846e+09  1.8974e+00
  1.5849e+01  7.4057e+00  5.0000e-01  3.1612e+10  3.7454e-01
  1.5849e+01  7.4057e+00  5.2000e-01  2.9775e+10  3.5724e-01
  1.5849e+01  7.4057e+00  5.4000e-01  2.8481e+10  3.6210e-01
  1.5849e+01  7.4057e+00  5.6000e-01  2.5753e+10  3.7204e-01
  1.5849e+01  7.4057e+00  5.8000e-01  2.0933e+10  3.8935e-01
  1.5849e+01  7.4057e+00  6.0000e-01  1.4533e+10  4.3245e-01
  1.5849e+01  9.0474e+00  1.0000e-02  1.8819e+10  1.3030e+00
  1.5849e+01  9.0474e+00  2.0000e-02  1.8662e+10  1.2983e+00
  1.5849e+01  9.0474e+00  4.0000e-02  1.8101e+10  1.2918e+00
  1.5849e+01  9.0474e+00  6.0000e-02  1.8984e+10  1.2920e+00
  1.5849e+01  9.0474e+00  8.0000e-02  1.6297e+10  1.2716e+00
  1.5849e+01  9.0474e+00  1.0000e-01  1.8478e+10  1.2938e+00
  1.5849e+01  9.0474e+00  1.2000e-01  2.1614e+10  1.2837e+00
  1.5849e+01  9.0474e+00  1.4000e-01  1.7593e+10  1.2627e+00
  1.5849e+01  9.0474e+00  1.6000e-01  1.5279e+10  1.2591e+00
  1.5849e+01  9.0474e+00  1.8000e-01  2.0256e+10  1.3868e+00
  1.5849e+01  9.0474e+00  2.0000e-01  2.7071e+10  1.5109e+00
  1.5849e+01  9.0474e+00  2.2000e-01  3.2965e+10  1.5902e+00
  1.5849e+01  9.0474e+00  2.4000e-01  3.1794e+10  1.5299e+00
  1.5849e+01  9.0474e+00  2.6000e-01  2.7486e+10  1.5394e+00
  1.5849e+01  9.0474e+00  2.8000e-01  2.3536e+10  1.6810e+00
  1.5849e+01  9.0474e+00  3.0000e-01  1.9607e+10  1.8262e+00
  1.5849e+01  9.0474e+00  3.2000e-01  1.4790e+10  1.7224e+00
  1.5849e+01  9.0474e+00  3.4000e-01  1.0846e+10  1.6632e+00
  1.5849e+01  9.0474e+00  3.6000e-01  6.9042e+09  1.6822e+00
  1.5849e+01  9.0474e+00  3.8000e-01  2.5353e+09  2.0072e+00
  1.5849e+01  9.0474e+00  4.0000e-01  3.9242e+09  1.5651e+00
  1.5849e+01  9.0474e+00  4.2000e-01  2.3184e+10  1.4217e+00
  1.5849e+01  9.0474e+00  4.4000e-01  2.8785e+09  1.1826e+00
  1.5849e+01  9.0474e+00  4.6000e-01  2.3412e+07  8.8407e-01
  1.5849e+01  9.0474e+00  4.8000e-01  5.3554e+09  1.8859e+00
  1.5849e+01  9.0474e+00  5.0000e-01  3.0566e+10  3.8158e-01
  1.5849e+01  9.0474e+00  5.2000e-01  2.8279e+10  3.5956e-01
  1.5849e+01  9.0474e+00  5.4000e-01  2.7471e+10  3.6018e-01
  1.5849e+01  9.0474e+00  5.6000e-01  2.5974e+10  3.6518e-01
  1.5849e+01  9.0474e+00  5.8000e-01  2.3711e+10  3.7259e-01
  1.5849e+01  9.0474e+00  6.0000e-01  2.0286e+10  3.8312e-01
  1.5849e+01  1.1053e+01  1.0000e-02  1.6344e+10  1.3376e+00
  1.5849e+01  1.1053e+01  2.0000e-02  1.5910e+10  1.3317e+00
  1.5849e+01  1.1053e+01  4.0000e-02  1.5442e+10  1.3210e+00
  1.5849e+01  1.1053e+01  6.0000e-02  1.6942e+10  1.3168e+00
  1.5849e+01  1.1053e+01  8.0000e-02  1.3676e+10  1.2881e+00
  1.5849e+01  1.1053e+01  1.0000e-01  1.6323e+10  1.3154e+00
  1.5849e+01  1.1053e+01  1.2000e-01  1.8621e+10  1.3076e+00
  1.5849e+01  1.1053e+01  1.4000e-01  1.6397e+10  1.2913e+00
  1.5849e+01  1.1053e+01  1.6000e-01  1.7144e+10  1.3484e+00
  1.5849e+01  1.1053e+01  1.8000e-01  2.3238e+10  1.4460e+00
  1.5849e+01  1.1053e+01  2.0000e-01  2.9896e+10  1.5269e+00
  1.5849e+01  1.1053e+01  2.2000e-01  3.1962e+10  1.5961e+00
  1.5849e+01  1.1053e+01  2.4000e-01  3.0679e+10  1.5352e+00
  1.5849e+01  1.1053e+01  2.6000e-01  2.6883e+10  1.5578e+00
  1.5849e+01  1.1053e+01  2.8000e-01  2.3533e+10  1.7052e+00
  1.5849e+01  1.1053e+01  3.0000e-01  2.0448e+10  1.8041e+00
  1.5849e+01  1.1053e+01  3.2000e-01  1.5098e+10  1.7155e+00
  1.5849e+01  1.1053e+01  3.4000e-01  1.1283e+10  1.6850e+00
  1.5849e+01  1.1053e+01  3.6000e-01  7.1892e+09  1.7253e+00
  1.5849e+01  1.1053e+01  3.8000e-01  2.7802e+09  2.0211e+00
  1.5849e+01  1.1053e+01  4.0000e-01  3.5967e+09  1.5566e+00
  1.5849e+01  1.1053e+01  4.2000e-01  2.4756e+10  1.4318e+00
  1.5849e+01  1.1053e+01  4.4000e-01  1.9897e+09  1.1707e+00
  1.5849e+01  1.1053e+01  4.6000e-01  3.0414e+07  9.1186e-01
  1.5849e+01  1.1053e+01  4.8000e-01  4.7055e+09  1.8499e+00
  1.5849e+01  1.1053e+01  5.0000e-01  2.9268e+10  3.8743e-01
  1.5849e+01  1.1053e+01  5.2000e-01  2.6439e+10  3.6125e-01
  1.5849e+01  1.1053e+01  5.4000e-01  2.5851e+10  3.6037e-01
  1.5849e+01  1.1053e+01  5.6000e-01  2.4790e+10  3.6335e-01
  1.5849e+01  1.1053e+01  5.8000e-01  2.3405e+10  3.6697e-01
  1.5849e+01  1.1053e+01  6.0000e-01  2.1590e+10  3.7339e-01
  1.5849e+01  1.3503e+01  1.0000e-02  1.6572e+10  1.3217e+00
  1.5849e+01  1.3503e+01  2.0000e-02  1.6267e+10  1.3250e+00
  1.5849e+01  1.3503e+01  4.0000e-02  1.5663e+10  1.3247e+00
  1.5849e+01  1.3503e+01  6.0000e-02  1.6602e+10  1.3247e+00
  1.5849e+01  1.3503e+01  8.0000e-02  1.4600e+10  1.3140e+00
  1.5849e+01  1.3503e+01  1.0000e-01  1.5144e+10  1.3265e+00
  1.5849e+01  1.3503e+01  1.2000e-01  1.7540e+10  1.3198e+00
  1.5849e+01  1.3503e+01  1.4000e-01  1.6896e+10  1.3112e+00
  1.5849e+01  1.3503e+01  1.6000e-01  1.8578e+10  1.3846e+00
  1.5849e+01  1.3503e+01  1.8000e-01  2.4672e+10  1.4807e+00
  1.5849e+01  1.3503e+01  2.0000e-01  3.0697e+10  1.5264e+00
  1.5849e+01  1.3503e+01  2.2000e-01  3.1614e+10  1.5850e+00
  1.5849e+01  1.3503e+01  2.4000e-01  3.0548e+10  1.5521e+00
  1.5849e+01  1.3503e+01  2.6000e-01  2.7008e+10  1.5415e+00
  1.5849e+01  1.3503e+01  2.8000e-01  2.4609e+10  1.6830e+00
  1.5849e+01  1.3503e+01  3.0000e-01  2.1068e+10  1.7704e+00
  1.5849e+01  1.3503e+01  3.2000e-01  1.5894e+10  1.7101e+00
  1.5849e+01  1.3503e+01  3.4000e-01  1.2011e+10  1.6989e+00
  1.5849e+01  1.3503e+01  3.6000e-01  7.6353e+09  1.7675e+00
  1.5849e+01  1.3503e+01  3.8000e-01  3.1053e+09  2.0289e+00
  1.5849e+01  1.3503e+01  4.0000e-01  3.1207e+09  1.5651e+00
  1.5849e+01  1.3503e+01  4.2000e-01  2.6560e+10  1.4541e+00
  1.5849e+01  1.3503e+01  4.4000e-01  9.4159e+08  1.1550e+00
  1.5849e+01  1.3503e+01  4.6000e-01  3.5328e+07  8.7912e-01
  1.5849e+01  1.3503e+01  4.8000e-01  4.0685e+09  1.8295e+00
  1.5849e+01  1.3503e+01  5.0000e-01  2.7602e+10  3.9483e-01
  1.5849e+01  1.3503e+01  5.2000e-01  2.4416e+10  3.6231e-01
  1.5849e+01  1.3503e+01  5.4000e-01  2.3797e+10  3.6342e-01
  1.5849e+01  1.3503e+01  5.6000e-01  2.2874e+10  3.6551e-01
  1.5849e+01  1.3503e+01  5.8000e-01  2.1805e+10  3.6516e-01
  1.5849e+01  1.3503e+01  6.0000e-01  2.0625e+10  3.7104e-01
  1.5849e+01  1.6496e+01  1.0000e-02  1.6624e+10  1.3033e+00
  1.5849e+01  1.6496e+01  2.0000e-02  1.6408e+10  1.3082e+00
  1.5849e+01  1.6496e+01  4.0000e-02  1.5902e+10  1.3111e+00
  1.5849e+01  1.6496e+01  6.0000e-02  1.6504e+10  1.3168e+00
  1.5849e+01  1.6496e+01  8.0000e-02  1.5297e+10  1.3092e+00
  1.5849e+01  1.6496e+01  1.0000e-01  1.4892e+10  1.3159e+00
  1.5849e+01  1.6496e+01  1.2000e-01  1.6522e+10  1.3193e+00
  1.5849e+01  1.6496e+01  1.4000e-01  1.7096e+10  1.3183e+00
  1.5849e+01  1.6496e+01  1.6000e-01  1.8872e+10  1.3780e+00
  1.5849e+01  1.6496e+01  1.8000e-01  2.4504e+10  1.4751e+00
  1.5849e+01  1.6496e+01  2.0000e-01  3.0123e+10  1.5214e+00
  1.5849e+01  1.6496e+01  2.2000e-01  3.1970e+10  1.5661e+00
  1.5849e+01  1.6496e+01  2.4000e-01  3.1366e+10  1.5552e+00
  1.5849e+01  1.6496e+01  2.6000e-01  2.7688e+10  1.4945e+00
  1.5849e+01  1.6496e+01  2.8000e-01  2.6013e+10  1.6089e+00
  1.5849e+01  1.6496e+01  3.0000e-01  2.2241e+10  1.7270e+00
  1.5849e+01  1.6496e+01  3.2000e-01  1.8171e+10  1.7006e+00
  1.5849e+01  1.6496e+01  3.4000e-01  1.2987e+10  1.6918e+00
  1.5849e+01  1.6496e+01  3.6000e-01  8.4027e+09  1.7908e+00
  1.5849e+01  1.6496e+01  3.8000e-01  3.5075e+09  2.0289e+00
  1.5849e+01  1.6496e+01  4.0000e-01  2.5549e+09  1.5973e+00
  1.5849e+01  1.6496e+01  4.2000e-01  2.8613e+10  1.4862e+00
  1.5849e+01  1.6496e+01  4.4000e-01  4.8482e+08  1.1871e+00
  1.5849e+01  1.6496e+01  4.6000e-01  3.7444e+07  8.7254e-01
  1.5849e+01  1.6496e+01  4.8000e-01  3.2668e+09  1.7759e+00
  1.5849e+01  1.6496e+01  5.0000e-01  2.5771e+10  4.0520e-01
  1.5849e+01  1.6496e+01  5.2000e-01  2.2046e+10  3.6669e-01
  1.5849e+01  1.6496e+01  5.4000e-01  2.1336e+10  3.6673e-01
  1.5849e+01  1.6496e+01  5.6000e-01  2.0530e+10  3.6802e-01
  1.5849e+01  1.6496e+01  5.8000e-01  1.9552e+10  3.6958e-01
  1.5849e+01  1.6496e+01  6.0000e-01  1.8561e+10  3.7222e-01
  1.5849e+01  2.0153e+01  1.0000e-02  1.6798e+10  1.2756e+00
  1.5849e+01  2.0153e+01  2.0000e-02  1.6633e+10  1.2931e+00
  1.5849e+01  2.0153e+01  4.0000e-02  1.6237e+10  1.3015e+00
  1.5849e+01  2.0153e+01  6.0000e-02  1.6389e+10  1.3083e+00
  1.5849e+01  2.0153e+01  8.0000e-02  1.5746e+10  1.3006e+00
  1.5849e+01  2.0153e+01  1.0000e-01  1.5117e+10  1.3040e+00
  1.5849e+01  2.0153e+01  1.2000e-01  1.6018e+10  1.3078e+00
  1.5849e+01  2.0153e+01  1.4000e-01  1.6617e+10  1.3098e+00
  1.5849e+01  2.0153e+01  1.6000e-01  1.8088e+10  1.3545e+00
  1.5849e+01  2.0153e+01  1.8000e-01  2.2829e+10  1.4415e+00
  1.5849e+01  2.0153e+01  2.0000e-01  2.8579e+10  1.4997e+00
  1.5849e+01  2.0153e+01  2.2000e-01  3.2072e+10  1.5603e+00
  1.5849e+01  2.0153e+01  2.4000e-01  3.2497e+10  1.5418e+00
  1.5849e+01  2.0153e+01  2.6000e-01  2.8501e+10  1.4268e+00
  1.5849e+01  2.0153e+01  2.8000e-01  2.6544e+10  1.5027e+00
  1.5849e+01  2.0153e+01  3.0000e-01  2.4057e+10  1.6352e+00
  1.5849e+01  2.0153e+01  3.2000e-01  2.1256e+10  1.7016e+00
  1.5849e+01  2.0153e+01  3.4000e-01  1.6295e+10  1.7075e+00
  1.5849e+01  2.0153e+01  3.6000e-01  9.8474e+09  1.7717e+00
  1.5849e+01  2.0153e+01  3.8000e-01  3.9996e+09  2.0201e+00
  1.5849e+01  2.0153e+01  4.0000e-01  1.9735e+09  1.6905e+00
  1.5849e+01  2.0153e+01  4.2000e-01  2.8896e+10  1.5171e+00
  1.5849e+01  2.0153e+01  4.4000e-01  2.9056e+08  1.1560e+00
  1.5849e+01  2.0153e+01  4.6000e-01  3.7674e+07  8.8435e-01
  1.5849e+01  2.0153e+01  4.8000e-01  2.4963e+09  1.7348e+00
  1.5849e+01  2.0153e+01  5.0000e-01  2.3687e+10  4.1833e-01
  1.5849e+01  2.0153e+01  5.2000e-01  1.9400e+10  3.6940e-01
  1.5849e+01  2.0153e+01  5.4000e-01  1.8536e+10  3.7077e-01
  1.5849e+01  2.0153e+01  5.6000e-01  1.7658e+10  3.7277e-01
  1.5849e+01  2.0153e+01  5.8000e-01  1.6698e+10  3.7434e-01
  1.5849e+01  2.0153e+01  6.0000e-01  1.5750e+10  3.7673e-01
  1.5849e+01  2.4621e+01  1.0000e-02  1.6694e+10  1.2585e+00
  1.5849e+01  2.4621e+01  2.0000e-02  1.6759e+10  1.2706e+00
  1.5849e+01  2.4621e+01  4.0000e-02  1.6638e+10  1.2901e+00
  1.5849e+01  2.4621e+01  6.0000e-02  1.6064e+10  1.3023e+00
  1.5849e+01  2.4621e+01  8.0000e-02  1.6137e+10  1.2965e+00
  1.5849e+01  2.4621e+01  1.0000e-01  1.5142e+10  1.2976e+00
  1.5849e+01  2.4621e+01  1.2000e-01  1.5949e+10  1.3021e+00
  1.5849e+01  2.4621e+01  1.4000e-01  1.6194e+10  1.2965e+00
  1.5849e+01  2.4621e+01  1.6000e-01  1.6406e+10  1.3194e+00
  1.5849e+01  2.4621e+01  1.8000e-01  1.9911e+10  1.3955e+00
  1.5849e+01  2.4621e+01  2.0000e-01  2.5615e+10  1.4507e+00
  1.5849e+01  2.4621e+01  2.2000e-01  3.1117e+10  1.5299e+00
  1.5849e+01  2.4621e+01  2.4000e-01  3.4141e+10  1.5307e+00
  1.5849e+01  2.4621e+01  2.6000e-01  2.8551e+10  1.3385e+00
  1.5849e+01  2.4621e+01  2.8000e-01  2.5715e+10  1.3839e+00
  1.5849e+01  2.4621e+01  3.0000e-01  2.4661e+10  1.4978e+00
  1.5849e+01  2.4621e+01  3.2000e-01  2.2263e+10  1.6400e+00
  1.5849e+01  2.4621e+01  3.4000e-01  2.1686e+10  1.7503e+00
  1.5849e+01  2.4621e+01  3.6000e-01  1.4161e+10  1.7941e+00
  1.5849e+01  2.4621e+01  3.8000e-01  4.7177e+09  1.9984e+00
  1.5849e+01  2.4621e+01  4.0000e-01  1.4462e+09  1.8961e+00
  1.5849e+01  2.4621e+01  4.2000e-01  2.0859e+10  1.4876e+00
  1.5849e+01  2.4621e+01  4.4000e-01  1.8208e+08  1.1883e+00
  1.5849e+01  2.4621e+01  4.6000e-01  3.6704e+07  9.0742e-01
  1.5849e+01  2.4621e+01  4.8000e-01  1.6430e+09  1.6655e+00
  1.5849e+01  2.4621e+01  5.0000e-01  2.1349e+10  4.3422e-01
  1.5849e+01  2.4621e+01  5.2000e-01  1.6418e+10  3.7554e-01
  1.5849e+01  2.4621e+01  5.4000e-01  1.5368e+10  3.7713e-01
  1.5849e+01  2.4621e+01  5.6000e-01  1.4414e+10  3.8042e-01
  1.5849e+01  2.4621e+01  5.8000e-01  1.3552e+10  3.8398e-01
  1.5849e+01  2.4621e+01  6.0000e-01  1.2541e+10  3.8650e-01
  1.5849e+01  3.0079e+01  1.0000e-02  1.6469e+10  1.2522e+00
  1.5849e+01  3.0079e+01  2.0000e-02  1.6657e+10  1.2580e+00
  1.5849e+01  3.0079e+01  4.0000e-02  1.6767e+10  1.2723e+00
  1.5849e+01  3.0079e+01  6.0000e-02  1.6081e+10  1.2856e+00
  1.5849e+01  3.0079e+01  8.0000e-02  1.6629e+10  1.2942e+00
  1.5849e+01  3.0079e+01  1.0000e-01  1.5468e+10  1.2902e+00
  1.5849e+01  3.0079e+01  1.2000e-01  1.5569e+10  1.3003e+00
  1.5849e+01  3.0079e+01  1.4000e-01  1.6296e+10  1.2927e+00
  1.5849e+01  3.0079e+01  1.6000e-01  1.4982e+10  1.2808e+00
  1.5849e+01  3.0079e+01  1.8000e-01  1.5967e+10  1.3316e+00
  1.5849e+01  3.0079e+01  2.0000e-01  2.1017e+10  1.3883e+00
  1.5849e+01  3.0079e+01  2.2000e-01  2.7690e+10  1.4161e+00
  1.5849e+01  3.0079e+01  2.4000e-01  3.5551e+10  1.5786e+00
  1.5849e+01  3.0079e+01  2.6000e-01  2.6794e+10  1.2325e+00
  1.5849e+01  3.0079e+01  2.8000e-01  2.3694e+10  1.2593e+00
  1.5849e+01  3.0079e+01  3.0000e-01  2.3144e+10  1.3537e+00
  1.5849e+01  3.0079e+01  3.2000e-01  2.2511e+10  1.5018e+00
  1.5849e+01  3.0079e+01  3.4000e-01  2.4484e+10  1.7099e+00
  1.5849e+01  3.0079e+01  3.6000e-01  2.0758e+10  1.8615e+00
  1.5849e+01  3.0079e+01  3.8000e-01  6.0595e+09  2.0205e+00
  1.5849e+01  3.0079e+01  4.0000e-01  8.8720e+08  2.4662e+00
  1.5849e+01  3.0079e+01  4.2000e-01  9.9196e+09  1.4006e+00
  1.5849e+01  3.0079e+01  4.4000e-01  1.1967e+08  1.2132e+00
  1.5849e+01  3.0079e+01  4.6000e-01  3.3152e+07  9.2235e-01
  1.5849e+01  3.0079e+01  4.8000e-01  8.3712e+08  1.5383e+00
  1.5849e+01  3.0079e+01  5.0000e-01  1.8759e+10  4.5262e-01
  1.5849e+01  3.0079e+01  5.2000e-01  1.3258e+10  3.8299e-01
  1.5849e+01  3.0079e+01  5.4000e-01  1.2020e+10  3.8540e-01
  1.5849e+01  3.0079e+01  5.6000e-01  1.1116e+10  3.8980e-01
  1.5849e+01  3.0079e+01  5.8000e-01  1.0230e+10  3.9382e-01
  1.5849e+01  3.0079e+01  6.0000e-01  9.4352e+09  4.0007e-01
  1.5849e+01  3.6747e+01  1.0000e-02  1.6311e+10  1.2561e+00
  1.5849e+01  3.6747e+01  2.0000e-02  1.6445e+10  1.2523e+00
  1.5849e+01  3.6747e+01  4.0000e-02  1.6653e+10  1.2604e+00
  1.5849e+01  3.6747e+01  6.0000e-02  1.6244e+10  1.2677e+00
  1.5849e+01  3.6747e+01  8.0000e-02  1.6709e+10  1.2817e+00
  1.5849e+01  3.6747e+01  1.0000e-01  1.6117e+10  1.2810e+00
  1.5849e+01  3.6747e+01  1.2000e-01  1.5296e+10  1.2908e+00
  1.5849e+01  3.6747e+01  1.4000e-01  1.6179e+10  1.2995e+00
  1.5849e+01  3.6747e+01  1.6000e-01  1.6353e+10  1.2878e+00
  1.5849e+01  3.6747e+01  1.8000e-01  1.4560e+10  1.2747e+00
  1.5849e+01  3.6747e+01  2.0000e-01  1.5341e+10  1.3267e+00
  1.5849e+01  3.6747e+01  2.2000e-01  2.0222e+10  1.3660e+00
  1.5849e+01  3.6747e+01  2.4000e-01  2.7076e+10  1.3555e+00
  1.5849e+01  3.6747e+01  2.6000e-01  3.3910e+10  1.3777e+00
  1.5849e+01  3.6747e+01  2.8000e-01  2.3117e+10  1.1507e+00
  1.5849e+01  3.6747e+01  3.0000e-01  2.2036e+10  1.2424e+00
  1.5849e+01  3.6747e+01  3.2000e-01  2.4356e+10  1.4339e+00
  1.5849e+01  3.6747e+01  3.4000e-01  2.0511e+10  1.4850e+00
  1.5849e+01  3.6747e+01  3.6000e-01  2.2236e+10  1.5116e+00
  1.5849e+01  3.6747e+01  3.8000e-01  2.2689e+10  1.7567e+00
  1.5849e+01  3.6747e+01  4.0000e-01  3.7508e+09  1.6978e+00
  1.5849e+01  3.6747e+01  4.2000e-01  2.1521e+09  1.2908e+00
  1.5849e+01  3.6747e+01  4.4000e-01  8.0214e+07  1.2123e+00
  1.5849e+01  3.6747e+01  4.6000e-01  2.8368e+07  9.1757e-01
  1.5849e+01  3.6747e+01  4.8000e-01  2.2434e+08  1.1477e+00
  1.5849e+01  3.6747e+01  5.0000e-01  1.6007e+10  4.7604e-01
  1.5849e+01  3.6747e+01  5.2000e-01  1.0065e+10  3.9059e-01
  1.5849e+01  3.6747e+01  5.4000e-01  8.9178e+09  3.9731e-01
  1.5849e+01  3.6747e+01  5.6000e-01  8.0879e+09  4.0262e-01
  1.5849e+01  3.6747e+01  5.8000e-01  7.3803e+09  4.0970e-01
  1.5849e+01  3.6747e+01  6.0000e-01  6.6585e+09  4.1464e-01
  1.5849e+01  4.4893e+01  1.0000e-02  1.6417e+10  1.2687e+00
  1.5849e+01  4.4893e+01  2.0000e-02  1.6273e+10  1.2540e+00
  1.5849e+01  4.4893e+01  4.0000e-02  1.6403e+10  1.2539e+00
  1.5849e+01  4.4893e+01  6.0000e-02  1.6358e+10  1.2570e+00
  1.5849e+01  4.4893e+01  8.0000e-02  1.6601e+10  1.2681e+00
  1.5849e+01  4.4893e+01  1.0000e-01  1.6511e+10  1.2689e+00
  1.5849e+01  4.4893e+01  1.2000e-01  1.5585e+10  1.2780e+00
  1.5849e+01  4.4893e+01  1.4000e-01  1.6119e+10  1.2931e+00
  1.5849e+01  4.4893e+01  1.6000e-01  1.6805e+10  1.2906e+00
  1.5849e+01  4.4893e+01  1.8000e-01  1.5645e+10  1.2763e+00
  1.5849e+01  4.4893e+01  2.0000e-01  1.4119e+10  1.2817e+00
  1.5849e+01  4.4893e+01  2.2000e-01  1.5760e+10  1.3390e+00
  1.5849e+01  4.4893e+01  2.4000e-01  2.0318e+10  1.3628e+00
  1.5849e+01  4.4893e+01  2.6000e-01  2.6201e+10  1.3437e+00
  1.5849e+01  4.4893e+01  2.8000e-01  3.5897e+10  1.6339e+00
  1.5849e+01  4.4893e+01  3.0000e-01  2.2924e+10  1.1664e+00
  1.5849e+01  4.4893e+01  3.2000e-01  1.9037e+10  1.1705e+00
  1.5849e+01  4.4893e+01  3.4000e-01  1.8301e+10  1.3048e+00
  1.5849e+01  4.4893e+01  3.6000e-01  1.4423e+10  1.4009e+00
  1.5849e+01  4.4893e+01  3.8000e-01  1.8637e+10  1.6481e+00
  1.5849e+01  4.4893e+01  4.0000e-01  1.3864e+10  1.9394e+00
  1.5849e+01  4.4893e+01  4.2000e-01  1.1516e+10  2.0226e+00
  1.5849e+01  4.4893e+01  4.4000e-01  5.6559e+07  1.1659e+00
  1.5849e+01  4.4893e+01  4.6000e-01  2.3240e+07  9.1869e-01
  1.5849e+01  4.4893e+01  4.8000e-01  1.1018e+08  9.4386e-01
  1.5849e+01  4.4893e+01  5.0000e-01  1.3213e+10  5.0304e-01
  1.5849e+01  4.4893e+01  5.2000e-01  7.2466e+09  4.0501e-01
  1.5849e+01  4.4893e+01  5.4000e-01  6.3068e+09  4.1221e-01
  1.5849e+01  4.4893e+01  5.6000e-01  5.6214e+09  4.1734e-01
  1.5849e+01  4.4893e+01  5.8000e-01  5.0128e+09  4.1958e-01
  1.5849e+01  4.4893e+01  6.0000e-01  4.4222e+09  4.2114e-01
  1.5849e+01  5.4844e+01  1.0000e-02  1.6842e+10  1.2803e+00
  1.5849e+01  5.4844e+01  2.0000e-02  1.6239e+10  1.2642e+00
  1.5849e+01  5.4844e+01  4.0000e-02  1.6193e+10  1.2521e+00
  1.5849e+01  5.4844e+01  6.0000e-02  1.6329e+10  1.2522e+00
  1.5849e+01  5.4844e+01  8.0000e-02  1.6347e+10  1.2594e+00
  1.5849e+01  5.4844e+01  1.0000e-01  1.6617e+10  1.2604e+00
  1.5849e+01  5.4844e+01  1.2000e-01  1.5823e+10  1.2646e+00
  1.5849e+01  5.4844e+01  1.4000e-01  1.6061e+10  1.2813e+00
  1.5849e+01  5.4844e+01  1.6000e-01  1.6963e+10  1.2856e+00
  1.5849e+01  5.4844e+01  1.8000e-01  1.6377e+10  1.2773e+00
  1.5849e+01  5.4844e+01  2.0000e-01  1.4320e+10  1.2694e+00
  1.5849e+01  5.4844e+01  2.2000e-01  1.4306e+10  1.3144e+00
  1.5849e+01  5.4844e+01  2.4000e-01  1.7595e+10  1.3604e+00
  1.5849e+01  5.4844e+01  2.6000e-01  2.2672e+10  1.3526e+00
  1.5849e+01  5.4844e+01  2.8000e-01  2.8308e+10  1.3487e+00
  1.5849e+01  5.4844e+01  3.0000e-01  3.0375e+10  1.2783e+00
  1.5849e+01  5.4844e+01  3.2000e-01  2.0206e+10  1.1506e+00
  1.5849e+01  5.4844e+01  3.4000e-01  1.8198e+10  1.2292e+00
  1.5849e+01  5.4844e+01  3.6000e-01  1.3071e+10  1.3500e+00
  1.5849e+01  5.4844e+01  3.8000e-01  1.3664e+10  1.4734e+00
  1.5849e+01  5.4844e+01  4.0000e-01  1.9531e+10  1.9863e+00
  1.5849e+01  5.4844e+01  4.2000e-01  1.8776e+10  2.0181e+00
  1.5849e+01  5.4844e+01  4.4000e-01  6.8876e+07  1.0671e+00
  1.5849e+01  5.4844e+01  4.6000e-01  1.7278e+07  9.0748e-01
  1.5849e+01  5.4844e+01  4.8000e-01  6.9658e+07  8.5027e-01
  1.5849e+01  5.4844e+01  5.0000e-01  1.0389e+10  5.3531e-01
  1.5849e+01  5.4844e+01  5.2000e-01  4.9486e+09  4.1698e-01
  1.5849e+01  5.4844e+01  5.4000e-01  4.1786e+09  4.1917e-01
  1.5849e+01  5.4844e+01  5.6000e-01  3.6800e+09  4.2163e-01
  1.5849e+01  5.4844e+01  5.8000e-01  3.2250e+09  4.2157e-01
  1.5849e+01  5.4844e+01  6.0000e-01  2.8291e+09  4.2466e-01
  1.5849e+01  6.7002e+01  1.0000e-02  1.7003e+10  1.2904e+00
  1.5849e+01  6.7002e+01  2.0000e-02  1.6534e+10  1.2767e+00
  1.5849e+01  6.7002e+01  4.0000e-02  1.6074e+10  1.2586e+00
  1.5849e+01  6.7002e+01  6.0000e-02  1.6166e+10  1.2526e+00
  1.5849e+01  6.7002e+01  8.0000e-02  1.6020e+10  1.2537e+00
  1.5849e+01  6.7002e+01  1.0000e-01  1.6431e+10  1.2559e+00
  1.5849e+01  6.7002e+01  1.2000e-01  1.5919e+10  1.2556e+00
  1.5849e+01  6.7002e+01  1.4000e-01  1.5830e+10  1.2689e+00
  1.5849e+01  6.7002e+01  1.6000e-01  1.6800e+10  1.2780e+00
  1.5849e+01  6.7002e+01  1.8000e-01  1.6893e+10  1.2735e+00
  1.5849e+01  6.7002e+01  2.0000e-01  1.4965e+10  1.2651e+00
  1.5849e+01  6.7002e+01  2.2000e-01  1.3573e+10  1.2883e+00
  1.5849e+01  6.7002e+01  2.4000e-01  1.5473e+10  1.3483e+00
  1.5849e+01  6.7002e+01  2.6000e-01  1.9762e+10  1.3619e+00
  1.5849e+01  6.7002e+01  2.8000e-01  2.4943e+10  1.3421e+00
  1.5849e+01  6.7002e+01  3.0000e-01  3.2671e+10  1.6447e+00
  1.5849e+01  6.7002e+01  3.2000e-01  2.1683e+10  1.1556e+00
  1.5849e+01  6.7002e+01  3.4000e-01  1.8609e+10  1.1813e+00
  1.5849e+01  6.7002e+01  3.6000e-01  1.4325e+10  1.2970e+00
  1.5849e+01  6.7002e+01  3.8000e-01  1.2290e+10  1.3933e+00
  1.5849e+01  6.7002e+01  4.0000e-01  1.8067e+10  1.8247e+00
  1.5849e+01  6.7002e+01  4.2000e-01  4.9519e+09  1.5994e+00
  1.5849e+01  6.7002e+01  4.4000e-01  1.7340e+09  1.4051e+00
  1.5849e+01  6.7002e+01  4.6000e-01  1.2842e+07  8.9624e-01
  1.5849e+01  6.7002e+01  4.8000e-01  4.8132e+07  8.4775e-01
  1.5849e+01  6.7002e+01  5.0000e-01  7.6322e+09  5.8249e-01
  1.5849e+01  6.7002e+01  5.2000e-01  3.1871e+09  4.1965e-01
  1.5849e+01  6.7002e+01  5.4000e-01  2.6627e+09  4.2124e-01
  1.5849e+01  6.7002e+01  5.6000e-01  2.3364e+09  4.2559e-01
  1.5849e+01  6.7002e+01  5.8000e-01  2.0473e+09  4.2720e-01
  1.5849e+01  6.7002e+01  6.0000e-01  1.7689e+09  4.2748e-01
  1.5849e+01  8.1855e+01  1.0000e-02  1.6615e+10  1.2969e+00
  1.5849e+01  8.1855e+01  2.0000e-02  1.6765e+10  1.2865e+00
  1.5849e+01  8.1855e+01  4.0000e-02  1.6058e+10  1.2699e+00
  1.5849e+01  8.1855e+01  6.0000e-02  1.5882e+10  1.2593e+00
  1.5849e+01  8.1855e+01  8.0000e-02  1.5757e+10  1.2531e+00
  1.5849e+01  8.1855e+01  1.0000e-01  1.6009e+10  1.2548e+00
  1.5849e+01  8.1855e+01  1.2000e-01  1.5880e+10  1.2523e+00
  1.5849e+01  8.1855e+01  1.4000e-01  1.5470e+10  1.2588e+00
  1.5849e+01  8.1855e+01  1.6000e-01  1.6223e+10  1.2708e+00
  1.5849e+01  8.1855e+01  1.8000e-01  1.6975e+10  1.2704e+00
  1.5849e+01  8.1855e+01  2.0000e-01  1.5847e+10  1.2625e+00
  1.5849e+01  8.1855e+01  2.2000e-01  1.3546e+10  1.2657e+00
  1.5849e+01  8.1855e+01  2.4000e-01  1.3652e+10  1.3225e+00
  1.5849e+01  8.1855e+01  2.6000e-01  1.6795e+10  1.3623e+00
  1.5849e+01  8.1855e+01  2.8000e-01  2.1455e+10  1.3482e+00
  1.5849e+01  8.1855e+01  3.0000e-01  2.6508e+10  1.3542e+00
  1.5849e+01  8.1855e+01  3.2000e-01  2.8263e+10  1.2880e+00
  1.5849e+01  8.1855e+01  3.4000e-01  1.8367e+10  1.1462e+00
  1.5849e+01  8.1855e+01  3.6000e-01  1.5725e+10  1.2292e+00
  1.5849e+01  8.1855e+01  3.8000e-01  1.1236e+10  1.3623e+00
  1.5849e+01  8.1855e+01  4.0000e-01  1.3134e+10  1.5693e+00
  1.5849e+01  8.1855e+01  4.2000e-01  1.3046e+10  1.9211e+00
  1.5849e+01  8.1855e+01  4.4000e-01  1.6453e+10  2.0105e+00
  1.5849e+01  8.1855e+01  4.6000e-01  1.2121e+07  9.0112e-01
  1.5849e+01  8.1855e+01  4.8000e-01  2.9820e+07  8.5227e-01
  1.5849e+01  8.1855e+01  5.0000e-01  5.0075e+09  6.4911e-01
  1.5849e+01  8.1855e+01  5.2000e-01  2.0140e+09  4.2245e-01
  1.5849e+01  8.1855e+01  5.4000e-01  1.6601e+09  4.2170e-01
  1.5849e+01  8.1855e+01  5.6000e-01  1.4478e+09  4.2559e-01
  1.5849e+01  8.1855e+01  5.8000e-01  1.2614e+09  4.2876e-01
  1.5849e+01  8.1855e+01  6.0000e-01  1.0879e+09  4.2814e-01
  1.5849e+01  1.0000e+02  1.0000e-02  1.5848e+10  1.2976e+00
  1.5849e+01  1.0000e+02  2.0000e-02  1.6544e+10  1.2950e+00
  1.5849e+01  1.0000e+02  4.0000e-02  1.6246e+10  1.2812e+00
  1.5849e+01  1.0000e+02  6.0000e-02  1.5719e+10  1.2697e+00
  1.5849e+01  1.0000e+02  8.0000e-02  1.5583e+10  1.2611e+00
  1.5849e+01  1.0000e+02  1.0000e-01  1.5441e+10  1.2570e+00
  1.5849e+01  1.0000e+02  1.2000e-01  1.5683e+10  1.2540e+00
  1.5849e+01  1.0000e+02  1.4000e-01  1.5164e+10  1.2521e+00
  1.5849e+01  1.0000e+02  1.6000e-01  1.5268e+10  1.2630e+00
  1.5849e+01  1.0000e+02  1.8000e-01  1.6307e+10  1.2692e+00
  1.5849e+01  1.0000e+02  2.0000e-01  1.6423e+10  1.2629e+00
  1.5849e+01  1.0000e+02  2.2000e-01  1.4446e+10  1.2548e+00
  1.5849e+01  1.0000e+02  2.4000e-01  1.2617e+10  1.2799e+00
  1.5849e+01  1.0000e+02  2.6000e-01  1.3874e+10  1.3448e+00
  1.5849e+01  1.0000e+02  2.8000e-01  1.7431e+10  1.3625e+00
  1.5849e+01  1.0000e+02  3.0000e-01  2.1885e+10  1.3477e+00
  1.5849e+01  1.0000e+02  3.2000e-01  2.7422e+10  1.4852e+00
  1.5849e+01  1.0000e+02  3.4000e-01  2.0714e+10  1.1767e+00
  1.5849e+01  1.0000e+02  3.6000e-01  1.6219e+10  1.1680e+00
  1.5849e+01  1.0000e+02  3.8000e-01  1.2522e+10  1.2722e+00
  1.5849e+01  1.0000e+02  4.0000e-01  1.0139e+10  1.3859e+00
  1.5849e+01  1.0000e+02  4.2000e-01  1.3707e+10  1.7700e+00
  1.5849e+01  1.0000e+02  4.4000e-01  4.3691e+09  1.6313e+00
  1.5849e+01  1.0000e+02  4.6000e-01  5.1994e+09  1.6879e+00
  1.5849e+01  1.0000e+02  4.8000e-01  1.7092e+07  8.4323e-01
  1.5849e+01  1.0000e+02  5.0000e-01  2.7690e+09  7.4177e-01
  1.5849e+01  1.0000e+02  5.2000e-01  1.2530e+09  4.2672e-01
  1.5849e+01  1.0000e+02  5.4000e-01  1.0264e+09  4.2348e-01
  1.5849e+01  1.0000e+02  5.6000e-01  8.8989e+08  4.2698e-01
  1.5849e+01  1.0000e+02  5.8000e-01  7.7014e+08  4.2846e-01
  1.5849e+01  1.0000e+02  6.0000e-01  6.6719e+08  4.3300e-01
  1.5849e+01  1.5000e+02  1.0000e-02  1.4271e+10  1.2770e+00
  1.5849e+01  1.5000e+02  2.0000e-02  1.4858e+10  1.2924e+00
  1.5849e+01  1.5000e+02  4.0000e-02  1.5627e+10  1.2976e+00
  1.5849e+01  1.5000e+02  6.0000e-02  1.5634e+10  1.2913e+00
  1.5849e+01  1.5000e+02  8.0000e-02  1.5284e+10  1.2845e+00
  1.5849e+01  1.5000e+02  1.0000e-01  1.4917e+10  1.2787e+00
  1.5849e+01  1.5000e+02  1.2000e-01  1.4489e+10  1.2714e+00
  1.5849e+01  1.5000e+02  1.4000e-01  1.4408e+10  1.2686e+00
  1.5849e+01  1.5000e+02  1.6000e-01  1.4264e+10  1.2609e+00
  1.5849e+01  1.5000e+02  1.8000e-01  1.3609e+10  1.2567e+00
  1.5849e+01  1.5000e+02  2.0000e-01  1.3831e+10  1.2660e+00
  1.5849e+01  1.5000e+02  2.2000e-01  1.4730e+10  1.2705e+00
  1.5849e+01  1.5000e+02  2.4000e-01  1.4610e+10  1.2614e+00
  1.5849e+01  1.5000e+02  2.6000e-01  1.2578e+10  1.2491e+00
  1.5849e+01  1.5000e+02  2.8000e-01  1.0813e+10  1.2772e+00
  1.5849e+01  1.5000e+02  3.0000e-01  1.1568e+10  1.3435e+00
  1.5849e+01  1.5000e+02  3.2000e-01  1.4162e+10  1.3611e+00
  1.5849e+01  1.5000e+02  3.4000e-01  1.7365e+10  1.3545e+00
  1.5849e+01  1.5000e+02  3.6000e-01  2.1443e+10  1.4826e+00
  1.5849e+01  1.5000e+02  3.8000e-01  1.6122e+10  1.1992e+00
  1.5849e+01  1.5000e+02  4.0000e-01  1.1004e+10  1.1597e+00
  1.5849e+01  1.5000e+02  4.2000e-01  8.2800e+09  1.2643e+00
  1.5849e+01  1.5000e+02  4.4000e-01  6.3696e+09  1.3961e+00
  1.5849e+01  1.5000e+02  4.6000e-01  7.5953e+09  1.7952e+00
  1.5849e+01  1.5000e+02  4.8000e-01  5.6922e+09  1.8420e+00
  1.5849e+01  1.5000e+02  5.0000e-01  5.3638e+08  1.0006e+00
  1.5849e+01  1.5000e+02  5.2000e-01  4.7606e+08  4.3997e-01
  1.5849e+01  1.5000e+02  5.4000e-01  3.8704e+08  4.2907e-01
  1.5849e+01  1.5000e+02  5.6000e-01  3.3193e+08  4.2818e-01
  1.5849e+01  1.5000e+02  5.8000e-01  2.9130e+08  4.3672e-01
  1.5849e+01  1.5000e+02  6.0000e-01  2.4678e+08  4.3232e-01
  1.5849e+01  2.0000e+02  1.0000e-02  1.3934e+10  1.2624e+00
  1.5849e+01  2.0000e+02  2.0000e-02  1.3872e+10  1.2727e+00
  1.5849e+01  2.0000e+02  4.0000e-02  1.4207e+10  1.2906e+00
  1.5849e+01  2.0000e+02  6.0000e-02  1.4546e+10  1.2979e+00
  1.5849e+01  2.0000e+02  8.0000e-02  1.4612e+10  1.2973e+00
  1.5849e+01  2.0000e+02  1.0000e-01  1.4419e+10  1.2939e+00
  1.5849e+01  2.0000e+02  1.2000e-01  1.4062e+10  1.2900e+00
  1.5849e+01  2.0000e+02  1.4000e-01  1.3720e+10  1.2855e+00
  1.5849e+01  2.0000e+02  1.6000e-01  1.3219e+10  1.2806e+00
  1.5849e+01  2.0000e+02  1.8000e-01  1.3055e+10  1.2783e+00
  1.5849e+01  2.0000e+02  2.0000e-01  1.2725e+10  1.2707e+00
  1.5849e+01  2.0000e+02  2.2000e-01  1.1964e+10  1.2648e+00
  1.5849e+01  2.0000e+02  2.4000e-01  1.1831e+10  1.2715e+00
  1.5849e+01  2.0000e+02  2.6000e-01  1.2419e+10  1.2770e+00
  1.5849e+01  2.0000e+02  2.8000e-01  1.2520e+10  1.2709e+00
  1.5849e+01  2.0000e+02  3.0000e-01  1.1014e+10  1.2537e+00
  1.5849e+01  2.0000e+02  3.2000e-01  8.9466e+09  1.2549e+00
  1.5849e+01  2.0000e+02  3.4000e-01  8.4892e+09  1.3128e+00
  1.5849e+01  2.0000e+02  3.6000e-01  9.6896e+09  1.3467e+00
  1.5849e+01  2.0000e+02  3.8000e-01  1.1414e+10  1.3439e+00
  1.5849e+01  2.0000e+02  4.0000e-01  1.3372e+10  1.3724e+00
  1.5849e+01  2.0000e+02  4.2000e-01  1.3290e+10  1.3642e+00
  1.5849e+01  2.0000e+02  4.4000e-01  7.2940e+09  1.1883e+00
  1.5849e+01  2.0000e+02  4.6000e-01  4.4384e+09  1.2713e+00
  1.5849e+01  2.0000e+02  4.8000e-01  2.2367e+09  1.4319e+00
  1.5849e+01  2.0000e+02  5.0000e-01  2.6532e+08  1.3113e+00
  1.5849e+01  2.0000e+02  5.2000e-01  2.4292e+08  4.4944e-01
  1.5849e+01  2.0000e+02  5.4000e-01  2.0325e+08  4.4696e-01
  1.5849e+01  2.0000e+02  5.6000e-01  1.7953e+08  4.5982e-01
  1.5849e+01  2.0000e+02  5.8000e-01  1.5078e+08  4.4976e-01
  1.5849e+01  2.0000e+02  6.0000e-01  1.3326e+08  4.6559e-01
  1.5849e+01  2.5000e+02  1.0000e-02  1.4020e+10  1.2582e+00
  1.5849e+01  2.5000e+02  2.0000e-02  1.3655e+10  1.2615e+00
  1.5849e+01  2.5000e+02  4.0000e-02  1.3368e+10  1.2739e+00
  1.5849e+01  2.5000e+02  6.0000e-02  1.3382e+10  1.2868e+00
  1.5849e+01  2.5000e+02  8.0000e-02  1.3448e+10  1.2950e+00
  1.5849e+01  2.5000e+02  1.0000e-01  1.3422e+10  1.2985e+00
  1.5849e+01  2.5000e+02  1.2000e-01  1.3279e+10  1.2985e+00
  1.5849e+01  2.5000e+02  1.4000e-01  1.2985e+10  1.2969e+00
  1.5849e+01  2.5000e+02  1.6000e-01  1.2658e+10  1.2952e+00
  1.5849e+01  2.5000e+02  1.8000e-01  1.2248e+10  1.2919e+00
  1.5849e+01  2.5000e+02  2.0000e-01  1.1747e+10  1.2892e+00
  1.5849e+01  2.5000e+02  2.2000e-01  1.1478e+10  1.2879e+00
  1.5849e+01  2.5000e+02  2.4000e-01  1.1086e+10  1.2816e+00
  1.5849e+01  2.5000e+02  2.6000e-01  1.0307e+10  1.2745e+00
  1.5849e+01  2.5000e+02  2.8000e-01  9.7571e+09  1.2776e+00
  1.5849e+01  2.5000e+02  3.0000e-01  9.8724e+09  1.2860e+00
  1.5849e+01  2.5000e+02  3.2000e-01  1.0056e+10  1.2850e+00
  1.5849e+01  2.5000e+02  3.4000e-01  9.2558e+09  1.2708e+00
  1.5849e+01  2.5000e+02  3.6000e-01  7.4188e+09  1.2492e+00
  1.5849e+01  2.5000e+02  3.8000e-01  5.9610e+09  1.2646e+00
  1.5849e+01  2.5000e+02  4.0000e-01  5.7134e+09  1.3148e+00
  1.5849e+01  2.5000e+02  4.2000e-01  6.1461e+09  1.3264e+00
  1.5849e+01  2.5000e+02  4.4000e-01  6.5018e+09  1.3582e+00
  1.5849e+01  2.5000e+02  4.6000e-01  6.5013e+09  1.5844e+00
  1.5849e+01  2.5000e+02  4.8000e-01  2.6083e+09  1.2263e+00
  1.5849e+01  2.5000e+02  5.0000e-01  3.4034e+08  1.4140e+00
  1.5849e+01  2.5000e+02  5.2000e-01  1.4894e+08  4.6967e-01
  1.5849e+01  2.5000e+02  5.4000e-01  1.2475e+08  4.6672e-01
  1.5849e+01  2.5000e+02  5.6000e-01  1.1363e+08  4.8803e-01
  1.5849e+01  2.5000e+02  5.8000e-01  9.7980e+07  4.9467e-01
  1.5849e+01  2.5000e+02  6.0000e-01  8.2677e+07  4.9214e-01
  1.5849e+01  3.0000e+02  1.0000e-02  1.4511e+10  1.2512e+00
  1.5849e+01  3.0000e+02  2.0000e-02  1.3727e+10  1.2581e+00
  1.5849e+01  3.0000e+02  4.0000e-02  1.3126e+10  1.2623e+00
  1.5849e+01  3.0000e+02  6.0000e-02  1.2746e+10  1.2710e+00
  1.5849e+01  3.0000e+02  8.0000e-02  1.2535e+10  1.2803e+00
  1.5849e+01  3.0000e+02  1.0000e-01  1.2400e+10  1.2889e+00
  1.5849e+01  3.0000e+02  1.2000e-01  1.2262e+10  1.2950e+00
  1.5849e+01  3.0000e+02  1.4000e-01  1.2059e+10  1.2978e+00
  1.5849e+01  3.0000e+02  1.6000e-01  1.1785e+10  1.2990e+00
  1.5849e+01  3.0000e+02  1.8000e-01  1.1440e+10  1.2996e+00
  1.5849e+01  3.0000e+02  2.0000e-01  1.1091e+10  1.2991e+00
  1.5849e+01  3.0000e+02  2.2000e-01  1.0613e+10  1.2971e+00
  1.5849e+01  3.0000e+02  2.4000e-01  1.0095e+10  1.2959e+00
  1.5849e+01  3.0000e+02  2.6000e-01  9.7445e+09  1.2964e+00
  1.5849e+01  3.0000e+02  2.8000e-01  9.3248e+09  1.2930e+00
  1.5849e+01  3.0000e+02  3.0000e-01  8.5762e+09  1.2857e+00
  1.5849e+01  3.0000e+02  3.2000e-01  7.7942e+09  1.2838e+00
  1.5849e+01  3.0000e+02  3.4000e-01  7.4289e+09  1.2929e+00
  1.5849e+01  3.0000e+02  3.6000e-01  7.3765e+09  1.3006e+00
  1.5849e+01  3.0000e+02  3.8000e-01  6.9682e+09  1.2939e+00
  1.5849e+01  3.0000e+02  4.0000e-01  5.6740e+09  1.2715e+00
  1.5849e+01  3.0000e+02  4.2000e-01  4.0727e+09  1.2480e+00
  1.5849e+01  3.0000e+02  4.4000e-01  3.0021e+09  1.2619e+00
  1.5849e+01  3.0000e+02  4.6000e-01  2.5198e+09  1.2849e+00
  1.5849e+01  3.0000e+02  4.8000e-01  2.0488e+09  1.3415e+00
  1.5849e+01  3.0000e+02  5.0000e-01  2.9899e+08  1.5263e+00
  1.5849e+01  3.0000e+02  5.2000e-01  8.3719e+07  5.2183e-01
  1.5849e+01  3.0000e+02  5.4000e-01  6.7827e+07  5.2175e-01
  1.5849e+01  3.0000e+02  5.6000e-01  5.9553e+07  5.1838e-01
  1.5849e+01  3.0000e+02  5.8000e-01  5.2535e+07  5.2704e-01
  1.5849e+01  3.0000e+02  6.0000e-01  4.4318e+07  5.1092e-01
  2.1544e+01  3.3246e+00  1.0000e-02  1.5804e+10  1.2102e+00
  2.1544e+01  3.3246e+00  2.0000e-02  1.5728e+10  1.2202e+00
  2.1544e+01  3.3246e+00  4.0000e-02  1.5201e+10  1.2303e+00
  2.1544e+01  3.3246e+00  6.0000e-02  1.5634e+10  1.2209e+00
  2.1544e+01  3.3246e+00  8.0000e-02  1.5534e+10  1.2193e+00
  2.1544e+01  3.3246e+00  1.0000e-01  1.6542e+10  1.1884e+00
  2.1544e+01  3.3246e+00  1.2000e-01  1.4442e+10  1.1557e+00
  2.1544e+01  3.3246e+00  1.4000e-01  9.5940e+09  1.3392e+00
  2.1544e+01  3.3246e+00  1.6000e-01  1.3416e+10  1.2326e+00
  2.1544e+01  3.3246e+00  1.8000e-01  1.8088e+10  1.1797e+00
  2.1544e+01  3.3246e+00  2.0000e-01  2.2021e+10  1.1731e+00
  2.1544e+01  3.3246e+00  2.2000e-01  2.3919e+10  1.2081e+00
  2.1544e+01  3.3246e+00  2.4000e-01  2.4067e+10  1.2586e+00
  2.1544e+01  3.3246e+00  2.6000e-01  2.2191e+10  1.3273e+00
  2.1544e+01  3.3246e+00  2.8000e-01  1.8782e+10  1.4468e+00
  2.1544e+01  3.3246e+00  3.0000e-01  1.5515e+10  1.5900e+00
  2.1544e+01  3.3246e+00  3.2000e-01  1.4827e+10  1.6479e+00
  2.1544e+01  3.3246e+00  3.4000e-01  9.6569e+09  1.8398e+00
  2.1544e+01  3.3246e+00  3.6000e-01  6.2877e+09  1.6904e+00
  2.1544e+01  3.3246e+00  3.8000e-01  2.3647e+09  1.8985e+00
  2.1544e+01  3.3246e+00  4.0000e-01  3.9775e+09  1.6234e+00
  2.1544e+01  3.3246e+00  4.2000e-01  1.9196e+10  1.3838e+00
  2.1544e+01  3.3246e+00  4.4000e-01  3.3929e+09  1.2285e+00
  2.1544e+01  3.3246e+00  4.6000e-01  8.9170e+06  8.2832e-01
  2.1544e+01  3.3246e+00  4.8000e-01  1.2901e+09  1.0930e+00
  2.1544e+01  3.3246e+00  5.0000e-01  3.4932e+10  3.5840e-01
  2.1544e+01  3.3246e+00  5.2000e-01  2.9019e+10  3.6490e-01
  2.1544e+01  3.3246e+00  5.4000e-01  1.6265e+10  4.9973e-01
  2.1544e+01  3.3246e+00  5.6000e-01  7.8324e+09  8.4714e-01
  2.1544e+01  3.3246e+00  5.8000e-01  5.6471e+09  1.1645e+00
  2.1544e+01  3.3246e+00  6.0000e-01  6.5226e+09  1.1965e+00
  2.1544e+01  4.0616e+00  1.0000e-02  1.4209e+10  1.1847e+00
  2.1544e+01  4.0616e+00  2.0000e-02  1.3870e+10  1.1970e+00
  2.1544e+01  4.0616e+00  4.0000e-02  1.3357e+10  1.1973e+00
  2.1544e+01  4.0616e+00  6.0000e-02  1.3479e+10  1.1674e+00
  2.1544e+01  4.0616e+00  8.0000e-02  1.3872e+10  1.1748e+00
  2.1544e+01  4.0616e+00  1.0000e-01  1.6488e+10  1.0856e+00
  2.1544e+01  4.0616e+00  1.2000e-01  1.5010e+10  1.0283e+00
  2.1544e+01  4.0616e+00  1.4000e-01  9.4477e+09  1.0770e+00
  2.1544e+01  4.0616e+00  1.6000e-01  1.1620e+10  1.1509e+00
  2.1544e+01  4.0616e+00  1.8000e-01  1.6092e+10  1.1129e+00
  2.1544e+01  4.0616e+00  2.0000e-01  2.3322e+10  1.1534e+00
  2.1544e+01  4.0616e+00  2.2000e-01  2.5774e+10  1.2224e+00
  2.1544e+01  4.0616e+00  2.4000e-01  2.5884e+10  1.3341e+00
  2.1544e+01  4.0616e+00  2.6000e-01  2.3579e+10  1.4506e+00
  2.1544e+01  4.0616e+00  2.8000e-01  2.0729e+10  1.5741e+00
  2.1544e+01  4.0616e+00  3.0000e-01  1.7980e+10  1.6246e+00
  2.1544e+01  4.0616e+00  3.2000e-01  1.5550e+10  1.6863e+00
  2.1544e+01  4.0616e+00  3.4000e-01  1.0743e+10  1.8020e+00
  2.1544e+01  4.0616e+00  3.6000e-01  6.4175e+09  1.6457e+00
  2.1544e+01  4.0616e+00  3.8000e-01  2.3365e+09  1.8993e+00
  2.1544e+01  4.0616e+00  4.0000e-01  4.1346e+09  1.6162e+00
  2.1544e+01  4.0616e+00  4.2000e-01  1.9421e+10  1.3838e+00
  2.1544e+01  4.0616e+00  4.4000e-01  3.4184e+09  1.2156e+00
  2.1544e+01  4.0616e+00  4.6000e-01  7.2366e+06  6.7149e-01
  2.1544e+01  4.0616e+00  4.8000e-01  4.4281e+09  1.7044e+00
  2.1544e+01  4.0616e+00  5.0000e-01  3.4266e+10  3.6117e-01
  2.1544e+01  4.0616e+00  5.2000e-01  3.1081e+10  3.6484e-01
  2.1544e+01  4.0616e+00  5.4000e-01  2.1070e+10  3.8715e-01
  2.1544e+01  4.0616e+00  5.6000e-01  9.5416e+09  5.3356e-01
  2.1544e+01  4.0616e+00  5.8000e-01  5.6759e+09  9.5032e-01
  2.1544e+01  4.0616e+00  6.0000e-01  4.6785e+09  1.1998e+00
  2.1544e+01  4.9619e+00  1.0000e-02  1.5736e+10  1.0440e+00
  2.1544e+01  4.9619e+00  2.0000e-02  1.5728e+10  1.0426e+00
  2.1544e+01  4.9619e+00  4.0000e-02  1.5625e+10  1.0431e+00
  2.1544e+01  4.9619e+00  6.0000e-02  1.5956e+10  1.0449e+00
  2.1544e+01  4.9619e+00  8.0000e-02  1.5153e+10  1.0695e+00
  2.1544e+01  4.9619e+00  1.0000e-01  2.0852e+10  1.0894e+00
  2.1544e+01  4.9619e+00  1.2000e-01  1.9343e+10  1.0746e+00
  2.1544e+01  4.9619e+00  1.4000e-01  1.2683e+10  1.0829e+00
  2.1544e+01  4.9619e+00  1.6000e-01  1.1961e+10  1.1932e+00
  2.1544e+01  4.9619e+00  1.8000e-01  1.5862e+10  1.2396e+00
  2.1544e+01  4.9619e+00  2.0000e-01  1.9946e+10  1.2405e+00
  2.1544e+01  4.9619e+00  2.2000e-01  2.5020e+10  1.2648e+00
  2.1544e+01  4.9619e+00  2.4000e-01  2.8540e+10  1.4194e+00
  2.1544e+01  4.9619e+00  2.6000e-01  2.5850e+10  1.5808e+00
  2.1544e+01  4.9619e+00  2.8000e-01  2.5649e+10  1.5603e+00
  2.1544e+01  4.9619e+00  3.0000e-01  2.1412e+10  1.5956e+00
  2.1544e+01  4.9619e+00  3.2000e-01  1.4727e+10  1.8098e+00
  2.1544e+01  4.9619e+00  3.4000e-01  1.0644e+10  1.7204e+00
  2.1544e+01  4.9619e+00  3.6000e-01  6.4757e+09  1.6221e+00
  2.1544e+01  4.9619e+00  3.8000e-01  2.1998e+09  1.9131e+00
  2.1544e+01  4.9619e+00  4.0000e-01  4.1585e+09  1.6072e+00
  2.1544e+01  4.9619e+00  4.2000e-01  1.9988e+10  1.3909e+00
  2.1544e+01  4.9619e+00  4.4000e-01  3.3714e+09  1.2078e+00
  2.1544e+01  4.9619e+00  4.6000e-01  6.8544e+06  5.8254e-01
  2.1544e+01  4.9619e+00  4.8000e-01  5.4678e+09  1.8340e+00
  2.1544e+01  4.9619e+00  5.0000e-01  3.3658e+10  3.6477e-01
  2.1544e+01  4.9619e+00  5.2000e-01  3.1814e+10  3.5817e-01
  2.1544e+01  4.9619e+00  5.4000e-01  2.5781e+10  3.7602e-01
  2.1544e+01  4.9619e+00  5.6000e-01  1.5710e+10  4.5262e-01
  2.1544e+01  4.9619e+00  5.8000e-01  7.7826e+09  5.6150e-01
  2.1544e+01  4.9619e+00  6.0000e-01  2.9309e+09  9.0006e-01
  2.1544e+01  6.0619e+00  1.0000e-02  1.8073e+10  1.1283e+00
  2.1544e+01  6.0619e+00  2.0000e-02  1.8334e+10  1.1252e+00
  2.1544e+01  6.0619e+00  4.0000e-02  1.8035e+10  1.1229e+00
  2.1544e+01  6.0619e+00  6.0000e-02  1.7836e+10  1.1240e+00
  2.1544e+01  6.0619e+00  8.0000e-02  1.5099e+10  1.1295e+00
  2.1544e+01  6.0619e+00  1.0000e-01  1.8582e+10  1.1878e+00
  2.1544e+01  6.0619e+00  1.2000e-01  2.0218e+10  1.2390e+00
  2.1544e+01  6.0619e+00  1.4000e-01  1.3701e+10  1.1622e+00
  2.1544e+01  6.0619e+00  1.6000e-01  9.9032e+09  1.1863e+00
  2.1544e+01  6.0619e+00  1.8000e-01  1.1325e+10  1.2338e+00
  2.1544e+01  6.0619e+00  2.0000e-01  1.6879e+10  1.2394e+00
  2.1544e+01  6.0619e+00  2.2000e-01  2.5729e+10  1.2952e+00
  2.1544e+01  6.0619e+00  2.4000e-01  3.0146e+10  1.5506e+00
  2.1544e+01  6.0619e+00  2.6000e-01  2.8849e+10  1.5948e+00
  2.1544e+01  6.0619e+00  2.8000e-01  2.5006e+10  1.6030e+00
  2.1544e+01  6.0619e+00  3.0000e-01  1.8298e+10  1.7302e+00
  2.1544e+01  6.0619e+00  3.2000e-01  1.5019e+10  1.8541e+00
  2.1544e+01  6.0619e+00  3.4000e-01  1.0580e+10  1.6836e+00
  2.1544e+01  6.0619e+00  3.6000e-01  6.3877e+09  1.6112e+00
  2.1544e+01  6.0619e+00  3.8000e-01  2.1836e+09  1.9440e+00
  2.1544e+01  6.0619e+00  4.0000e-01  4.1565e+09  1.5947e+00
  2.1544e+01  6.0619e+00  4.2000e-01  2.0638e+10  1.3935e+00
  2.1544e+01  6.0619e+00  4.4000e-01  3.3027e+09  1.1963e+00
  2.1544e+01  6.0619e+00  4.6000e-01  5.5506e+06  5.0998e-01
  2.1544e+01  6.0619e+00  4.8000e-01  5.9579e+09  1.8904e+00
  2.1544e+01  6.0619e+00  5.0000e-01  3.2894e+10  3.6746e-01
  2.1544e+01  6.0619e+00  5.2000e-01  3.1273e+10  3.5824e-01
  2.1544e+01  6.0619e+00  5.4000e-01  2.8026e+10  3.6957e-01
  2.1544e+01  6.0619e+00  5.6000e-01  2.2477e+10  3.8729e-01
  2.1544e+01  6.0619e+00  5.8000e-01  1.4195e+10  4.5968e-01
  2.1544e+01  6.0619e+00  6.0000e-01  7.1715e+09  6.4250e-01
  2.1544e+01  7.4057e+00  1.0000e-02  1.6957e+10  1.2124e+00
  2.1544e+01  7.4057e+00  2.0000e-02  1.7079e+10  1.2169e+00
  2.1544e+01  7.4057e+00  4.0000e-02  1.6882e+10  1.2225e+00
  2.1544e+01  7.4057e+00  6.0000e-02  1.8418e+10  1.2439e+00
  2.1544e+01  7.4057e+00  8.0000e-02  1.5535e+10  1.2134e+00
  2.1544e+01  7.4057e+00  1.0000e-01  1.7849e+10  1.2444e+00
  2.1544e+01  7.4057e+00  1.2000e-01  2.2228e+10  1.2601e+00
  2.1544e+01  7.4057e+00  1.4000e-01  1.7088e+10  1.2230e+00
  2.1544e+01  7.4057e+00  1.6000e-01  1.2515e+10  1.1658e+00
  2.1544e+01  7.4057e+00  1.8000e-01  1.4514e+10  1.3065e+00
  2.1544e+01  7.4057e+00  2.0000e-01  2.2012e+10  1.3583e+00
  2.1544e+01  7.4057e+00  2.2000e-01  3.0879e+10  1.4391e+00
  2.1544e+01  7.4057e+00  2.4000e-01  3.1946e+10  1.5755e+00
  2.1544e+01  7.4057e+00  2.6000e-01  2.9299e+10  1.5729e+00
  2.1544e+01  7.4057e+00  2.8000e-01  2.3808e+10  1.6514e+00
  2.1544e+01  7.4057e+00  3.0000e-01  1.6969e+10  1.8277e+00
  2.1544e+01  7.4057e+00  3.2000e-01  1.4937e+10  1.7916e+00
  2.1544e+01  7.4057e+00  3.4000e-01  1.0543e+10  1.6603e+00
  2.1544e+01  7.4057e+00  3.6000e-01  6.3806e+09  1.6145e+00
  2.1544e+01  7.4057e+00  3.8000e-01  2.2203e+09  1.9759e+00
  2.1544e+01  7.4057e+00  4.0000e-01  4.0784e+09  1.5797e+00
  2.1544e+01  7.4057e+00  4.2000e-01  2.1622e+10  1.4033e+00
  2.1544e+01  7.4057e+00  4.4000e-01  3.1984e+09  1.1820e+00
  2.1544e+01  7.4057e+00  4.6000e-01  9.7339e+06  6.8232e-01
  2.1544e+01  7.4057e+00  4.8000e-01  5.8830e+09  1.9024e+00
  2.1544e+01  7.4057e+00  5.0000e-01  3.2066e+10  3.7264e-01
  2.1544e+01  7.4057e+00  5.2000e-01  3.0335e+10  3.5697e-01
  2.1544e+01  7.4057e+00  5.4000e-01  2.8779e+10  3.6366e-01
  2.1544e+01  7.4057e+00  5.6000e-01  2.5430e+10  3.7542e-01
  2.1544e+01  7.4057e+00  5.8000e-01  2.0012e+10  4.0487e-01
  2.1544e+01  7.4057e+00  6.0000e-01  1.3522e+10  4.8016e-01
  2.1544e+01  9.0474e+00  1.0000e-02  1.9198e+10  1.2794e+00
  2.1544e+01  9.0474e+00  2.0000e-02  1.9177e+10  1.2762e+00
  2.1544e+01  9.0474e+00  4.0000e-02  1.8646e+10  1.2686e+00
  2.1544e+01  9.0474e+00  6.0000e-02  2.0914e+10  1.2804e+00
  2.1544e+01  9.0474e+00  8.0000e-02  1.6611e+10  1.2416e+00
  2.1544e+01  9.0474e+00  1.0000e-01  2.0441e+10  1.2802e+00
  2.1544e+01  9.0474e+00  1.2000e-01  2.4056e+10  1.2737e+00
  2.1544e+01  9.0474e+00  1.4000e-01  1.7326e+10  1.2275e+00
  2.1544e+01  9.0474e+00  1.6000e-01  1.4303e+10  1.2511e+00
  2.1544e+01  9.0474e+00  1.8000e-01  1.8755e+10  1.4161e+00
  2.1544e+01  9.0474e+00  2.0000e-01  2.6657e+10  1.4506e+00
  2.1544e+01  9.0474e+00  2.2000e-01  3.2599e+10  1.5351e+00
  2.1544e+01  9.0474e+00  2.4000e-01  3.0844e+10  1.5637e+00
  2.1544e+01  9.0474e+00  2.6000e-01  2.7289e+10  1.5861e+00
  2.1544e+01  9.0474e+00  2.8000e-01  2.1574e+10  1.7151e+00
  2.1544e+01  9.0474e+00  3.0000e-01  1.8376e+10  1.8766e+00
  2.1544e+01  9.0474e+00  3.2000e-01  1.4791e+10  1.7518e+00
  2.1544e+01  9.0474e+00  3.4000e-01  1.0637e+10  1.6535e+00
  2.1544e+01  9.0474e+00  3.6000e-01  6.4419e+09  1.6284e+00
  2.1544e+01  9.0474e+00  3.8000e-01  2.3400e+09  1.9970e+00
  2.1544e+01  9.0474e+00  4.0000e-01  3.9153e+09  1.5700e+00
  2.1544e+01  9.0474e+00  4.2000e-01  2.2680e+10  1.4167e+00
  2.1544e+01  9.0474e+00  4.4000e-01  2.9782e+09  1.1852e+00
  2.1544e+01  9.0474e+00  4.6000e-01  1.8699e+07  9.1166e-01
  2.1544e+01  9.0474e+00  4.8000e-01  5.4711e+09  1.8985e+00
  2.1544e+01  9.0474e+00  5.0000e-01  3.1048e+10  3.7781e-01
  2.1544e+01  9.0474e+00  5.2000e-01  2.8918e+10  3.5798e-01
  2.1544e+01  9.0474e+00  5.4000e-01  2.8018e+10  3.6253e-01
  2.1544e+01  9.0474e+00  5.6000e-01  2.6228e+10  3.6605e-01
  2.1544e+01  9.0474e+00  5.8000e-01  2.3501e+10  3.7690e-01
  2.1544e+01  9.0474e+00  6.0000e-01  1.9656e+10  3.9401e-01
  2.1544e+01  1.1053e+01  1.0000e-02  1.7201e+10  1.3150e+00
  2.1544e+01  1.1053e+01  2.0000e-02  1.7514e+10  1.3082e+00
  2.1544e+01  1.1053e+01  4.0000e-02  1.7233e+10  1.2974e+00
  2.1544e+01  1.1053e+01  6.0000e-02  1.8560e+10  1.2973e+00
  2.1544e+01  1.1053e+01  8.0000e-02  1.6292e+10  1.2778e+00
  2.1544e+01  1.1053e+01  1.0000e-01  1.8962e+10  1.2938e+00
  2.1544e+01  1.1053e+01  1.2000e-01  2.1090e+10  1.2840e+00
  2.1544e+01  1.1053e+01  1.4000e-01  1.6724e+10  1.2491e+00
  2.1544e+01  1.1053e+01  1.6000e-01  1.7342e+10  1.3066e+00
  2.1544e+01  1.1053e+01  1.8000e-01  2.2935e+10  1.4617e+00
  2.1544e+01  1.1053e+01  2.0000e-01  2.9344e+10  1.5288e+00
  2.1544e+01  1.1053e+01  2.2000e-01  3.2778e+10  1.5570e+00
  2.1544e+01  1.1053e+01  2.4000e-01  2.9574e+10  1.5709e+00
  2.1544e+01  1.1053e+01  2.6000e-01  2.5592e+10  1.6016e+00
  2.1544e+01  1.1053e+01  2.8000e-01  2.0604e+10  1.7496e+00
  2.1544e+01  1.1053e+01  3.0000e-01  1.9713e+10  1.8714e+00
  2.1544e+01  1.1053e+01  3.2000e-01  1.4877e+10  1.7334e+00
  2.1544e+01  1.1053e+01  3.4000e-01  1.0875e+10  1.6606e+00
  2.1544e+01  1.1053e+01  3.6000e-01  6.6079e+09  1.6491e+00
  2.1544e+01  1.1053e+01  3.8000e-01  2.5258e+09  2.0174e+00
  2.1544e+01  1.1053e+01  4.0000e-01  3.6467e+09  1.5596e+00
  2.1544e+01  1.1053e+01  4.2000e-01  2.4017e+10  1.4305e+00
  2.1544e+01  1.1053e+01  4.4000e-01  2.3398e+09  1.1731e+00
  2.1544e+01  1.1053e+01  4.6000e-01  2.6396e+07  8.8256e-01
  2.1544e+01  1.1053e+01  4.8000e-01  4.9339e+09  1.8718e+00
  2.1544e+01  1.1053e+01  5.0000e-01  2.9792e+10  3.8369e-01
  2.1544e+01  1.1053e+01  5.2000e-01  2.7327e+10  3.6077e-01
  2.1544e+01  1.1053e+01  5.4000e-01  2.6649e+10  3.6245e-01
  2.1544e+01  1.1053e+01  5.6000e-01  2.5460e+10  3.6394e-01
  2.1544e+01  1.1053e+01  5.8000e-01  2.3768e+10  3.6937e-01
  2.1544e+01  1.1053e+01  6.0000e-01  2.1730e+10  3.7621e-01
  2.1544e+01  1.3503e+01  1.0000e-02  1.6512e+10  1.3381e+00
  2.1544e+01  1.3503e+01  2.0000e-02  1.6160e+10  1.3356e+00
  2.1544e+01  1.3503e+01  4.0000e-02  1.5584e+10  1.3238e+00
  2.1544e+01  1.3503e+01  6.0000e-02  1.7125e+10  1.3160e+00
  2.1544e+01  1.3503e+01  8.0000e-02  1.3994e+10  1.2879e+00
  2.1544e+01  1.3503e+01  1.0000e-01  1.7201e+10  1.3079e+00
  2.1544e+01  1.3503e+01  1.2000e-01  1.8170e+10  1.2984e+00
  2.1544e+01  1.3503e+01  1.4000e-01  1.6389e+10  1.2855e+00
  2.1544e+01  1.3503e+01  1.6000e-01  1.8880e+10  1.3571e+00
  2.1544e+01  1.3503e+01  1.8000e-01  2.5413e+10  1.4743e+00
  2.1544e+01  1.3503e+01  2.0000e-01  3.0377e+10  1.5588e+00
  2.1544e+01  1.3503e+01  2.2000e-01  3.2459e+10  1.5691e+00
  2.1544e+01  1.3503e+01  2.4000e-01  2.9259e+10  1.5654e+00
  2.1544e+01  1.3503e+01  2.6000e-01  2.5404e+10  1.6043e+00
  2.1544e+01  1.3503e+01  2.8000e-01  2.1323e+10  1.7426e+00
  2.1544e+01  1.3503e+01  3.0000e-01  2.0439e+10  1.8372e+00
  2.1544e+01  1.3503e+01  3.2000e-01  1.5402e+10  1.7354e+00
  2.1544e+01  1.3503e+01  3.4000e-01  1.1392e+10  1.6820e+00
  2.1544e+01  1.3503e+01  3.6000e-01  6.9438e+09  1.6859e+00
  2.1544e+01  1.3503e+01  3.8000e-01  2.7912e+09  2.0291e+00
  2.1544e+01  1.3503e+01  4.0000e-01  3.2196e+09  1.5612e+00
  2.1544e+01  1.3503e+01  4.2000e-01  2.5668e+10  1.4407e+00
  2.1544e+01  1.3503e+01  4.4000e-01  1.2124e+09  1.1618e+00
  2.1544e+01  1.3503e+01  4.6000e-01  3.2076e+07  9.0026e-01
  2.1544e+01  1.3503e+01  4.8000e-01  4.3154e+09  1.8391e+00
  2.1544e+01  1.3503e+01  5.0000e-01  2.8354e+10  3.8919e-01
  2.1544e+01  1.3503e+01  5.2000e-01  2.5524e+10  3.6224e-01
  2.1544e+01  1.3503e+01  5.4000e-01  2.4757e+10  3.6163e-01
  2.1544e+01  1.3503e+01  5.6000e-01  2.3832e+10  3.6554e-01
  2.1544e+01  1.3503e+01  5.8000e-01  2.2633e+10  3.6815e-01
  2.1544e+01  1.3503e+01  6.0000e-01  2.1230e+10  3.7134e-01
  2.1544e+01  1.6496e+01  1.0000e-02  1.6702e+10  1.3242e+00
  2.1544e+01  1.6496e+01  2.0000e-02  1.6437e+10  1.3285e+00
  2.1544e+01  1.6496e+01  4.0000e-02  1.5825e+10  1.3285e+00
  2.1544e+01  1.6496e+01  6.0000e-02  1.6712e+10  1.3273e+00
  2.1544e+01  1.6496e+01  8.0000e-02  1.4408e+10  1.3139e+00
  2.1544e+01  1.6496e+01  1.0000e-01  1.5727e+10  1.3264e+00
  2.1544e+01  1.6496e+01  1.2000e-01  1.7788e+10  1.3152e+00
  2.1544e+01  1.6496e+01  1.4000e-01  1.6305e+10  1.3090e+00
  2.1544e+01  1.6496e+01  1.6000e-01  1.8994e+10  1.3887e+00
  2.1544e+01  1.6496e+01  1.8000e-01  2.5597e+10  1.4713e+00
  2.1544e+01  1.6496e+01  2.0000e-01  3.0928e+10  1.5471e+00
  2.1544e+01  1.6496e+01  2.2000e-01  3.1984e+10  1.5881e+00
  2.1544e+01  1.6496e+01  2.4000e-01  2.9903e+10  1.5466e+00
  2.1544e+01  1.6496e+01  2.6000e-01  2.6480e+10  1.5736e+00
  2.1544e+01  1.6496e+01  2.8000e-01  2.3346e+10  1.6926e+00
  2.1544e+01  1.6496e+01  3.0000e-01  2.1066e+10  1.7834e+00
  2.1544e+01  1.6496e+01  3.2000e-01  1.6785e+10  1.7328e+00
  2.1544e+01  1.6496e+01  3.4000e-01  1.2328e+10  1.7012e+00
  2.1544e+01  1.6496e+01  3.6000e-01  7.5453e+09  1.7328e+00
  2.1544e+01  1.6496e+01  3.8000e-01  3.1397e+09  2.0321e+00
  2.1544e+01  1.6496e+01  4.0000e-01  2.6952e+09  1.5833e+00
  2.1544e+01  1.6496e+01  4.2000e-01  2.7897e+10  1.4716e+00
  2.1544e+01  1.6496e+01  4.4000e-01  5.7799e+08  1.1734e+00
  2.1544e+01  1.6496e+01  4.6000e-01  3.4897e+07  8.4913e-01
  2.1544e+01  1.6496e+01  4.8000e-01  3.6135e+09  1.8064e+00
  2.1544e+01  1.6496e+01  5.0000e-01  2.6673e+10  3.9869e-01
  2.1544e+01  1.6496e+01  5.2000e-01  2.3350e+10  3.6726e-01
  2.1544e+01  1.6496e+01  5.4000e-01  2.2558e+10  3.6518e-01
  2.1544e+01  1.6496e+01  5.6000e-01  2.1695e+10  3.6668e-01
  2.1544e+01  1.6496e+01  5.8000e-01  2.0643e+10  3.6838e-01
  2.1544e+01  1.6496e+01  6.0000e-01  1.9536e+10  3.7096e-01
  2.1544e+01  2.0153e+01  1.0000e-02  1.6660e+10  1.3097e+00
  2.1544e+01  2.0153e+01  2.0000e-02  1.6578e+10  1.3155e+00
  2.1544e+01  2.0153e+01  4.0000e-02  1.6107e+10  1.3195e+00
  2.1544e+01  2.0153e+01  6.0000e-02  1.6647e+10  1.3255e+00
  2.1544e+01  2.0153e+01  8.0000e-02  1.5250e+10  1.3155e+00
  2.1544e+01  2.0153e+01  1.0000e-01  1.5019e+10  1.3253e+00
  2.1544e+01  2.0153e+01  1.2000e-01  1.7160e+10  1.3219e+00
  2.1544e+01  2.0153e+01  1.4000e-01  1.6710e+10  1.3133e+00
  2.1544e+01  2.0153e+01  1.6000e-01  1.8085e+10  1.3800e+00
  2.1544e+01  2.0153e+01  1.8000e-01  2.3840e+10  1.4719e+00
  2.1544e+01  2.0153e+01  2.0000e-01  3.0078e+10  1.5207e+00
  2.1544e+01  2.0153e+01  2.2000e-01  3.1791e+10  1.5937e+00
  2.1544e+01  2.0153e+01  2.4000e-01  3.1629e+10  1.5336e+00
  2.1544e+01  2.0153e+01  2.6000e-01  2.8053e+10  1.5078e+00
  2.1544e+01  2.0153e+01  2.8000e-01  2.5901e+10  1.6085e+00
  2.1544e+01  2.0153e+01  3.0000e-01  2.2175e+10  1.7088e+00
  2.1544e+01  2.0153e+01  3.2000e-01  1.8767e+10  1.7171e+00
  2.1544e+01  2.0153e+01  3.4000e-01  1.3786e+10  1.7025e+00
  2.1544e+01  2.0153e+01  3.6000e-01  8.5245e+09  1.7730e+00
  2.1544e+01  2.0153e+01  3.8000e-01  3.5815e+09  2.0209e+00
  2.1544e+01  2.0153e+01  4.0000e-01  2.1095e+09  1.6520e+00
  2.1544e+01  2.0153e+01  4.2000e-01  2.9263e+10  1.5112e+00
  2.1544e+01  2.0153e+01  4.4000e-01  3.3767e+08  1.1597e+00
  2.1544e+01  2.0153e+01  4.6000e-01  3.5807e+07  8.6444e-01
  2.1544e+01  2.0153e+01  4.8000e-01  2.8501e+09  1.7602e+00
  2.1544e+01  2.0153e+01  5.0000e-01  2.4647e+10  4.0892e-01
  2.1544e+01  2.0153e+01  5.2000e-01  2.0864e+10  3.6983e-01
  2.1544e+01  2.0153e+01  5.4000e-01  2.0020e+10  3.7055e-01
  2.1544e+01  2.0153e+01  5.6000e-01  1.9133e+10  3.7199e-01
  2.1544e+01  2.0153e+01  5.8000e-01  1.8176e+10  3.7474e-01
  2.1544e+01  2.0153e+01  6.0000e-01  1.7098e+10  3.7554e-01
  2.1544e+01  2.4621e+01  1.0000e-02  1.6814e+10  1.2942e+00
  2.1544e+01  2.4621e+01  2.0000e-02  1.6633e+10  1.3063e+00
  2.1544e+01  2.4621e+01  4.0000e-02  1.6544e+10  1.3109e+00
  2.1544e+01  2.4621e+01  6.0000e-02  1.6476e+10  1.3195e+00
  2.1544e+01  2.4621e+01  8.0000e-02  1.5905e+10  1.3116e+00
  2.1544e+01  2.4621e+01  1.0000e-01  1.4838e+10  1.3167e+00
  2.1544e+01  2.4621e+01  1.2000e-01  1.6496e+10  1.3212e+00
  2.1544e+01  2.4621e+01  1.4000e-01  1.6794e+10  1.3122e+00
  2.1544e+01  2.4621e+01  1.6000e-01  1.6637e+10  1.3397e+00
  2.1544e+01  2.4621e+01  1.8000e-01  2.1007e+10  1.4364e+00
  2.1544e+01  2.4621e+01  2.0000e-01  2.7360e+10  1.4871e+00
  2.1544e+01  2.4621e+01  2.2000e-01  3.1903e+10  1.5729e+00
  2.1544e+01  2.4621e+01  2.4000e-01  3.3532e+10  1.5259e+00
  2.1544e+01  2.4621e+01  2.6000e-01  2.9028e+10  1.4192e+00
  2.1544e+01  2.4621e+01  2.8000e-01  2.7381e+10  1.4999e+00
  2.1544e+01  2.4621e+01  3.0000e-01  2.4290e+10  1.6063e+00
  2.1544e+01  2.4621e+01  3.2000e-01  2.1673e+10  1.6922e+00
  2.1544e+01  2.4621e+01  3.4000e-01  1.6735e+10  1.7040e+00
  2.1544e+01  2.4621e+01  3.6000e-01  1.0458e+10  1.7608e+00
  2.1544e+01  2.4621e+01  3.8000e-01  4.1619e+09  2.0075e+00
  2.1544e+01  2.4621e+01  4.0000e-01  1.5878e+09  1.8067e+00
  2.1544e+01  2.4621e+01  4.2000e-01  2.4758e+10  1.5054e+00
  2.1544e+01  2.4621e+01  4.4000e-01  2.0583e+08  1.1747e+00
  2.1544e+01  2.4621e+01  4.6000e-01  3.5756e+07  8.8925e-01
  2.1544e+01  2.4621e+01  4.8000e-01  2.0576e+09  1.6956e+00
  2.1544e+01  2.4621e+01  5.0000e-01  2.2429e+10  4.2288e-01
  2.1544e+01  2.4621e+01  5.2000e-01  1.8060e+10  3.7441e-01
  2.1544e+01  2.4621e+01  5.4000e-01  1.7068e+10  3.7552e-01
  2.1544e+01  2.4621e+01  5.6000e-01  1.6090e+10  3.7685e-01
  2.1544e+01  2.4621e+01  5.8000e-01  1.5075e+10  3.7888e-01
  2.1544e+01  2.4621e+01  6.0000e-01  1.4141e+10  3.8296e-01
  2.1544e+01  3.0079e+01  1.0000e-02  1.6871e+10  1.2728e+00
  2.1544e+01  3.0079e+01  2.0000e-02  1.6802e+10  1.2936e+00
  2.1544e+01  3.0079e+01  4.0000e-02  1.6706e+10  1.3058e+00
  2.1544e+01  3.0079e+01  6.0000e-02  1.6046e+10  1.3123e+00
  2.1544e+01  3.0079e+01  8.0000e-02  1.6847e+10  1.3085e+00
  2.1544e+01  3.0079e+01  1.0000e-01  1.4847e+10  1.3069e+00
  2.1544e+01  3.0079e+01  1.2000e-01  1.6086e+10  1.3172e+00
  2.1544e+01  3.0079e+01  1.4000e-01  1.6673e+10  1.3067e+00
  2.1544e+01  3.0079e+01  1.6000e-01  1.5246e+10  1.3029e+00
  2.1544e+01  3.0079e+01  1.8000e-01  1.7037e+10  1.3719e+00
  2.1544e+01  3.0079e+01  2.0000e-01  2.2844e+10  1.4350e+00
  2.1544e+01  3.0079e+01  2.2000e-01  2.9358e+10  1.4847e+00
  2.1544e+01  3.0079e+01  2.4000e-01  3.5161e+10  1.5467e+00
  2.1544e+01  3.0079e+01  2.6000e-01  2.8890e+10  1.3215e+00
  2.1544e+01  3.0079e+01  2.8000e-01  2.6996e+10  1.3751e+00
  2.1544e+01  3.0079e+01  3.0000e-01  2.5485e+10  1.4782e+00
  2.1544e+01  3.0079e+01  3.2000e-01  2.3022e+10  1.5960e+00
  2.1544e+01  3.0079e+01  3.4000e-01  2.2660e+10  1.7278e+00
  2.1544e+01  3.0079e+01  3.6000e-01  1.5439e+10  1.7953e+00
  2.1544e+01  3.0079e+01  3.8000e-01  5.1223e+09  2.0011e+00
  2.1544e+01  3.0079e+01  4.0000e-01  1.0523e+09  2.2196e+00
  2.1544e+01  3.0079e+01  4.2000e-01  1.4055e+10  1.4428e+00
  2.1544e+01  3.0079e+01  4.4000e-01  1.3221e+08  1.2061e+00
  2.1544e+01  3.0079e+01  4.6000e-01  3.2948e+07  8.9539e-01
  2.1544e+01  3.0079e+01  4.8000e-01  1.2366e+09  1.6079e+00
  2.1544e+01  3.0079e+01  5.0000e-01  1.9999e+10  4.4008e-01
  2.1544e+01  3.0079e+01  5.2000e-01  1.4969e+10  3.7891e-01
  2.1544e+01  3.0079e+01  5.4000e-01  1.3820e+10  3.8209e-01
  2.1544e+01  3.0079e+01  5.6000e-01  1.2866e+10  3.8644e-01
  2.1544e+01  3.0079e+01  5.8000e-01  1.1912e+10  3.9086e-01
  2.1544e+01  3.0079e+01  6.0000e-01  1.0986e+10  3.9436e-01
  2.1544e+01  3.6747e+01  1.0000e-02  1.6744e+10  1.2600e+00
  2.1544e+01  3.6747e+01  2.0000e-02  1.6840e+10  1.2748e+00
  2.1544e+01  3.6747e+01  4.0000e-02  1.6856e+10  1.2983e+00
  2.1544e+01  3.6747e+01  6.0000e-02  1.5984e+10  1.3056e+00
  2.1544e+01  3.6747e+01  8.0000e-02  1.7036e+10  1.3079e+00
  2.1544e+01  3.6747e+01  1.0000e-01  1.5410e+10  1.2993e+00
  2.1544e+01  3.6747e+01  1.2000e-01  1.5216e+10  1.3130e+00
  2.1544e+01  3.6747e+01  1.4000e-01  1.6929e+10  1.3132e+00
  2.1544e+01  3.6747e+01  1.6000e-01  1.6160e+10  1.2957e+00
  2.1544e+01  3.6747e+01  1.8000e-01  1.3935e+10  1.2950e+00
  2.1544e+01  3.6747e+01  2.0000e-01  1.6619e+10  1.3638e+00
  2.1544e+01  3.6747e+01  2.2000e-01  2.3011e+10  1.3750e+00
  2.1544e+01  3.6747e+01  2.4000e-01  3.0258e+10  1.4599e+00
  2.1544e+01  3.6747e+01  2.6000e-01  2.8465e+10  1.2439e+00
  2.1544e+01  3.6747e+01  2.8000e-01  2.4290e+10  1.2357e+00
  2.1544e+01  3.6747e+01  3.0000e-01  2.4148e+10  1.3569e+00
  2.1544e+01  3.6747e+01  3.2000e-01  2.6586e+10  1.5318e+00
  2.1544e+01  3.6747e+01  3.4000e-01  2.5583e+10  1.6414e+00
  2.1544e+01  3.6747e+01  3.6000e-01  2.0150e+10  1.6391e+00
  2.1544e+01  3.6747e+01  3.8000e-01  1.9412e+10  1.7758e+00
  2.1544e+01  3.6747e+01  4.0000e-01  1.6190e+09  2.0084e+00
  2.1544e+01  3.6747e+01  4.2000e-01  4.2782e+09  1.3337e+00
  2.1544e+01  3.6747e+01  4.4000e-01  8.7030e+07  1.2190e+00
  2.1544e+01  3.6747e+01  4.6000e-01  2.8933e+07  9.0271e-01
  2.1544e+01  3.6747e+01  4.8000e-01  4.3077e+08  1.3516e+00
  2.1544e+01  3.6747e+01  5.0000e-01  1.7345e+10  4.6131e-01
  2.1544e+01  3.6747e+01  5.2000e-01  1.1783e+10  3.8911e-01
  2.1544e+01  3.6747e+01  5.4000e-01  1.0631e+10  3.9370e-01
  2.1544e+01  3.6747e+01  5.6000e-01  9.6740e+09  3.9823e-01
  2.1544e+01  3.6747e+01  5.8000e-01  8.8620e+09  4.0191e-01
  2.1544e+01  3.6747e+01  6.0000e-01  8.0470e+09  4.0717e-01
  2.1544e+01  4.4893e+01  1.0000e-02  1.6497e+10  1.2546e+00
  2.1544e+01  4.4893e+01  2.0000e-02  1.6717e+10  1.2621e+00
  2.1544e+01  4.4893e+01  4.0000e-02  1.6830e+10  1.2825e+00
  2.1544e+01  4.4893e+01  6.0000e-02  1.6196e+10  1.2946e+00
  2.1544e+01  4.4893e+01  8.0000e-02  1.6993e+10  1.3068e+00
  2.1544e+01  4.4893e+01  1.0000e-01  1.6041e+10  1.2980e+00
  2.1544e+01  4.4893e+01  1.2000e-01  1.5176e+10  1.3066e+00
  2.1544e+01  4.4893e+01  1.4000e-01  1.6607e+10  1.3151e+00
  2.1544e+01  4.4893e+01  1.6000e-01  1.7260e+10  1.3038e+00
  2.1544e+01  4.4893e+01  1.8000e-01  1.5201e+10  1.2864e+00
  2.1544e+01  4.4893e+01  2.0000e-01  1.3653e+10  1.3008e+00
  2.1544e+01  4.4893e+01  2.2000e-01  1.6328e+10  1.3631e+00
  2.1544e+01  4.4893e+01  2.4000e-01  2.1726e+10  1.3725e+00
  2.1544e+01  4.4893e+01  2.6000e-01  2.7933e+10  1.3499e+00
  2.1544e+01  4.4893e+01  2.8000e-01  3.4250e+10  1.3535e+00
  2.1544e+01  4.4893e+01  3.0000e-01  2.4620e+10  1.2390e+00
  2.1544e+01  4.4893e+01  3.2000e-01  2.2278e+10  1.2882e+00
  2.1544e+01  4.4893e+01  3.4000e-01  1.9264e+10  1.3903e+00
  2.1544e+01  4.4893e+01  3.6000e-01  1.7296e+10  1.4701e+00
  2.1544e+01  4.4893e+01  3.8000e-01  2.3469e+10  1.7576e+00
  2.1544e+01  4.4893e+01  4.0000e-01  9.3039e+09  1.7616e+00
  2.1544e+01  4.4893e+01  4.2000e-01  4.3924e+09  1.8378e+00
  2.1544e+01  4.4893e+01  4.4000e-01  5.7358e+07  1.1873e+00
  2.1544e+01  4.4893e+01  4.6000e-01  2.3624e+07  8.9516e-01
  2.1544e+01  4.4893e+01  4.8000e-01  1.4553e+08  1.0138e+00
  2.1544e+01  4.4893e+01  5.0000e-01  1.4583e+10  4.8514e-01
  2.1544e+01  4.4893e+01  5.2000e-01  8.7429e+09  3.9748e-01
  2.1544e+01  4.4893e+01  5.4000e-01  7.7272e+09  4.0674e-01
  2.1544e+01  4.4893e+01  5.6000e-01  6.9682e+09  4.1238e-01
  2.1544e+01  4.4893e+01  5.8000e-01  6.3087e+09  4.2059e-01
  2.1544e+01  4.4893e+01  6.0000e-01  5.6368e+09  4.2339e-01
  2.1544e+01  5.4844e+01  1.0000e-02  1.6314e+10  1.2586e+00
  2.1544e+01  5.4844e+01  2.0000e-02  1.6501e+10  1.2557e+00
  2.1544e+01  5.4844e+01  4.0000e-02  1.6645e+10  1.2670e+00
  2.1544e+01  5.4844e+01  6.0000e-02  1.6502e+10  1.2784e+00
  2.1544e+01  5.4844e+01  8.0000e-02  1.6804e+10  1.2970e+00
  2.1544e+01  5.4844e+01  1.0000e-01  1.6605e+10  1.2963e+00
  2.1544e+01  5.4844e+01  1.2000e-01  1.5366e+10  1.3022e+00
  2.1544e+01  5.4844e+01  1.4000e-01  1.6332e+10  1.3150e+00
  2.1544e+01  5.4844e+01  1.6000e-01  1.7504e+10  1.3084e+00
  2.1544e+01  5.4844e+01  1.8000e-01  1.6183e+10  1.2925e+00
  2.1544e+01  5.4844e+01  2.0000e-01  1.3680e+10  1.2833e+00
  2.1544e+01  5.4844e+01  2.2000e-01  1.4299e+10  1.3333e+00
  2.1544e+01  5.4844e+01  2.4000e-01  1.8301e+10  1.3673e+00
  2.1544e+01  5.4844e+01  2.6000e-01  2.3690e+10  1.3441e+00
  2.1544e+01  5.4844e+01  2.8000e-01  2.9018e+10  1.3777e+00
  2.1544e+01  5.4844e+01  3.0000e-01  2.9508e+10  1.2907e+00
  2.1544e+01  5.4844e+01  3.2000e-01  2.3658e+10  1.2459e+00
  2.1544e+01  5.4844e+01  3.4000e-01  1.8987e+10  1.3281e+00
  2.1544e+01  5.4844e+01  3.6000e-01  1.4740e+10  1.4313e+00
  2.1544e+01  5.4844e+01  3.8000e-01  1.7839e+10  1.6021e+00
  2.1544e+01  5.4844e+01  4.0000e-01  1.8054e+10  1.9971e+00
  2.1544e+01  5.4844e+01  4.2000e-01  1.9091e+10  2.1212e+00
  2.1544e+01  5.4844e+01  4.4000e-01  4.9793e+07  1.1521e+00
  2.1544e+01  5.4844e+01  4.6000e-01  1.8505e+07  8.8639e-01
  2.1544e+01  5.4844e+01  4.8000e-01  8.7356e+07  8.8587e-01
  2.1544e+01  5.4844e+01  5.0000e-01  1.1793e+10  5.1417e-01
  2.1544e+01  5.4844e+01  5.2000e-01  6.2114e+09  4.1349e-01
  2.1544e+01  5.4844e+01  5.4000e-01  5.3763e+09  4.1986e-01
  2.1544e+01  5.4844e+01  5.6000e-01  4.7314e+09  4.2243e-01
  2.1544e+01  5.4844e+01  5.8000e-01  4.2037e+09  4.2636e-01
  2.1544e+01  5.4844e+01  6.0000e-01  3.7063e+09  4.2782e-01
  2.1544e+01  6.7002e+01  1.0000e-02  1.6420e+10  1.2708e+00
  2.1544e+01  6.7002e+01  2.0000e-02  1.6278e+10  1.2568e+00
  2.1544e+01  6.7002e+01  4.0000e-02  1.6442e+10  1.2587e+00
  2.1544e+01  6.7002e+01  6.0000e-02  1.6617e+10  1.2658e+00
  2.1544e+01  6.7002e+01  8.0000e-02  1.6500e+10  1.2808e+00
  2.1544e+01  6.7002e+01  1.0000e-01  1.6883e+10  1.2881e+00
  2.1544e+01  6.7002e+01  1.2000e-01  1.5728e+10  1.2939e+00
  2.1544e+01  6.7002e+01  1.4000e-01  1.5972e+10  1.3118e+00
  2.1544e+01  6.7002e+01  1.6000e-01  1.7405e+10  1.3136e+00
  2.1544e+01  6.7002e+01  1.8000e-01  1.6996e+10  1.2996e+00
  2.1544e+01  6.7002e+01  2.0000e-01  1.4218e+10  1.2812e+00
  2.1544e+01  6.7002e+01  2.2000e-01  1.3307e+10  1.3078e+00
  2.1544e+01  6.7002e+01  2.4000e-01  1.6042e+10  1.3553e+00
  2.1544e+01  6.7002e+01  2.6000e-01  2.0839e+10  1.3457e+00
  2.1544e+01  6.7002e+01  2.8000e-01  2.6273e+10  1.3213e+00
  2.1544e+01  6.7002e+01  3.0000e-01  3.5710e+10  1.5390e+00
  2.1544e+01  6.7002e+01  3.2000e-01  2.4771e+10  1.2340e+00
  2.1544e+01  6.7002e+01  3.4000e-01  2.0144e+10  1.2884e+00
  2.1544e+01  6.7002e+01  3.6000e-01  1.4040e+10  1.3893e+00
  2.1544e+01  6.7002e+01  3.8000e-01  1.4024e+10  1.4687e+00
  2.1544e+01  6.7002e+01  4.0000e-01  1.8911e+10  1.8857e+00
  2.1544e+01  6.7002e+01  4.2000e-01  9.8397e+09  1.7186e+00
  2.1544e+01  6.7002e+01  4.4000e-01  2.0442e+08  5.0713e-01
  2.1544e+01  6.7002e+01  4.6000e-01  1.3550e+07  8.7654e-01
  2.1544e+01  6.7002e+01  4.8000e-01  5.7192e+07  8.2819e-01
  2.1544e+01  6.7002e+01  5.0000e-01  9.0004e+09  5.5189e-01
  2.1544e+01  6.7002e+01  5.2000e-01  4.1304e+09  4.1943e-01
  2.1544e+01  6.7002e+01  5.4000e-01  3.5148e+09  4.2367e-01
  2.1544e+01  6.7002e+01  5.6000e-01  3.0940e+09  4.2838e-01
  2.1544e+01  6.7002e+01  5.8000e-01  2.7157e+09  4.3083e-01
  2.1544e+01  6.7002e+01  6.0000e-01  2.3630e+09  4.3235e-01
  2.1544e+01  8.1855e+01  1.0000e-02  1.6765e+10  1.2808e+00
  2.1544e+01  8.1855e+01  2.0000e-02  1.6194e+10  1.2667e+00
  2.1544e+01  8.1855e+01  4.0000e-02  1.6224e+10  1.2563e+00
  2.1544e+01  8.1855e+01  6.0000e-02  1.6385e+10  1.2605e+00
  2.1544e+01  8.1855e+01  8.0000e-02  1.6196e+10  1.2665e+00
  2.1544e+01  8.1855e+01  1.0000e-01  1.6703e+10  1.2768e+00
  2.1544e+01  8.1855e+01  1.2000e-01  1.6112e+10  1.2809e+00
  2.1544e+01  8.1855e+01  1.4000e-01  1.5631e+10  1.2996e+00
  2.1544e+01  8.1855e+01  1.6000e-01  1.6873e+10  1.3144e+00
  2.1544e+01  8.1855e+01  1.8000e-01  1.7502e+10  1.3078e+00
  2.1544e+01  8.1855e+01  2.0000e-01  1.5216e+10  1.2893e+00
  2.1544e+01  8.1855e+01  2.2000e-01  1.2897e+10  1.2900e+00
  2.1544e+01  8.1855e+01  2.4000e-01  1.4049e+10  1.3350e+00
  2.1544e+01  8.1855e+01  2.6000e-01  1.7991e+10  1.3463e+00
  2.1544e+01  8.1855e+01  2.8000e-01  2.3105e+10  1.3147e+00
  2.1544e+01  8.1855e+01  3.0000e-01  2.7904e+10  1.3782e+00
  2.1544e+01  8.1855e+01  3.2000e-01  2.6903e+10  1.2746e+00
  2.1544e+01  8.1855e+01  3.4000e-01  2.1062e+10  1.2399e+00
  2.1544e+01  8.1855e+01  3.6000e-01  1.6160e+10  1.3450e+00
  2.1544e+01  8.1855e+01  3.8000e-01  1.2575e+10  1.4180e+00
  2.1544e+01  8.1855e+01  4.0000e-01  1.7379e+10  1.7009e+00
  2.1544e+01  8.1855e+01  4.2000e-01  8.1901e+09  1.7519e+00
  2.1544e+01  8.1855e+01  4.4000e-01  1.3845e+10  1.9678e+00
  2.1544e+01  8.1855e+01  4.6000e-01  1.1524e+07  8.8442e-01
  2.1544e+01  8.1855e+01  4.8000e-01  3.8121e+07  8.4025e-01
  2.1544e+01  8.1855e+01  5.0000e-01  6.3025e+09  6.0527e-01
  2.1544e+01  8.1855e+01  5.2000e-01  2.6711e+09  4.2674e-01
  2.1544e+01  8.1855e+01  5.4000e-01  2.2384e+09  4.2678e-01
  2.1544e+01  8.1855e+01  5.6000e-01  1.9578e+09  4.3115e-01
  2.1544e+01  8.1855e+01  5.8000e-01  1.7117e+09  4.3321e-01
  2.1544e+01  8.1855e+01  6.0000e-01  1.4849e+09  4.3644e-01
  2.1544e+01  1.0000e+02  1.0000e-02  1.6939e+10  1.2890e+00
  2.1544e+01  1.0000e+02  2.0000e-02  1.6443e+10  1.2783e+00
  2.1544e+01  1.0000e+02  4.0000e-02  1.5952e+10  1.2623e+00
  2.1544e+01  1.0000e+02  6.0000e-02  1.5952e+10  1.2581e+00
  2.1544e+01  1.0000e+02  8.0000e-02  1.5968e+10  1.2595e+00
  2.1544e+01  1.0000e+02  1.0000e-01  1.6081e+10  1.2675e+00
  2.1544e+01  1.0000e+02  1.2000e-01  1.6241e+10  1.2708e+00
  2.1544e+01  1.0000e+02  1.4000e-01  1.5448e+10  1.2804e+00
  2.1544e+01  1.0000e+02  1.6000e-01  1.5939e+10  1.3042e+00
  2.1544e+01  1.0000e+02  1.8000e-01  1.7273e+10  1.3119e+00
  2.1544e+01  1.0000e+02  2.0000e-01  1.6480e+10  1.3017e+00
  2.1544e+01  1.0000e+02  2.2000e-01  1.3392e+10  1.2853e+00
  2.1544e+01  1.0000e+02  2.4000e-01  1.2478e+10  1.3106e+00
  2.1544e+01  1.0000e+02  2.6000e-01  1.4975e+10  1.3383e+00
  2.1544e+01  1.0000e+02  2.8000e-01  1.9352e+10  1.3201e+00
  2.1544e+01  1.0000e+02  3.0000e-01  2.4169e+10  1.3021e+00
  2.1544e+01  1.0000e+02  3.2000e-01  3.1560e+10  1.6069e+00
  2.1544e+01  1.0000e+02  3.4000e-01  2.2003e+10  1.2249e+00
  2.1544e+01  1.0000e+02  3.6000e-01  1.7643e+10  1.2742e+00
  2.1544e+01  1.0000e+02  3.8000e-01  1.1810e+10  1.3850e+00
  2.1544e+01  1.0000e+02  4.0000e-01  1.1520e+10  1.4703e+00
  2.1544e+01  1.0000e+02  4.2000e-01  1.4692e+10  1.8693e+00
  2.1544e+01  1.0000e+02  4.4000e-01  9.0649e+09  1.7222e+00
  2.1544e+01  1.0000e+02  4.6000e-01  2.4307e+08  6.2829e-01
  2.1544e+01  1.0000e+02  4.8000e-01  2.2385e+07  8.4130e-01
  2.1544e+01  1.0000e+02  5.0000e-01  3.8618e+09  6.8489e-01
  2.1544e+01  1.0000e+02  5.2000e-01  1.6804e+09  4.2947e-01
  2.1544e+01  1.0000e+02  5.4000e-01  1.4007e+09  4.2843e-01
  2.1544e+01  1.0000e+02  5.6000e-01  1.2215e+09  4.3234e-01
  2.1544e+01  1.0000e+02  5.8000e-01  1.0640e+09  4.3849e-01
  2.1544e+01  1.0000e+02  6.0000e-01  9.1599e+08  4.3888e-01
  2.1544e+01  1.5000e+02  1.0000e-02  1.6356e+10  1.2987e+00
  2.1544e+01  1.5000e+02  2.0000e-02  1.6531e+10  1.2944e+00
  2.1544e+01  1.5000e+02  4.0000e-02  1.6062e+10  1.2841e+00
  2.1544e+01  1.5000e+02  6.0000e-02  1.5489e+10  1.2748e+00
  2.1544e+01  1.5000e+02  8.0000e-02  1.5179e+10  1.2680e+00
  2.1544e+01  1.5000e+02  1.0000e-01  1.5083e+10  1.2635e+00
  2.1544e+01  1.5000e+02  1.2000e-01  1.4861e+10  1.2627e+00
  2.1544e+01  1.5000e+02  1.4000e-01  1.5068e+10  1.2655e+00
  2.1544e+01  1.5000e+02  1.6000e-01  1.4646e+10  1.2657e+00
  2.1544e+01  1.5000e+02  1.8000e-01  1.4267e+10  1.2790e+00
  2.1544e+01  1.5000e+02  2.0000e-01  1.5262e+10  1.3001e+00
  2.1544e+01  1.5000e+02  2.2000e-01  1.6126e+10  1.3057e+00
  2.1544e+01  1.5000e+02  2.4000e-01  1.4121e+10  1.2982e+00
  2.1544e+01  1.5000e+02  2.6000e-01  1.1247e+10  1.2954e+00
  2.1544e+01  1.5000e+02  2.8000e-01  1.1093e+10  1.3242e+00
  2.1544e+01  1.5000e+02  3.0000e-01  1.3624e+10  1.3246e+00
  2.1544e+01  1.5000e+02  3.2000e-01  1.7322e+10  1.3022e+00
  2.1544e+01  1.5000e+02  3.4000e-01  2.1130e+10  1.3015e+00
  2.1544e+01  1.5000e+02  3.6000e-01  2.5332e+10  1.4330e+00
  2.1544e+01  1.5000e+02  3.8000e-01  1.5692e+10  1.2048e+00
  2.1544e+01  1.5000e+02  4.0000e-01  1.1923e+10  1.2778e+00
  2.1544e+01  1.5000e+02  4.2000e-01  7.9289e+09  1.4013e+00
  2.1544e+01  1.5000e+02  4.4000e-01  8.8989e+09  1.6171e+00
  2.1544e+01  1.5000e+02  4.6000e-01  5.9589e+09  1.8269e+00
  2.1544e+01  1.5000e+02  4.8000e-01  4.1395e+09  1.7340e+00
  2.1544e+01  1.5000e+02  5.0000e-01  8.5910e+08  9.1970e-01
  2.1544e+01  1.5000e+02  5.2000e-01  6.4569e+08  4.4165e-01
  2.1544e+01  1.5000e+02  5.4000e-01  5.2569e+08  4.3219e-01
  2.1544e+01  1.5000e+02  5.6000e-01  4.5297e+08  4.3371e-01
  2.1544e+01  1.5000e+02  5.8000e-01  3.9356e+08  4.3681e-01
  2.1544e+01  1.5000e+02  6.0000e-01  3.4260e+08  4.4264e-01
  2.1544e+01  2.0000e+02  1.0000e-02  1.5432e+10  1.2969e+00
  2.1544e+01  2.0000e+02  2.0000e-02  1.5828e+10  1.2991e+00
  2.1544e+01  2.0000e+02  4.0000e-02  1.5866e+10  1.2954e+00
  2.1544e+01  2.0000e+02  6.0000e-02  1.5483e+10  1.2895e+00
  2.1544e+01  2.0000e+02  8.0000e-02  1.4983e+10  1.2840e+00
  2.1544e+01  2.0000e+02  1.0000e-01  1.4530e+10  1.2788e+00
  2.1544e+01  2.0000e+02  1.2000e-01  1.4212e+10  1.2748e+00
  2.1544e+01  2.0000e+02  1.4000e-01  1.3851e+10  1.2701e+00
  2.1544e+01  2.0000e+02  1.6000e-01  1.3680e+10  1.2694e+00
  2.1544e+01  2.0000e+02  1.8000e-01  1.3641e+10  1.2674e+00
  2.1544e+01  2.0000e+02  2.0000e-01  1.2977e+10  1.2663e+00
  2.1544e+01  2.0000e+02  2.2000e-01  1.2695e+10  1.2800e+00
  2.1544e+01  2.0000e+02  2.4000e-01  1.3580e+10  1.2984e+00
  2.1544e+01  2.0000e+02  2.6000e-01  1.4124e+10  1.3026e+00
  2.1544e+01  2.0000e+02  2.8000e-01  1.2100e+10  1.2976e+00
  2.1544e+01  2.0000e+02  3.0000e-01  9.4314e+09  1.2984e+00
  2.1544e+01  2.0000e+02  3.2000e-01  8.8807e+09  1.3257e+00
  2.1544e+01  2.0000e+02  3.4000e-01  1.0475e+10  1.3262e+00
  2.1544e+01  2.0000e+02  3.6000e-01  1.2922e+10  1.3085e+00
  2.1544e+01  2.0000e+02  3.8000e-01  1.5762e+10  1.3017e+00
  2.1544e+01  2.0000e+02  4.0000e-01  1.7961e+10  1.5097e+00
  2.1544e+01  2.0000e+02  4.2000e-01  1.0560e+10  1.2207e+00
  2.1544e+01  2.0000e+02  4.4000e-01  7.2171e+09  1.2700e+00
  2.1544e+01  2.0000e+02  4.6000e-01  4.2109e+09  1.4185e+00
  2.1544e+01  2.0000e+02  4.8000e-01  4.2061e+09  1.7306e+00
  2.1544e+01  2.0000e+02  5.0000e-01  2.9439e+08  1.1439e+00
  2.1544e+01  2.0000e+02  5.2000e-01  3.2644e+08  4.4901e-01
  2.1544e+01  2.0000e+02  5.4000e-01  2.7239e+08  4.4448e-01
  2.1544e+01  2.0000e+02  5.6000e-01  2.2982e+08  4.3741e-01
  2.1544e+01  2.0000e+02  5.8000e-01  2.0840e+08  4.6105e-01
  2.1544e+01  2.0000e+02  6.0000e-01  1.7454e+08  4.5258e-01
  2.1544e+01  2.5000e+02  1.0000e-02  1.4681e+10  1.2875e+00
  2.1544e+01  2.5000e+02  2.0000e-02  1.5084e+10  1.2966e+00
  2.1544e+01  2.5000e+02  4.0000e-02  1.5248e+10  1.2994e+00
  2.1544e+01  2.5000e+02  6.0000e-02  1.5098e+10  1.2974e+00
  2.1544e+01  2.5000e+02  8.0000e-02  1.4752e+10  1.2943e+00
  2.1544e+01  2.5000e+02  1.0000e-01  1.4319e+10  1.2909e+00
  2.1544e+01  2.5000e+02  1.2000e-01  1.3842e+10  1.2870e+00
  2.1544e+01  2.5000e+02  1.4000e-01  1.3396e+10  1.2838e+00
  2.1544e+01  2.5000e+02  1.6000e-01  1.2992e+10  1.2800e+00
  2.1544e+01  2.5000e+02  1.8000e-01  1.2515e+10  1.2771e+00
  2.1544e+01  2.5000e+02  2.0000e-01  1.2322e+10  1.2770e+00
  2.1544e+01  2.5000e+02  2.2000e-01  1.2054e+10  1.2727e+00
  2.1544e+01  2.5000e+02  2.4000e-01  1.1279e+10  1.2689e+00
  2.1544e+01  2.5000e+02  2.6000e-01  1.0855e+10  1.2798e+00
  2.1544e+01  2.5000e+02  2.8000e-01  1.1405e+10  1.2983e+00
  2.1544e+01  2.5000e+02  3.0000e-01  1.1816e+10  1.3024e+00
  2.1544e+01  2.5000e+02  3.2000e-01  1.0264e+10  1.2965e+00
  2.1544e+01  2.5000e+02  3.4000e-01  7.7797e+09  1.2934e+00
  2.1544e+01  2.5000e+02  3.6000e-01  6.5528e+09  1.3128e+00
  2.1544e+01  2.5000e+02  3.8000e-01  6.9391e+09  1.3274e+00
  2.1544e+01  2.5000e+02  4.0000e-01  8.0504e+09  1.3209e+00
  2.1544e+01  2.5000e+02  4.2000e-01  9.4965e+09  1.3173e+00
  2.1544e+01  2.5000e+02  4.4000e-01  9.6980e+09  1.6128e+00
  2.1544e+01  2.5000e+02  4.6000e-01  5.7409e+09  1.2704e+00
  2.1544e+01  2.5000e+02  4.8000e-01  2.3169e+09  1.3065e+00
  2.1544e+01  2.5000e+02  5.0000e-01  2.6394e+08  1.4176e+00
  2.1544e+01  2.5000e+02  5.2000e-01  1.9800e+08  4.6484e-01
  2.1544e+01  2.5000e+02  5.4000e-01  1.6463e+08  4.5530e-01
  2.1544e+01  2.5000e+02  5.6000e-01  1.5200e+08  4.8524e-01
  2.1544e+01  2.5000e+02  5.8000e-01  1.2747e+08  4.7787e-01
  2.1544e+01  2.5000e+02  6.0000e-01  1.1146e+08  4.8749e-01
  2.1544e+01  3.0000e+02  1.0000e-02  1.4213e+10  1.2766e+00
  2.1544e+01  3.0000e+02  2.0000e-02  1.4469e+10  1.2890e+00
  2.1544e+01  3.0000e+02  4.0000e-02  1.4594e+10  1.2971e+00
  2.1544e+01  3.0000e+02  6.0000e-02  1.4503e+10  1.2997e+00
  2.1544e+01  3.0000e+02  8.0000e-02  1.4270e+10  1.2995e+00
  2.1544e+01  3.0000e+02  1.0000e-01  1.3924e+10  1.2981e+00
  2.1544e+01  3.0000e+02  1.2000e-01  1.3508e+10  1.2960e+00
  2.1544e+01  3.0000e+02  1.4000e-01  1.3048e+10  1.2936e+00
  2.1544e+01  3.0000e+02  1.6000e-01  1.2566e+10  1.2915e+00
  2.1544e+01  3.0000e+02  1.8000e-01  1.2123e+10  1.2892e+00
  2.1544e+01  3.0000e+02  2.0000e-01  1.1597e+10  1.2856e+00
  2.1544e+01  3.0000e+02  2.2000e-01  1.1093e+10  1.2841e+00
  2.1544e+01  3.0000e+02  2.4000e-01  1.0812e+10  1.2842e+00
  2.1544e+01  3.0000e+02  2.6000e-01  1.0387e+10  1.2798e+00
  2.1544e+01  3.0000e+02  2.8000e-01  9.5372e+09  1.2738e+00
  2.1544e+01  3.0000e+02  3.0000e-01  8.9183e+09  1.2809e+00
  2.1544e+01  3.0000e+02  3.2000e-01  9.0709e+09  1.2982e+00
  2.1544e+01  3.0000e+02  3.4000e-01  9.3008e+09  1.3051e+00
  2.1544e+01  3.0000e+02  3.6000e-01  8.2760e+09  1.2970e+00
  2.1544e+01  3.0000e+02  3.8000e-01  6.1582e+09  1.2860e+00
  2.1544e+01  3.0000e+02  4.0000e-01  4.5322e+09  1.2917e+00
  2.1544e+01  3.0000e+02  4.2000e-01  4.0255e+09  1.3092e+00
  2.1544e+01  3.0000e+02  4.4000e-01  4.0964e+09  1.3157e+00
  2.1544e+01  3.0000e+02  4.6000e-01  4.3070e+09  1.3330e+00
  2.1544e+01  3.0000e+02  4.8000e-01  3.4514e+09  1.5461e+00
  2.1544e+01  3.0000e+02  5.0000e-01  3.3645e+08  1.4540e+00
  2.1544e+01  3.0000e+02  5.2000e-01  1.1831e+08  4.7977e-01
  2.1544e+01  3.0000e+02  5.4000e-01  1.0338e+08  5.0381e-01
  2.1544e+01  3.0000e+02  5.6000e-01  8.6116e+07  4.9399e-01
  2.1544e+01  3.0000e+02  5.8000e-01  7.4778e+07  4.9466e-01
  2.1544e+01  3.0000e+02  6.0000e-01  6.6402e+07  4.9890e-01
  2.9286e+01  3.3246e+00  1.0000e-02  1.9003e+10  1.2003e+00
  2.9286e+01  3.3246e+00  2.0000e-02  1.8664e+10  1.2154e+00
  2.9286e+01  3.3246e+00  4.0000e-02  1.7978e+10  1.2410e+00
  2.9286e+01  3.3246e+00  6.0000e-02  1.8389e+10  1.2271e+00
  2.9286e+01  3.3246e+00  8.0000e-02  1.7982e+10  1.2283e+00
  2.9286e+01  3.3246e+00  1.0000e-01  1.9871e+10  1.1979e+00
  2.9286e+01  3.3246e+00  1.2000e-01  1.6793e+10  1.2785e+00
  2.9286e+01  3.3246e+00  1.4000e-01  1.0276e+10  1.4191e+00
  2.9286e+01  3.3246e+00  1.6000e-01  1.5142e+10  1.2294e+00
  2.9286e+01  3.3246e+00  1.8000e-01  1.9733e+10  1.1684e+00
  2.9286e+01  3.3246e+00  2.0000e-01  2.3984e+10  1.1620e+00
  2.9286e+01  3.3246e+00  2.2000e-01  2.5768e+10  1.1929e+00
  2.9286e+01  3.3246e+00  2.4000e-01  2.5619e+10  1.2254e+00
  2.9286e+01  3.3246e+00  2.6000e-01  2.3450e+10  1.2798e+00
  2.9286e+01  3.3246e+00  2.8000e-01  1.9387e+10  1.3609e+00
  2.9286e+01  3.3246e+00  3.0000e-01  1.4743e+10  1.4879e+00
  2.9286e+01  3.3246e+00  3.2000e-01  1.2968e+10  1.6513e+00
  2.9286e+01  3.3246e+00  3.4000e-01  9.1769e+09  1.8432e+00
  2.9286e+01  3.3246e+00  3.6000e-01  6.0695e+09  1.7031e+00
  2.9286e+01  3.3246e+00  3.8000e-01  2.1652e+09  1.8953e+00
  2.9286e+01  3.3246e+00  4.0000e-01  3.8726e+09  1.6254e+00
  2.9286e+01  3.3246e+00  4.2000e-01  1.9157e+10  1.3828e+00
  2.9286e+01  3.3246e+00  4.4000e-01  3.3480e+09  1.2326e+00
  2.9286e+01  3.3246e+00  4.6000e-01  8.5347e+06  8.5961e-01
  2.9286e+01  3.3246e+00  4.8000e-01  6.7646e+08  9.3032e-01
  2.9286e+01  3.3246e+00  5.0000e-01  3.5024e+10  3.5721e-01
  2.9286e+01  3.3246e+00  5.2000e-01  2.7955e+10  3.6872e-01
  2.9286e+01  3.3246e+00  5.4000e-01  1.7184e+10  5.4967e-01
  2.9286e+01  3.3246e+00  5.6000e-01  9.6598e+09  8.1912e-01
  2.9286e+01  3.3246e+00  5.8000e-01  6.5191e+09  1.0905e+00
  2.9286e+01  3.3246e+00  6.0000e-01  5.3500e+09  1.1539e+00
  2.9286e+01  4.0616e+00  1.0000e-02  1.6190e+10  1.2082e+00
  2.9286e+01  4.0616e+00  2.0000e-02  1.6206e+10  1.2126e+00
  2.9286e+01  4.0616e+00  4.0000e-02  1.5464e+10  1.2328e+00
  2.9286e+01  4.0616e+00  6.0000e-02  1.5294e+10  1.2272e+00
  2.9286e+01  4.0616e+00  8.0000e-02  1.4783e+10  1.2213e+00
  2.9286e+01  4.0616e+00  1.0000e-01  1.6591e+10  1.1786e+00
  2.9286e+01  4.0616e+00  1.2000e-01  1.4968e+10  1.1239e+00
  2.9286e+01  4.0616e+00  1.4000e-01  9.9904e+09  1.2761e+00
  2.9286e+01  4.0616e+00  1.6000e-01  1.2134e+10  1.2270e+00
  2.9286e+01  4.0616e+00  1.8000e-01  1.6472e+10  1.1647e+00
  2.9286e+01  4.0616e+00  2.0000e-01  2.2087e+10  1.1585e+00
  2.9286e+01  4.0616e+00  2.2000e-01  2.3924e+10  1.1947e+00
  2.9286e+01  4.0616e+00  2.4000e-01  2.4682e+10  1.2597e+00
  2.9286e+01  4.0616e+00  2.6000e-01  2.2985e+10  1.3377e+00
  2.9286e+01  4.0616e+00  2.8000e-01  1.9536e+10  1.4621e+00
  2.9286e+01  4.0616e+00  3.0000e-01  1.5764e+10  1.5906e+00
  2.9286e+01  4.0616e+00  3.2000e-01  1.3770e+10  1.6914e+00
  2.9286e+01  4.0616e+00  3.4000e-01  1.0216e+10  1.8296e+00
  2.9286e+01  4.0616e+00  3.6000e-01  6.3057e+09  1.6571e+00
  2.9286e+01  4.0616e+00  3.8000e-01  2.1869e+09  1.8907e+00
  2.9286e+01  4.0616e+00  4.0000e-01  4.0527e+09  1.6195e+00
  2.9286e+01  4.0616e+00  4.2000e-01  1.9373e+10  1.3837e+00
  2.9286e+01  4.0616e+00  4.4000e-01  3.3639e+09  1.2187e+00
  2.9286e+01  4.0616e+00  4.6000e-01  6.7825e+06  6.9834e-01
  2.9286e+01  4.0616e+00  4.8000e-01  3.8284e+09  1.6428e+00
  2.9286e+01  4.0616e+00  5.0000e-01  3.4542e+10  3.6106e-01
  2.9286e+01  4.0616e+00  5.2000e-01  3.0613e+10  3.6640e-01
  2.9286e+01  4.0616e+00  5.4000e-01  2.0014e+10  4.1191e-01
  2.9286e+01  4.0616e+00  5.6000e-01  1.0418e+10  6.1506e-01
  2.9286e+01  4.0616e+00  5.8000e-01  6.6412e+09  9.6221e-01
  2.9286e+01  4.0616e+00  6.0000e-01  5.3072e+09  1.1997e+00
  2.9286e+01  4.9619e+00  1.0000e-02  1.4152e+10  1.1842e+00
  2.9286e+01  4.9619e+00  2.0000e-02  1.4132e+10  1.1855e+00
  2.9286e+01  4.9619e+00  4.0000e-02  1.3808e+10  1.1857e+00
  2.9286e+01  4.9619e+00  6.0000e-02  1.3644e+10  1.1521e+00
  2.9286e+01  4.9619e+00  8.0000e-02  1.3803e+10  1.1550e+00
  2.9286e+01  4.9619e+00  1.0000e-01  1.6680e+10  1.0734e+00
  2.9286e+01  4.9619e+00  1.2000e-01  1.4959e+10  1.0443e+00
  2.9286e+01  4.9619e+00  1.4000e-01  9.5079e+09  1.1076e+00
  2.9286e+01  4.9619e+00  1.6000e-01  1.0070e+10  1.1260e+00
  2.9286e+01  4.9619e+00  1.8000e-01  1.5227e+10  1.1221e+00
  2.9286e+01  4.9619e+00  2.0000e-01  2.2661e+10  1.1421e+00
  2.9286e+01  4.9619e+00  2.2000e-01  2.7462e+10  1.1875e+00
  2.9286e+01  4.9619e+00  2.4000e-01  2.7092e+10  1.3256e+00
  2.9286e+01  4.9619e+00  2.6000e-01  2.4138e+10  1.4788e+00
  2.9286e+01  4.9619e+00  2.8000e-01  2.2773e+10  1.6025e+00
  2.9286e+01  4.9619e+00  3.0000e-01  1.9238e+10  1.6346e+00
  2.9286e+01  4.9619e+00  3.2000e-01  1.3032e+10  1.8101e+00
  2.9286e+01  4.9619e+00  3.4000e-01  1.0474e+10  1.7471e+00
  2.9286e+01  4.9619e+00  3.6000e-01  6.3919e+09  1.6255e+00
  2.9286e+01  4.9619e+00  3.8000e-01  2.0644e+09  1.8996e+00
  2.9286e+01  4.9619e+00  4.0000e-01  4.0543e+09  1.6107e+00
  2.9286e+01  4.9619e+00  4.2000e-01  1.9736e+10  1.3872e+00
  2.9286e+01  4.9619e+00  4.4000e-01  3.3531e+09  1.2096e+00
  2.9286e+01  4.9619e+00  4.6000e-01  6.6021e+06  6.1770e-01
  2.9286e+01  4.9619e+00  4.8000e-01  5.0847e+09  1.8126e+00
  2.9286e+01  4.9619e+00  5.0000e-01  3.3935e+10  3.6379e-01
  2.9286e+01  4.9619e+00  5.2000e-01  3.1762e+10  3.6002e-01
  2.9286e+01  4.9619e+00  5.4000e-01  2.5032e+10  3.9060e-01
  2.9286e+01  4.9619e+00  5.6000e-01  1.5459e+10  5.1290e-01
  2.9286e+01  4.9619e+00  5.8000e-01  7.5739e+09  6.5670e-01
  2.9286e+01  4.9619e+00  6.0000e-01  3.4145e+09  1.0176e+00
  2.9286e+01  6.0619e+00  1.0000e-02  1.6700e+10  1.0504e+00
  2.9286e+01  6.0619e+00  2.0000e-02  1.6755e+10  1.0526e+00
  2.9286e+01  6.0619e+00  4.0000e-02  1.6870e+10  1.0686e+00
  2.9286e+01  6.0619e+00  6.0000e-02  1.7866e+10  1.0892e+00
  2.9286e+01  6.0619e+00  8.0000e-02  1.6318e+10  1.1200e+00
  2.9286e+01  6.0619e+00  1.0000e-01  2.0744e+10  1.1259e+00
  2.9286e+01  6.0619e+00  1.2000e-01  2.0414e+10  1.1225e+00
  2.9286e+01  6.0619e+00  1.4000e-01  1.3689e+10  1.0911e+00
  2.9286e+01  6.0619e+00  1.6000e-01  1.1737e+10  1.1629e+00
  2.9286e+01  6.0619e+00  1.8000e-01  1.3310e+10  1.2663e+00
  2.9286e+01  6.0619e+00  2.0000e-01  1.7201e+10  1.2319e+00
  2.9286e+01  6.0619e+00  2.2000e-01  2.4422e+10  1.2502e+00
  2.9286e+01  6.0619e+00  2.4000e-01  2.7704e+10  1.4708e+00
  2.9286e+01  6.0619e+00  2.6000e-01  2.5091e+10  1.6045e+00
  2.9286e+01  6.0619e+00  2.8000e-01  2.4408e+10  1.6075e+00
  2.9286e+01  6.0619e+00  3.0000e-01  1.5917e+10  1.7255e+00
  2.9286e+01  6.0619e+00  3.2000e-01  1.3702e+10  1.8749e+00
  2.9286e+01  6.0619e+00  3.4000e-01  1.1684e+10  1.7005e+00
  2.9286e+01  6.0619e+00  3.6000e-01  7.3113e+09  1.6122e+00
  2.9286e+01  6.0619e+00  3.8000e-01  2.0603e+09  1.9257e+00
  2.9286e+01  6.0619e+00  4.0000e-01  4.0741e+09  1.5977e+00
  2.9286e+01  6.0619e+00  4.2000e-01  2.0373e+10  1.3946e+00
  2.9286e+01  6.0619e+00  4.4000e-01  3.2830e+09  1.2025e+00
  2.9286e+01  6.0619e+00  4.6000e-01  4.8344e+06  4.9403e-01
  2.9286e+01  6.0619e+00  4.8000e-01  5.8138e+09  1.8948e+00
  2.9286e+01  6.0619e+00  5.0000e-01  3.3148e+10  3.6498e-01
  2.9286e+01  6.0619e+00  5.2000e-01  3.1563e+10  3.6072e-01
  2.9286e+01  6.0619e+00  5.4000e-01  2.7824e+10  3.7868e-01
  2.9286e+01  6.0619e+00  5.6000e-01  2.1635e+10  4.0839e-01
  2.9286e+01  6.0619e+00  5.8000e-01  1.3498e+10  5.2254e-01
  2.9286e+01  6.0619e+00  6.0000e-01  6.9202e+09  7.4404e-01
  2.9286e+01  7.4057e+00  1.0000e-02  1.7178e+10  1.1439e+00
  2.9286e+01  7.4057e+00  2.0000e-02  1.6826e+10  1.1429e+00
  2.9286e+01  7.4057e+00  4.0000e-02  1.6123e+10  1.1546e+00
  2.9286e+01  7.4057e+00  6.0000e-02  1.7297e+10  1.1885e+00
  2.9286e+01  7.4057e+00  8.0000e-02  1.4581e+10  1.1832e+00
  2.9286e+01  7.4057e+00  1.0000e-01  1.7913e+10  1.2265e+00
  2.9286e+01  7.4057e+00  1.2000e-01  2.1177e+10  1.2610e+00
  2.9286e+01  7.4057e+00  1.4000e-01  1.5479e+10  1.2288e+00
  2.9286e+01  7.4057e+00  1.6000e-01  1.0167e+10  1.1938e+00
  2.9286e+01  7.4057e+00  1.8000e-01  1.1831e+10  1.2372e+00
  2.9286e+01  7.4057e+00  2.0000e-01  1.8603e+10  1.2466e+00
  2.9286e+01  7.4057e+00  2.2000e-01  2.7924e+10  1.3645e+00
  2.9286e+01  7.4057e+00  2.4000e-01  2.8634e+10  1.6049e+00
  2.9286e+01  7.4057e+00  2.6000e-01  2.6427e+10  1.6287e+00
  2.9286e+01  7.4057e+00  2.8000e-01  2.1281e+10  1.6767e+00
  2.9286e+01  7.4057e+00  3.0000e-01  1.4841e+10  1.8293e+00
  2.9286e+01  7.4057e+00  3.2000e-01  1.4637e+10  1.8165e+00
  2.9286e+01  7.4057e+00  3.4000e-01  1.1706e+10  1.6769e+00
  2.9286e+01  7.4057e+00  3.6000e-01  7.1007e+09  1.6135e+00
  2.9286e+01  7.4057e+00  3.8000e-01  2.0768e+09  1.9598e+00
  2.9286e+01  7.4057e+00  4.0000e-01  4.0112e+09  1.5874e+00
  2.9286e+01  7.4057e+00  4.2000e-01  2.1130e+10  1.3998e+00
  2.9286e+01  7.4057e+00  4.4000e-01  3.2057e+09  1.1891e+00
  2.9286e+01  7.4057e+00  4.6000e-01  6.3215e+06  5.6609e-01
  2.9286e+01  7.4057e+00  4.8000e-01  5.8683e+09  1.9078e+00
  2.9286e+01  7.4057e+00  5.0000e-01  3.2414e+10  3.6954e-01
  2.9286e+01  7.4057e+00  5.2000e-01  3.0813e+10  3.5869e-01
  2.9286e+01  7.4057e+00  5.4000e-01  2.8898e+10  3.6698e-01
  2.9286e+01  7.4057e+00  5.6000e-01  2.5001e+10  3.8450e-01
  2.9286e+01  7.4057e+00  5.8000e-01  1.9434e+10  4.3500e-01
  2.9286e+01  7.4057e+00  6.0000e-01  1.2812e+10  5.4724e-01
  2.9286e+01  9.0474e+00  1.0000e-02  1.7324e+10  1.2732e+00
  2.9286e+01  9.0474e+00  2.0000e-02  1.7350e+10  1.2717e+00
  2.9286e+01  9.0474e+00  4.0000e-02  1.7188e+10  1.2698e+00
  2.9286e+01  9.0474e+00  6.0000e-02  1.8841e+10  1.2768e+00
  2.9286e+01  9.0474e+00  8.0000e-02  1.6397e+10  1.2598e+00
  2.9286e+01  9.0474e+00  1.0000e-01  1.8419e+10  1.2674e+00
  2.9286e+01  9.0474e+00  1.2000e-01  2.1931e+10  1.2670e+00
  2.9286e+01  9.0474e+00  1.4000e-01  1.5980e+10  1.2129e+00
  2.9286e+01  9.0474e+00  1.6000e-01  1.2532e+10  1.2084e+00
  2.9286e+01  9.0474e+00  1.8000e-01  1.6893e+10  1.3275e+00
  2.9286e+01  9.0474e+00  2.0000e-01  2.4989e+10  1.3420e+00
  2.9286e+01  9.0474e+00  2.2000e-01  2.9899e+10  1.5146e+00
  2.9286e+01  9.0474e+00  2.4000e-01  2.9698e+10  1.6137e+00
  2.9286e+01  9.0474e+00  2.6000e-01  2.6057e+10  1.6369e+00
  2.9286e+01  9.0474e+00  2.8000e-01  1.9573e+10  1.7362e+00
  2.9286e+01  9.0474e+00  3.0000e-01  1.6617e+10  1.8937e+00
  2.9286e+01  9.0474e+00  3.2000e-01  1.5066e+10  1.7718e+00
  2.9286e+01  9.0474e+00  3.4000e-01  1.1394e+10  1.6719e+00
  2.9286e+01  9.0474e+00  3.6000e-01  6.8707e+09  1.6227e+00
  2.9286e+01  9.0474e+00  3.8000e-01  2.1526e+09  1.9839e+00
  2.9286e+01  9.0474e+00  4.0000e-01  3.8882e+09  1.5759e+00
  2.9286e+01  9.0474e+00  4.2000e-01  2.2191e+10  1.4082e+00
  2.9286e+01  9.0474e+00  4.4000e-01  3.0445e+09  1.1870e+00
  2.9286e+01  9.0474e+00  4.6000e-01  1.4521e+07  8.4772e-01
  2.9286e+01  9.0474e+00  4.8000e-01  5.6267e+09  1.9061e+00
  2.9286e+01  9.0474e+00  5.0000e-01  3.1450e+10  3.7348e-01
  2.9286e+01  9.0474e+00  5.2000e-01  2.9591e+10  3.5762e-01
  2.9286e+01  9.0474e+00  5.4000e-01  2.8449e+10  3.6220e-01
  2.9286e+01  9.0474e+00  5.6000e-01  2.6406e+10  3.7073e-01
  2.9286e+01  9.0474e+00  5.8000e-01  2.3248e+10  3.8563e-01
  2.9286e+01  9.0474e+00  6.0000e-01  1.9135e+10  4.1402e-01
  2.9286e+01  1.1053e+01  1.0000e-02  1.9489e+10  1.2958e+00
  2.9286e+01  1.1053e+01  2.0000e-02  1.9384e+10  1.2909e+00
  2.9286e+01  1.1053e+01  4.0000e-02  1.8790e+10  1.2808e+00
  2.9286e+01  1.1053e+01  6.0000e-02  2.0774e+10  1.2855e+00
  2.9286e+01  1.1053e+01  8.0000e-02  1.6490e+10  1.2462e+00
  2.9286e+01  1.1053e+01  1.0000e-01  2.1454e+10  1.2829e+00
  2.9286e+01  1.1053e+01  1.2000e-01  2.2352e+10  1.2738e+00
  2.9286e+01  1.1053e+01  1.4000e-01  1.5595e+10  1.2383e+00
  2.9286e+01  1.1053e+01  1.6000e-01  1.5116e+10  1.3298e+00
  2.9286e+01  1.1053e+01  1.8000e-01  2.1720e+10  1.4035e+00
  2.9286e+01  1.1053e+01  2.0000e-01  2.9897e+10  1.4434e+00
  2.9286e+01  1.1053e+01  2.2000e-01  3.0541e+10  1.5633e+00
  2.9286e+01  1.1053e+01  2.4000e-01  2.8926e+10  1.6045e+00
  2.9286e+01  1.1053e+01  2.6000e-01  2.4715e+10  1.6555e+00
  2.9286e+01  1.1053e+01  2.8000e-01  1.8323e+10  1.7784e+00
  2.9286e+01  1.1053e+01  3.0000e-01  1.8387e+10  1.8988e+00
  2.9286e+01  1.1053e+01  3.2000e-01  1.5088e+10  1.7537e+00
  2.9286e+01  1.1053e+01  3.4000e-01  1.1097e+10  1.6766e+00
  2.9286e+01  1.1053e+01  3.6000e-01  6.7025e+09  1.6352e+00
  2.9286e+01  1.1053e+01  3.8000e-01  2.2937e+09  2.0020e+00
  2.9286e+01  1.1053e+01  4.0000e-01  3.6562e+09  1.5626e+00
  2.9286e+01  1.1053e+01  4.2000e-01  2.3496e+10  1.4260e+00
  2.9286e+01  1.1053e+01  4.4000e-01  2.6148e+09  1.1788e+00
  2.9286e+01  1.1053e+01  4.6000e-01  2.2430e+07  8.6310e-01
  2.9286e+01  1.1053e+01  4.8000e-01  5.1226e+09  1.8791e+00
  2.9286e+01  1.1053e+01  5.0000e-01  3.0313e+10  3.7899e-01
  2.9286e+01  1.1053e+01  5.2000e-01  2.8165e+10  3.6042e-01
  2.9286e+01  1.1053e+01  5.4000e-01  2.7295e+10  3.6083e-01
  2.9286e+01  1.1053e+01  5.6000e-01  2.5961e+10  3.6606e-01
  2.9286e+01  1.1053e+01  5.8000e-01  2.4096e+10  3.7190e-01
  2.9286e+01  1.1053e+01  6.0000e-01  2.1670e+10  3.8270e-01
  2.9286e+01  1.3503e+01  1.0000e-02  1.6643e+10  1.3258e+00
  2.9286e+01  1.3503e+01  2.0000e-02  1.7079e+10  1.3135e+00
  2.9286e+01  1.3503e+01  4.0000e-02  1.7376e+10  1.2998e+00
  2.9286e+01  1.3503e+01  6.0000e-02  1.8759e+10  1.2976e+00
  2.9286e+01  1.3503e+01  8.0000e-02  1.6716e+10  1.2784e+00
  2.9286e+01  1.3503e+01  1.0000e-01  2.0306e+10  1.2924e+00
  2.9286e+01  1.3503e+01  1.2000e-01  2.0783e+10  1.2802e+00
  2.9286e+01  1.3503e+01  1.4000e-01  1.6513e+10  1.2411e+00
  2.9286e+01  1.3503e+01  1.6000e-01  1.8092e+10  1.3726e+00
  2.9286e+01  1.3503e+01  1.8000e-01  2.4351e+10  1.4679e+00
  2.9286e+01  1.3503e+01  2.0000e-01  3.1973e+10  1.5083e+00
  2.9286e+01  1.3503e+01  2.2000e-01  3.0857e+10  1.5681e+00
  2.9286e+01  1.3503e+01  2.4000e-01  2.7898e+10  1.5916e+00
  2.9286e+01  1.3503e+01  2.6000e-01  2.3848e+10  1.6562e+00
  2.9286e+01  1.3503e+01  2.8000e-01  1.8629e+10  1.7875e+00
  2.9286e+01  1.3503e+01  3.0000e-01  1.9323e+10  1.8789e+00
  2.9286e+01  1.3503e+01  3.2000e-01  1.5242e+10  1.7447e+00
  2.9286e+01  1.3503e+01  3.4000e-01  1.1069e+10  1.6870e+00
  2.9286e+01  1.3503e+01  3.6000e-01  6.6407e+09  1.6566e+00
  2.9286e+01  1.3503e+01  3.8000e-01  2.4997e+09  2.0191e+00
  2.9286e+01  1.3503e+01  4.0000e-01  3.2875e+09  1.5610e+00
  2.9286e+01  1.3503e+01  4.2000e-01  2.5023e+10  1.4333e+00
  2.9286e+01  1.3503e+01  4.4000e-01  1.5986e+09  1.1584e+00
  2.9286e+01  1.3503e+01  4.6000e-01  2.8567e+07  8.9439e-01
  2.9286e+01  1.3503e+01  4.8000e-01  4.5676e+09  1.8577e+00
  2.9286e+01  1.3503e+01  5.0000e-01  2.9031e+10  3.8592e-01
  2.9286e+01  1.3503e+01  5.2000e-01  2.6464e+10  3.6078e-01
  2.9286e+01  1.3503e+01  5.4000e-01  2.5701e+10  3.6363e-01
  2.9286e+01  1.3503e+01  5.6000e-01  2.4617e+10  3.6452e-01
  2.9286e+01  1.3503e+01  5.8000e-01  2.3316e+10  3.6856e-01
  2.9286e+01  1.3503e+01  6.0000e-01  2.1682e+10  3.7413e-01
  2.9286e+01  1.6496e+01  1.0000e-02  1.6654e+10  1.3406e+00
  2.9286e+01  1.6496e+01  2.0000e-02  1.6333e+10  1.3379e+00
  2.9286e+01  1.6496e+01  4.0000e-02  1.5754e+10  1.3203e+00
  2.9286e+01  1.6496e+01  6.0000e-02  1.7780e+10  1.3128e+00
  2.9286e+01  1.6496e+01  8.0000e-02  1.5276e+10  1.2899e+00
  2.9286e+01  1.6496e+01  1.0000e-01  1.8080e+10  1.2986e+00
  2.9286e+01  1.6496e+01  1.2000e-01  1.8882e+10  1.2909e+00
  2.9286e+01  1.6496e+01  1.4000e-01  1.6490e+10  1.2671e+00
  2.9286e+01  1.6496e+01  1.6000e-01  1.9557e+10  1.3679e+00
  2.9286e+01  1.6496e+01  1.8000e-01  2.5261e+10  1.5016e+00
  2.9286e+01  1.6496e+01  2.0000e-01  3.1729e+10  1.5376e+00
  2.9286e+01  1.6496e+01  2.2000e-01  3.1578e+10  1.5579e+00
  2.9286e+01  1.6496e+01  2.4000e-01  2.8200e+10  1.5813e+00
  2.9286e+01  1.6496e+01  2.6000e-01  2.4449e+10  1.6288e+00
  2.9286e+01  1.6496e+01  2.8000e-01  2.0171e+10  1.7576e+00
  2.9286e+01  1.6496e+01  3.0000e-01  2.0073e+10  1.8441e+00
  2.9286e+01  1.6496e+01  3.2000e-01  1.5818e+10  1.7577e+00
  2.9286e+01  1.6496e+01  3.4000e-01  1.1614e+10  1.7011e+00
  2.9286e+01  1.6496e+01  3.6000e-01  6.8113e+09  1.6834e+00
  2.9286e+01  1.6496e+01  3.8000e-01  2.7831e+09  2.0274e+00
  2.9286e+01  1.6496e+01  4.0000e-01  2.8133e+09  1.5717e+00
  2.9286e+01  1.6496e+01  4.2000e-01  2.7021e+10  1.4586e+00
  2.9286e+01  1.6496e+01  4.4000e-01  7.1804e+08  1.1556e+00
  2.9286e+01  1.6496e+01  4.6000e-01  3.2174e+07  8.5198e-01
  2.9286e+01  1.6496e+01  4.8000e-01  3.9308e+09  1.8183e+00
  2.9286e+01  1.6496e+01  5.0000e-01  2.7434e+10  3.9326e-01
  2.9286e+01  1.6496e+01  5.2000e-01  2.4485e+10  3.6393e-01
  2.9286e+01  1.6496e+01  5.4000e-01  2.3767e+10  3.6525e-01
  2.9286e+01  1.6496e+01  5.6000e-01  2.2753e+10  3.6512e-01
  2.9286e+01  1.6496e+01  5.8000e-01  2.1691e+10  3.6878e-01
  2.9286e+01  1.6496e+01  6.0000e-01  2.0447e+10  3.7361e-01
  2.9286e+01  2.0153e+01  1.0000e-02  1.6791e+10  1.3318e+00
  2.9286e+01  2.0153e+01  2.0000e-02  1.6568e+10  1.3351e+00
  2.9286e+01  2.0153e+01  4.0000e-02  1.5860e+10  1.3321e+00
  2.9286e+01  2.0153e+01  6.0000e-02  1.7146e+10  1.3286e+00
  2.9286e+01  2.0153e+01  8.0000e-02  1.4075e+10  1.3056e+00
  2.9286e+01  2.0153e+01  1.0000e-01  1.6644e+10  1.3206e+00
  2.9286e+01  2.0153e+01  1.2000e-01  1.7886e+10  1.3077e+00
  2.9286e+01  2.0153e+01  1.4000e-01  1.6203e+10  1.2927e+00
  2.9286e+01  2.0153e+01  1.6000e-01  1.8785e+10  1.3595e+00
  2.9286e+01  2.0153e+01  1.8000e-01  2.5193e+10  1.4725e+00
  2.9286e+01  2.0153e+01  2.0000e-01  3.0163e+10  1.5539e+00
  2.9286e+01  2.0153e+01  2.2000e-01  3.2802e+10  1.5629e+00
  2.9286e+01  2.0153e+01  2.4000e-01  2.9763e+10  1.5567e+00
  2.9286e+01  2.0153e+01  2.6000e-01  2.6261e+10  1.5807e+00
  2.9286e+01  2.0153e+01  2.8000e-01  2.2746e+10  1.6854e+00
  2.9286e+01  2.0153e+01  3.0000e-01  2.0936e+10  1.7746e+00
  2.9286e+01  2.0153e+01  3.2000e-01  1.7484e+10  1.7560e+00
  2.9286e+01  2.0153e+01  3.4000e-01  1.2776e+10  1.7175e+00
  2.9286e+01  2.0153e+01  3.6000e-01  7.3745e+09  1.7156e+00
  2.9286e+01  2.0153e+01  3.8000e-01  3.1477e+09  2.0272e+00
  2.9286e+01  2.0153e+01  4.0000e-01  2.2530e+09  1.6235e+00
  2.9286e+01  2.0153e+01  4.2000e-01  2.9227e+10  1.4828e+00
  2.9286e+01  2.0153e+01  4.4000e-01  3.9137e+08  1.1770e+00
  2.9286e+01  2.0153e+01  4.6000e-01  3.4349e+07  8.6017e-01
  2.9286e+01  2.0153e+01  4.8000e-01  3.2124e+09  1.7824e+00
  2.9286e+01  2.0153e+01  5.0000e-01  2.5649e+10  4.0343e-01
  2.9286e+01  2.0153e+01  5.2000e-01  2.2215e+10  3.6706e-01
  2.9286e+01  2.0153e+01  5.4000e-01  2.1412e+10  3.6955e-01
  2.9286e+01  2.0153e+01  5.6000e-01  2.0461e+10  3.7012e-01
  2.9286e+01  2.0153e+01  5.8000e-01  1.9465e+10  3.7316e-01
  2.9286e+01  2.0153e+01  6.0000e-01  1.8335e+10  3.7486e-01
  2.9286e+01  2.4621e+01  1.0000e-02  1.6778e+10  1.3193e+00
  2.9286e+01  2.4621e+01  2.0000e-02  1.6755e+10  1.3268e+00
  2.9286e+01  2.4621e+01  4.0000e-02  1.6449e+10  1.3296e+00
  2.9286e+01  2.4621e+01  6.0000e-02  1.7114e+10  1.3333e+00
  2.9286e+01  2.4621e+01  8.0000e-02  1.4825e+10  1.3190e+00
  2.9286e+01  2.4621e+01  1.0000e-01  1.5325e+10  1.3314e+00
  2.9286e+01  2.4621e+01  1.2000e-01  1.8039e+10  1.3211e+00
  2.9286e+01  2.4621e+01  1.4000e-01  1.6152e+10  1.3044e+00
  2.9286e+01  2.4621e+01  1.6000e-01  1.6877e+10  1.3484e+00
  2.9286e+01  2.4621e+01  1.8000e-01  2.2671e+10  1.4314e+00
  2.9286e+01  2.4621e+01  2.0000e-01  2.8894e+10  1.5200e+00
  2.9286e+01  2.4621e+01  2.2000e-01  3.2385e+10  1.5911e+00
  2.9286e+01  2.4621e+01  2.4000e-01  3.1989e+10  1.5235e+00
  2.9286e+01  2.4621e+01  2.6000e-01  2.8465e+10  1.5156e+00
  2.9286e+01  2.4621e+01  2.8000e-01  2.5730e+10  1.5876e+00
  2.9286e+01  2.4621e+01  3.0000e-01  2.2320e+10  1.6747e+00
  2.9286e+01  2.4621e+01  3.2000e-01  1.9271e+10  1.7196e+00
  2.9286e+01  2.4621e+01  3.4000e-01  1.4706e+10  1.7130e+00
  2.9286e+01  2.4621e+01  3.6000e-01  8.5641e+09  1.7644e+00
  2.9286e+01  2.4621e+01  3.8000e-01  3.6315e+09  2.0179e+00
  2.9286e+01  2.4621e+01  4.0000e-01  1.7144e+09  1.7481e+00
  2.9286e+01  2.4621e+01  4.2000e-01  2.7656e+10  1.5178e+00
  2.9286e+01  2.4621e+01  4.4000e-01  2.3475e+08  1.1651e+00
  2.9286e+01  2.4621e+01  4.6000e-01  3.4608e+07  8.7934e-01
  2.9286e+01  2.4621e+01  4.8000e-01  2.4346e+09  1.7340e+00
  2.9286e+01  2.4621e+01  5.0000e-01  2.3573e+10  4.1567e-01
  2.9286e+01  2.4621e+01  5.2000e-01  1.9579e+10  3.7151e-01
  2.9286e+01  2.4621e+01  5.4000e-01  1.8697e+10  3.7490e-01
  2.9286e+01  2.4621e+01  5.6000e-01  1.7715e+10  3.7638e-01
  2.9286e+01  2.4621e+01  5.8000e-01  1.6725e+10  3.7967e-01
  2.9286e+01  2.4621e+01  6.0000e-01  1.5621e+10  3.8007e-01
  2.9286e+01  3.0079e+01  1.0000e-02  1.6786e+10  1.3100e+00
  2.9286e+01  3.0079e+01  2.0000e-02  1.6785e+10  1.3178e+00
  2.9286e+01  3.0079e+01  4.0000e-02  1.6830e+10  1.3240e+00
  2.9286e+01  3.0079e+01  6.0000e-02  1.6479e+10  1.3331e+00
  2.9286e+01  3.0079e+01  8.0000e-02  1.6248e+10  1.3213e+00
  2.9286e+01  3.0079e+01  1.0000e-01  1.4531e+10  1.3300e+00
  2.9286e+01  3.0079e+01  1.2000e-01  1.7500e+10  1.3292e+00
  2.9286e+01  3.0079e+01  1.4000e-01  1.7042e+10  1.3110e+00
  2.9286e+01  3.0079e+01  1.6000e-01  1.4815e+10  1.3129e+00
  2.9286e+01  3.0079e+01  1.8000e-01  1.8410e+10  1.3998e+00
  2.9286e+01  3.0079e+01  2.0000e-01  2.5101e+10  1.4471e+00
  2.9286e+01  3.0079e+01  2.2000e-01  3.0191e+10  1.5572e+00
  2.9286e+01  3.0079e+01  2.4000e-01  3.4783e+10  1.5173e+00
  2.9286e+01  3.0079e+01  2.6000e-01  3.0177e+10  1.4317e+00
  2.9286e+01  3.0079e+01  2.8000e-01  2.7815e+10  1.4826e+00
  2.9286e+01  3.0079e+01  3.0000e-01  2.4369e+10  1.5508e+00
  2.9286e+01  3.0079e+01  3.2000e-01  2.1623e+10  1.6462e+00
  2.9286e+01  3.0079e+01  3.4000e-01  1.7351e+10  1.6935e+00
  2.9286e+01  3.0079e+01  3.6000e-01  1.1501e+10  1.7527e+00
  2.9286e+01  3.0079e+01  3.8000e-01  4.3898e+09  2.0028e+00
  2.9286e+01  3.0079e+01  4.0000e-01  1.2441e+09  2.0070e+00
  2.9286e+01  3.0079e+01  4.2000e-01  1.8165e+10  1.4803e+00
  2.9286e+01  3.0079e+01  4.4000e-01  1.4798e+08  1.1918e+00
  2.9286e+01  3.0079e+01  4.6000e-01  3.2328e+07  8.7981e-01
  2.9286e+01  3.0079e+01  4.8000e-01  1.6120e+09  1.6618e+00
  2.9286e+01  3.0079e+01  5.0000e-01  2.1160e+10  4.2951e-01
  2.9286e+01  3.0079e+01  5.2000e-01  1.6741e+10  3.7823e-01
  2.9286e+01  3.0079e+01  5.4000e-01  1.5603e+10  3.8126e-01
  2.9286e+01  3.0079e+01  5.6000e-01  1.4586e+10  3.8214e-01
  2.9286e+01  3.0079e+01  5.8000e-01  1.3584e+10  3.8602e-01
  2.9286e+01  3.0079e+01  6.0000e-01  1.2596e+10  3.8875e-01
  2.9286e+01  3.6747e+01  1.0000e-02  1.6906e+10  1.2949e+00
  2.9286e+01  3.6747e+01  2.0000e-02  1.6795e+10  1.3109e+00
  2.9286e+01  3.6747e+01  4.0000e-02  1.7010e+10  1.3177e+00
  2.9286e+01  3.6747e+01  6.0000e-02  1.6234e+10  1.3266e+00
  2.9286e+01  3.6747e+01  8.0000e-02  1.7325e+10  1.3216e+00
  2.9286e+01  3.6747e+01  1.0000e-01  1.4351e+10  1.3186e+00
  2.9286e+01  3.6747e+01  1.2000e-01  1.6077e+10  1.3363e+00
  2.9286e+01  3.6747e+01  1.4000e-01  1.8273e+10  1.3207e+00
  2.9286e+01  3.6747e+01  1.6000e-01  1.4764e+10  1.2944e+00
  2.9286e+01  3.6747e+01  1.8000e-01  1.3709e+10  1.3243e+00
  2.9286e+01  3.6747e+01  2.0000e-01  1.8807e+10  1.3917e+00
  2.9286e+01  3.6747e+01  2.2000e-01  2.5506e+10  1.4096e+00
  2.9286e+01  3.6747e+01  2.4000e-01  3.4486e+10  1.6276e+00
  2.9286e+01  3.6747e+01  2.6000e-01  3.0578e+10  1.3405e+00
  2.9286e+01  3.6747e+01  2.8000e-01  2.7972e+10  1.3693e+00
  2.9286e+01  3.6747e+01  3.0000e-01  2.5201e+10  1.4281e+00
  2.9286e+01  3.6747e+01  3.2000e-01  2.3392e+10  1.5316e+00
  2.9286e+01  3.6747e+01  3.4000e-01  2.2736e+10  1.6713e+00
  2.9286e+01  3.6747e+01  3.6000e-01  1.7224e+10  1.7438e+00
  2.9286e+01  3.6747e+01  3.8000e-01  9.4340e+09  1.9176e+00
  2.9286e+01  3.6747e+01  4.0000e-01  8.1893e+08  2.6227e+00
  2.9286e+01  3.6747e+01  4.2000e-01  7.5680e+09  1.3774e+00
  2.9286e+01  3.6747e+01  4.4000e-01  9.6154e+07  1.2244e+00
  2.9286e+01  3.6747e+01  4.6000e-01  2.8762e+07  8.8079e-01
  2.9286e+01  3.6747e+01  4.8000e-01  8.0514e+08  1.5216e+00
  2.9286e+01  3.6747e+01  5.0000e-01  1.8656e+10  4.4773e-01
  2.9286e+01  3.6747e+01  5.2000e-01  1.3571e+10  3.8514e-01
  2.9286e+01  3.6747e+01  5.4000e-01  1.2419e+10  3.9097e-01
  2.9286e+01  3.6747e+01  5.6000e-01  1.1388e+10  3.9355e-01
  2.9286e+01  3.6747e+01  5.8000e-01  1.0503e+10  3.9841e-01
  2.9286e+01  3.6747e+01  6.0000e-01  9.5870e+09  4.0188e-01
  2.9286e+01  4.4893e+01  1.0000e-02  1.6936e+10  1.2747e+00
  2.9286e+01  4.4893e+01  2.0000e-02  1.6859e+10  1.2992e+00
  2.9286e+01  4.4893e+01  4.0000e-02  1.6937e+10  1.3142e+00
  2.9286e+01  4.4893e+01  6.0000e-02  1.6145e+10  1.3187e+00
  2.9286e+01  4.4893e+01  8.0000e-02  1.7595e+10  1.3206e+00
  2.9286e+01  4.4893e+01  1.0000e-01  1.5288e+10  1.3150e+00
  2.9286e+01  4.4893e+01  1.2000e-01  1.5215e+10  1.3310e+00
  2.9286e+01  4.4893e+01  1.4000e-01  1.7813e+10  1.3306e+00
  2.9286e+01  4.4893e+01  1.6000e-01  1.7913e+10  1.3152e+00
  2.9286e+01  4.4893e+01  1.8000e-01  1.3906e+10  1.2894e+00
  2.9286e+01  4.4893e+01  2.0000e-01  1.3422e+10  1.3232e+00
  2.9286e+01  4.4893e+01  2.2000e-01  1.7835e+10  1.3732e+00
  2.9286e+01  4.4893e+01  2.4000e-01  2.3226e+10  1.4761e+00
  2.9286e+01  4.4893e+01  2.6000e-01  3.0551e+10  1.5358e+00
  2.9286e+01  4.4893e+01  2.8000e-01  3.0933e+10  1.3440e+00
  2.9286e+01  4.4893e+01  3.0000e-01  2.6580e+10  1.3389e+00
  2.9286e+01  4.4893e+01  3.2000e-01  2.3575e+10  1.3965e+00
  2.9286e+01  4.4893e+01  3.4000e-01  2.0000e+10  1.4644e+00
  2.9286e+01  4.4893e+01  3.6000e-01  1.9005e+10  1.4788e+00
  2.9286e+01  4.4893e+01  3.8000e-01  2.6782e+10  1.8388e+00
  2.9286e+01  4.4893e+01  4.0000e-01  4.8897e+09  1.6317e+00
  2.9286e+01  4.4893e+01  4.2000e-01  1.3459e+09  1.3000e+00
  2.9286e+01  4.4893e+01  4.4000e-01  6.1149e+07  1.2091e+00
  2.9286e+01  4.4893e+01  4.6000e-01  2.4402e+07  8.8149e-01
  2.9286e+01  4.4893e+01  4.8000e-01  2.1535e+08  1.1229e+00
  2.9286e+01  4.4893e+01  5.0000e-01  1.5964e+10  4.6888e-01
  2.9286e+01  4.4893e+01  5.2000e-01  1.0440e+10  3.9411e-01
  2.9286e+01  4.4893e+01  5.4000e-01  9.3217e+09  4.0185e-01
  2.9286e+01  4.4893e+01  5.6000e-01  8.4246e+09  4.0476e-01
  2.9286e+01  4.4893e+01  5.8000e-01  7.6454e+09  4.1116e-01
  2.9286e+01  4.4893e+01  6.0000e-01  6.9199e+09  4.1688e-01
  2.9286e+01  5.4844e+01  1.0000e-02  1.6797e+10  1.2619e+00
  2.9286e+01  5.4844e+01  2.0000e-02  1.6879e+10  1.2799e+00
  2.9286e+01  5.4844e+01  4.0000e-02  1.6814e+10  1.3074e+00
  2.9286e+01  5.4844e+01  6.0000e-02  1.6279e+10  1.3122e+00
  2.9286e+01  5.4844e+01  8.0000e-02  1.7349e+10  1.3201e+00
  2.9286e+01  5.4844e+01  1.0000e-01  1.6286e+10  1.3131e+00
  2.9286e+01  5.4844e+01  1.2000e-01  1.5160e+10  1.3238e+00
  2.9286e+01  5.4844e+01  1.4000e-01  1.7189e+10  1.3331e+00
  2.9286e+01  5.4844e+01  1.6000e-01  1.8573e+10  1.3211e+00
  2.9286e+01  5.4844e+01  1.8000e-01  1.5632e+10  1.3042e+00
  2.9286e+01  5.4844e+01  2.0000e-01  1.2764e+10  1.2968e+00
  2.9286e+01  5.4844e+01  2.2000e-01  1.4417e+10  1.3512e+00
  2.9286e+01  5.4844e+01  2.4000e-01  1.9130e+10  1.3682e+00
  2.9286e+01  5.4844e+01  2.6000e-01  2.4523e+10  1.3808e+00
  2.9286e+01  5.4844e+01  2.8000e-01  3.1153e+10  1.5518e+00
  2.9286e+01  5.4844e+01  3.0000e-01  3.1178e+10  1.3567e+00
  2.9286e+01  5.4844e+01  3.2000e-01  2.5291e+10  1.3543e+00
  2.9286e+01  5.4844e+01  3.4000e-01  1.9167e+10  1.4130e+00
  2.9286e+01  5.4844e+01  3.6000e-01  1.7604e+10  1.5145e+00
  2.9286e+01  5.4844e+01  3.8000e-01  2.2325e+10  1.7123e+00
  2.9286e+01  5.4844e+01  4.0000e-01  1.5004e+10  1.9494e+00
  2.9286e+01  5.4844e+01  4.2000e-01  1.4613e+10  2.0810e+00
  2.9286e+01  5.4844e+01  4.4000e-01  4.2047e+07  1.1557e+00
  2.9286e+01  5.4844e+01  4.6000e-01  2.0130e+07  8.9152e-01
  2.9286e+01  5.4844e+01  4.8000e-01  1.1123e+08  9.3480e-01
  2.9286e+01  5.4844e+01  5.0000e-01  1.3192e+10  4.9471e-01
  2.9286e+01  5.4844e+01  5.2000e-01  7.6174e+09  4.0851e-01
  2.9286e+01  5.4844e+01  5.4000e-01  6.6632e+09  4.1374e-01
  2.9286e+01  5.4844e+01  5.6000e-01  5.9698e+09  4.1900e-01
  2.9286e+01  5.4844e+01  5.8000e-01  5.3314e+09  4.2318e-01
  2.9286e+01  5.4844e+01  6.0000e-01  4.7209e+09  4.2614e-01
  2.9286e+01  6.7002e+01  1.0000e-02  1.6564e+10  1.2567e+00
  2.9286e+01  6.7002e+01  2.0000e-02  1.6782e+10  1.2655e+00
  2.9286e+01  6.7002e+01  4.0000e-02  1.6730e+10  1.2903e+00
  2.9286e+01  6.7002e+01  6.0000e-02  1.6572e+10  1.3059e+00
  2.9286e+01  6.7002e+01  8.0000e-02  1.6855e+10  1.3183e+00
  2.9286e+01  6.7002e+01  1.0000e-01  1.6928e+10  1.3136e+00
  2.9286e+01  6.7002e+01  1.2000e-01  1.5413e+10  1.3180e+00
  2.9286e+01  6.7002e+01  1.4000e-01  1.6600e+10  1.3325e+00
  2.9286e+01  6.7002e+01  1.6000e-01  1.8569e+10  1.3260e+00
  2.9286e+01  6.7002e+01  1.8000e-01  1.7011e+10  1.3143e+00
  2.9286e+01  6.7002e+01  2.0000e-01  1.3210e+10  1.2964e+00
  2.9286e+01  6.7002e+01  2.2000e-01  1.2960e+10  1.3303e+00
  2.9286e+01  6.7002e+01  2.4000e-01  1.6497e+10  1.3687e+00
  2.9286e+01  6.7002e+01  2.6000e-01  2.1690e+10  1.3683e+00
  2.9286e+01  6.7002e+01  2.8000e-01  2.5793e+10  1.3546e+00
  2.9286e+01  6.7002e+01  3.0000e-01  3.4689e+10  1.4468e+00
  2.9286e+01  6.7002e+01  3.2000e-01  2.7161e+10  1.3357e+00
  2.9286e+01  6.7002e+01  3.4000e-01  2.0843e+10  1.4029e+00
  2.9286e+01  6.7002e+01  3.6000e-01  1.5669e+10  1.4609e+00
  2.9286e+01  6.7002e+01  3.8000e-01  1.8008e+10  1.5736e+00
  2.9286e+01  6.7002e+01  4.0000e-01  1.8901e+10  1.9316e+00
  2.9286e+01  6.7002e+01  4.2000e-01  1.6667e+10  1.9593e+00
  2.9286e+01  6.7002e+01  4.4000e-01  1.1685e+08  6.7092e-01
  2.9286e+01  6.7002e+01  4.6000e-01  1.4882e+07  8.7070e-01
  2.9286e+01  6.7002e+01  4.8000e-01  7.0726e+07  8.4461e-01
  2.9286e+01  6.7002e+01  5.0000e-01  1.0446e+10  5.2941e-01
  2.9286e+01  6.7002e+01  5.2000e-01  5.2924e+09  4.2077e-01
  2.9286e+01  6.7002e+01  5.4000e-01  4.5322e+09  4.2285e-01
  2.9286e+01  6.7002e+01  5.6000e-01  4.0284e+09  4.2907e-01
  2.9286e+01  6.7002e+01  5.8000e-01  3.5566e+09  4.3309e-01
  2.9286e+01  6.7002e+01  6.0000e-01  3.0972e+09  4.3187e-01
  2.9286e+01  8.1855e+01  1.0000e-02  1.6402e+10  1.2594e+00
  2.9286e+01  8.1855e+01  2.0000e-02  1.6539e+10  1.2590e+00
  2.9286e+01  8.1855e+01  4.0000e-02  1.6687e+10  1.2732e+00
  2.9286e+01  8.1855e+01  6.0000e-02  1.6743e+10  1.2919e+00
  2.9286e+01  8.1855e+01  8.0000e-02  1.6452e+10  1.3097e+00
  2.9286e+01  8.1855e+01  1.0000e-01  1.7050e+10  1.3155e+00
  2.9286e+01  8.1855e+01  1.2000e-01  1.5815e+10  1.3147e+00
  2.9286e+01  8.1855e+01  1.4000e-01  1.5990e+10  1.3297e+00
  2.9286e+01  8.1855e+01  1.6000e-01  1.8056e+10  1.3313e+00
  2.9286e+01  8.1855e+01  1.8000e-01  1.8040e+10  1.3208e+00
  2.9286e+01  8.1855e+01  2.0000e-01  1.4322e+10  1.3061e+00
  2.9286e+01  8.1855e+01  2.2000e-01  1.2231e+10  1.3125e+00
  2.9286e+01  8.1855e+01  2.4000e-01  1.4221e+10  1.3577e+00
  2.9286e+01  8.1855e+01  2.6000e-01  1.8759e+10  1.3614e+00
  2.9286e+01  8.1855e+01  2.8000e-01  2.3366e+10  1.3544e+00
  2.9286e+01  8.1855e+01  3.0000e-01  2.9884e+10  1.5706e+00
  2.9286e+01  8.1855e+01  3.2000e-01  2.8844e+10  1.3326e+00
  2.9286e+01  8.1855e+01  3.4000e-01  2.2861e+10  1.3759e+00
  2.9286e+01  8.1855e+01  3.6000e-01  1.5119e+10  1.4281e+00
  2.9286e+01  8.1855e+01  3.8000e-01  1.4755e+10  1.4775e+00
  2.9286e+01  8.1855e+01  4.0000e-01  1.8211e+10  1.7796e+00
  2.9286e+01  8.1855e+01  4.2000e-01  5.0561e+09  1.6275e+00
  2.9286e+01  8.1855e+01  4.4000e-01  5.5176e+09  1.6728e+00
  2.9286e+01  8.1855e+01  4.6000e-01  1.1788e+07  8.8634e-01
  2.9286e+01  8.1855e+01  4.8000e-01  4.8612e+07  8.4115e-01
  2.9286e+01  8.1855e+01  5.0000e-01  7.6779e+09  5.7147e-01
  2.9286e+01  8.1855e+01  5.2000e-01  3.4890e+09  4.2729e-01
  2.9286e+01  8.1855e+01  5.4000e-01  2.9901e+09  4.3199e-01
  2.9286e+01  8.1855e+01  5.6000e-01  2.6222e+09  4.3520e-01
  2.9286e+01  8.1855e+01  5.8000e-01  2.2809e+09  4.3670e-01
  2.9286e+01  8.1855e+01  6.0000e-01  1.9847e+09  4.3969e-01
  2.9286e+01  1.0000e+02  1.0000e-02  1.6406e+10  1.2683e+00
  2.9286e+01  1.0000e+02  2.0000e-02  1.6335e+10  1.2595e+00
  2.9286e+01  1.0000e+02  4.0000e-02  1.6455e+10  1.2641e+00
  2.9286e+01  1.0000e+02  6.0000e-02  1.6515e+10  1.2763e+00
  2.9286e+01  1.0000e+02  8.0000e-02  1.6260e+10  1.2905e+00
  2.9286e+01  1.0000e+02  1.0000e-01  1.6713e+10  1.3093e+00
  2.9286e+01  1.0000e+02  1.2000e-01  1.6258e+10  1.3118e+00
  2.9286e+01  1.0000e+02  1.4000e-01  1.5471e+10  1.3234e+00
  2.9286e+01  1.0000e+02  1.6000e-01  1.7012e+10  1.3361e+00
  2.9286e+01  1.0000e+02  1.8000e-01  1.8362e+10  1.3274e+00
  2.9286e+01  1.0000e+02  2.0000e-01  1.5924e+10  1.3176e+00
  2.9286e+01  1.0000e+02  2.2000e-01  1.2418e+10  1.3052e+00
  2.9286e+01  1.0000e+02  2.4000e-01  1.2338e+10  1.3370e+00
  2.9286e+01  1.0000e+02  2.6000e-01  1.5599e+10  1.3611e+00
  2.9286e+01  1.0000e+02  2.8000e-01  2.0312e+10  1.3514e+00
  2.9286e+01  1.0000e+02  3.0000e-01  2.4669e+10  1.3303e+00
  2.9286e+01  1.0000e+02  3.2000e-01  3.1862e+10  1.4394e+00
  2.9286e+01  1.0000e+02  3.4000e-01  2.4087e+10  1.3292e+00
  2.9286e+01  1.0000e+02  3.6000e-01  1.7961e+10  1.4037e+00
  2.9286e+01  1.0000e+02  3.8000e-01  1.3073e+10  1.4383e+00
  2.9286e+01  1.0000e+02  4.0000e-01  1.5922e+10  1.6117e+00
  2.9286e+01  1.0000e+02  4.2000e-01  1.3052e+10  1.8798e+00
  2.9286e+01  1.0000e+02  4.4000e-01  1.5510e+10  1.9916e+00
  2.9286e+01  1.0000e+02  4.6000e-01  1.2240e+07  8.4207e-01
  2.9286e+01  1.0000e+02  4.8000e-01  3.0271e+07  8.4396e-01
  2.9286e+01  1.0000e+02  5.0000e-01  5.1222e+09  6.3740e-01
  2.9286e+01  1.0000e+02  5.2000e-01  2.2343e+09  4.3113e-01
  2.9286e+01  1.0000e+02  5.4000e-01  1.8983e+09  4.3438e-01
  2.9286e+01  1.0000e+02  5.6000e-01  1.6596e+09  4.3839e-01
  2.9286e+01  1.0000e+02  5.8000e-01  1.4449e+09  4.4102e-01
  2.9286e+01  1.0000e+02  6.0000e-01  1.2508e+09  4.4393e-01
  2.9286e+01  1.5000e+02  1.0000e-02  1.6826e+10  1.2848e+00
  2.9286e+01  1.5000e+02  2.0000e-02  1.6364e+10  1.2768e+00
  2.9286e+01  1.5000e+02  4.0000e-02  1.5920e+10  1.2662e+00
  2.9286e+01  1.5000e+02  6.0000e-02  1.5806e+10  1.2637e+00
  2.9286e+01  1.5000e+02  8.0000e-02  1.5707e+10  1.2674e+00
  2.9286e+01  1.5000e+02  1.0000e-01  1.5573e+10  1.2729e+00
  2.9286e+01  1.5000e+02  1.2000e-01  1.5639e+10  1.2865e+00
  2.9286e+01  1.5000e+02  1.4000e-01  1.5693e+10  1.2963e+00
  2.9286e+01  1.5000e+02  1.6000e-01  1.4692e+10  1.3112e+00
  2.9286e+01  1.5000e+02  1.8000e-01  1.5309e+10  1.3366e+00
  2.9286e+01  1.5000e+02  2.0000e-01  1.7015e+10  1.3388e+00
  2.9286e+01  1.5000e+02  2.2000e-01  1.6092e+10  1.3304e+00
  2.9286e+01  1.5000e+02  2.4000e-01  1.2585e+10  1.3165e+00
  2.9286e+01  1.5000e+02  2.6000e-01  1.0676e+10  1.3135e+00
  2.9286e+01  1.5000e+02  2.8000e-01  1.1925e+10  1.3386e+00
  2.9286e+01  1.5000e+02  3.0000e-01  1.5327e+10  1.3388e+00
  2.9286e+01  1.5000e+02  3.2000e-01  1.9032e+10  1.3197e+00
  2.9286e+01  1.5000e+02  3.4000e-01  2.3208e+10  1.4965e+00
  2.9286e+01  1.5000e+02  3.6000e-01  2.2304e+10  1.3209e+00
  2.9286e+01  1.5000e+02  3.8000e-01  1.7004e+10  1.3440e+00
  2.9286e+01  1.5000e+02  4.0000e-01  1.0701e+10  1.4122e+00
  2.9286e+01  1.5000e+02  4.2000e-01  9.4618e+09  1.4691e+00
  2.9286e+01  1.5000e+02  4.4000e-01  1.0684e+10  1.7983e+00
  2.9286e+01  1.5000e+02  4.6000e-01  3.8685e+09  1.5601e+00
  2.9286e+01  1.5000e+02  4.8000e-01  2.0978e+08  7.5871e-01
  2.9286e+01  1.5000e+02  5.0000e-01  1.3675e+09  8.4586e-01
  2.9286e+01  1.5000e+02  5.2000e-01  8.7245e+08  4.4125e-01
  2.9286e+01  1.5000e+02  5.4000e-01  7.2286e+08  4.3792e-01
  2.9286e+01  1.5000e+02  5.6000e-01  6.2532e+08  4.4164e-01
  2.9286e+01  1.5000e+02  5.8000e-01  5.4812e+08  4.4764e-01
  2.9286e+01  1.5000e+02  6.0000e-01  4.6867e+08  4.4914e-01
  2.9286e+01  2.0000e+02  1.0000e-02  1.6829e+10  1.2935e+00
  2.9286e+01  2.0000e+02  2.0000e-02  1.6572e+10  1.2879e+00
  2.9286e+01  2.0000e+02  4.0000e-02  1.5889e+10  1.2791e+00
  2.9286e+01  2.0000e+02  6.0000e-02  1.5423e+10  1.2732e+00
  2.9286e+01  2.0000e+02  8.0000e-02  1.5135e+10  1.2694e+00
  2.9286e+01  2.0000e+02  1.0000e-01  1.4895e+10  1.2681e+00
  2.9286e+01  2.0000e+02  1.2000e-01  1.4720e+10  1.2695e+00
  2.9286e+01  2.0000e+02  1.4000e-01  1.4455e+10  1.2765e+00
  2.9286e+01  2.0000e+02  1.6000e-01  1.4647e+10  1.2849e+00
  2.9286e+01  2.0000e+02  1.8000e-01  1.3991e+10  1.2908e+00
  2.9286e+01  2.0000e+02  2.0000e-01  1.3345e+10  1.3141e+00
  2.9286e+01  2.0000e+02  2.2000e-01  1.4434e+10  1.3411e+00
  2.9286e+01  2.0000e+02  2.4000e-01  1.5304e+10  1.3403e+00
  2.9286e+01  2.0000e+02  2.6000e-01  1.3287e+10  1.3356e+00
  2.9286e+01  2.0000e+02  2.8000e-01  1.0228e+10  1.3176e+00
  2.9286e+01  2.0000e+02  3.0000e-01  9.1139e+09  1.3072e+00
  2.9286e+01  2.0000e+02  3.2000e-01  1.0461e+10  1.3139e+00
  2.9286e+01  2.0000e+02  3.4000e-01  1.3064e+10  1.3100e+00
  2.9286e+01  2.0000e+02  3.6000e-01  1.6354e+10  1.2971e+00
  2.9286e+01  2.0000e+02  3.8000e-01  1.9245e+10  1.6269e+00
  2.9286e+01  2.0000e+02  4.0000e-01  1.5144e+10  1.2954e+00
  2.9286e+01  2.0000e+02  4.2000e-01  1.0796e+10  1.3336e+00
  2.9286e+01  2.0000e+02  4.4000e-01  6.1395e+09  1.4223e+00
  2.9286e+01  2.0000e+02  4.6000e-01  5.5665e+09  1.5768e+00
  2.9286e+01  2.0000e+02  4.8000e-01  2.9288e+09  1.7794e+00
  2.9286e+01  2.0000e+02  5.0000e-01  4.1203e+08  1.0276e+00
  2.9286e+01  2.0000e+02  5.2000e-01  4.4041e+08  4.4813e-01
  2.9286e+01  2.0000e+02  5.4000e-01  3.6278e+08  4.3857e-01
  2.9286e+01  2.0000e+02  5.6000e-01  3.1549e+08  4.4353e-01
  2.9286e+01  2.0000e+02  5.8000e-01  2.8350e+08  4.6094e-01
  2.9286e+01  2.0000e+02  6.0000e-01  2.3985e+08  4.5536e-01
  2.9286e+01  2.5000e+02  1.0000e-02  1.6529e+10  1.2984e+00
  2.9286e+01  2.5000e+02  2.0000e-02  1.6490e+10  1.2948e+00
  2.9286e+01  2.5000e+02  4.0000e-02  1.5963e+10  1.2884e+00
  2.9286e+01  2.5000e+02  6.0000e-02  1.5382e+10  1.2834e+00
  2.9286e+01  2.5000e+02  8.0000e-02  1.4878e+10  1.2791e+00
  2.9286e+01  2.5000e+02  1.0000e-01  1.4476e+10  1.2764e+00
  2.9286e+01  2.5000e+02  1.2000e-01  1.4112e+10  1.2739e+00
  2.9286e+01  2.5000e+02  1.4000e-01  1.3862e+10  1.2728e+00
  2.9286e+01  2.5000e+02  1.6000e-01  1.3436e+10  1.2737e+00
  2.9286e+01  2.5000e+02  1.8000e-01  1.3347e+10  1.2810e+00
  2.9286e+01  2.5000e+02  2.0000e-01  1.3189e+10  1.2843e+00
  2.9286e+01  2.5000e+02  2.2000e-01  1.2217e+10  1.2890e+00
  2.9286e+01  2.5000e+02  2.4000e-01  1.1861e+10  1.3147e+00
  2.9286e+01  2.5000e+02  2.6000e-01  1.2786e+10  1.3400e+00
  2.9286e+01  2.5000e+02  2.8000e-01  1.2965e+10  1.3416e+00
  2.9286e+01  2.5000e+02  3.0000e-01  1.0865e+10  1.3391e+00
  2.9286e+01  2.5000e+02  3.2000e-01  8.2508e+09  1.3203e+00
  2.9286e+01  2.5000e+02  3.4000e-01  7.2090e+09  1.3029e+00
  2.9286e+01  2.5000e+02  3.6000e-01  8.0475e+09  1.2938e+00
  2.9286e+01  2.5000e+02  3.8000e-01  9.7374e+09  1.2848e+00
  2.9286e+01  2.5000e+02  4.0000e-01  1.2004e+10  1.2812e+00
  2.9286e+01  2.5000e+02  4.2000e-01  1.2470e+10  1.6114e+00
  2.9286e+01  2.5000e+02  4.4000e-01  9.0722e+09  1.3113e+00
  2.9286e+01  2.5000e+02  4.6000e-01  5.2142e+09  1.3272e+00
  2.9286e+01  2.5000e+02  4.8000e-01  2.3258e+09  1.4589e+00
  2.9286e+01  2.5000e+02  5.0000e-01  2.4185e+08  1.2528e+00
  2.9286e+01  2.5000e+02  5.2000e-01  2.6422e+08  4.5864e-01
  2.9286e+01  2.5000e+02  5.4000e-01  2.2063e+08  4.5152e-01
  2.9286e+01  2.5000e+02  5.6000e-01  1.8854e+08  4.5212e-01
  2.9286e+01  2.5000e+02  5.8000e-01  1.7443e+08  4.8109e-01
  2.9286e+01  2.5000e+02  6.0000e-01  1.4895e+08  4.8113e-01
  2.9286e+01  3.0000e+02  1.0000e-02  1.6083e+10  1.3001e+00
  2.9286e+01  3.0000e+02  2.0000e-02  1.6218e+10  1.2985e+00
  2.9286e+01  3.0000e+02  4.0000e-02  1.5861e+10  1.2949e+00
  2.9286e+01  3.0000e+02  6.0000e-02  1.5339e+10  1.2907e+00
  2.9286e+01  3.0000e+02  8.0000e-02  1.4797e+10  1.2877e+00
  2.9286e+01  3.0000e+02  1.0000e-01  1.4274e+10  1.2847e+00
  2.9286e+01  3.0000e+02  1.2000e-01  1.3798e+10  1.2820e+00
  2.9286e+01  3.0000e+02  1.4000e-01  1.3343e+10  1.2799e+00
  2.9286e+01  3.0000e+02  1.6000e-01  1.2988e+10  1.2787e+00
  2.9286e+01  3.0000e+02  1.8000e-01  1.2545e+10  1.2767e+00
  2.9286e+01  3.0000e+02  2.0000e-01  1.2133e+10  1.2790e+00
  2.9286e+01  3.0000e+02  2.2000e-01  1.2041e+10  1.2844e+00
  2.9286e+01  3.0000e+02  2.4000e-01  1.1494e+10  1.2839e+00
  2.9286e+01  3.0000e+02  2.6000e-01  1.0442e+10  1.2879e+00
  2.9286e+01  3.0000e+02  2.8000e-01  1.0154e+10  1.3128e+00
  2.9286e+01  3.0000e+02  3.0000e-01  1.0716e+10  1.3359e+00
  2.9286e+01  3.0000e+02  3.2000e-01  1.0518e+10  1.3402e+00
  2.9286e+01  3.0000e+02  3.4000e-01  8.6532e+09  1.3390e+00
  2.9286e+01  3.0000e+02  3.6000e-01  6.4081e+09  1.3223e+00
  2.9286e+01  3.0000e+02  3.8000e-01  5.2133e+09  1.3078e+00
  2.9286e+01  3.0000e+02  4.0000e-01  5.3352e+09  1.2953e+00
  2.9286e+01  3.0000e+02  4.2000e-01  6.0913e+09  1.2794e+00
  2.9286e+01  3.0000e+02  4.4000e-01  7.2216e+09  1.2666e+00
  2.9286e+01  3.0000e+02  4.6000e-01  6.2948e+09  1.6012e+00
  2.9286e+01  3.0000e+02  4.8000e-01  2.9121e+09  1.3092e+00
  2.9286e+01  3.0000e+02  5.0000e-01  2.7029e+08  1.4293e+00
  2.9286e+01  3.0000e+02  5.2000e-01  1.7388e+08  4.6754e-01
  2.9286e+01  3.0000e+02  5.4000e-01  1.4783e+08  4.6816e-01
  2.9286e+01  3.0000e+02  5.6000e-01  1.3515e+08  4.9012e-01
  2.9286e+01  3.0000e+02  5.8000e-01  1.1810e+08  4.9835e-01
  2.9286e+01  3.0000e+02  6.0000e-01  9.9156e+07  4.9760e-01
  3.9811e+01  3.3246e+00  1.0000e-02  1.9363e+10  1.3413e+00
  3.9811e+01  3.3246e+00  2.0000e-02  1.9292e+10  1.3250e+00
  3.9811e+01  3.3246e+00  4.0000e-02  1.8323e+10  1.3355e+00
  3.9811e+01  3.3246e+00  6.0000e-02  1.8928e+10  1.3125e+00
  3.9811e+01  3.3246e+00  8.0000e-02  1.7911e+10  1.3255e+00
  3.9811e+01  3.3246e+00  1.0000e-01  2.1441e+10  1.2398e+00
  3.9811e+01  3.3246e+00  1.2000e-01  2.0691e+10  1.2900e+00
  3.9811e+01  3.3246e+00  1.4000e-01  1.2341e+10  1.5034e+00
  3.9811e+01  3.3246e+00  1.6000e-01  1.7364e+10  1.2838e+00
  3.9811e+01  3.3246e+00  1.8000e-01  2.1759e+10  1.2017e+00
  3.9811e+01  3.3246e+00  2.0000e-01  2.6745e+10  1.1791e+00
  3.9811e+01  3.3246e+00  2.2000e-01  2.7259e+10  1.1967e+00
  3.9811e+01  3.3246e+00  2.4000e-01  2.5695e+10  1.2105e+00
  3.9811e+01  3.3246e+00  2.6000e-01  2.4201e+10  1.2446e+00
  3.9811e+01  3.3246e+00  2.8000e-01  2.1078e+10  1.3200e+00
  3.9811e+01  3.3246e+00  3.0000e-01  1.6332e+10  1.4296e+00
  3.9811e+01  3.3246e+00  3.2000e-01  1.1197e+10  1.6025e+00
  3.9811e+01  3.3246e+00  3.4000e-01  8.2012e+09  1.8396e+00
  3.9811e+01  3.3246e+00  3.6000e-01  6.7485e+09  1.6999e+00
  3.9811e+01  3.3246e+00  3.8000e-01  1.9290e+09  1.8937e+00
  3.9811e+01  3.3246e+00  4.0000e-01  3.7500e+09  1.6277e+00
  3.9811e+01  3.3246e+00  4.2000e-01  1.9014e+10  1.3801e+00
  3.9811e+01  3.3246e+00  4.4000e-01  3.2960e+09  1.2346e+00
  3.9811e+01  3.3246e+00  4.6000e-01  7.9844e+06  8.8192e-01
  3.9811e+01  3.3246e+00  4.8000e-01  6.2752e+08  9.3273e-01
  3.9811e+01  3.3246e+00  5.0000e-01  3.5079e+10  3.5782e-01
  3.9811e+01  3.3246e+00  5.2000e-01  2.7175e+10  3.8074e-01
  3.9811e+01  3.3246e+00  5.4000e-01  1.8726e+10  5.7740e-01
  3.9811e+01  3.3246e+00  5.6000e-01  1.1390e+10  7.7134e-01
  3.9811e+01  3.3246e+00  5.8000e-01  6.8154e+09  9.9421e-01
  3.9811e+01  3.3246e+00  6.0000e-01  4.4030e+09  1.1320e+00
  3.9811e+01  4.0616e+00  1.0000e-02  1.9190e+10  1.2143e+00
  3.9811e+01  4.0616e+00  2.0000e-02  1.9028e+10  1.2208e+00
  3.9811e+01  4.0616e+00  4.0000e-02  1.8412e+10  1.2278e+00
  3.9811e+01  4.0616e+00  6.0000e-02  1.8271e+10  1.2235e+00
  3.9811e+01  4.0616e+00  8.0000e-02  1.7382e+10  1.2247e+00
  3.9811e+01  4.0616e+00  1.0000e-01  1.9347e+10  1.1988e+00
  3.9811e+01  4.0616e+00  1.2000e-01  1.7328e+10  1.2459e+00
  3.9811e+01  4.0616e+00  1.4000e-01  9.7052e+09  1.4341e+00
  3.9811e+01  4.0616e+00  1.6000e-01  1.3347e+10  1.2538e+00
  3.9811e+01  4.0616e+00  1.8000e-01  1.7745e+10  1.1945e+00
  3.9811e+01  4.0616e+00  2.0000e-01  2.3541e+10  1.1664e+00
  3.9811e+01  4.0616e+00  2.2000e-01  2.4907e+10  1.1867e+00
  3.9811e+01  4.0616e+00  2.4000e-01  2.5600e+10  1.2178e+00
  3.9811e+01  4.0616e+00  2.6000e-01  2.3908e+10  1.2767e+00
  3.9811e+01  4.0616e+00  2.8000e-01  1.9956e+10  1.3678e+00
  3.9811e+01  4.0616e+00  3.0000e-01  1.4928e+10  1.4972e+00
  3.9811e+01  4.0616e+00  3.2000e-01  1.2081e+10  1.6833e+00
  3.9811e+01  4.0616e+00  3.4000e-01  9.0310e+09  1.8533e+00
  3.9811e+01  4.0616e+00  3.6000e-01  7.2586e+09  1.6495e+00
  3.9811e+01  4.0616e+00  3.8000e-01  2.0110e+09  1.8826e+00
  3.9811e+01  4.0616e+00  4.0000e-01  3.9357e+09  1.6217e+00
  3.9811e+01  4.0616e+00  4.2000e-01  1.9289e+10  1.3835e+00
  3.9811e+01  4.0616e+00  4.4000e-01  3.3182e+09  1.2232e+00
  3.9811e+01  4.0616e+00  4.6000e-01  6.4992e+06  7.3487e-01
  3.9811e+01  4.0616e+00  4.8000e-01  3.0454e+09  1.5393e+00
  3.9811e+01  4.0616e+00  5.0000e-01  3.4629e+10  3.5904e-01
  3.9811e+01  4.0616e+00  5.2000e-01  3.0139e+10  3.7270e-01
  3.9811e+01  4.0616e+00  5.4000e-01  1.9909e+10  4.5701e-01
  3.9811e+01  4.0616e+00  5.6000e-01  1.2553e+10  6.7000e-01
  3.9811e+01  4.0616e+00  5.8000e-01  7.6977e+09  9.2008e-01
  3.9811e+01  4.0616e+00  6.0000e-01  5.3264e+09  1.1552e+00
  3.9811e+01  4.9619e+00  1.0000e-02  1.6015e+10  1.2099e+00
  3.9811e+01  4.9619e+00  2.0000e-02  1.5958e+10  1.2114e+00
  3.9811e+01  4.9619e+00  4.0000e-02  1.5238e+10  1.2199e+00
  3.9811e+01  4.9619e+00  6.0000e-02  1.4716e+10  1.2195e+00
  3.9811e+01  4.9619e+00  8.0000e-02  1.3605e+10  1.2236e+00
  3.9811e+01  4.9619e+00  1.0000e-01  1.6335e+10  1.1618e+00
  3.9811e+01  4.9619e+00  1.2000e-01  1.5467e+10  1.0547e+00
  3.9811e+01  4.9619e+00  1.4000e-01  1.0700e+10  1.0903e+00
  3.9811e+01  4.9619e+00  1.6000e-01  1.0760e+10  1.2217e+00
  3.9811e+01  4.9619e+00  1.8000e-01  1.4800e+10  1.1641e+00
  3.9811e+01  4.9619e+00  2.0000e-01  1.9131e+10  1.1271e+00
  3.9811e+01  4.9619e+00  2.2000e-01  2.3832e+10  1.1525e+00
  3.9811e+01  4.9619e+00  2.4000e-01  2.5383e+10  1.2536e+00
  3.9811e+01  4.9619e+00  2.6000e-01  2.3448e+10  1.3517e+00
  3.9811e+01  4.9619e+00  2.8000e-01  2.0345e+10  1.5539e+00
  3.9811e+01  4.9619e+00  3.0000e-01  1.6262e+10  1.6425e+00
  3.9811e+01  4.9619e+00  3.2000e-01  1.1660e+10  1.7930e+00
  3.9811e+01  4.9619e+00  3.4000e-01  1.0737e+10  1.7779e+00
  3.9811e+01  4.9619e+00  3.6000e-01  7.5230e+09  1.6175e+00
  3.9811e+01  4.9619e+00  3.8000e-01  1.9411e+09  1.8742e+00
  3.9811e+01  4.9619e+00  4.0000e-01  3.9457e+09  1.6132e+00
  3.9811e+01  4.9619e+00  4.2000e-01  1.9676e+10  1.3815e+00
  3.9811e+01  4.9619e+00  4.4000e-01  3.3099e+09  1.2148e+00
  3.9811e+01  4.9619e+00  4.6000e-01  5.7930e+06  6.2948e-01
  3.9811e+01  4.9619e+00  4.8000e-01  4.7033e+09  1.7901e+00
  3.9811e+01  4.9619e+00  5.0000e-01  3.4077e+10  3.6152e-01
  3.9811e+01  4.9619e+00  5.2000e-01  3.1716e+10  3.6351e-01
  3.9811e+01  4.9619e+00  5.4000e-01  2.4574e+10  4.1479e-01
  3.9811e+01  4.9619e+00  5.6000e-01  1.5557e+10  5.0650e-01
  3.9811e+01  4.9619e+00  5.8000e-01  7.9711e+09  7.3175e-01
  3.9811e+01  4.9619e+00  6.0000e-01  5.0169e+09  1.0354e+00
  3.9811e+01  6.0619e+00  1.0000e-02  1.4241e+10  1.1500e+00
  3.9811e+01  6.0619e+00  2.0000e-02  1.4292e+10  1.1419e+00
  3.9811e+01  6.0619e+00  4.0000e-02  1.4301e+10  1.1087e+00
  3.9811e+01  6.0619e+00  6.0000e-02  1.4752e+10  1.0623e+00
  3.9811e+01  6.0619e+00  8.0000e-02  1.3387e+10  1.0734e+00
  3.9811e+01  6.0619e+00  1.0000e-01  1.8521e+10  1.0392e+00
  3.9811e+01  6.0619e+00  1.2000e-01  1.9055e+10  1.0631e+00
  3.9811e+01  6.0619e+00  1.4000e-01  1.1758e+10  1.0934e+00
  3.9811e+01  6.0619e+00  1.6000e-01  1.0351e+10  1.1639e+00
  3.9811e+01  6.0619e+00  1.8000e-01  1.4966e+10  1.1694e+00
  3.9811e+01  6.0619e+00  2.0000e-01  2.1517e+10  1.1865e+00
  3.9811e+01  6.0619e+00  2.2000e-01  2.7283e+10  1.2046e+00
  3.9811e+01  6.0619e+00  2.4000e-01  2.6285e+10  1.3608e+00
  3.9811e+01  6.0619e+00  2.6000e-01  2.2689e+10  1.5072e+00
  3.9811e+01  6.0619e+00  2.8000e-01  2.0751e+10  1.6327e+00
  3.9811e+01  6.0619e+00  3.0000e-01  1.5737e+10  1.7131e+00
  3.9811e+01  6.0619e+00  3.2000e-01  1.1705e+10  1.8870e+00
  3.9811e+01  6.0619e+00  3.4000e-01  1.2473e+10  1.7051e+00
  3.9811e+01  6.0619e+00  3.6000e-01  8.4849e+09  1.6076e+00
  3.9811e+01  6.0619e+00  3.8000e-01  1.9511e+09  1.9023e+00
  3.9811e+01  6.0619e+00  4.0000e-01  3.9689e+09  1.6016e+00
  3.9811e+01  6.0619e+00  4.2000e-01  2.0158e+10  1.3862e+00
  3.9811e+01  6.0619e+00  4.4000e-01  3.2649e+09  1.2020e+00
  3.9811e+01  6.0619e+00  4.6000e-01  5.0780e+06  5.5491e-01
  3.9811e+01  6.0619e+00  4.8000e-01  5.6055e+09  1.8919e+00
  3.9811e+01  6.0619e+00  5.0000e-01  3.3500e+10  3.6433e-01
  3.9811e+01  6.0619e+00  5.2000e-01  3.1774e+10  3.6128e-01
  3.9811e+01  6.0619e+00  5.4000e-01  2.7956e+10  3.7846e-01
  3.9811e+01  6.0619e+00  5.6000e-01  2.1209e+10  4.4735e-01
  3.9811e+01  6.0619e+00  5.8000e-01  1.3213e+10  5.9479e-01
  3.9811e+01  6.0619e+00  6.0000e-01  6.9616e+09  8.0905e-01
  3.9811e+01  7.4057e+00  1.0000e-02  1.8151e+10  1.1107e+00
  3.9811e+01  7.4057e+00  2.0000e-02  1.8205e+10  1.1153e+00
  3.9811e+01  7.4057e+00  4.0000e-02  1.8044e+10  1.1251e+00
  3.9811e+01  7.4057e+00  6.0000e-02  1.9646e+10  1.1146e+00
  3.9811e+01  7.4057e+00  8.0000e-02  1.5825e+10  1.1255e+00
  3.9811e+01  7.4057e+00  1.0000e-01  1.8780e+10  1.1615e+00
  3.9811e+01  7.4057e+00  1.2000e-01  2.0813e+10  1.2074e+00
  3.9811e+01  7.4057e+00  1.4000e-01  1.4004e+10  1.1508e+00
  3.9811e+01  7.4057e+00  1.6000e-01  1.0627e+10  1.1400e+00
  3.9811e+01  7.4057e+00  1.8000e-01  1.2805e+10  1.2655e+00
  3.9811e+01  7.4057e+00  2.0000e-01  1.8865e+10  1.2260e+00
  3.9811e+01  7.4057e+00  2.2000e-01  2.7518e+10  1.2928e+00
  3.9811e+01  7.4057e+00  2.4000e-01  2.5689e+10  1.5252e+00
  3.9811e+01  7.4057e+00  2.6000e-01  2.2517e+10  1.6176e+00
  3.9811e+01  7.4057e+00  2.8000e-01  1.7680e+10  1.6797e+00
  3.9811e+01  7.4057e+00  3.0000e-01  1.2733e+10  1.8115e+00
  3.9811e+01  7.4057e+00  3.2000e-01  1.4529e+10  1.8315e+00
  3.9811e+01  7.4057e+00  3.4000e-01  1.3057e+10  1.6734e+00
  3.9811e+01  7.4057e+00  3.6000e-01  8.5156e+09  1.6028e+00
  3.9811e+01  7.4057e+00  3.8000e-01  1.9735e+09  1.9236e+00
  3.9811e+01  7.4057e+00  4.0000e-01  3.9394e+09  1.5931e+00
  3.9811e+01  7.4057e+00  4.2000e-01  2.0974e+10  1.3968e+00
  3.9811e+01  7.4057e+00  4.4000e-01  3.2029e+09  1.1947e+00
  3.9811e+01  7.4057e+00  4.6000e-01  4.6295e+06  4.9384e-01
  3.9811e+01  7.4057e+00  4.8000e-01  5.8268e+09  1.9208e+00
  3.9811e+01  7.4057e+00  5.0000e-01  3.2734e+10  3.6678e-01
  3.9811e+01  7.4057e+00  5.2000e-01  3.1197e+10  3.5790e-01
  3.9811e+01  7.4057e+00  5.4000e-01  2.8924e+10  3.7150e-01
  3.9811e+01  7.4057e+00  5.6000e-01  2.4863e+10  4.0409e-01
  3.9811e+01  7.4057e+00  5.8000e-01  1.9061e+10  4.8311e-01
  3.9811e+01  7.4057e+00  6.0000e-01  1.2333e+10  6.2359e-01
  3.9811e+01  9.0474e+00  1.0000e-02  1.7351e+10  1.2075e+00
  3.9811e+01  9.0474e+00  2.0000e-02  1.7390e+10  1.2128e+00
  3.9811e+01  9.0474e+00  4.0000e-02  1.7140e+10  1.2184e+00
  3.9811e+01  9.0474e+00  6.0000e-02  1.9084e+10  1.2495e+00
  3.9811e+01  9.0474e+00  8.0000e-02  1.5119e+10  1.2031e+00
  3.9811e+01  9.0474e+00  1.0000e-01  1.8290e+10  1.2381e+00
  3.9811e+01  9.0474e+00  1.2000e-01  2.2227e+10  1.2726e+00
  3.9811e+01  9.0474e+00  1.4000e-01  1.4554e+10  1.2125e+00
  3.9811e+01  9.0474e+00  1.6000e-01  9.8496e+09  1.2214e+00
  3.9811e+01  9.0474e+00  1.8000e-01  1.4014e+10  1.2331e+00
  3.9811e+01  9.0474e+00  2.0000e-01  2.2955e+10  1.2513e+00
  3.9811e+01  9.0474e+00  2.2000e-01  2.8368e+10  1.4438e+00
  3.9811e+01  9.0474e+00  2.4000e-01  2.6179e+10  1.6215e+00
  3.9811e+01  9.0474e+00  2.6000e-01  2.2281e+10  1.6623e+00
  3.9811e+01  9.0474e+00  2.8000e-01  1.6617e+10  1.7308e+00
  3.9811e+01  9.0474e+00  3.0000e-01  1.4480e+10  1.8981e+00
  3.9811e+01  9.0474e+00  3.2000e-01  1.5890e+10  1.7728e+00
  3.9811e+01  9.0474e+00  3.4000e-01  1.3205e+10  1.6576e+00
  3.9811e+01  9.0474e+00  3.6000e-01  8.3985e+09  1.6042e+00
  3.9811e+01  9.0474e+00  3.8000e-01  2.0152e+09  1.9521e+00
  3.9811e+01  9.0474e+00  4.0000e-01  3.8437e+09  1.5762e+00
  3.9811e+01  9.0474e+00  4.2000e-01  2.1819e+10  1.4082e+00
  3.9811e+01  9.0474e+00  4.4000e-01  3.0681e+09  1.1816e+00
  3.9811e+01  9.0474e+00  4.6000e-01  1.0293e+07  7.5392e-01
  3.9811e+01  9.0474e+00  4.8000e-01  5.6452e+09  1.9106e+00
  3.9811e+01  9.0474e+00  5.0000e-01  3.1895e+10  3.7088e-01
  3.9811e+01  9.0474e+00  5.2000e-01  3.0214e+10  3.5736e-01
  3.9811e+01  9.0474e+00  5.4000e-01  2.8847e+10  3.6286e-01
  3.9811e+01  9.0474e+00  5.6000e-01  2.6432e+10  3.7638e-01
  3.9811e+01  9.0474e+00  5.8000e-01  2.3136e+10  4.0127e-01
  3.9811e+01  9.0474e+00  6.0000e-01  1.8582e+10  4.4803e-01
  3.9811e+01  1.1053e+01  1.0000e-02  1.8785e+10  1.2772e+00
  3.9811e+01  1.1053e+01  2.0000e-02  1.8652e+10  1.2757e+00
  3.9811e+01  1.1053e+01  4.0000e-02  1.7656e+10  1.2687e+00
  3.9811e+01  1.1053e+01  6.0000e-02  1.9732e+10  1.2782e+00
  3.9811e+01  1.1053e+01  8.0000e-02  1.6538e+10  1.2599e+00
  3.9811e+01  1.1053e+01  1.0000e-01  1.9188e+10  1.2693e+00
  3.9811e+01  1.1053e+01  1.2000e-01  2.0833e+10  1.2691e+00
  3.9811e+01  1.1053e+01  1.4000e-01  1.4166e+10  1.1732e+00
  3.9811e+01  1.1053e+01  1.6000e-01  1.2613e+10  1.2806e+00
  3.9811e+01  1.1053e+01  1.8000e-01  1.8880e+10  1.2937e+00
  3.9811e+01  1.1053e+01  2.0000e-01  2.7462e+10  1.3500e+00
  3.9811e+01  1.1053e+01  2.2000e-01  2.8825e+10  1.5618e+00
  3.9811e+01  1.1053e+01  2.4000e-01  2.6659e+10  1.6401e+00
  3.9811e+01  1.1053e+01  2.6000e-01  2.1788e+10  1.6837e+00
  3.9811e+01  1.1053e+01  2.8000e-01  1.5752e+10  1.7755e+00
  3.9811e+01  1.1053e+01  3.0000e-01  1.6310e+10  1.9173e+00
  3.9811e+01  1.1053e+01  3.2000e-01  1.6192e+10  1.7552e+00
  3.9811e+01  1.1053e+01  3.4000e-01  1.2994e+10  1.6577e+00
  3.9811e+01  1.1053e+01  3.6000e-01  8.1794e+09  1.6128e+00
  3.9811e+01  1.1053e+01  3.8000e-01  2.0977e+09  1.9778e+00
  3.9811e+01  1.1053e+01  4.0000e-01  3.6509e+09  1.5680e+00
  3.9811e+01  1.1053e+01  4.2000e-01  2.3015e+10  1.4201e+00
  3.9811e+01  1.1053e+01  4.4000e-01  2.7659e+09  1.1804e+00
  3.9811e+01  1.1053e+01  4.6000e-01  1.8414e+07  8.6950e-01
  3.9811e+01  1.1053e+01  4.8000e-01  5.3102e+09  1.9034e+00
  3.9811e+01  1.1053e+01  5.0000e-01  3.0863e+10  3.7537e-01
  3.9811e+01  1.1053e+01  5.2000e-01  2.8843e+10  3.5872e-01
  3.9811e+01  1.1053e+01  5.4000e-01  2.7948e+10  3.6351e-01
  3.9811e+01  1.1053e+01  5.6000e-01  2.6450e+10  3.6820e-01
  3.9811e+01  1.1053e+01  5.8000e-01  2.4256e+10  3.7790e-01
  3.9811e+01  1.1053e+01  6.0000e-01  2.1620e+10  3.9307e-01
  3.9811e+01  1.3503e+01  1.0000e-02  1.9468e+10  1.3033e+00
  3.9811e+01  1.3503e+01  2.0000e-02  1.9400e+10  1.2956e+00
  3.9811e+01  1.3503e+01  4.0000e-02  1.8880e+10  1.2833e+00
  3.9811e+01  1.3503e+01  6.0000e-02  2.0717e+10  1.2848e+00
  3.9811e+01  1.3503e+01  8.0000e-02  1.6989e+10  1.2533e+00
  3.9811e+01  1.3503e+01  1.0000e-01  2.1947e+10  1.2782e+00
  3.9811e+01  1.3503e+01  1.2000e-01  2.0103e+10  1.2790e+00
  3.9811e+01  1.3503e+01  1.4000e-01  1.4102e+10  1.2233e+00
  3.9811e+01  1.3503e+01  1.6000e-01  1.6002e+10  1.3304e+00
  3.9811e+01  1.3503e+01  1.8000e-01  2.2950e+10  1.3623e+00
  3.9811e+01  1.3503e+01  2.0000e-01  2.9655e+10  1.4507e+00
  3.9811e+01  1.3503e+01  2.2000e-01  2.9299e+10  1.5837e+00
  3.9811e+01  1.3503e+01  2.4000e-01  2.6716e+10  1.6355e+00
  3.9811e+01  1.3503e+01  2.6000e-01  2.1539e+10  1.6977e+00
  3.9811e+01  1.3503e+01  2.8000e-01  1.6126e+10  1.7986e+00
  3.9811e+01  1.3503e+01  3.0000e-01  1.7355e+10  1.9045e+00
  3.9811e+01  1.3503e+01  3.2000e-01  1.5893e+10  1.7596e+00
  3.9811e+01  1.3503e+01  3.4000e-01  1.2429e+10  1.6783e+00
  3.9811e+01  1.3503e+01  3.6000e-01  7.8147e+09  1.6365e+00
  3.9811e+01  1.3503e+01  3.8000e-01  2.2352e+09  2.0007e+00
  3.9811e+01  1.3503e+01  4.0000e-01  3.3360e+09  1.5629e+00
  3.9811e+01  1.3503e+01  4.2000e-01  2.4407e+10  1.4257e+00
  3.9811e+01  1.3503e+01  4.4000e-01  1.9891e+09  1.1639e+00
  3.9811e+01  1.3503e+01  4.6000e-01  2.4771e+07  9.0081e-01
  3.9811e+01  1.3503e+01  4.8000e-01  4.7935e+09  1.8631e+00
  3.9811e+01  1.3503e+01  5.0000e-01  2.9654e+10  3.8081e-01
  3.9811e+01  1.3503e+01  5.2000e-01  2.7371e+10  3.6016e-01
  3.9811e+01  1.3503e+01  5.4000e-01  2.6484e+10  3.6233e-01
  3.9811e+01  1.3503e+01  5.6000e-01  2.5327e+10  3.6449e-01
  3.9811e+01  1.3503e+01  5.8000e-01  2.3823e+10  3.7108e-01
  3.9811e+01  1.3503e+01  6.0000e-01  2.2104e+10  3.7811e-01
  3.9811e+01  1.6496e+01  1.0000e-02  1.6778e+10  1.3293e+00
  3.9811e+01  1.6496e+01  2.0000e-02  1.7524e+10  1.3138e+00
  3.9811e+01  1.6496e+01  4.0000e-02  1.7813e+10  1.3002e+00
  3.9811e+01  1.6496e+01  6.0000e-02  1.9423e+10  1.2965e+00
  3.9811e+01  1.6496e+01  8.0000e-02  1.7043e+10  1.2734e+00
  3.9811e+01  1.6496e+01  1.0000e-01  2.1883e+10  1.2880e+00
  3.9811e+01  1.6496e+01  1.2000e-01  2.0108e+10  1.2716e+00
  3.9811e+01  1.6496e+01  1.4000e-01  1.5291e+10  1.2593e+00
  3.9811e+01  1.6496e+01  1.6000e-01  1.7623e+10  1.3836e+00
  3.9811e+01  1.6496e+01  1.8000e-01  2.4975e+10  1.4104e+00
  3.9811e+01  1.6496e+01  2.0000e-01  3.0958e+10  1.4860e+00
  3.9811e+01  1.6496e+01  2.2000e-01  2.9741e+10  1.5736e+00
  3.9811e+01  1.6496e+01  2.4000e-01  2.6983e+10  1.6181e+00
  3.9811e+01  1.6496e+01  2.6000e-01  2.2227e+10  1.6897e+00
  3.9811e+01  1.6496e+01  2.8000e-01  1.7573e+10  1.7879e+00
  3.9811e+01  1.6496e+01  3.0000e-01  1.8346e+10  1.8774e+00
  3.9811e+01  1.6496e+01  3.2000e-01  1.5492e+10  1.7785e+00
  3.9811e+01  1.6496e+01  3.4000e-01  1.1654e+10  1.7122e+00
  3.9811e+01  1.6496e+01  3.6000e-01  7.2954e+09  1.6702e+00
  3.9811e+01  1.6496e+01  3.8000e-01  2.4398e+09  2.0272e+00
  3.9811e+01  1.6496e+01  4.0000e-01  2.9082e+09  1.5725e+00
  3.9811e+01  1.6496e+01  4.2000e-01  2.6275e+10  1.4499e+00
  3.9811e+01  1.6496e+01  4.4000e-01  9.2298e+08  1.1535e+00
  3.9811e+01  1.6496e+01  4.6000e-01  2.9178e+07  8.6580e-01
  3.9811e+01  1.6496e+01  4.8000e-01  4.2253e+09  1.8356e+00
  3.9811e+01  1.6496e+01  5.0000e-01  2.8226e+10  3.8799e-01
  3.9811e+01  1.6496e+01  5.2000e-01  2.5541e+10  3.6311e-01
  3.9811e+01  1.6496e+01  5.4000e-01  2.4741e+10  3.6345e-01
  3.9811e+01  1.6496e+01  5.6000e-01  2.3770e+10  3.6767e-01
  3.9811e+01  1.6496e+01  5.8000e-01  2.2568e+10  3.7106e-01
  3.9811e+01  1.6496e+01  6.0000e-01  2.1168e+10  3.7359e-01
  3.9811e+01  2.0153e+01  1.0000e-02  1.6743e+10  1.3443e+00
  3.9811e+01  2.0153e+01  2.0000e-02  1.6488e+10  1.3363e+00
  3.9811e+01  2.0153e+01  4.0000e-02  1.6184e+10  1.3140e+00
  3.9811e+01  2.0153e+01  6.0000e-02  1.8345e+10  1.3088e+00
  3.9811e+01  2.0153e+01  8.0000e-02  1.6456e+10  1.2903e+00
  3.9811e+01  2.0153e+01  1.0000e-01  1.9667e+10  1.2970e+00
  3.9811e+01  2.0153e+01  1.2000e-01  1.9959e+10  1.2853e+00
  3.9811e+01  2.0153e+01  1.4000e-01  1.6354e+10  1.2511e+00
  3.9811e+01  2.0153e+01  1.6000e-01  1.8195e+10  1.3904e+00
  3.9811e+01  2.0153e+01  1.8000e-01  2.4621e+10  1.4532e+00
  3.9811e+01  2.0153e+01  2.0000e-01  3.2084e+10  1.5030e+00
  3.9811e+01  2.0153e+01  2.2000e-01  3.0724e+10  1.5621e+00
  3.9811e+01  2.0153e+01  2.4000e-01  2.7887e+10  1.5872e+00
  3.9811e+01  2.0153e+01  2.6000e-01  2.4050e+10  1.6541e+00
  3.9811e+01  2.0153e+01  2.8000e-01  1.9926e+10  1.7478e+00
  3.9811e+01  2.0153e+01  3.0000e-01  1.9203e+10  1.8297e+00
  3.9811e+01  2.0153e+01  3.2000e-01  1.6059e+10  1.7837e+00
  3.9811e+01  2.0153e+01  3.4000e-01  1.1733e+10  1.7297e+00
  3.9811e+01  2.0153e+01  3.6000e-01  7.0616e+09  1.6956e+00
  3.9811e+01  2.0153e+01  3.8000e-01  2.7310e+09  2.0342e+00
  3.9811e+01  2.0153e+01  4.0000e-01  2.3956e+09  1.6020e+00
  3.9811e+01  2.0153e+01  4.2000e-01  2.8305e+10  1.4788e+00
  3.9811e+01  2.0153e+01  4.4000e-01  4.6445e+08  1.1708e+00
  3.9811e+01  2.0153e+01  4.6000e-01  3.1937e+07  8.3151e-01
  3.9811e+01  2.0153e+01  4.8000e-01  3.5709e+09  1.7988e+00
  3.9811e+01  2.0153e+01  5.0000e-01  2.6569e+10  3.9637e-01
  3.9811e+01  2.0153e+01  5.2000e-01  2.3495e+10  3.6726e-01
  3.9811e+01  2.0153e+01  5.4000e-01  2.2648e+10  3.6777e-01
  3.9811e+01  2.0153e+01  5.6000e-01  2.1688e+10  3.6885e-01
  3.9811e+01  2.0153e+01  5.8000e-01  2.0625e+10  3.7221e-01
  3.9811e+01  2.0153e+01  6.0000e-01  1.9391e+10  3.7329e-01
  3.9811e+01  2.4621e+01  1.0000e-02  1.6850e+10  1.3404e+00
  3.9811e+01  2.4621e+01  2.0000e-02  1.6722e+10  1.3409e+00
  3.9811e+01  2.4621e+01  4.0000e-02  1.6143e+10  1.3315e+00
  3.9811e+01  2.4621e+01  6.0000e-02  1.8182e+10  1.3251e+00
  3.9811e+01  2.4621e+01  8.0000e-02  1.4711e+10  1.2990e+00
  3.9811e+01  2.4621e+01  1.0000e-01  1.7613e+10  1.3090e+00
  3.9811e+01  2.4621e+01  1.2000e-01  1.9289e+10  1.2990e+00
  3.9811e+01  2.4621e+01  1.4000e-01  1.6212e+10  1.2644e+00
  3.9811e+01  2.4621e+01  1.6000e-01  1.7792e+10  1.3325e+00
  3.9811e+01  2.4621e+01  1.8000e-01  2.2929e+10  1.4688e+00
  3.9811e+01  2.4621e+01  2.0000e-01  2.9647e+10  1.5022e+00
  3.9811e+01  2.4621e+01  2.2000e-01  3.2314e+10  1.5452e+00
  3.9811e+01  2.4621e+01  2.4000e-01  2.9740e+10  1.5570e+00
  3.9811e+01  2.4621e+01  2.6000e-01  2.6582e+10  1.5930e+00
  3.9811e+01  2.4621e+01  2.8000e-01  2.3027e+10  1.6749e+00
  3.9811e+01  2.4621e+01  3.0000e-01  2.0598e+10  1.7444e+00
  3.9811e+01  2.4621e+01  3.2000e-01  1.7709e+10  1.7585e+00
  3.9811e+01  2.4621e+01  3.4000e-01  1.3155e+10  1.7391e+00
  3.9811e+01  2.4621e+01  3.6000e-01  7.3080e+09  1.7309e+00
  3.9811e+01  2.4621e+01  3.8000e-01  3.1285e+09  2.0306e+00
  3.9811e+01  2.4621e+01  4.0000e-01  1.8585e+09  1.6935e+00
  3.9811e+01  2.4621e+01  4.2000e-01  2.9082e+10  1.5202e+00
  3.9811e+01  2.4621e+01  4.4000e-01  2.7282e+08  1.1614e+00
  3.9811e+01  2.4621e+01  4.6000e-01  3.2968e+07  8.5385e-01
  3.9811e+01  2.4621e+01  4.8000e-01  2.8393e+09  1.7571e+00
  3.9811e+01  2.4621e+01  5.0000e-01  2.4633e+10  4.0698e-01
  3.9811e+01  2.4621e+01  5.2000e-01  2.1081e+10  3.6947e-01
  3.9811e+01  2.4621e+01  5.4000e-01  2.0205e+10  3.7138e-01
  3.9811e+01  2.4621e+01  5.6000e-01  1.9238e+10  3.7287e-01
  3.9811e+01  2.4621e+01  5.8000e-01  1.8192e+10  3.7780e-01
  3.9811e+01  2.4621e+01  6.0000e-01  1.7045e+10  3.7932e-01
  3.9811e+01  3.0079e+01  1.0000e-02  1.6967e+10  1.3319e+00
  3.9811e+01  3.0079e+01  2.0000e-02  1.6878e+10  1.3377e+00
  3.9811e+01  3.0079e+01  4.0000e-02  1.6700e+10  1.3363e+00
  3.9811e+01  3.0079e+01  6.0000e-02  1.7208e+10  1.3390e+00
  3.9811e+01  3.0079e+01  8.0000e-02  1.4773e+10  1.3142e+00
  3.9811e+01  3.0079e+01  1.0000e-01  1.5989e+10  1.3263e+00
  3.9811e+01  3.0079e+01  1.2000e-01  1.8892e+10  1.3154e+00
  3.9811e+01  3.0079e+01  1.4000e-01  1.6591e+10  1.2907e+00
  3.9811e+01  3.0079e+01  1.6000e-01  1.5527e+10  1.2855e+00
  3.9811e+01  3.0079e+01  1.8000e-01  2.0331e+10  1.4005e+00
  3.9811e+01  3.0079e+01  2.0000e-01  2.5955e+10  1.4811e+00
  3.9811e+01  3.0079e+01  2.2000e-01  3.2838e+10  1.5589e+00
  3.9811e+01  3.0079e+01  2.4000e-01  3.2287e+10  1.5303e+00
  3.9811e+01  3.0079e+01  2.6000e-01  2.9261e+10  1.5200e+00
  3.9811e+01  3.0079e+01  2.8000e-01  2.6234e+10  1.5743e+00
  3.9811e+01  3.0079e+01  3.0000e-01  2.2705e+10  1.6303e+00
  3.9811e+01  3.0079e+01  3.2000e-01  1.9177e+10  1.6885e+00
  3.9811e+01  3.0079e+01  3.4000e-01  1.5483e+10  1.7078e+00
  3.9811e+01  3.0079e+01  3.6000e-01  8.8411e+09  1.7518e+00
  3.9811e+01  3.0079e+01  3.8000e-01  3.7310e+09  2.0153e+00
  3.9811e+01  3.0079e+01  4.0000e-01  1.3878e+09  1.8898e+00
  3.9811e+01  3.0079e+01  4.2000e-01  2.2182e+10  1.4887e+00
  3.9811e+01  3.0079e+01  4.4000e-01  1.6755e+08  1.1702e+00
  3.9811e+01  3.0079e+01  4.6000e-01  3.2069e+07  8.6314e-01
  3.9811e+01  3.0079e+01  4.8000e-01  2.0239e+09  1.6865e+00
  3.9811e+01  3.0079e+01  5.0000e-01  2.2429e+10  4.1993e-01
  3.9811e+01  3.0079e+01  5.2000e-01  1.8358e+10  3.7633e-01
  3.9811e+01  3.0079e+01  5.4000e-01  1.7365e+10  3.7761e-01
  3.9811e+01  3.0079e+01  5.6000e-01  1.6337e+10  3.8173e-01
  3.9811e+01  3.0079e+01  5.8000e-01  1.5299e+10  3.8259e-01
  3.9811e+01  3.0079e+01  6.0000e-01  1.4241e+10  3.8763e-01
  3.9811e+01  3.6747e+01  1.0000e-02  1.6903e+10  1.3221e+00
  3.9811e+01  3.6747e+01  2.0000e-02  1.7020e+10  1.3310e+00
  3.9811e+01  3.6747e+01  4.0000e-02  1.7039e+10  1.3357e+00
  3.9811e+01  3.6747e+01  6.0000e-02  1.6627e+10  1.3418e+00
  3.9811e+01  3.6747e+01  8.0000e-02  1.6859e+10  1.3281e+00
  3.9811e+01  3.6747e+01  1.0000e-01  1.4159e+10  1.3276e+00
  3.9811e+01  3.6747e+01  1.2000e-01  1.8243e+10  1.3317e+00
  3.9811e+01  3.6747e+01  1.4000e-01  1.8191e+10  1.3131e+00
  3.9811e+01  3.6747e+01  1.6000e-01  1.3804e+10  1.2675e+00
  3.9811e+01  3.6747e+01  1.8000e-01  1.5453e+10  1.3098e+00
  3.9811e+01  3.6747e+01  2.0000e-01  2.1442e+10  1.4081e+00
  3.9811e+01  3.6747e+01  2.2000e-01  2.6670e+10  1.4512e+00
  3.9811e+01  3.6747e+01  2.4000e-01  3.5372e+10  1.5369e+00
  3.9811e+01  3.6747e+01  2.6000e-01  3.1494e+10  1.4465e+00
  3.9811e+01  3.6747e+01  2.8000e-01  2.8441e+10  1.4662e+00
  3.9811e+01  3.6747e+01  3.0000e-01  2.4348e+10  1.5019e+00
  3.9811e+01  3.6747e+01  3.2000e-01  2.1075e+10  1.5689e+00
  3.9811e+01  3.6747e+01  3.4000e-01  1.6984e+10  1.6435e+00
  3.9811e+01  3.6747e+01  3.6000e-01  1.3298e+10  1.7401e+00
  3.9811e+01  3.6747e+01  3.8000e-01  5.1962e+09  1.9859e+00
  3.9811e+01  3.6747e+01  4.0000e-01  8.6168e+08  2.4177e+00
  3.9811e+01  3.6747e+01  4.2000e-01  1.1500e+10  1.4219e+00
  3.9811e+01  3.6747e+01  4.4000e-01  1.0688e+08  1.2150e+00
  3.9811e+01  3.6747e+01  4.6000e-01  2.9569e+07  8.8267e-01
  3.9811e+01  3.6747e+01  4.8000e-01  1.2074e+09  1.6018e+00
  3.9811e+01  3.6747e+01  5.0000e-01  1.9920e+10  4.3450e-01
  3.9811e+01  3.6747e+01  5.2000e-01  1.5363e+10  3.8146e-01
  3.9811e+01  3.6747e+01  5.4000e-01  1.4214e+10  3.8506e-01
  3.9811e+01  3.6747e+01  5.6000e-01  1.3217e+10  3.9023e-01
  3.9811e+01  3.6747e+01  5.8000e-01  1.2197e+10  3.9315e-01
  3.9811e+01  3.6747e+01  6.0000e-01  1.1206e+10  3.9660e-01
  3.9811e+01  4.4893e+01  1.0000e-02  1.6894e+10  1.3132e+00
  3.9811e+01  4.4893e+01  2.0000e-02  1.6958e+10  1.3235e+00
  3.9811e+01  4.4893e+01  4.0000e-02  1.7256e+10  1.3325e+00
  3.9811e+01  4.4893e+01  6.0000e-02  1.6359e+10  1.3396e+00
  3.9811e+01  4.4893e+01  8.0000e-02  1.7680e+10  1.3320e+00
  3.9811e+01  4.4893e+01  1.0000e-01  1.4375e+10  1.3280e+00
  3.9811e+01  4.4893e+01  1.2000e-01  1.6312e+10  1.3419e+00
  3.9811e+01  4.4893e+01  1.4000e-01  1.9182e+10  1.3262e+00
  3.9811e+01  4.4893e+01  1.6000e-01  1.7278e+10  1.3121e+00
  3.9811e+01  4.4893e+01  1.8000e-01  1.3086e+10  1.2604e+00
  3.9811e+01  4.4893e+01  2.0000e-01  1.4853e+10  1.3047e+00
  3.9811e+01  4.4893e+01  2.2000e-01  2.0515e+10  1.3943e+00
  3.9811e+01  4.4893e+01  2.4000e-01  2.5177e+10  1.3920e+00
  3.9811e+01  4.4893e+01  2.6000e-01  3.4972e+10  1.4478e+00
  3.9811e+01  4.4893e+01  2.8000e-01  2.9912e+10  1.3962e+00
  3.9811e+01  4.4893e+01  3.0000e-01  2.7434e+10  1.4437e+00
  3.9811e+01  4.4893e+01  3.2000e-01  2.3819e+10  1.4828e+00
  3.9811e+01  4.4893e+01  3.4000e-01  1.9069e+10  1.5424e+00
  3.9811e+01  4.4893e+01  3.6000e-01  1.7332e+10  1.4542e+00
  3.9811e+01  4.4893e+01  3.8000e-01  2.6477e+10  1.8670e+00
  3.9811e+01  4.4893e+01  4.0000e-01  2.8867e+09  1.7703e+00
  3.9811e+01  4.4893e+01  4.2000e-01  2.8034e+09  1.2861e+00
  3.9811e+01  4.4893e+01  4.4000e-01  6.7135e+07  1.2259e+00
  3.9811e+01  4.4893e+01  4.6000e-01  2.5142e+07  8.7186e-01
  3.9811e+01  4.4893e+01  4.8000e-01  4.1508e+08  1.3312e+00
  3.9811e+01  4.4893e+01  5.0000e-01  1.7340e+10  4.5429e-01
  3.9811e+01  4.4893e+01  5.2000e-01  1.2210e+10  3.9020e-01
  3.9811e+01  4.4893e+01  5.4000e-01  1.1015e+10  3.9477e-01
  3.9811e+01  4.4893e+01  5.6000e-01  1.0080e+10  4.0017e-01
  3.9811e+01  4.4893e+01  5.8000e-01  9.2199e+09  4.0619e-01
  3.9811e+01  4.4893e+01  6.0000e-01  8.3428e+09  4.0974e-01
  3.9811e+01  5.4844e+01  1.0000e-02  1.6992e+10  1.2984e+00
  3.9811e+01  5.4844e+01  2.0000e-02  1.6864e+10  1.3168e+00
  3.9811e+01  5.4844e+01  4.0000e-02  1.7168e+10  1.3284e+00
  3.9811e+01  5.4844e+01  6.0000e-02  1.6331e+10  1.3340e+00
  3.9811e+01  5.4844e+01  8.0000e-02  1.7938e+10  1.3350e+00
  3.9811e+01  5.4844e+01  1.0000e-01  1.5306e+10  1.3298e+00
  3.9811e+01  5.4844e+01  1.2000e-01  1.5487e+10  1.3437e+00
  3.9811e+01  5.4844e+01  1.4000e-01  1.8701e+10  1.3370e+00
  3.9811e+01  5.4844e+01  1.6000e-01  1.8969e+10  1.3212e+00
  3.9811e+01  5.4844e+01  1.8000e-01  1.4837e+10  1.2985e+00
  3.9811e+01  5.4844e+01  2.0000e-01  1.2614e+10  1.2641e+00
  3.9811e+01  5.4844e+01  2.2000e-01  1.5322e+10  1.3326e+00
  3.9811e+01  5.4844e+01  2.4000e-01  2.0406e+10  1.3867e+00
  3.9811e+01  5.4844e+01  2.6000e-01  2.3999e+10  1.3784e+00
  3.9811e+01  5.4844e+01  2.8000e-01  3.4946e+10  1.5567e+00
  3.9811e+01  5.4844e+01  3.0000e-01  3.1830e+10  1.4403e+00
  3.9811e+01  5.4844e+01  3.2000e-01  2.4964e+10  1.4433e+00
  3.9811e+01  5.4844e+01  3.4000e-01  2.0083e+10  1.4599e+00
  3.9811e+01  5.4844e+01  3.6000e-01  2.1273e+10  1.5929e+00
  3.9811e+01  5.4844e+01  3.8000e-01  2.5146e+10  1.7929e+00
  3.9811e+01  5.4844e+01  4.0000e-01  1.0846e+10  1.8337e+00
  3.9811e+01  5.4844e+01  4.2000e-01  7.8799e+09  2.0228e+00
  3.9811e+01  5.4844e+01  4.4000e-01  4.2031e+07  1.1776e+00
  3.9811e+01  5.4844e+01  4.6000e-01  2.0865e+07  8.7125e-01
  3.9811e+01  5.4844e+01  4.8000e-01  1.4644e+08  1.0010e+00
  3.9811e+01  5.4844e+01  5.0000e-01  1.4605e+10  4.7719e-01
  3.9811e+01  5.4844e+01  5.2000e-01  9.1818e+09  4.0144e-01
  3.9811e+01  5.4844e+01  5.4000e-01  8.1133e+09  4.0386e-01
  3.9811e+01  5.4844e+01  5.6000e-01  7.3033e+09  4.1027e-01
  3.9811e+01  5.4844e+01  5.8000e-01  6.5845e+09  4.1514e-01
  3.9811e+01  5.4844e+01  6.0000e-01  5.8734e+09  4.1956e-01
  3.9811e+01  6.7002e+01  1.0000e-02  1.7021e+10  1.2782e+00
  3.9811e+01  6.7002e+01  2.0000e-02  1.6919e+10  1.3050e+00
  3.9811e+01  6.7002e+01  4.0000e-02  1.6848e+10  1.3228e+00
  3.9811e+01  6.7002e+01  6.0000e-02  1.6513e+10  1.3272e+00
  3.9811e+01  6.7002e+01  8.0000e-02  1.7722e+10  1.3359e+00
  3.9811e+01  6.7002e+01  1.0000e-01  1.6407e+10  1.3303e+00
  3.9811e+01  6.7002e+01  1.2000e-01  1.5098e+10  1.3418e+00
  3.9811e+01  6.7002e+01  1.4000e-01  1.7947e+10  1.3460e+00
  3.9811e+01  6.7002e+01  1.6000e-01  1.9525e+10  1.3287e+00
  3.9811e+01  6.7002e+01  1.8000e-01  1.6415e+10  1.3211e+00
  3.9811e+01  6.7002e+01  2.0000e-01  1.2563e+10  1.2796e+00
  3.9811e+01  6.7002e+01  2.2000e-01  1.3215e+10  1.3032e+00
  3.9811e+01  6.7002e+01  2.4000e-01  1.7572e+10  1.3677e+00
  3.9811e+01  6.7002e+01  2.6000e-01  2.1600e+10  1.3670e+00
  3.9811e+01  6.7002e+01  2.8000e-01  2.7231e+10  1.3337e+00
  3.9811e+01  6.7002e+01  3.0000e-01  3.4738e+10  1.4772e+00
  3.9811e+01  6.7002e+01  3.2000e-01  2.7842e+10  1.4512e+00
  3.9811e+01  6.7002e+01  3.4000e-01  1.9814e+10  1.4498e+00
  3.9811e+01  6.7002e+01  3.6000e-01  1.8240e+10  1.4941e+00
  3.9811e+01  6.7002e+01  3.8000e-01  2.1495e+10  1.6543e+00
  3.9811e+01  6.7002e+01  4.0000e-01  1.7393e+10  1.9377e+00
  3.9811e+01  6.7002e+01  4.2000e-01  1.9708e+10  2.0934e+00
  3.9811e+01  6.7002e+01  4.4000e-01  4.2286e+07  1.1486e+00
  3.9811e+01  6.7002e+01  4.6000e-01  1.6489e+07  8.6898e-01
  3.9811e+01  6.7002e+01  4.8000e-01  8.9793e+07  8.8514e-01
  3.9811e+01  6.7002e+01  5.0000e-01  1.1875e+10  5.0639e-01
  3.9811e+01  6.7002e+01  5.2000e-01  6.5652e+09  4.1215e-01
  3.9811e+01  6.7002e+01  5.4000e-01  5.7353e+09  4.1800e-01
  3.9811e+01  6.7002e+01  5.6000e-01  5.0802e+09  4.2142e-01
  3.9811e+01  6.7002e+01  5.8000e-01  4.5176e+09  4.2570e-01
  3.9811e+01  6.7002e+01  6.0000e-01  3.9795e+09  4.2900e-01
  3.9811e+01  8.1855e+01  1.0000e-02  1.6935e+10  1.2658e+00
  3.9811e+01  8.1855e+01  2.0000e-02  1.6952e+10  1.2849e+00
  3.9811e+01  8.1855e+01  4.0000e-02  1.6733e+10  1.3147e+00
  3.9811e+01  8.1855e+01  6.0000e-02  1.6812e+10  1.3222e+00
  3.9811e+01  8.1855e+01  8.0000e-02  1.7076e+10  1.3343e+00
  3.9811e+01  8.1855e+01  1.0000e-01  1.7348e+10  1.3306e+00
  3.9811e+01  8.1855e+01  1.2000e-01  1.5135e+10  1.3364e+00
  3.9811e+01  8.1855e+01  1.4000e-01  1.6906e+10  1.3500e+00
  3.9811e+01  8.1855e+01  1.6000e-01  1.9408e+10  1.3383e+00
  3.9811e+01  8.1855e+01  1.8000e-01  1.7856e+10  1.3296e+00
  3.9811e+01  8.1855e+01  2.0000e-01  1.3375e+10  1.3076e+00
  3.9811e+01  8.1855e+01  2.2000e-01  1.1981e+10  1.2947e+00
  3.9811e+01  8.1855e+01  2.4000e-01  1.5016e+10  1.3482e+00
  3.9811e+01  8.1855e+01  2.6000e-01  1.9612e+10  1.3600e+00
  3.9811e+01  8.1855e+01  2.8000e-01  2.3132e+10  1.3643e+00
  3.9811e+01  8.1855e+01  3.0000e-01  3.3178e+10  1.5883e+00
  3.9811e+01  8.1855e+01  3.2000e-01  2.9984e+10  1.4388e+00
  3.9811e+01  8.1855e+01  3.4000e-01  2.1889e+10  1.4553e+00
  3.9811e+01  8.1855e+01  3.6000e-01  1.6968e+10  1.4639e+00
  3.9811e+01  8.1855e+01  3.8000e-01  1.8536e+10  1.5508e+00
  3.9811e+01  8.1855e+01  4.0000e-01  1.8777e+10  1.8421e+00
  3.9811e+01  8.1855e+01  4.2000e-01  7.2408e+09  1.6322e+00
  3.9811e+01  8.1855e+01  4.4000e-01  3.0346e+08  7.1017e-01
  3.9811e+01  8.1855e+01  4.6000e-01  1.2160e+07  8.5546e-01
  3.9811e+01  8.1855e+01  4.8000e-01  5.8897e+07  8.2653e-01
  3.9811e+01  8.1855e+01  5.0000e-01  9.1291e+09  5.4414e-01
  3.9811e+01  8.1855e+01  5.2000e-01  4.4918e+09  4.2457e-01
  3.9811e+01  8.1855e+01  5.4000e-01  3.8899e+09  4.3073e-01
  3.9811e+01  8.1855e+01  5.6000e-01  3.4047e+09  4.3139e-01
  3.9811e+01  8.1855e+01  5.8000e-01  3.0100e+09  4.3804e-01
  3.9811e+01  8.1855e+01  6.0000e-01  2.6069e+09  4.3695e-01
  3.9811e+01  1.0000e+02  1.0000e-02  1.6779e+10  1.2603e+00
  3.9811e+01  1.0000e+02  2.0000e-02  1.6849e+10  1.2702e+00
  3.9811e+01  1.0000e+02  4.0000e-02  1.6770e+10  1.2981e+00
  3.9811e+01  1.0000e+02  6.0000e-02  1.6835e+10  1.3188e+00
  3.9811e+01  1.0000e+02  8.0000e-02  1.6348e+10  1.3280e+00
  3.9811e+01  1.0000e+02  1.0000e-01  1.7606e+10  1.3321e+00
  3.9811e+01  1.0000e+02  1.2000e-01  1.5763e+10  1.3314e+00
  3.9811e+01  1.0000e+02  1.4000e-01  1.5769e+10  1.3470e+00
  3.9811e+01  1.0000e+02  1.6000e-01  1.8488e+10  1.3459e+00
  3.9811e+01  1.0000e+02  1.8000e-01  1.8824e+10  1.3354e+00
  3.9811e+01  1.0000e+02  2.0000e-01  1.4905e+10  1.3300e+00
  3.9811e+01  1.0000e+02  2.2000e-01  1.1628e+10  1.3048e+00
  3.9811e+01  1.0000e+02  2.4000e-01  1.2663e+10  1.3310e+00
  3.9811e+01  1.0000e+02  2.6000e-01  1.6936e+10  1.3576e+00
  3.9811e+01  1.0000e+02  2.8000e-01  2.0129e+10  1.3613e+00
  3.9811e+01  1.0000e+02  3.0000e-01  2.6106e+10  1.3369e+00
  3.9811e+01  1.0000e+02  3.2000e-01  3.1642e+10  1.4442e+00
  3.9811e+01  1.0000e+02  3.4000e-01  2.4903e+10  1.4618e+00
  3.9811e+01  1.0000e+02  3.6000e-01  1.6677e+10  1.4530e+00
  3.9811e+01  1.0000e+02  3.8000e-01  1.5693e+10  1.4736e+00
  3.9811e+01  1.0000e+02  4.0000e-01  1.7586e+10  1.6584e+00
  3.9811e+01  1.0000e+02  4.2000e-01  8.4333e+09  1.7332e+00
  3.9811e+01  1.0000e+02  4.4000e-01  1.5276e+10  2.0112e+00
  3.9811e+01  1.0000e+02  4.6000e-01  1.0434e+07  8.2465e-01
  3.9811e+01  1.0000e+02  4.8000e-01  3.9046e+07  8.3260e-01
  3.9811e+01  1.0000e+02  5.0000e-01  6.4607e+09  5.9586e-01
  3.9811e+01  1.0000e+02  5.2000e-01  2.9584e+09  4.3273e-01
  3.9811e+01  1.0000e+02  5.4000e-01  2.5456e+09  4.3957e-01
  3.9811e+01  1.0000e+02  5.6000e-01  2.2132e+09  4.4034e-01
  3.9811e+01  1.0000e+02  5.8000e-01  1.9282e+09  4.4255e-01
  3.9811e+01  1.0000e+02  6.0000e-01  1.6678e+09  4.4289e-01
  3.9811e+01  1.5000e+02  1.0000e-02  1.6605e+10  1.2651e+00
  3.9811e+01  1.5000e+02  2.0000e-02  1.6536e+10  1.2622e+00
  3.9811e+01  1.5000e+02  4.0000e-02  1.6430e+10  1.2688e+00
  3.9811e+01  1.5000e+02  6.0000e-02  1.6296e+10  1.2816e+00
  3.9811e+01  1.5000e+02  8.0000e-02  1.6236e+10  1.3012e+00
  3.9811e+01  1.5000e+02  1.0000e-01  1.5838e+10  1.3195e+00
  3.9811e+01  1.5000e+02  1.2000e-01  1.6503e+10  1.3328e+00
  3.9811e+01  1.5000e+02  1.4000e-01  1.5587e+10  1.3328e+00
  3.9811e+01  1.5000e+02  1.6000e-01  1.4878e+10  1.3454e+00
  3.9811e+01  1.5000e+02  1.8000e-01  1.6853e+10  1.3499e+00
  3.9811e+01  1.5000e+02  2.0000e-01  1.7818e+10  1.3409e+00
  3.9811e+01  1.5000e+02  2.2000e-01  1.4861e+10  1.3433e+00
  3.9811e+01  1.5000e+02  2.4000e-01  1.1198e+10  1.3257e+00
  3.9811e+01  1.5000e+02  2.6000e-01  1.0505e+10  1.3336e+00
  3.9811e+01  1.5000e+02  2.8000e-01  1.3386e+10  1.3483e+00
  3.9811e+01  1.5000e+02  3.0000e-01  1.6462e+10  1.3525e+00
  3.9811e+01  1.5000e+02  3.2000e-01  2.1344e+10  1.3310e+00
  3.9811e+01  1.5000e+02  3.4000e-01  2.8414e+10  1.5611e+00
  3.9811e+01  1.5000e+02  3.6000e-01  2.3026e+10  1.4292e+00
  3.9811e+01  1.5000e+02  3.8000e-01  1.5557e+10  1.4459e+00
  3.9811e+01  1.5000e+02  4.0000e-01  1.1742e+10  1.4529e+00
  3.9811e+01  1.5000e+02  4.2000e-01  1.2795e+10  1.5985e+00
  3.9811e+01  1.5000e+02  4.4000e-01  1.0263e+10  1.8842e+00
  3.9811e+01  1.5000e+02  4.6000e-01  1.0899e+10  1.9439e+00
  3.9811e+01  1.5000e+02  4.8000e-01  1.4800e+07  8.1682e-01
  3.9811e+01  1.5000e+02  5.0000e-01  2.0786e+09  7.7338e-01
  3.9811e+01  1.5000e+02  5.2000e-01  1.1778e+09  4.4381e-01
  3.9811e+01  1.5000e+02  5.4000e-01  9.9277e+08  4.4412e-01
  3.9811e+01  1.5000e+02  5.6000e-01  8.6897e+08  4.4938e-01
  3.9811e+01  1.5000e+02  5.8000e-01  7.5151e+08  4.5289e-01
  3.9811e+01  1.5000e+02  6.0000e-01  6.4721e+08  4.5506e-01
  3.9811e+01  2.0000e+02  1.0000e-02  1.6659e+10  1.2754e+00
  3.9811e+01  2.0000e+02  2.0000e-02  1.6430e+10  1.2697e+00
  3.9811e+01  2.0000e+02  4.0000e-02  1.6140e+10  1.2666e+00
  3.9811e+01  2.0000e+02  6.0000e-02  1.5894e+10  1.2693e+00
  3.9811e+01  2.0000e+02  8.0000e-02  1.5678e+10  1.2767e+00
  3.9811e+01  2.0000e+02  1.0000e-01  1.5523e+10  1.2885e+00
  3.9811e+01  2.0000e+02  1.2000e-01  1.5145e+10  1.3040e+00
  3.9811e+01  2.0000e+02  1.4000e-01  1.5325e+10  1.3252e+00
  3.9811e+01  2.0000e+02  1.6000e-01  1.4999e+10  1.3328e+00
  3.9811e+01  2.0000e+02  1.8000e-01  1.3762e+10  1.3426e+00
  3.9811e+01  2.0000e+02  2.0000e-01  1.4499e+10  1.3553e+00
  3.9811e+01  2.0000e+02  2.2000e-01  1.5956e+10  1.3483e+00
  3.9811e+01  2.0000e+02  2.4000e-01  1.4802e+10  1.3422e+00
  3.9811e+01  2.0000e+02  2.6000e-01  1.1412e+10  1.3381e+00
  3.9811e+01  2.0000e+02  2.8000e-01  9.0776e+09  1.3261e+00
  3.9811e+01  2.0000e+02  3.0000e-01  9.7307e+09  1.3461e+00
  3.9811e+01  2.0000e+02  3.2000e-01  1.2204e+10  1.3487e+00
  3.9811e+01  2.0000e+02  3.4000e-01  1.5227e+10  1.3538e+00
  3.9811e+01  2.0000e+02  3.6000e-01  1.8718e+10  1.3728e+00
  3.9811e+01  2.0000e+02  3.8000e-01  2.0814e+10  1.4250e+00
  3.9811e+01  2.0000e+02  4.0000e-01  1.5372e+10  1.4239e+00
  3.9811e+01  2.0000e+02  4.2000e-01  8.9785e+09  1.4454e+00
  3.9811e+01  2.0000e+02  4.4000e-01  7.6722e+09  1.5033e+00
  3.9811e+01  2.0000e+02  4.6000e-01  7.5574e+09  1.8057e+00
  3.9811e+01  2.0000e+02  4.8000e-01  5.0423e+09  1.8226e+00
  3.9811e+01  2.0000e+02  5.0000e-01  6.6047e+08  9.5156e-01
  3.9811e+01  2.0000e+02  5.2000e-01  5.9582e+08  4.5125e-01
  3.9811e+01  2.0000e+02  5.4000e-01  4.9918e+08  4.4809e-01
  3.9811e+01  2.0000e+02  5.6000e-01  4.3135e+08  4.4961e-01
  3.9811e+01  2.0000e+02  5.8000e-01  3.7447e+08  4.5119e-01
  3.9811e+01  2.0000e+02  6.0000e-01  3.2768e+08  4.5918e-01
  3.9811e+01  2.5000e+02  1.0000e-02  1.6777e+10  1.2832e+00
  3.9811e+01  2.5000e+02  2.0000e-02  1.6466e+10  1.2778e+00
  3.9811e+01  2.5000e+02  4.0000e-02  1.6000e+10  1.2727e+00
  3.9811e+01  2.5000e+02  6.0000e-02  1.5644e+10  1.2709e+00
  3.9811e+01  2.5000e+02  8.0000e-02  1.5329e+10  1.2719e+00
  3.9811e+01  2.5000e+02  1.0000e-01  1.5023e+10  1.2763e+00
  3.9811e+01  2.5000e+02  1.2000e-01  1.4769e+10  1.2837e+00
  3.9811e+01  2.5000e+02  1.4000e-01  1.4367e+10  1.2931e+00
  3.9811e+01  2.5000e+02  1.6000e-01  1.4195e+10  1.3110e+00
  3.9811e+01  2.5000e+02  1.8000e-01  1.4111e+10  1.3256e+00
  3.9811e+01  2.5000e+02  2.0000e-01  1.2951e+10  1.3360e+00
  3.9811e+01  2.5000e+02  2.2000e-01  1.2389e+10  1.3526e+00
  3.9811e+01  2.5000e+02  2.4000e-01  1.3374e+10  1.3587e+00
  3.9811e+01  2.5000e+02  2.6000e-01  1.3724e+10  1.3480e+00
  3.9811e+01  2.5000e+02  2.8000e-01  1.1765e+10  1.3410e+00
  3.9811e+01  2.5000e+02  3.0000e-01  8.9227e+09  1.3253e+00
  3.9811e+01  2.5000e+02  3.2000e-01  7.4432e+09  1.3247e+00
  3.9811e+01  2.5000e+02  3.4000e-01  8.2310e+09  1.3445e+00
  3.9811e+01  2.5000e+02  3.6000e-01  9.9946e+09  1.3520e+00
  3.9811e+01  2.5000e+02  3.8000e-01  1.3064e+10  1.3224e+00
  3.9811e+01  2.5000e+02  4.0000e-01  1.4528e+10  1.5155e+00
  3.9811e+01  2.5000e+02  4.2000e-01  1.3247e+10  1.3882e+00
  3.9811e+01  2.5000e+02  4.4000e-01  8.7114e+09  1.4089e+00
  3.9811e+01  2.5000e+02  4.6000e-01  4.4170e+09  1.4583e+00
  3.9811e+01  2.5000e+02  4.8000e-01  3.9345e+09  1.6854e+00
  3.9811e+01  2.5000e+02  5.0000e-01  2.8609e+08  1.0972e+00
  3.9811e+01  2.5000e+02  5.2000e-01  3.5132e+08  4.5256e-01
  3.9811e+01  2.5000e+02  5.4000e-01  2.9516e+08  4.4975e-01
  3.9811e+01  2.5000e+02  5.6000e-01  2.5546e+08  4.5115e-01
  3.9811e+01  2.5000e+02  5.8000e-01  2.2810e+08  4.6594e-01
  3.9811e+01  2.5000e+02  6.0000e-01  1.9500e+08  4.6756e-01
  3.9811e+01  3.0000e+02  1.0000e-02  1.6838e+10  1.2897e+00
  3.9811e+01  3.0000e+02  2.0000e-02  1.6524e+10  1.2842e+00
  3.9811e+01  3.0000e+02  4.0000e-02  1.5960e+10  1.2789e+00
  3.9811e+01  3.0000e+02  6.0000e-02  1.5492e+10  1.2765e+00
  3.9811e+01  3.0000e+02  8.0000e-02  1.5083e+10  1.2750e+00
  3.9811e+01  3.0000e+02  1.0000e-01  1.4707e+10  1.2749e+00
  3.9811e+01  3.0000e+02  1.2000e-01  1.4328e+10  1.2770e+00
  3.9811e+01  3.0000e+02  1.4000e-01  1.4008e+10  1.2824e+00
  3.9811e+01  3.0000e+02  1.6000e-01  1.3573e+10  1.2880e+00
  3.9811e+01  3.0000e+02  1.8000e-01  1.3163e+10  1.2994e+00
  3.9811e+01  3.0000e+02  2.0000e-01  1.3034e+10  1.3141e+00
  3.9811e+01  3.0000e+02  2.2000e-01  1.2264e+10  1.3248e+00
  3.9811e+01  3.0000e+02  2.4000e-01  1.1067e+10  1.3398e+00
  3.9811e+01  3.0000e+02  2.6000e-01  1.0953e+10  1.3577e+00
  3.9811e+01  3.0000e+02  2.8000e-01  1.1579e+10  1.3587e+00
  3.9811e+01  3.0000e+02  3.0000e-01  1.1138e+10  1.3473e+00
  3.9811e+01  3.0000e+02  3.2000e-01  9.1444e+09  1.3367e+00
  3.9811e+01  3.0000e+02  3.4000e-01  6.9018e+09  1.3133e+00
  3.9811e+01  3.0000e+02  3.6000e-01  5.8520e+09  1.3127e+00
  3.9811e+01  3.0000e+02  3.8000e-01  6.2612e+09  1.3335e+00
  3.9811e+01  3.0000e+02  4.0000e-01  7.5192e+09  1.3393e+00
  3.9811e+01  3.0000e+02  4.2000e-01  9.2018e+09  1.3032e+00
  3.9811e+01  3.0000e+02  4.4000e-01  9.2972e+09  1.5944e+00
  3.9811e+01  3.0000e+02  4.6000e-01  6.2792e+09  1.3653e+00
  3.9811e+01  3.0000e+02  4.8000e-01  2.5818e+09  1.4435e+00
  3.9811e+01  3.0000e+02  5.0000e-01  2.2663e+08  1.3014e+00
  3.9811e+01  3.0000e+02  5.2000e-01  2.3688e+08  4.6956e-01
  3.9811e+01  3.0000e+02  5.4000e-01  1.9755e+08  4.6287e-01
  3.9811e+01  3.0000e+02  5.6000e-01  1.8009e+08  4.8476e-01
  3.9811e+01  3.0000e+02  5.8000e-01  1.5309e+08  4.8158e-01
  3.9811e+01  3.0000e+02  6.0000e-01  1.3529e+08  4.9741e-01
  5.4117e+01  3.3246e+00  1.0000e-02  2.0425e+10  1.4066e+00
  5.4117e+01  3.3246e+00  2.0000e-02  2.0999e+10  1.3729e+00
  5.4117e+01  3.3246e+00  4.0000e-02  2.0434e+10  1.3774e+00
  5.4117e+01  3.3246e+00  6.0000e-02  2.0899e+10  1.3479e+00
  5.4117e+01  3.3246e+00  8.0000e-02  2.0194e+10  1.3876e+00
  5.4117e+01  3.3246e+00  1.0000e-01  2.3921e+10  1.2503e+00
  5.4117e+01  3.3246e+00  1.2000e-01  2.2762e+10  1.2784e+00
  5.4117e+01  3.3246e+00  1.4000e-01  1.5067e+10  1.5532e+00
  5.4117e+01  3.3246e+00  1.6000e-01  1.9361e+10  1.3408e+00
  5.4117e+01  3.3246e+00  1.8000e-01  2.3698e+10  1.2432e+00
  5.4117e+01  3.3246e+00  2.0000e-01  2.7437e+10  1.2036e+00
  5.4117e+01  3.3246e+00  2.2000e-01  2.5658e+10  1.1580e+00
  5.4117e+01  3.3246e+00  2.4000e-01  2.4450e+10  1.1522e+00
  5.4117e+01  3.3246e+00  2.6000e-01  2.2854e+10  1.1865e+00
  5.4117e+01  3.3246e+00  2.8000e-01  2.1562e+10  1.2695e+00
  5.4117e+01  3.3246e+00  3.0000e-01  1.8124e+10  1.3725e+00
  5.4117e+01  3.3246e+00  3.2000e-01  1.1048e+10  1.5242e+00
  5.4117e+01  3.3246e+00  3.4000e-01  6.5883e+09  1.8260e+00
  5.4117e+01  3.3246e+00  3.6000e-01  6.7057e+09  1.7067e+00
  5.4117e+01  3.3246e+00  3.8000e-01  1.6810e+09  1.8975e+00
  5.4117e+01  3.3246e+00  4.0000e-01  3.6162e+09  1.6232e+00
  5.4117e+01  3.3246e+00  4.2000e-01  1.8992e+10  1.3788e+00
  5.4117e+01  3.3246e+00  4.4000e-01  3.2503e+09  1.2371e+00
  5.4117e+01  3.3246e+00  4.6000e-01  7.7597e+06  9.1506e-01
  5.4117e+01  3.3246e+00  4.8000e-01  6.6492e+08  9.7172e-01
  5.4117e+01  3.3246e+00  5.0000e-01  3.5198e+10  3.5698e-01
  5.4117e+01  3.3246e+00  5.2000e-01  2.7253e+10  4.0324e-01
  5.4117e+01  3.3246e+00  5.4000e-01  2.0353e+10  5.8213e-01
  5.4117e+01  3.3246e+00  5.6000e-01  1.2581e+10  7.3922e-01
  5.4117e+01  3.3246e+00  5.8000e-01  6.7397e+09  9.4182e-01
  5.4117e+01  3.3246e+00  6.0000e-01  4.2083e+09  1.1313e+00
  5.4117e+01  4.0616e+00  1.0000e-02  1.9231e+10  1.3613e+00
  5.4117e+01  4.0616e+00  2.0000e-02  1.9436e+10  1.3432e+00
  5.4117e+01  4.0616e+00  4.0000e-02  1.9042e+10  1.3279e+00
  5.4117e+01  4.0616e+00  6.0000e-02  1.9020e+10  1.3067e+00
  5.4117e+01  4.0616e+00  8.0000e-02  1.7703e+10  1.3331e+00
  5.4117e+01  4.0616e+00  1.0000e-01  2.1137e+10  1.2356e+00
  5.4117e+01  4.0616e+00  1.2000e-01  2.1413e+10  1.2235e+00
  5.4117e+01  4.0616e+00  1.4000e-01  1.0814e+10  1.5173e+00
  5.4117e+01  4.0616e+00  1.6000e-01  1.5389e+10  1.2931e+00
  5.4117e+01  4.0616e+00  1.8000e-01  1.9519e+10  1.1908e+00
  5.4117e+01  4.0616e+00  2.0000e-01  2.5649e+10  1.1571e+00
  5.4117e+01  4.0616e+00  2.2000e-01  2.7228e+10  1.1804e+00
  5.4117e+01  4.0616e+00  2.4000e-01  2.6448e+10  1.2038e+00
  5.4117e+01  4.0616e+00  2.6000e-01  2.4720e+10  1.2395e+00
  5.4117e+01  4.0616e+00  2.8000e-01  2.1515e+10  1.3135e+00
  5.4117e+01  4.0616e+00  3.0000e-01  1.6373e+10  1.4345e+00
  5.4117e+01  4.0616e+00  3.2000e-01  1.0275e+10  1.6292e+00
  5.4117e+01  4.0616e+00  3.4000e-01  7.8584e+09  1.8757e+00
  5.4117e+01  4.0616e+00  3.6000e-01  7.5064e+09  1.6602e+00
  5.4117e+01  4.0616e+00  3.8000e-01  1.8199e+09  1.8714e+00
  5.4117e+01  4.0616e+00  4.0000e-01  3.8091e+09  1.6229e+00
  5.4117e+01  4.0616e+00  4.2000e-01  1.9110e+10  1.3792e+00
  5.4117e+01  4.0616e+00  4.4000e-01  3.2714e+09  1.2254e+00
  5.4117e+01  4.0616e+00  4.6000e-01  6.3195e+06  7.7487e-01
  5.4117e+01  4.0616e+00  4.8000e-01  1.8722e+09  1.2987e+00
  5.4117e+01  4.0616e+00  5.0000e-01  3.4812e+10  3.5810e-01
  5.4117e+01  4.0616e+00  5.2000e-01  3.0141e+10  3.8789e-01
  5.4117e+01  4.0616e+00  5.4000e-01  2.0407e+10  4.9943e-01
  5.4117e+01  4.0616e+00  5.6000e-01  1.4104e+10  6.7549e-01
  5.4117e+01  4.0616e+00  5.8000e-01  8.4761e+09  8.7916e-01
  5.4117e+01  4.0616e+00  6.0000e-01  4.9469e+09  1.1008e+00
  5.4117e+01  4.9619e+00  1.0000e-02  1.9185e+10  1.2054e+00
  5.4117e+01  4.9619e+00  2.0000e-02  1.9074e+10  1.2024e+00
  5.4117e+01  4.9619e+00  4.0000e-02  1.8466e+10  1.2066e+00
  5.4117e+01  4.9619e+00  6.0000e-02  1.7881e+10  1.2094e+00
  5.4117e+01  4.9619e+00  8.0000e-02  1.6697e+10  1.2256e+00
  5.4117e+01  4.9619e+00  1.0000e-01  1.7883e+10  1.2073e+00
  5.4117e+01  4.9619e+00  1.2000e-01  1.6728e+10  1.2137e+00
  5.4117e+01  4.9619e+00  1.4000e-01  1.0833e+10  1.3266e+00
  5.4117e+01  4.9619e+00  1.6000e-01  1.1122e+10  1.2918e+00
  5.4117e+01  4.9619e+00  1.8000e-01  1.5496e+10  1.2066e+00
  5.4117e+01  4.9619e+00  2.0000e-01  1.9669e+10  1.1582e+00
  5.4117e+01  4.9619e+00  2.2000e-01  2.3050e+10  1.1564e+00
  5.4117e+01  4.9619e+00  2.4000e-01  2.5199e+10  1.2098e+00
  5.4117e+01  4.9619e+00  2.6000e-01  2.4151e+10  1.2780e+00
  5.4117e+01  4.9619e+00  2.8000e-01  1.9251e+10  1.4457e+00
  5.4117e+01  4.9619e+00  3.0000e-01  1.4227e+10  1.5807e+00
  5.4117e+01  4.9619e+00  3.2000e-01  1.0023e+10  1.7697e+00
  5.4117e+01  4.9619e+00  3.4000e-01  1.0856e+10  1.7817e+00
  5.4117e+01  4.9619e+00  3.6000e-01  8.1273e+09  1.6274e+00
  5.4117e+01  4.9619e+00  3.8000e-01  1.8294e+09  1.8556e+00
  5.4117e+01  4.9619e+00  4.0000e-01  3.8099e+09  1.6157e+00
  5.4117e+01  4.9619e+00  4.2000e-01  1.9615e+10  1.3828e+00
  5.4117e+01  4.9619e+00  4.4000e-01  3.2674e+09  1.2185e+00
  5.4117e+01  4.9619e+00  4.6000e-01  5.1956e+06  6.2598e-01
  5.4117e+01  4.9619e+00  4.8000e-01  4.2414e+09  1.7561e+00
  5.4117e+01  4.9619e+00  5.0000e-01  3.4307e+10  3.6040e-01
  5.4117e+01  4.9619e+00  5.2000e-01  3.1732e+10  3.6769e-01
  5.4117e+01  4.9619e+00  5.4000e-01  2.4643e+10  4.5285e-01
  5.4117e+01  4.9619e+00  5.6000e-01  1.5872e+10  5.6849e-01
  5.4117e+01  4.9619e+00  5.8000e-01  8.9081e+09  7.6355e-01
  5.4117e+01  4.9619e+00  6.0000e-01  5.8897e+09  1.0050e+00
  5.4117e+01  6.0619e+00  1.0000e-02  1.4559e+10  1.2160e+00
  5.4117e+01  6.0619e+00  2.0000e-02  1.4532e+10  1.2154e+00
  5.4117e+01  6.0619e+00  4.0000e-02  1.4061e+10  1.2135e+00
  5.4117e+01  6.0619e+00  6.0000e-02  1.3759e+10  1.2030e+00
  5.4117e+01  6.0619e+00  8.0000e-02  1.2801e+10  1.2067e+00
  5.4117e+01  6.0619e+00  1.0000e-01  1.5898e+10  1.1424e+00
  5.4117e+01  6.0619e+00  1.2000e-01  1.5774e+10  1.0537e+00
  5.4117e+01  6.0619e+00  1.4000e-01  1.0194e+10  1.0893e+00
  5.4117e+01  6.0619e+00  1.6000e-01  9.4960e+09  1.1235e+00
  5.4117e+01  6.0619e+00  1.8000e-01  1.3243e+10  1.1332e+00
  5.4117e+01  6.0619e+00  2.0000e-01  1.8762e+10  1.0920e+00
  5.4117e+01  6.0619e+00  2.2000e-01  2.4296e+10  1.1243e+00
  5.4117e+01  6.0619e+00  2.4000e-01  2.5190e+10  1.2676e+00
  5.4117e+01  6.0619e+00  2.6000e-01  2.1719e+10  1.3803e+00
  5.4117e+01  6.0619e+00  2.8000e-01  1.8070e+10  1.5809e+00
  5.4117e+01  6.0619e+00  3.0000e-01  1.3127e+10  1.6909e+00
  5.4117e+01  6.0619e+00  3.2000e-01  9.7739e+09  1.8986e+00
  5.4117e+01  6.0619e+00  3.4000e-01  1.1041e+10  1.7528e+00
  5.4117e+01  6.0619e+00  3.6000e-01  8.2366e+09  1.6371e+00
  5.4117e+01  6.0619e+00  3.8000e-01  1.8811e+09  1.8628e+00
  5.4117e+01  6.0619e+00  4.0000e-01  3.8534e+09  1.6039e+00
  5.4117e+01  6.0619e+00  4.2000e-01  2.0006e+10  1.3868e+00
  5.4117e+01  6.0619e+00  4.4000e-01  3.2342e+09  1.2082e+00
  5.4117e+01  6.0619e+00  4.6000e-01  4.7241e+06  5.6480e-01
  5.4117e+01  6.0619e+00  4.8000e-01  5.2534e+09  1.8774e+00
  5.4117e+01  6.0619e+00  5.0000e-01  3.3757e+10  3.6242e-01
  5.4117e+01  6.0619e+00  5.2000e-01  3.1950e+10  3.6522e-01
  5.4117e+01  6.0619e+00  5.4000e-01  2.7792e+10  3.9382e-01
  5.4117e+01  6.0619e+00  5.6000e-01  2.0857e+10  4.9025e-01
  5.4117e+01  6.0619e+00  5.8000e-01  1.3088e+10  6.4763e-01
  5.4117e+01  6.0619e+00  6.0000e-01  7.3069e+09  8.3487e-01
  5.4117e+01  7.4057e+00  1.0000e-02  1.5334e+10  1.0531e+00
  5.4117e+01  7.4057e+00  2.0000e-02  1.5394e+10  1.0505e+00
  5.4117e+01  7.4057e+00  4.0000e-02  1.5641e+10  1.0433e+00
  5.4117e+01  7.4057e+00  6.0000e-02  1.7094e+10  1.0490e+00
  5.4117e+01  7.4057e+00  8.0000e-02  1.5135e+10  1.0796e+00
  5.4117e+01  7.4057e+00  1.0000e-01  1.9512e+10  1.1140e+00
  5.4117e+01  7.4057e+00  1.2000e-01  2.1874e+10  1.0959e+00
  5.4117e+01  7.4057e+00  1.4000e-01  1.4982e+10  1.0714e+00
  5.4117e+01  7.4057e+00  1.6000e-01  1.0848e+10  1.1849e+00
  5.4117e+01  7.4057e+00  1.8000e-01  1.5275e+10  1.2049e+00
  5.4117e+01  7.4057e+00  2.0000e-01  2.3100e+10  1.1877e+00
  5.4117e+01  7.4057e+00  2.2000e-01  2.7666e+10  1.2035e+00
  5.4117e+01  7.4057e+00  2.4000e-01  2.4230e+10  1.3886e+00
  5.4117e+01  7.4057e+00  2.6000e-01  2.0024e+10  1.5138e+00
  5.4117e+01  7.4057e+00  2.8000e-01  1.4956e+10  1.6188e+00
  5.4117e+01  7.4057e+00  3.0000e-01  1.0604e+10  1.7805e+00
  5.4117e+01  7.4057e+00  3.2000e-01  1.3493e+10  1.8483e+00
  5.4117e+01  7.4057e+00  3.4000e-01  1.2019e+10  1.7155e+00
  5.4117e+01  7.4057e+00  3.6000e-01  8.6389e+09  1.6263e+00
  5.4117e+01  7.4057e+00  3.8000e-01  1.9018e+09  1.8901e+00
  5.4117e+01  7.4057e+00  4.0000e-01  3.8348e+09  1.5958e+00
  5.4117e+01  7.4057e+00  4.2000e-01  2.0573e+10  1.3921e+00
  5.4117e+01  7.4057e+00  4.4000e-01  3.1637e+09  1.1971e+00
  5.4117e+01  7.4057e+00  4.6000e-01  4.0875e+06  4.9614e-01
  5.4117e+01  7.4057e+00  4.8000e-01  5.7074e+09  1.9225e+00
  5.4117e+01  7.4057e+00  5.0000e-01  3.3102e+10  3.6499e-01
  5.4117e+01  7.4057e+00  5.2000e-01  3.1584e+10  3.6071e-01
  5.4117e+01  7.4057e+00  5.4000e-01  2.9064e+10  3.7886e-01
  5.4117e+01  7.4057e+00  5.6000e-01  2.4882e+10  4.3326e-01
  5.4117e+01  7.4057e+00  5.8000e-01  1.8701e+10  5.3656e-01
  5.4117e+01  7.4057e+00  6.0000e-01  1.1708e+10  6.8146e-01
  5.4117e+01  9.0474e+00  1.0000e-02  1.7992e+10  1.1347e+00
  5.4117e+01  9.0474e+00  2.0000e-02  1.7684e+10  1.1308e+00
  5.4117e+01  9.0474e+00  4.0000e-02  1.6708e+10  1.1286e+00
  5.4117e+01  9.0474e+00  6.0000e-02  1.7493e+10  1.1460e+00
  5.4117e+01  9.0474e+00  8.0000e-02  1.4196e+10  1.1279e+00
  5.4117e+01  9.0474e+00  1.0000e-01  1.7376e+10  1.1850e+00
  5.4117e+01  9.0474e+00  1.2000e-01  2.1047e+10  1.2360e+00
  5.4117e+01  9.0474e+00  1.4000e-01  1.2991e+10  1.1397e+00
  5.4117e+01  9.0474e+00  1.6000e-01  1.1065e+10  1.1949e+00
  5.4117e+01  9.0474e+00  1.8000e-01  1.5764e+10  1.2689e+00
  5.4117e+01  9.0474e+00  2.0000e-01  2.3958e+10  1.2371e+00
  5.4117e+01  9.0474e+00  2.2000e-01  2.6919e+10  1.3460e+00
  5.4117e+01  9.0474e+00  2.4000e-01  2.3212e+10  1.5271e+00
  5.4117e+01  9.0474e+00  2.6000e-01  1.8752e+10  1.6136e+00
  5.4117e+01  9.0474e+00  2.8000e-01  1.3553e+10  1.6974e+00
  5.4117e+01  9.0474e+00  3.0000e-01  1.1760e+10  1.8896e+00
  5.4117e+01  9.0474e+00  3.2000e-01  1.5326e+10  1.7970e+00
  5.4117e+01  9.0474e+00  3.4000e-01  1.2721e+10  1.6932e+00
  5.4117e+01  9.0474e+00  3.6000e-01  8.8789e+09  1.6213e+00
  5.4117e+01  9.0474e+00  3.8000e-01  1.9204e+09  1.9180e+00
  5.4117e+01  9.0474e+00  4.0000e-01  3.7631e+09  1.5837e+00
  5.4117e+01  9.0474e+00  4.2000e-01  2.1450e+10  1.4019e+00
  5.4117e+01  9.0474e+00  4.4000e-01  3.0701e+09  1.1837e+00
  5.4117e+01  9.0474e+00  4.6000e-01  6.4196e+06  6.2443e-01
  5.4117e+01  9.0474e+00  4.8000e-01  5.6177e+09  1.9101e+00
  5.4117e+01  9.0474e+00  5.0000e-01  3.2315e+10  3.6845e-01
  5.4117e+01  9.0474e+00  5.2000e-01  3.0771e+10  3.5965e-01
  5.4117e+01  9.0474e+00  5.4000e-01  2.9238e+10  3.6789e-01
  5.4117e+01  9.0474e+00  5.6000e-01  2.6632e+10  3.8686e-01
  5.4117e+01  9.0474e+00  5.8000e-01  2.3014e+10  4.2629e-01
  5.4117e+01  9.0474e+00  6.0000e-01  1.8319e+10  4.9806e-01
  5.4117e+01  1.1053e+01  1.0000e-02  1.6703e+10  1.2327e+00
  5.4117e+01  1.1053e+01  2.0000e-02  1.6622e+10  1.2280e+00
  5.4117e+01  1.1053e+01  4.0000e-02  1.6470e+10  1.2220e+00
  5.4117e+01  1.1053e+01  6.0000e-02  1.8433e+10  1.2425e+00
  5.4117e+01  1.1053e+01  8.0000e-02  1.4863e+10  1.1979e+00
  5.4117e+01  1.1053e+01  1.0000e-01  1.9633e+10  1.2456e+00
  5.4117e+01  1.1053e+01  1.2000e-01  1.9802e+10  1.2730e+00
  5.4117e+01  1.1053e+01  1.4000e-01  1.1742e+10  1.1542e+00
  5.4117e+01  1.1053e+01  1.6000e-01  1.0668e+10  1.2324e+00
  5.4117e+01  1.1053e+01  1.8000e-01  1.7357e+10  1.2213e+00
  5.4117e+01  1.1053e+01  2.0000e-01  2.6656e+10  1.2961e+00
  5.4117e+01  1.1053e+01  2.2000e-01  2.6432e+10  1.5047e+00
  5.4117e+01  1.1053e+01  2.4000e-01  2.2864e+10  1.6069e+00
  5.4117e+01  1.1053e+01  2.6000e-01  1.7940e+10  1.6679e+00
  5.4117e+01  1.1053e+01  2.8000e-01  1.2892e+10  1.7444e+00
  5.4117e+01  1.1053e+01  3.0000e-01  1.3870e+10  1.9168e+00
  5.4117e+01  1.1053e+01  3.2000e-01  1.6217e+10  1.7683e+00
  5.4117e+01  1.1053e+01  3.4000e-01  1.3246e+10  1.6819e+00
  5.4117e+01  1.1053e+01  3.6000e-01  8.9787e+09  1.6222e+00
  5.4117e+01  1.1053e+01  3.8000e-01  1.9491e+09  1.9546e+00
  5.4117e+01  1.1053e+01  4.0000e-01  3.6022e+09  1.5746e+00
  5.4117e+01  1.1053e+01  4.2000e-01  2.2519e+10  1.4096e+00
  5.4117e+01  1.1053e+01  4.4000e-01  2.8792e+09  1.1859e+00
  5.4117e+01  1.1053e+01  4.6000e-01  1.3947e+07  9.0212e-01
  5.4117e+01  1.1053e+01  4.8000e-01  5.4495e+09  1.9112e+00
  5.4117e+01  1.1053e+01  5.0000e-01  3.1374e+10  3.7198e-01
  5.4117e+01  1.1053e+01  5.2000e-01  2.9549e+10  3.5829e-01
  5.4117e+01  1.1053e+01  5.4000e-01  2.8521e+10  3.6409e-01
  5.4117e+01  1.1053e+01  5.6000e-01  2.6747e+10  3.7211e-01
  5.4117e+01  1.1053e+01  5.8000e-01  2.4528e+10  3.8789e-01
  5.4117e+01  1.1053e+01  6.0000e-01  2.1749e+10  4.1625e-01
  5.4117e+01  1.3503e+01  1.0000e-02  1.9043e+10  1.2796e+00
  5.4117e+01  1.3503e+01  2.0000e-02  1.8661e+10  1.2766e+00
  5.4117e+01  1.3503e+01  4.0000e-02  1.7564e+10  1.2701e+00
  5.4117e+01  1.3503e+01  6.0000e-02  1.9077e+10  1.2802e+00
  5.4117e+01  1.3503e+01  8.0000e-02  1.6010e+10  1.2581e+00
  5.4117e+01  1.3503e+01  1.0000e-01  1.9795e+10  1.2543e+00
  5.4117e+01  1.3503e+01  1.2000e-01  1.8776e+10  1.2590e+00
  5.4117e+01  1.3503e+01  1.4000e-01  1.1739e+10  1.1917e+00
  5.4117e+01  1.3503e+01  1.6000e-01  1.2983e+10  1.2481e+00
  5.4117e+01  1.3503e+01  1.8000e-01  2.0395e+10  1.2361e+00
  5.4117e+01  1.3503e+01  2.0000e-01  2.8070e+10  1.3974e+00
  5.4117e+01  1.3503e+01  2.2000e-01  2.6884e+10  1.5794e+00
  5.4117e+01  1.3503e+01  2.4000e-01  2.3064e+10  1.6402e+00
  5.4117e+01  1.3503e+01  2.6000e-01  1.7893e+10  1.6946e+00
  5.4117e+01  1.3503e+01  2.8000e-01  1.3160e+10  1.7759e+00
  5.4117e+01  1.3503e+01  3.0000e-01  1.5261e+10  1.9101e+00
  5.4117e+01  1.3503e+01  3.2000e-01  1.6551e+10  1.7557e+00
  5.4117e+01  1.3503e+01  3.4000e-01  1.3500e+10  1.6748e+00
  5.4117e+01  1.3503e+01  3.6000e-01  8.9434e+09  1.6242e+00
  5.4117e+01  1.3503e+01  3.8000e-01  2.0270e+09  1.9840e+00
  5.4117e+01  1.3503e+01  4.0000e-01  3.3552e+09  1.5674e+00
  5.4117e+01  1.3503e+01  4.2000e-01  2.3861e+10  1.4179e+00
  5.4117e+01  1.3503e+01  4.4000e-01  2.3055e+09  1.1692e+00
  5.4117e+01  1.3503e+01  4.6000e-01  2.1216e+07  8.9421e-01
  5.4117e+01  1.3503e+01  4.8000e-01  4.9419e+09  1.8821e+00
  5.4117e+01  1.3503e+01  5.0000e-01  3.0235e+10  3.7650e-01
  5.4117e+01  1.3503e+01  5.2000e-01  2.8134e+10  3.5843e-01
  5.4117e+01  1.3503e+01  5.4000e-01  2.7305e+10  3.6282e-01
  5.4117e+01  1.3503e+01  5.6000e-01  2.5996e+10  3.6794e-01
  5.4117e+01  1.3503e+01  5.8000e-01  2.4361e+10  3.7486e-01
  5.4117e+01  1.3503e+01  6.0000e-01  2.2485e+10  3.8817e-01
  5.4117e+01  1.6496e+01  1.0000e-02  1.9729e+10  1.3049e+00
  5.4117e+01  1.6496e+01  2.0000e-02  1.9495e+10  1.2954e+00
  5.4117e+01  1.6496e+01  4.0000e-02  1.8739e+10  1.2792e+00
  5.4117e+01  1.6496e+01  6.0000e-02  2.0191e+10  1.2810e+00
  5.4117e+01  1.6496e+01  8.0000e-02  1.7663e+10  1.2610e+00
  5.4117e+01  1.6496e+01  1.0000e-01  2.1216e+10  1.2778e+00
  5.4117e+01  1.6496e+01  1.2000e-01  1.8197e+10  1.2665e+00
  5.4117e+01  1.6496e+01  1.4000e-01  1.2979e+10  1.1965e+00
  5.4117e+01  1.6496e+01  1.6000e-01  1.5353e+10  1.2981e+00
  5.4117e+01  1.6496e+01  1.8000e-01  2.2729e+10  1.2789e+00
  5.4117e+01  1.6496e+01  2.0000e-01  2.8881e+10  1.4684e+00
  5.4117e+01  1.6496e+01  2.2000e-01  2.7843e+10  1.5936e+00
  5.4117e+01  1.6496e+01  2.4000e-01  2.4059e+10  1.6445e+00
  5.4117e+01  1.6496e+01  2.6000e-01  1.8714e+10  1.7020e+00
  5.4117e+01  1.6496e+01  2.8000e-01  1.4366e+10  1.7829e+00
  5.4117e+01  1.6496e+01  3.0000e-01  1.5975e+10  1.8950e+00
  5.4117e+01  1.6496e+01  3.2000e-01  1.6079e+10  1.7765e+00
  5.4117e+01  1.6496e+01  3.4000e-01  1.3224e+10  1.6846e+00
  5.4117e+01  1.6496e+01  3.6000e-01  8.6996e+09  1.6382e+00
  5.4117e+01  1.6496e+01  3.8000e-01  2.1673e+09  2.0067e+00
  5.4117e+01  1.6496e+01  4.0000e-01  2.9780e+09  1.5713e+00
  5.4117e+01  1.6496e+01  4.2000e-01  2.5322e+10  1.4360e+00
  5.4117e+01  1.6496e+01  4.4000e-01  1.2484e+09  1.1512e+00
  5.4117e+01  1.6496e+01  4.6000e-01  2.6203e+07  8.6517e-01
  5.4117e+01  1.6496e+01  4.8000e-01  4.4757e+09  1.8619e+00
  5.4117e+01  1.6496e+01  5.0000e-01  2.8953e+10  3.8274e-01
  5.4117e+01  1.6496e+01  5.2000e-01  2.6558e+10  3.6250e-01
  5.4117e+01  1.6496e+01  5.4000e-01  2.5740e+10  3.6324e-01
  5.4117e+01  1.6496e+01  5.6000e-01  2.4632e+10  3.6724e-01
  5.4117e+01  1.6496e+01  5.8000e-01  2.3322e+10  3.7119e-01
  5.4117e+01  1.6496e+01  6.0000e-01  2.1806e+10  3.7544e-01
  5.4117e+01  2.0153e+01  1.0000e-02  1.7349e+10  1.3245e+00
  5.4117e+01  2.0153e+01  2.0000e-02  1.8580e+10  1.3110e+00
  5.4117e+01  2.0153e+01  4.0000e-02  1.8714e+10  1.2984e+00
  5.4117e+01  2.0153e+01  6.0000e-02  2.0326e+10  1.2954e+00
  5.4117e+01  2.0153e+01  8.0000e-02  1.7326e+10  1.2677e+00
  5.4117e+01  2.0153e+01  1.0000e-01  2.2445e+10  1.2855e+00
  5.4117e+01  2.0153e+01  1.2000e-01  1.9208e+10  1.2801e+00
  5.4117e+01  2.0153e+01  1.4000e-01  1.3588e+10  1.2349e+00
  5.4117e+01  2.0153e+01  1.6000e-01  1.6661e+10  1.3349e+00
  5.4117e+01  2.0153e+01  1.8000e-01  2.3650e+10  1.3375e+00
  5.4117e+01  2.0153e+01  2.0000e-01  2.9725e+10  1.4803e+00
  5.4117e+01  2.0153e+01  2.2000e-01  2.9021e+10  1.5803e+00
  5.4117e+01  2.0153e+01  2.4000e-01  2.5678e+10  1.6325e+00
  5.4117e+01  2.0153e+01  2.6000e-01  2.0663e+10  1.6939e+00
  5.4117e+01  2.0153e+01  2.8000e-01  1.6517e+10  1.7650e+00
  5.4117e+01  2.0153e+01  3.0000e-01  1.6780e+10  1.8592e+00
  5.4117e+01  2.0153e+01  3.2000e-01  1.5290e+10  1.8080e+00
  5.4117e+01  2.0153e+01  3.4000e-01  1.2391e+10  1.7305e+00
  5.4117e+01  2.0153e+01  3.6000e-01  8.2644e+09  1.6772e+00
  5.4117e+01  2.0153e+01  3.8000e-01  2.3810e+09  2.0239e+00
  5.4117e+01  2.0153e+01  4.0000e-01  2.5041e+09  1.5950e+00
  5.4117e+01  2.0153e+01  4.2000e-01  2.7530e+10  1.4642e+00
  5.4117e+01  2.0153e+01  4.4000e-01  5.6977e+08  1.1563e+00
  5.4117e+01  2.0153e+01  4.6000e-01  2.9603e+07  8.2773e-01
  5.4117e+01  2.0153e+01  4.8000e-01  3.8417e+09  1.8158e+00
  5.4117e+01  2.0153e+01  5.0000e-01  2.7513e+10  3.9135e-01
  5.4117e+01  2.0153e+01  5.2000e-01  2.4684e+10  3.6674e-01
  5.4117e+01  2.0153e+01  5.4000e-01  2.3836e+10  3.6726e-01
  5.4117e+01  2.0153e+01  5.6000e-01  2.2782e+10  3.6752e-01
  5.4117e+01  2.0153e+01  5.8000e-01  2.1623e+10  3.7018e-01
  5.4117e+01  2.0153e+01  6.0000e-01  2.0328e+10  3.7492e-01
  5.4117e+01  2.4621e+01  1.0000e-02  1.6808e+10  1.3447e+00
  5.4117e+01  2.4621e+01  2.0000e-02  1.6917e+10  1.3294e+00
  5.4117e+01  2.4621e+01  4.0000e-02  1.7494e+10  1.3109e+00
  5.4117e+01  2.4621e+01  6.0000e-02  1.9408e+10  1.3061e+00
  5.4117e+01  2.4621e+01  8.0000e-02  1.6960e+10  1.2839e+00
  5.4117e+01  2.4621e+01  1.0000e-01  2.1356e+10  1.2941e+00
  5.4117e+01  2.4621e+01  1.2000e-01  2.0877e+10  1.2824e+00
  5.4117e+01  2.4621e+01  1.4000e-01  1.4880e+10  1.2554e+00
  5.4117e+01  2.4621e+01  1.6000e-01  1.6055e+10  1.3573e+00
  5.4117e+01  2.4621e+01  1.8000e-01  2.2899e+10  1.3768e+00
  5.4117e+01  2.4621e+01  2.0000e-01  3.0071e+10  1.4414e+00
  5.4117e+01  2.4621e+01  2.2000e-01  3.0075e+10  1.5578e+00
  5.4117e+01  2.4621e+01  2.4000e-01  2.7620e+10  1.6041e+00
  5.4117e+01  2.4621e+01  2.6000e-01  2.3449e+10  1.6650e+00
  5.4117e+01  2.4621e+01  2.8000e-01  1.9611e+10  1.7210e+00
  5.4117e+01  2.4621e+01  3.0000e-01  1.7951e+10  1.7912e+00
  5.4117e+01  2.4621e+01  3.2000e-01  1.5613e+10  1.7922e+00
  5.4117e+01  2.4621e+01  3.4000e-01  1.1771e+10  1.7604e+00
  5.4117e+01  2.4621e+01  3.6000e-01  7.6792e+09  1.7236e+00
  5.4117e+01  2.4621e+01  3.8000e-01  2.6905e+09  2.0282e+00
  5.4117e+01  2.4621e+01  4.0000e-01  1.9898e+09  1.6621e+00
  5.4117e+01  2.4621e+01  4.2000e-01  2.9074e+10  1.5023e+00
  5.4117e+01  2.4621e+01  4.4000e-01  3.2349e+08  1.1539e+00
  5.4117e+01  2.4621e+01  4.6000e-01  3.0920e+07  8.3443e-01
  5.4117e+01  2.4621e+01  4.8000e-01  3.1433e+09  1.7674e+00
  5.4117e+01  2.4621e+01  5.0000e-01  2.5648e+10  3.9920e-01
  5.4117e+01  2.4621e+01  5.2000e-01  2.2464e+10  3.6759e-01
  5.4117e+01  2.4621e+01  5.4000e-01  2.1600e+10  3.7009e-01
  5.4117e+01  2.4621e+01  5.6000e-01  2.0503e+10  3.7140e-01
  5.4117e+01  2.4621e+01  5.8000e-01  1.9501e+10  3.7585e-01
  5.4117e+01  2.4621e+01  6.0000e-01  1.8335e+10  3.7814e-01
  5.4117e+01  3.0079e+01  1.0000e-02  1.6960e+10  1.3473e+00
  5.4117e+01  3.0079e+01  2.0000e-02  1.6828e+10  1.3438e+00
  5.4117e+01  3.0079e+01  4.0000e-02  1.6817e+10  1.3269e+00
  5.4117e+01  3.0079e+01  6.0000e-02  1.8376e+10  1.3203e+00
  5.4117e+01  3.0079e+01  8.0000e-02  1.6356e+10  1.2977e+00
  5.4117e+01  3.0079e+01  1.0000e-01  1.8765e+10  1.3044e+00
  5.4117e+01  3.0079e+01  1.2000e-01  2.2031e+10  1.2930e+00
  5.4117e+01  3.0079e+01  1.4000e-01  1.6482e+10  1.2485e+00
  5.4117e+01  3.0079e+01  1.6000e-01  1.4725e+10  1.3225e+00
  5.4117e+01  3.0079e+01  1.8000e-01  2.0053e+10  1.3999e+00
  5.4117e+01  3.0079e+01  2.0000e-01  2.7330e+10  1.3976e+00
  5.4117e+01  3.0079e+01  2.2000e-01  3.1202e+10  1.5289e+00
  5.4117e+01  3.0079e+01  2.4000e-01  2.9838e+10  1.5640e+00
  5.4117e+01  3.0079e+01  2.6000e-01  2.6810e+10  1.6151e+00
  5.4117e+01  3.0079e+01  2.8000e-01  2.3236e+10  1.6560e+00
  5.4117e+01  3.0079e+01  3.0000e-01  2.0069e+10  1.6986e+00
  5.4117e+01  3.0079e+01  3.2000e-01  1.7072e+10  1.7305e+00
  5.4117e+01  3.0079e+01  3.4000e-01  1.3146e+10  1.7460e+00
  5.4117e+01  3.0079e+01  3.6000e-01  7.5208e+09  1.7531e+00
  5.4117e+01  3.0079e+01  3.8000e-01  3.1735e+09  2.0176e+00
  5.4117e+01  3.0079e+01  4.0000e-01  1.5292e+09  1.8034e+00
  5.4117e+01  3.0079e+01  4.2000e-01  2.5856e+10  1.5066e+00
  5.4117e+01  3.0079e+01  4.4000e-01  1.9274e+08  1.1596e+00
  5.4117e+01  3.0079e+01  4.6000e-01  3.1030e+07  8.5483e-01
  5.4117e+01  3.0079e+01  4.8000e-01  2.4392e+09  1.7290e+00
  5.4117e+01  3.0079e+01  5.0000e-01  2.3571e+10  4.1021e-01
  5.4117e+01  3.0079e+01  5.2000e-01  1.9922e+10  3.7335e-01
  5.4117e+01  3.0079e+01  5.4000e-01  1.9003e+10  3.7595e-01
  5.4117e+01  3.0079e+01  5.6000e-01  1.7961e+10  3.7773e-01
  5.4117e+01  3.0079e+01  5.8000e-01  1.6815e+10  3.7846e-01
  5.4117e+01  3.0079e+01  6.0000e-01  1.5720e+10  3.8373e-01
  5.4117e+01  3.6747e+01  1.0000e-02  1.7040e+10  1.3440e+00
  5.4117e+01  3.6747e+01  2.0000e-02  1.7034e+10  1.3457e+00
  5.4117e+01  3.6747e+01  4.0000e-02  1.6930e+10  1.3395e+00
  5.4117e+01  3.6747e+01  6.0000e-02  1.7338e+10  1.3348e+00
  5.4117e+01  3.6747e+01  8.0000e-02  1.6969e+10  1.3186e+00
  5.4117e+01  3.6747e+01  1.0000e-01  1.6046e+10  1.3075e+00
  5.4117e+01  3.6747e+01  1.2000e-01  2.0991e+10  1.3048e+00
  5.4117e+01  3.6747e+01  1.4000e-01  1.8716e+10  1.2870e+00
  5.4117e+01  3.6747e+01  1.6000e-01  1.4299e+10  1.2350e+00
  5.4117e+01  3.6747e+01  1.8000e-01  1.6019e+10  1.3771e+00
  5.4117e+01  3.6747e+01  2.0000e-01  2.2198e+10  1.3956e+00
  5.4117e+01  3.6747e+01  2.2000e-01  2.9978e+10  1.4452e+00
  5.4117e+01  3.6747e+01  2.4000e-01  3.2296e+10  1.5363e+00
  5.4117e+01  3.6747e+01  2.6000e-01  3.0293e+10  1.5499e+00
  5.4117e+01  3.6747e+01  2.8000e-01  2.6750e+10  1.5723e+00
  5.4117e+01  3.6747e+01  3.0000e-01  2.2877e+10  1.5912e+00
  5.4117e+01  3.6747e+01  3.2000e-01  1.9008e+10  1.6340e+00
  5.4117e+01  3.6747e+01  3.4000e-01  1.5451e+10  1.6725e+00
  5.4117e+01  3.6747e+01  3.6000e-01  9.7375e+09  1.7349e+00
  5.4117e+01  3.6747e+01  3.8000e-01  4.0718e+09  1.9995e+00
  5.4117e+01  3.6747e+01  4.0000e-01  1.0295e+09  2.2006e+00
  5.4117e+01  3.6747e+01  4.2000e-01  1.5596e+10  1.4605e+00
  5.4117e+01  3.6747e+01  4.4000e-01  1.2053e+08  1.1977e+00
  5.4117e+01  3.6747e+01  4.6000e-01  2.9247e+07  8.6327e-01
  5.4117e+01  3.6747e+01  4.8000e-01  1.6165e+09  1.6521e+00
  5.4117e+01  3.6747e+01  5.0000e-01  2.1247e+10  4.2419e-01
  5.4117e+01  3.6747e+01  5.2000e-01  1.7127e+10  3.8032e-01
  5.4117e+01  3.6747e+01  5.4000e-01  1.5962e+10  3.8256e-01
  5.4117e+01  3.6747e+01  5.6000e-01  1.4964e+10  3.8700e-01
  5.4117e+01  3.6747e+01  5.8000e-01  1.3891e+10  3.8982e-01
  5.4117e+01  3.6747e+01  6.0000e-01  1.2830e+10  3.9261e-01
  5.4117e+01  4.4893e+01  1.0000e-02  1.7112e+10  1.3373e+00
  5.4117e+01  4.4893e+01  2.0000e-02  1.7108e+10  1.3441e+00
  5.4117e+01  4.4893e+01  4.0000e-02  1.7258e+10  1.3439e+00
  5.4117e+01  4.4893e+01  6.0000e-02  1.6711e+10  1.3444e+00
  5.4117e+01  4.4893e+01  8.0000e-02  1.7461e+10  1.3324e+00
  5.4117e+01  4.4893e+01  1.0000e-01  1.5089e+10  1.3177e+00
  5.4117e+01  4.4893e+01  1.2000e-01  1.7629e+10  1.3215e+00
  5.4117e+01  4.4893e+01  1.4000e-01  2.1746e+10  1.3041e+00
  5.4117e+01  4.4893e+01  1.6000e-01  1.6543e+10  1.2689e+00
  5.4117e+01  4.4893e+01  1.8000e-01  1.2947e+10  1.2384e+00
  5.4117e+01  4.4893e+01  2.0000e-01  1.6045e+10  1.3699e+00
  5.4117e+01  4.4893e+01  2.2000e-01  2.1770e+10  1.3609e+00
  5.4117e+01  4.4893e+01  2.4000e-01  3.1567e+10  1.4832e+00
  5.4117e+01  4.4893e+01  2.6000e-01  3.3267e+10  1.4850e+00
  5.4117e+01  4.4893e+01  2.8000e-01  2.9174e+10  1.4742e+00
  5.4117e+01  4.4893e+01  3.0000e-01  2.5284e+10  1.4923e+00
  5.4117e+01  4.4893e+01  3.2000e-01  2.1786e+10  1.5328e+00
  5.4117e+01  4.4893e+01  3.4000e-01  1.8145e+10  1.5921e+00
  5.4117e+01  4.4893e+01  3.6000e-01  1.3552e+10  1.5830e+00
  5.4117e+01  4.4893e+01  3.8000e-01  1.8368e+10  1.8522e+00
  5.4117e+01  4.4893e+01  4.0000e-01  1.1400e+09  2.2950e+00
  5.4117e+01  4.4893e+01  4.2000e-01  5.6187e+09  1.3495e+00
  5.4117e+01  4.4893e+01  4.4000e-01  7.5799e+07  1.2306e+00
  5.4117e+01  4.4893e+01  4.6000e-01  2.5818e+07  8.6100e-01
  5.4117e+01  4.4893e+01  4.8000e-01  8.1705e+08  1.5130e+00
  5.4117e+01  4.4893e+01  5.0000e-01  1.8667e+10  4.3995e-01
  5.4117e+01  4.4893e+01  5.2000e-01  1.4012e+10  3.8616e-01
  5.4117e+01  4.4893e+01  5.4000e-01  1.2833e+10  3.9079e-01
  5.4117e+01  4.4893e+01  5.6000e-01  1.1817e+10  3.9559e-01
  5.4117e+01  4.4893e+01  5.8000e-01  1.0823e+10  3.9747e-01
  5.4117e+01  4.4893e+01  6.0000e-01  9.9079e+09  4.0301e-01
  5.4117e+01  5.4844e+01  1.0000e-02  1.7045e+10  1.3283e+00
  5.4117e+01  5.4844e+01  2.0000e-02  1.7149e+10  1.3388e+00
  5.4117e+01  5.4844e+01  4.0000e-02  1.7359e+10  1.3449e+00
  5.4117e+01  5.4844e+01  6.0000e-02  1.6446e+10  1.3474e+00
  5.4117e+01  5.4844e+01  8.0000e-02  1.7871e+10  1.3399e+00
  5.4117e+01  5.4844e+01  1.0000e-01  1.5305e+10  1.3317e+00
  5.4117e+01  5.4844e+01  1.2000e-01  1.6069e+10  1.3359e+00
  5.4117e+01  5.4844e+01  1.4000e-01  2.0524e+10  1.3204e+00
  5.4117e+01  5.4844e+01  1.6000e-01  2.0317e+10  1.3086e+00
  5.4117e+01  5.4844e+01  1.8000e-01  1.4355e+10  1.2381e+00
  5.4117e+01  5.4844e+01  2.0000e-01  1.1672e+10  1.2819e+00
  5.4117e+01  5.4844e+01  2.2000e-01  1.5311e+10  1.3544e+00
  5.4117e+01  5.4844e+01  2.4000e-01  2.0245e+10  1.3325e+00
  5.4117e+01  5.4844e+01  2.6000e-01  2.7075e+10  1.3143e+00
  5.4117e+01  5.4844e+01  2.8000e-01  3.3719e+10  1.5593e+00
  5.4117e+01  5.4844e+01  3.0000e-01  3.0274e+10  1.5002e+00
  5.4117e+01  5.4844e+01  3.2000e-01  2.3641e+10  1.4666e+00
  5.4117e+01  5.4844e+01  3.4000e-01  2.4712e+10  1.5362e+00
  5.4117e+01  5.4844e+01  3.6000e-01  2.5333e+10  1.6750e+00
  5.4117e+01  5.4844e+01  3.8000e-01  2.6828e+10  1.8524e+00
  5.4117e+01  5.4844e+01  4.0000e-01  6.5414e+09  1.6639e+00
  5.4117e+01  5.4844e+01  4.2000e-01  6.6139e+08  1.5013e+00
  5.4117e+01  5.4844e+01  4.4000e-01  4.5338e+07  1.2047e+00
  5.4117e+01  5.4844e+01  4.6000e-01  2.1912e+07  8.6092e-01
  5.4117e+01  5.4844e+01  4.8000e-01  2.1530e+08  1.1067e+00
  5.4117e+01  5.4844e+01  5.0000e-01  1.5982e+10  4.6009e-01
  5.4117e+01  5.4844e+01  5.2000e-01  1.0923e+10  3.9578e-01
  5.4117e+01  5.4844e+01  5.4000e-01  9.7403e+09  4.0002e-01
  5.4117e+01  5.4844e+01  5.6000e-01  8.8213e+09  4.0319e-01
  5.4117e+01  5.4844e+01  5.8000e-01  7.9932e+09  4.0756e-01
  5.4117e+01  5.4844e+01  6.0000e-01  7.2141e+09  4.1354e-01
  5.4117e+01  6.7002e+01  1.0000e-02  1.7014e+10  1.3191e+00
  5.4117e+01  6.7002e+01  2.0000e-02  1.7069e+10  1.3316e+00
  5.4117e+01  6.7002e+01  4.0000e-02  1.7246e+10  1.3439e+00
  5.4117e+01  6.7002e+01  6.0000e-02  1.6453e+10  1.3469e+00
  5.4117e+01  6.7002e+01  8.0000e-02  1.8051e+10  1.3447e+00
  5.4117e+01  6.7002e+01  1.0000e-01  1.5900e+10  1.3404e+00
  5.4117e+01  6.7002e+01  1.2000e-01  1.5356e+10  1.3454e+00
  5.4117e+01  6.7002e+01  1.4000e-01  1.9235e+10  1.3368e+00
  5.4117e+01  6.7002e+01  1.6000e-01  2.1270e+10  1.3173e+00
  5.4117e+01  6.7002e+01  1.8000e-01  1.6002e+10  1.2823e+00
  5.4117e+01  6.7002e+01  2.0000e-01  1.1721e+10  1.2361e+00
  5.4117e+01  6.7002e+01  2.2000e-01  1.2600e+10  1.3469e+00
  5.4117e+01  6.7002e+01  2.4000e-01  1.6892e+10  1.3320e+00
  5.4117e+01  6.7002e+01  2.6000e-01  2.1633e+10  1.3123e+00
  5.4117e+01  6.7002e+01  2.8000e-01  2.8315e+10  1.3494e+00
  5.4117e+01  6.7002e+01  3.0000e-01  3.4086e+10  1.5238e+00
  5.4117e+01  6.7002e+01  3.2000e-01  2.7031e+10  1.4765e+00
  5.4117e+01  6.7002e+01  3.4000e-01  2.3681e+10  1.5129e+00
  5.4117e+01  6.7002e+01  3.6000e-01  2.1074e+10  1.5139e+00
  5.4117e+01  6.7002e+01  3.8000e-01  2.3154e+10  1.6897e+00
  5.4117e+01  6.7002e+01  4.0000e-01  1.4588e+10  1.8918e+00
  5.4117e+01  6.7002e+01  4.2000e-01  1.7112e+10  2.1113e+00
  5.4117e+01  6.7002e+01  4.4000e-01  3.1378e+07  1.1502e+00
  5.4117e+01  6.7002e+01  4.6000e-01  1.7575e+07  8.5156e-01
  5.4117e+01  6.7002e+01  4.8000e-01  1.1463e+08  9.3083e-01
  5.4117e+01  6.7002e+01  5.0000e-01  1.3309e+10  4.8684e-01
  5.4117e+01  6.7002e+01  5.2000e-01  8.0530e+09  4.0709e-01
  5.4117e+01  6.7002e+01  5.4000e-01  7.0909e+09  4.1132e-01
  5.4117e+01  6.7002e+01  5.6000e-01  6.3520e+09  4.1714e-01
  5.4117e+01  6.7002e+01  5.8000e-01  5.6619e+09  4.1956e-01
  5.4117e+01  6.7002e+01  6.0000e-01  5.0158e+09  4.2454e-01
  5.4117e+01  8.1855e+01  1.0000e-02  1.7092e+10  1.3058e+00
  5.4117e+01  8.1855e+01  2.0000e-02  1.6987e+10  1.3235e+00
  5.4117e+01  8.1855e+01  4.0000e-02  1.7060e+10  1.3384e+00
  5.4117e+01  8.1855e+01  6.0000e-02  1.6698e+10  1.3440e+00
  5.4117e+01  8.1855e+01  8.0000e-02  1.7752e+10  1.3487e+00
  5.4117e+01  8.1855e+01  1.0000e-01  1.6760e+10  1.3441e+00
  5.4117e+01  8.1855e+01  1.2000e-01  1.5006e+10  1.3494e+00
  5.4117e+01  8.1855e+01  1.4000e-01  1.7847e+10  1.3505e+00
  5.4117e+01  8.1855e+01  1.6000e-01  2.1100e+10  1.3272e+00
  5.4117e+01  8.1855e+01  1.8000e-01  1.7779e+10  1.3189e+00
  5.4117e+01  8.1855e+01  2.0000e-01  1.2370e+10  1.2456e+00
  5.4117e+01  8.1855e+01  2.2000e-01  1.1075e+10  1.3204e+00
  5.4117e+01  8.1855e+01  2.4000e-01  1.4781e+10  1.3335e+00
  5.4117e+01  8.1855e+01  2.6000e-01  1.8733e+10  1.3201e+00
  5.4117e+01  8.1855e+01  2.8000e-01  2.4905e+10  1.2853e+00
  5.4117e+01  8.1855e+01  3.0000e-01  3.3762e+10  1.5862e+00
  5.4117e+01  8.1855e+01  3.2000e-01  2.9270e+10  1.5065e+00
  5.4117e+01  8.1855e+01  3.4000e-01  2.2874e+10  1.4734e+00
  5.4117e+01  8.1855e+01  3.6000e-01  1.8891e+10  1.4421e+00
  5.4117e+01  8.1855e+01  3.8000e-01  2.1089e+10  1.5902e+00
  5.4117e+01  8.1855e+01  4.0000e-01  1.8070e+10  1.8574e+00
  5.4117e+01  8.1855e+01  4.2000e-01  1.4418e+10  1.8981e+00
  5.4117e+01  8.1855e+01  4.4000e-01  1.1025e+08  3.2353e-01
  5.4117e+01  8.1855e+01  4.6000e-01  1.3532e+07  8.5128e-01
  5.4117e+01  8.1855e+01  4.8000e-01  7.3182e+07  8.4174e-01
  5.4117e+01  8.1855e+01  5.0000e-01  1.0553e+10  5.1918e-01
  5.4117e+01  8.1855e+01  5.2000e-01  5.7011e+09  4.2000e-01
  5.4117e+01  8.1855e+01  5.4000e-01  4.9386e+09  4.2411e-01
  5.4117e+01  8.1855e+01  5.6000e-01  4.3538e+09  4.2560e-01
  5.4117e+01  8.1855e+01  5.8000e-01  3.8413e+09  4.2934e-01
  5.4117e+01  8.1855e+01  6.0000e-01  3.3634e+09  4.3261e-01
  5.4117e+01  1.0000e+02  1.0000e-02  1.7152e+10  1.2880e+00
  5.4117e+01  1.0000e+02  2.0000e-02  1.7003e+10  1.3118e+00
  5.4117e+01  1.0000e+02  4.0000e-02  1.6907e+10  1.3313e+00
  5.4117e+01  1.0000e+02  6.0000e-02  1.7092e+10  1.3399e+00
  5.4117e+01  1.0000e+02  8.0000e-02  1.7037e+10  1.3490e+00
  5.4117e+01  1.0000e+02  1.0000e-01  1.7534e+10  1.3459e+00
  5.4117e+01  1.0000e+02  1.2000e-01  1.5140e+10  1.3493e+00
  5.4117e+01  1.0000e+02  1.4000e-01  1.6354e+10  1.3580e+00
  5.4117e+01  1.0000e+02  1.6000e-01  1.9937e+10  1.3405e+00
  5.4117e+01  1.0000e+02  1.8000e-01  1.9352e+10  1.3326e+00
  5.4117e+01  1.0000e+02  2.0000e-01  1.3753e+10  1.2859e+00
  5.4117e+01  1.0000e+02  2.2000e-01  1.0582e+10  1.2780e+00
  5.4117e+01  1.0000e+02  2.4000e-01  1.2813e+10  1.3316e+00
  5.4117e+01  1.0000e+02  2.6000e-01  1.6328e+10  1.3220e+00
  5.4117e+01  1.0000e+02  2.8000e-01  2.1546e+10  1.3079e+00
  5.4117e+01  1.0000e+02  3.0000e-01  2.7501e+10  1.3811e+00
  5.4117e+01  1.0000e+02  3.2000e-01  3.1231e+10  1.5200e+00
  5.4117e+01  1.0000e+02  3.4000e-01  2.3976e+10  1.4718e+00
  5.4117e+01  1.0000e+02  3.6000e-01  1.8197e+10  1.4299e+00
  5.4117e+01  1.0000e+02  3.8000e-01  1.8864e+10  1.5120e+00
  5.4117e+01  1.0000e+02  4.0000e-01  1.8405e+10  1.7527e+00
  5.4117e+01  1.0000e+02  4.2000e-01  5.2901e+09  1.6360e+00
  5.4117e+01  1.0000e+02  4.4000e-01  8.7084e+09  1.8270e+00
  5.4117e+01  1.0000e+02  4.6000e-01  1.0715e+07  8.5710e-01
  5.4117e+01  1.0000e+02  4.8000e-01  5.0354e+07  8.3719e-01
  5.4117e+01  1.0000e+02  5.0000e-01  7.8450e+09  5.6180e-01
  5.4117e+01  1.0000e+02  5.2000e-01  3.8427e+09  4.3003e-01
  5.4117e+01  1.0000e+02  5.4000e-01  3.3244e+09  4.3494e-01
  5.4117e+01  1.0000e+02  5.6000e-01  2.9120e+09  4.3790e-01
  5.4117e+01  1.0000e+02  5.8000e-01  2.5441e+09  4.3994e-01
  5.4117e+01  1.0000e+02  6.0000e-01  2.1937e+09  4.3980e-01
  5.4117e+01  1.5000e+02  1.0000e-02  1.7091e+10  1.2681e+00
  5.4117e+01  1.5000e+02  2.0000e-02  1.7011e+10  1.2781e+00
  5.4117e+01  1.5000e+02  4.0000e-02  1.6734e+10  1.3060e+00
  5.4117e+01  1.5000e+02  6.0000e-02  1.6519e+10  1.3283e+00
  5.4117e+01  1.5000e+02  8.0000e-02  1.6451e+10  1.3377e+00
  5.4117e+01  1.5000e+02  1.0000e-01  1.6559e+10  1.3473e+00
  5.4117e+01  1.5000e+02  1.2000e-01  1.6803e+10  1.3471e+00
  5.4117e+01  1.5000e+02  1.4000e-01  1.4794e+10  1.3520e+00
  5.4117e+01  1.5000e+02  1.6000e-01  1.5425e+10  1.3614e+00
  5.4117e+01  1.5000e+02  1.8000e-01  1.8186e+10  1.3521e+00
  5.4117e+01  1.5000e+02  2.0000e-01  1.7901e+10  1.3412e+00
  5.4117e+01  1.5000e+02  2.2000e-01  1.3299e+10  1.3288e+00
  5.4117e+01  1.5000e+02  2.4000e-01  9.8543e+09  1.2934e+00
  5.4117e+01  1.5000e+02  2.6000e-01  1.1099e+10  1.3294e+00
  5.4117e+01  1.5000e+02  2.8000e-01  1.3817e+10  1.3297e+00
  5.4117e+01  1.5000e+02  3.0000e-01  1.8246e+10  1.3316e+00
  5.4117e+01  1.5000e+02  3.2000e-01  2.2854e+10  1.3212e+00
  5.4117e+01  1.5000e+02  3.4000e-01  2.8233e+10  1.5119e+00
  5.4117e+01  1.5000e+02  3.6000e-01  2.1747e+10  1.4844e+00
  5.4117e+01  1.5000e+02  3.8000e-01  1.5565e+10  1.4462e+00
  5.4117e+01  1.5000e+02  4.0000e-01  1.4588e+10  1.4825e+00
  5.4117e+01  1.5000e+02  4.2000e-01  1.3932e+10  1.6943e+00
  5.4117e+01  1.5000e+02  4.4000e-01  5.2963e+09  1.6726e+00
  5.4117e+01  1.5000e+02  4.6000e-01  9.4833e+09  1.9041e+00
  5.4117e+01  1.5000e+02  4.8000e-01  2.0717e+07  8.7676e-01
  5.4117e+01  1.5000e+02  5.0000e-01  3.0251e+09  7.0949e-01
  5.4117e+01  1.5000e+02  5.2000e-01  1.5858e+09  4.4408e-01
  5.4117e+01  1.5000e+02  5.4000e-01  1.3573e+09  4.4781e-01
  5.4117e+01  1.5000e+02  5.6000e-01  1.1852e+09  4.5257e-01
  5.4117e+01  1.5000e+02  5.8000e-01  1.0183e+09  4.5047e-01
  5.4117e+01  1.5000e+02  6.0000e-01  8.7518e+08  4.5366e-01
  5.4117e+01  2.0000e+02  1.0000e-02  1.6997e+10  1.2656e+00
  5.4117e+01  2.0000e+02  2.0000e-02  1.6911e+10  1.2693e+00
  5.4117e+01  2.0000e+02  4.0000e-02  1.6648e+10  1.2813e+00
  5.4117e+01  2.0000e+02  6.0000e-02  1.6326e+10  1.3011e+00
  5.4117e+01  2.0000e+02  8.0000e-02  1.6044e+10  1.3236e+00
  5.4117e+01  2.0000e+02  1.0000e-01  1.5775e+10  1.3370e+00
  5.4117e+01  2.0000e+02  1.2000e-01  1.5628e+10  1.3478e+00
  5.4117e+01  2.0000e+02  1.4000e-01  1.5915e+10  1.3485e+00
  5.4117e+01  2.0000e+02  1.6000e-01  1.4171e+10  1.3500e+00
  5.4117e+01  2.0000e+02  1.8000e-01  1.3941e+10  1.3559e+00
  5.4117e+01  2.0000e+02  2.0000e-01  1.5925e+10  1.3552e+00
  5.4117e+01  2.0000e+02  2.2000e-01  1.6354e+10  1.3482e+00
  5.4117e+01  2.0000e+02  2.4000e-01  1.3214e+10  1.3481e+00
  5.4117e+01  2.0000e+02  2.6000e-01  9.4674e+09  1.3153e+00
  5.4117e+01  2.0000e+02  2.8000e-01  9.0522e+09  1.3279e+00
  5.4117e+01  2.0000e+02  3.0000e-01  1.1021e+10  1.3318e+00
  5.4117e+01  2.0000e+02  3.2000e-01  1.4071e+10  1.3507e+00
  5.4117e+01  2.0000e+02  3.4000e-01  1.8570e+10  1.2957e+00
  5.4117e+01  2.0000e+02  3.6000e-01  2.3254e+10  1.5916e+00
  5.4117e+01  2.0000e+02  3.8000e-01  2.0134e+10  1.5030e+00
  5.4117e+01  2.0000e+02  4.0000e-01  1.3179e+10  1.4611e+00
  5.4117e+01  2.0000e+02  4.2000e-01  1.0382e+10  1.4569e+00
  5.4117e+01  2.0000e+02  4.4000e-01  9.9510e+09  1.6110e+00
  5.4117e+01  2.0000e+02  4.6000e-01  5.9481e+09  1.8167e+00
  5.4117e+01  2.0000e+02  4.8000e-01  4.8179e+09  1.7703e+00
  5.4117e+01  2.0000e+02  5.0000e-01  1.0544e+09  8.7265e-01
  5.4117e+01  2.0000e+02  5.2000e-01  8.1366e+08  4.5204e-01
  5.4117e+01  2.0000e+02  5.4000e-01  6.8483e+08  4.5211e-01
  5.4117e+01  2.0000e+02  5.6000e-01  5.9864e+08  4.5705e-01
  5.4117e+01  2.0000e+02  5.8000e-01  5.1746e+08  4.5762e-01
  5.4117e+01  2.0000e+02  6.0000e-01  4.4189e+08  4.5731e-01
  5.4117e+01  2.5000e+02  1.0000e-02  1.6941e+10  1.2685e+00
  5.4117e+01  2.5000e+02  2.0000e-02  1.6831e+10  1.2682e+00
  5.4117e+01  2.5000e+02  4.0000e-02  1.6522e+10  1.2738e+00
  5.4117e+01  2.5000e+02  6.0000e-02  1.6188e+10  1.2837e+00
  5.4117e+01  2.5000e+02  8.0000e-02  1.5808e+10  1.2980e+00
  5.4117e+01  2.5000e+02  1.0000e-01  1.5462e+10  1.3180e+00
  5.4117e+01  2.5000e+02  1.2000e-01  1.5054e+10  1.3343e+00
  5.4117e+01  2.5000e+02  1.4000e-01  1.4605e+10  1.3474e+00
  5.4117e+01  2.5000e+02  1.6000e-01  1.4838e+10  1.3515e+00
  5.4117e+01  2.5000e+02  1.8000e-01  1.3486e+10  1.3504e+00
  5.4117e+01  2.5000e+02  2.0000e-01  1.2449e+10  1.3504e+00
  5.4117e+01  2.5000e+02  2.2000e-01  1.3570e+10  1.3499e+00
  5.4117e+01  2.5000e+02  2.4000e-01  1.4512e+10  1.3466e+00
  5.4117e+01  2.5000e+02  2.6000e-01  1.2940e+10  1.3479e+00
  5.4117e+01  2.5000e+02  2.8000e-01  9.6119e+09  1.3363e+00
  5.4117e+01  2.5000e+02  3.0000e-01  7.5736e+09  1.3275e+00
  5.4117e+01  2.5000e+02  3.2000e-01  8.3081e+09  1.3347e+00
  5.4117e+01  2.5000e+02  3.4000e-01  1.0074e+10  1.3533e+00
  5.4117e+01  2.5000e+02  3.6000e-01  1.3877e+10  1.3184e+00
  5.4117e+01  2.5000e+02  3.8000e-01  1.5385e+10  1.3524e+00
  5.4117e+01  2.5000e+02  4.0000e-01  1.7523e+10  1.5004e+00
  5.4117e+01  2.5000e+02  4.2000e-01  1.2253e+10  1.4747e+00
  5.4117e+01  2.5000e+02  4.4000e-01  7.3096e+09  1.4729e+00
  5.4117e+01  2.5000e+02  4.6000e-01  5.9930e+09  1.5646e+00
  5.4117e+01  2.5000e+02  4.8000e-01  4.1028e+09  1.9035e+00
  5.4117e+01  2.5000e+02  5.0000e-01  4.2725e+08  1.0080e+00
  5.4117e+01  2.5000e+02  5.2000e-01  4.8081e+08  4.5809e-01
  5.4117e+01  2.5000e+02  5.4000e-01  4.0389e+08  4.5253e-01
  5.4117e+01  2.5000e+02  5.6000e-01  3.4878e+08  4.5369e-01
  5.4117e+01  2.5000e+02  5.8000e-01  3.0388e+08  4.5964e-01
  5.4117e+01  2.5000e+02  6.0000e-01  2.6344e+08  4.6348e-01
  5.4117e+01  3.0000e+02  1.0000e-02  1.6902e+10  1.2738e+00
  5.4117e+01  3.0000e+02  2.0000e-02  1.6780e+10  1.2710e+00
  5.4117e+01  3.0000e+02  4.0000e-02  1.6426e+10  1.2723e+00
  5.4117e+01  3.0000e+02  6.0000e-02  1.6058e+10  1.2777e+00
  5.4117e+01  3.0000e+02  8.0000e-02  1.5663e+10  1.2857e+00
  5.4117e+01  3.0000e+02  1.0000e-01  1.5219e+10  1.2968e+00
  5.4117e+01  3.0000e+02  1.2000e-01  1.4813e+10  1.3131e+00
  5.4117e+01  3.0000e+02  1.4000e-01  1.4305e+10  1.3291e+00
  5.4117e+01  3.0000e+02  1.6000e-01  1.3658e+10  1.3444e+00
  5.4117e+01  3.0000e+02  1.8000e-01  1.3669e+10  1.3531e+00
  5.4117e+01  3.0000e+02  2.0000e-01  1.2754e+10  1.3524e+00
  5.4117e+01  3.0000e+02  2.2000e-01  1.1287e+10  1.3504e+00
  5.4117e+01  3.0000e+02  2.4000e-01  1.1388e+10  1.3459e+00
  5.4117e+01  3.0000e+02  2.6000e-01  1.2360e+10  1.3400e+00
  5.4117e+01  3.0000e+02  2.8000e-01  1.2009e+10  1.3404e+00
  5.4117e+01  3.0000e+02  3.0000e-01  9.7662e+09  1.3436e+00
  5.4117e+01  3.0000e+02  3.2000e-01  7.1542e+09  1.3304e+00
  5.4117e+01  3.0000e+02  3.4000e-01  6.2691e+09  1.3358e+00
  5.4117e+01  3.0000e+02  3.6000e-01  7.0034e+09  1.3476e+00
  5.4117e+01  3.0000e+02  3.8000e-01  8.9258e+09  1.3457e+00
  5.4117e+01  3.0000e+02  4.0000e-01  1.0994e+10  1.3051e+00
  5.4117e+01  3.0000e+02  4.2000e-01  1.1600e+10  1.5318e+00
  5.4117e+01  3.0000e+02  4.4000e-01  1.0130e+10  1.4883e+00
  5.4117e+01  3.0000e+02  4.6000e-01  5.4266e+09  1.4582e+00
  5.4117e+01  3.0000e+02  4.8000e-01  2.6991e+09  1.5223e+00
  5.4117e+01  3.0000e+02  5.0000e-01  2.4243e+08  1.1401e+00
  5.4117e+01  3.0000e+02  5.2000e-01  3.1195e+08  4.6018e-01
  5.4117e+01  3.0000e+02  5.4000e-01  2.6501e+08  4.5676e-01
  5.4117e+01  3.0000e+02  5.6000e-01  2.3576e+08  4.6897e-01
  5.4117e+01  3.0000e+02  5.8000e-01  2.0318e+08  4.7331e-01
  5.4117e+01  3.0000e+02  6.0000e-01  1.7588e+08  4.7625e-01
  7.3564e+01  3.3246e+00  1.0000e-02  2.0424e+10  1.4423e+00
  7.3564e+01  3.3246e+00  2.0000e-02  2.0883e+10  1.4444e+00
  7.3564e+01  3.3246e+00  4.0000e-02  2.0843e+10  1.4439e+00
  7.3564e+01  3.3246e+00  6.0000e-02  2.1517e+10  1.4383e+00
  7.3564e+01  3.3246e+00  8.0000e-02  2.2776e+10  1.3587e+00
  7.3564e+01  3.3246e+00  1.0000e-01  1.8798e+10  1.4865e+00
  7.3564e+01  3.3246e+00  1.2000e-01  1.9187e+10  1.5006e+00
  7.3564e+01  3.3246e+00  1.4000e-01  2.1116e+10  1.4064e+00
  7.3564e+01  3.3246e+00  1.6000e-01  2.2011e+10  1.3358e+00
  7.3564e+01  3.3246e+00  1.8000e-01  2.4770e+10  1.2769e+00
  7.3564e+01  3.3246e+00  2.0000e-01  2.5069e+10  1.2050e+00
  7.3564e+01  3.3246e+00  2.2000e-01  2.4879e+10  1.1942e+00
  7.3564e+01  3.3246e+00  2.4000e-01  2.4103e+10  1.1820e+00
  7.3564e+01  3.3246e+00  2.6000e-01  2.2330e+10  1.1683e+00
  7.3564e+01  3.3246e+00  2.8000e-01  2.0957e+10  1.2076e+00
  7.3564e+01  3.3246e+00  3.0000e-01  1.9124e+10  1.3078e+00
  7.3564e+01  3.3246e+00  3.2000e-01  1.3197e+10  1.5013e+00
  7.3564e+01  3.3246e+00  3.4000e-01  5.9566e+09  1.7689e+00
  7.3564e+01  3.3246e+00  3.6000e-01  5.6106e+09  1.7422e+00
  7.3564e+01  3.3246e+00  3.8000e-01  1.4541e+09  1.8976e+00
  7.3564e+01  3.3246e+00  4.0000e-01  3.4552e+09  1.6280e+00
  7.3564e+01  3.3246e+00  4.2000e-01  1.9010e+10  1.3789e+00
  7.3564e+01  3.3246e+00  4.4000e-01  3.2042e+09  1.2402e+00
  7.3564e+01  3.3246e+00  4.6000e-01  7.3490e+06  9.3766e-01
  7.3564e+01  3.3246e+00  4.8000e-01  6.2389e+08  9.5750e-01
  7.3564e+01  3.3246e+00  5.0000e-01  3.5304e+10  3.5614e-01
  7.3564e+01  3.3246e+00  5.2000e-01  2.7944e+10  4.3016e-01
  7.3564e+01  3.3246e+00  5.4000e-01  2.1489e+10  5.7989e-01
  7.3564e+01  3.3246e+00  5.6000e-01  1.2997e+10  7.2066e-01
  7.3564e+01  3.3246e+00  5.8000e-01  6.7989e+09  9.3072e-01
  7.3564e+01  3.3246e+00  6.0000e-01  4.7391e+09  1.1246e+00
  7.3564e+01  4.0616e+00  1.0000e-02  2.0296e+10  1.4335e+00
  7.3564e+01  4.0616e+00  2.0000e-02  2.0506e+10  1.4151e+00
  7.3564e+01  4.0616e+00  4.0000e-02  2.1111e+10  1.3638e+00
  7.3564e+01  4.0616e+00  6.0000e-02  2.0623e+10  1.3601e+00
  7.3564e+01  4.0616e+00  8.0000e-02  2.0142e+10  1.3520e+00
  7.3564e+01  4.0616e+00  1.0000e-01  2.1159e+10  1.3308e+00
  7.3564e+01  4.0616e+00  1.2000e-01  2.4086e+10  1.2245e+00
  7.3564e+01  4.0616e+00  1.4000e-01  1.3083e+10  1.6226e+00
  7.3564e+01  4.0616e+00  1.6000e-01  1.7627e+10  1.3534e+00
  7.3564e+01  4.0616e+00  1.8000e-01  2.1797e+10  1.2449e+00
  7.3564e+01  4.0616e+00  2.0000e-01  2.7472e+10  1.1868e+00
  7.3564e+01  4.0616e+00  2.2000e-01  2.7059e+10  1.1818e+00
  7.3564e+01  4.0616e+00  2.4000e-01  2.5150e+10  1.1565e+00
  7.3564e+01  4.0616e+00  2.6000e-01  2.3731e+10  1.1855e+00
  7.3564e+01  4.0616e+00  2.8000e-01  2.2015e+10  1.2571e+00
  7.3564e+01  4.0616e+00  3.0000e-01  1.8082e+10  1.3708e+00
  7.3564e+01  4.0616e+00  3.2000e-01  1.0300e+10  1.5521e+00
  7.3564e+01  4.0616e+00  3.4000e-01  6.8854e+09  1.8984e+00
  7.3564e+01  4.0616e+00  3.6000e-01  6.5337e+09  1.6981e+00
  7.3564e+01  4.0616e+00  3.8000e-01  1.6519e+09  1.8564e+00
  7.3564e+01  4.0616e+00  4.0000e-01  3.6649e+09  1.6249e+00
  7.3564e+01  4.0616e+00  4.2000e-01  1.9085e+10  1.3795e+00
  7.3564e+01  4.0616e+00  4.4000e-01  3.2237e+09  1.2289e+00
  7.3564e+01  4.0616e+00  4.6000e-01  5.9504e+06  8.0332e-01
  7.3564e+01  4.0616e+00  4.8000e-01  6.2495e+08  9.5284e-01
  7.3564e+01  4.0616e+00  5.0000e-01  3.4974e+10  3.5723e-01
  7.3564e+01  4.0616e+00  5.2000e-01  3.0527e+10  4.0927e-01
  7.3564e+01  4.0616e+00  5.4000e-01  2.1455e+10  5.3232e-01
  7.3564e+01  4.0616e+00  5.6000e-01  1.5033e+10  6.7131e-01
  7.3564e+01  4.0616e+00  5.8000e-01  8.6358e+09  8.4562e-01
  7.3564e+01  4.0616e+00  6.0000e-01  4.6307e+09  1.0729e+00
  7.3564e+01  4.9619e+00  1.0000e-02  1.9420e+10  1.3648e+00
  7.3564e+01  4.9619e+00  2.0000e-02  1.9398e+10  1.3528e+00
  7.3564e+01  4.9619e+00  4.0000e-02  1.9199e+10  1.3266e+00
  7.3564e+01  4.9619e+00  6.0000e-02  1.9204e+10  1.2997e+00
  7.3564e+01  4.9619e+00  8.0000e-02  1.7762e+10  1.3113e+00
  7.3564e+01  4.9619e+00  1.0000e-01  2.0509e+10  1.2076e+00
  7.3564e+01  4.9619e+00  1.2000e-01  2.0584e+10  1.2162e+00
  7.3564e+01  4.9619e+00  1.4000e-01  1.1063e+10  1.5109e+00
  7.3564e+01  4.9619e+00  1.6000e-01  1.2943e+10  1.2987e+00
  7.3564e+01  4.9619e+00  1.8000e-01  1.7071e+10  1.1942e+00
  7.3564e+01  4.9619e+00  2.0000e-01  2.1444e+10  1.1590e+00
  7.3564e+01  4.9619e+00  2.2000e-01  2.4714e+10  1.1612e+00
  7.3564e+01  4.9619e+00  2.4000e-01  2.6665e+10  1.1857e+00
  7.3564e+01  4.9619e+00  2.6000e-01  2.5010e+10  1.2329e+00
  7.3564e+01  4.9619e+00  2.8000e-01  2.0172e+10  1.3622e+00
  7.3564e+01  4.9619e+00  3.0000e-01  1.3927e+10  1.4918e+00
  7.3564e+01  4.9619e+00  3.2000e-01  8.6345e+09  1.6959e+00
  7.3564e+01  4.9619e+00  3.4000e-01  9.3290e+09  1.8222e+00
  7.3564e+01  4.9619e+00  3.6000e-01  7.3705e+09  1.6642e+00
  7.3564e+01  4.9619e+00  3.8000e-01  1.7789e+09  1.8489e+00
  7.3564e+01  4.9619e+00  4.0000e-01  3.7629e+09  1.6188e+00
  7.3564e+01  4.9619e+00  4.2000e-01  1.9465e+10  1.3792e+00
  7.3564e+01  4.9619e+00  4.4000e-01  3.2252e+09  1.2231e+00
  7.3564e+01  4.9619e+00  4.6000e-01  5.2352e+06  6.9215e-01
  7.3564e+01  4.9619e+00  4.8000e-01  3.5952e+09  1.6959e+00
  7.3564e+01  4.9619e+00  5.0000e-01  3.4465e+10  3.5887e-01
  7.3564e+01  4.9619e+00  5.2000e-01  3.1788e+10  3.7707e-01
  7.3564e+01  4.9619e+00  5.4000e-01  2.5062e+10  4.9163e-01
  7.3564e+01  4.9619e+00  5.6000e-01  1.6296e+10  6.0288e-01
  7.3564e+01  4.9619e+00  5.8000e-01  9.6761e+09  7.6582e-01
  7.3564e+01  4.9619e+00  6.0000e-01  5.9964e+09  9.6745e-01
  7.3564e+01  6.0619e+00  1.0000e-02  1.8682e+10  1.1894e+00
  7.3564e+01  6.0619e+00  2.0000e-02  1.8431e+10  1.1920e+00
  7.3564e+01  6.0619e+00  4.0000e-02  1.7595e+10  1.2024e+00
  7.3564e+01  6.0619e+00  6.0000e-02  1.7010e+10  1.2154e+00
  7.3564e+01  6.0619e+00  8.0000e-02  1.4857e+10  1.2383e+00
  7.3564e+01  6.0619e+00  1.0000e-01  1.6519e+10  1.1948e+00
  7.3564e+01  6.0619e+00  1.2000e-01  1.5940e+10  1.1446e+00
  7.3564e+01  6.0619e+00  1.4000e-01  1.1904e+10  1.1358e+00
  7.3564e+01  6.0619e+00  1.6000e-01  9.9639e+09  1.2725e+00
  7.3564e+01  6.0619e+00  1.8000e-01  1.4034e+10  1.1831e+00
  7.3564e+01  6.0619e+00  2.0000e-01  1.8479e+10  1.1408e+00
  7.3564e+01  6.0619e+00  2.2000e-01  2.2816e+10  1.1451e+00
  7.3564e+01  6.0619e+00  2.4000e-01  2.5440e+10  1.2156e+00
  7.3564e+01  6.0619e+00  2.6000e-01  2.2692e+10  1.2982e+00
  7.3564e+01  6.0619e+00  2.8000e-01  1.6945e+10  1.4756e+00
  7.3564e+01  6.0619e+00  3.0000e-01  1.1349e+10  1.6090e+00
  7.3564e+01  6.0619e+00  3.2000e-01  8.2035e+09  1.9156e+00
  7.3564e+01  6.0619e+00  3.4000e-01  8.7248e+09  1.7979e+00
  7.3564e+01  6.0619e+00  3.6000e-01  7.0540e+09  1.6766e+00
  7.3564e+01  6.0619e+00  3.8000e-01  1.8676e+09  1.8257e+00
  7.3564e+01  6.0619e+00  4.0000e-01  3.6954e+09  1.6062e+00
  7.3564e+01  6.0619e+00  4.2000e-01  1.9880e+10  1.3870e+00
  7.3564e+01  6.0619e+00  4.4000e-01  3.1972e+09  1.2129e+00
  7.3564e+01  6.0619e+00  4.6000e-01  4.4526e+06  5.7118e-01
  7.3564e+01  6.0619e+00  4.8000e-01  4.9389e+09  1.8645e+00
  7.3564e+01  6.0619e+00  5.0000e-01  3.4001e+10  3.6103e-01
  7.3564e+01  6.0619e+00  5.2000e-01  3.2265e+10  3.7004e-01
  7.3564e+01  6.0619e+00  5.4000e-01  2.8030e+10  4.1977e-01
  7.3564e+01  6.0619e+00  5.6000e-01  2.0903e+10  5.3864e-01
  7.3564e+01  6.0619e+00  5.8000e-01  1.3032e+10  6.7720e-01
  7.3564e+01  6.0619e+00  6.0000e-01  7.5788e+09  8.5386e-01
  7.3564e+01  7.4057e+00  1.0000e-02  1.4284e+10  1.1884e+00
  7.3564e+01  7.4057e+00  2.0000e-02  1.4155e+10  1.1871e+00
  7.3564e+01  7.4057e+00  4.0000e-02  1.3988e+10  1.1820e+00
  7.3564e+01  7.4057e+00  6.0000e-02  1.4566e+10  1.1220e+00
  7.3564e+01  7.4057e+00  8.0000e-02  1.2701e+10  1.1273e+00
  7.3564e+01  7.4057e+00  1.0000e-01  1.6824e+10  1.0620e+00
  7.3564e+01  7.4057e+00  1.2000e-01  1.7894e+10  1.0255e+00
  7.3564e+01  7.4057e+00  1.4000e-01  1.1474e+10  1.0790e+00
  7.3564e+01  7.4057e+00  1.6000e-01  8.8514e+09  1.1254e+00
  7.3564e+01  7.4057e+00  1.8000e-01  1.3282e+10  1.1237e+00
  7.3564e+01  7.4057e+00  2.0000e-01  2.0027e+10  1.0902e+00
  7.3564e+01  7.4057e+00  2.2000e-01  2.4607e+10  1.1755e+00
  7.3564e+01  7.4057e+00  2.4000e-01  2.3809e+10  1.2795e+00
  7.3564e+01  7.4057e+00  2.6000e-01  1.9434e+10  1.3954e+00
  7.3564e+01  7.4057e+00  2.8000e-01  1.3851e+10  1.5028e+00
  7.3564e+01  7.4057e+00  3.0000e-01  9.4832e+09  1.6981e+00
  7.3564e+01  7.4057e+00  3.2000e-01  1.1043e+10  1.8918e+00
  7.3564e+01  7.4057e+00  3.4000e-01  9.6747e+09  1.7679e+00
  7.3564e+01  7.4057e+00  3.6000e-01  7.5847e+09  1.6631e+00
  7.3564e+01  7.4057e+00  3.8000e-01  1.9296e+09  1.8327e+00
  7.3564e+01  7.4057e+00  4.0000e-01  3.6987e+09  1.6002e+00
  7.3564e+01  7.4057e+00  4.2000e-01  2.0390e+10  1.3845e+00
  7.3564e+01  7.4057e+00  4.4000e-01  3.1460e+09  1.2031e+00
  7.3564e+01  7.4057e+00  4.6000e-01  3.7408e+06  5.0359e-01
  7.3564e+01  7.4057e+00  4.8000e-01  5.5033e+09  1.9208e+00
  7.3564e+01  7.4057e+00  5.0000e-01  3.3370e+10  3.6279e-01
  7.3564e+01  7.4057e+00  5.2000e-01  3.1898e+10  3.6114e-01
  7.3564e+01  7.4057e+00  5.4000e-01  2.9359e+10  3.9416e-01
  7.3564e+01  7.4057e+00  5.6000e-01  2.4839e+10  4.6739e-01
  7.3564e+01  7.4057e+00  5.8000e-01  1.8064e+10  5.8290e-01
  7.3564e+01  7.4057e+00  6.0000e-01  1.1123e+10  7.1907e-01
  7.3564e+01  9.0474e+00  1.0000e-02  1.7699e+10  1.0751e+00
  7.3564e+01  9.0474e+00  2.0000e-02  1.7619e+10  1.0848e+00
  7.3564e+01  9.0474e+00  4.0000e-02  1.7121e+10  1.1069e+00
  7.3564e+01  9.0474e+00  6.0000e-02  2.0103e+10  1.1099e+00
  7.3564e+01  9.0474e+00  8.0000e-02  1.5727e+10  1.1305e+00
  7.3564e+01  9.0474e+00  1.0000e-01  2.0159e+10  1.1424e+00
  7.3564e+01  9.0474e+00  1.2000e-01  2.1595e+10  1.1186e+00
  7.3564e+01  9.0474e+00  1.4000e-01  1.4165e+10  1.0746e+00
  7.3564e+01  9.0474e+00  1.6000e-01  1.1009e+10  1.2114e+00
  7.3564e+01  9.0474e+00  1.8000e-01  1.7993e+10  1.1615e+00
  7.3564e+01  9.0474e+00  2.0000e-01  2.5969e+10  1.1421e+00
  7.3564e+01  9.0474e+00  2.2000e-01  2.5136e+10  1.2664e+00
  7.3564e+01  9.0474e+00  2.4000e-01  2.1739e+10  1.3884e+00
  7.3564e+01  9.0474e+00  2.6000e-01  1.6962e+10  1.4945e+00
  7.3564e+01  9.0474e+00  2.8000e-01  1.1652e+10  1.6008e+00
  7.3564e+01  9.0474e+00  3.0000e-01  9.8098e+09  1.8656e+00
  7.3564e+01  9.0474e+00  3.2000e-01  1.2663e+10  1.8482e+00
  7.3564e+01  9.0474e+00  3.4000e-01  1.0509e+10  1.7487e+00
  7.3564e+01  9.0474e+00  3.6000e-01  8.0197e+09  1.6554e+00
  7.3564e+01  9.0474e+00  3.8000e-01  1.9393e+09  1.8623e+00
  7.3564e+01  9.0474e+00  4.0000e-01  3.6525e+09  1.5885e+00
  7.3564e+01  9.0474e+00  4.2000e-01  2.1153e+10  1.3996e+00
  7.3564e+01  9.0474e+00  4.4000e-01  3.0752e+09  1.1898e+00
  7.3564e+01  9.0474e+00  4.6000e-01  4.3643e+06  5.2226e-01
  7.3564e+01  9.0474e+00  4.8000e-01  5.5658e+09  1.9191e+00
  7.3564e+01  9.0474e+00  5.0000e-01  3.2678e+10  3.6571e-01
  7.3564e+01  9.0474e+00  5.2000e-01  3.1231e+10  3.5888e-01
  7.3564e+01  9.0474e+00  5.4000e-01  2.9560e+10  3.7222e-01
  7.3564e+01  9.0474e+00  5.6000e-01  2.6848e+10  4.0455e-01
  7.3564e+01  9.0474e+00  5.8000e-01  2.3029e+10  4.6241e-01
  7.3564e+01  9.0474e+00  6.0000e-01  1.7921e+10  5.5472e-01
  7.3564e+01  1.1053e+01  1.0000e-02  1.7474e+10  1.1843e+00
  7.3564e+01  1.1053e+01  2.0000e-02  1.7213e+10  1.1789e+00
  7.3564e+01  1.1053e+01  4.0000e-02  1.6242e+10  1.1691e+00
  7.3564e+01  1.1053e+01  6.0000e-02  1.7707e+10  1.1804e+00
  7.3564e+01  1.1053e+01  8.0000e-02  1.4104e+10  1.1429e+00
  7.3564e+01  1.1053e+01  1.0000e-01  1.8651e+10  1.1872e+00
  7.3564e+01  1.1053e+01  1.2000e-01  1.9238e+10  1.2040e+00
  7.3564e+01  1.1053e+01  1.4000e-01  1.1898e+10  1.0922e+00
  7.3564e+01  1.1053e+01  1.6000e-01  1.3156e+10  1.2692e+00
  7.3564e+01  1.1053e+01  1.8000e-01  2.1213e+10  1.2276e+00
  7.3564e+01  1.1053e+01  2.0000e-01  2.7706e+10  1.2087e+00
  7.3564e+01  1.1053e+01  2.2000e-01  2.4593e+10  1.3825e+00
  7.3564e+01  1.1053e+01  2.4000e-01  2.0379e+10  1.4909e+00
  7.3564e+01  1.1053e+01  2.6000e-01  1.5411e+10  1.5730e+00
  7.3564e+01  1.1053e+01  2.8000e-01  1.0716e+10  1.6925e+00
  7.3564e+01  1.1053e+01  3.0000e-01  1.1772e+10  1.9303e+00
  7.3564e+01  1.1053e+01  3.2000e-01  1.3912e+10  1.8149e+00
  7.3564e+01  1.1053e+01  3.4000e-01  1.1313e+10  1.7292e+00
  7.3564e+01  1.1053e+01  3.6000e-01  8.3740e+09  1.6500e+00
  7.3564e+01  1.1053e+01  3.8000e-01  1.9477e+09  1.8913e+00
  7.3564e+01  1.1053e+01  4.0000e-01  3.5350e+09  1.5802e+00
  7.3564e+01  1.1053e+01  4.2000e-01  2.2227e+10  1.4042e+00
  7.3564e+01  1.1053e+01  4.4000e-01  2.9461e+09  1.1836e+00
  7.3564e+01  1.1053e+01  4.6000e-01  1.0538e+07  7.7190e-01
  7.3564e+01  1.1053e+01  4.8000e-01  5.4575e+09  1.9235e+00
  7.3564e+01  1.1053e+01  5.0000e-01  3.1842e+10  3.6932e-01
  7.3564e+01  1.1053e+01  5.2000e-01  3.0223e+10  3.5820e-01
  7.3564e+01  1.1053e+01  5.4000e-01  2.8986e+10  3.6469e-01
  7.3564e+01  1.1053e+01  5.6000e-01  2.7183e+10  3.7931e-01
  7.3564e+01  1.1053e+01  5.8000e-01  2.4812e+10  4.0601e-01
  7.3564e+01  1.1053e+01  6.0000e-01  2.1832e+10  4.4775e-01
  7.3564e+01  1.3503e+01  1.0000e-02  1.6797e+10  1.2571e+00
  7.3564e+01  1.3503e+01  2.0000e-02  1.6523e+10  1.2390e+00
  7.3564e+01  1.3503e+01  4.0000e-02  1.6406e+10  1.2207e+00
  7.3564e+01  1.3503e+01  6.0000e-02  1.8496e+10  1.2426e+00
  7.3564e+01  1.3503e+01  8.0000e-02  1.4916e+10  1.1948e+00
  7.3564e+01  1.3503e+01  1.0000e-01  2.0492e+10  1.2494e+00
  7.3564e+01  1.3503e+01  1.2000e-01  1.6974e+10  1.2280e+00
  7.3564e+01  1.3503e+01  1.4000e-01  1.0389e+10  1.1417e+00
  7.3564e+01  1.3503e+01  1.6000e-01  1.3999e+10  1.2610e+00
  7.3564e+01  1.3503e+01  1.8000e-01  2.2417e+10  1.2411e+00
  7.3564e+01  1.3503e+01  2.0000e-01  2.7339e+10  1.2996e+00
  7.3564e+01  1.3503e+01  2.2000e-01  2.4256e+10  1.4853e+00
  7.3564e+01  1.3503e+01  2.4000e-01  1.9742e+10  1.5618e+00
  7.3564e+01  1.3503e+01  2.6000e-01  1.4730e+10  1.6275e+00
  7.3564e+01  1.3503e+01  2.8000e-01  1.0874e+10  1.7508e+00
  7.3564e+01  1.3503e+01  3.0000e-01  1.3433e+10  1.9204e+00
  7.3564e+01  1.3503e+01  3.2000e-01  1.4996e+10  1.7935e+00
  7.3564e+01  1.3503e+01  3.4000e-01  1.2100e+10  1.7157e+00
  7.3564e+01  1.3503e+01  3.6000e-01  8.6833e+09  1.6477e+00
  7.3564e+01  1.3503e+01  3.8000e-01  1.9722e+09  1.9263e+00
  7.3564e+01  1.3503e+01  4.0000e-01  3.3369e+09  1.5717e+00
  7.3564e+01  1.3503e+01  4.2000e-01  2.3353e+10  1.4204e+00
  7.3564e+01  1.3503e+01  4.4000e-01  2.5452e+09  1.1733e+00
  7.3564e+01  1.3503e+01  4.6000e-01  1.7409e+07  8.7476e-01
  7.3564e+01  1.3503e+01  4.8000e-01  5.1062e+09  1.8954e+00
  7.3564e+01  1.3503e+01  5.0000e-01  3.0910e+10  3.7438e-01
  7.3564e+01  1.3503e+01  5.2000e-01  2.8910e+10  3.5772e-01
  7.3564e+01  1.3503e+01  5.4000e-01  2.7982e+10  3.6281e-01
  7.3564e+01  1.3503e+01  5.6000e-01  2.6593e+10  3.7069e-01
  7.3564e+01  1.3503e+01  5.8000e-01  2.4907e+10  3.8263e-01
  7.3564e+01  1.3503e+01  6.0000e-01  2.2911e+10  4.0258e-01
  7.3564e+01  1.6496e+01  1.0000e-02  1.8899e+10  1.2818e+00
  7.3564e+01  1.6496e+01  2.0000e-02  1.8504e+10  1.2784e+00
  7.3564e+01  1.6496e+01  4.0000e-02  1.7392e+10  1.2733e+00
  7.3564e+01  1.6496e+01  6.0000e-02  1.8007e+10  1.2757e+00
  7.3564e+01  1.6496e+01  8.0000e-02  1.5134e+10  1.2250e+00
  7.3564e+01  1.6496e+01  1.0000e-01  2.1564e+10  1.2584e+00
  7.3564e+01  1.6496e+01  1.2000e-01  1.6388e+10  1.2543e+00
  7.3564e+01  1.6496e+01  1.4000e-01  9.9967e+09  1.1973e+00
  7.3564e+01  1.6496e+01  1.6000e-01  1.3642e+10  1.2232e+00
  7.3564e+01  1.6496e+01  1.8000e-01  2.2892e+10  1.2444e+00
  7.3564e+01  1.6496e+01  2.0000e-01  2.7883e+10  1.3890e+00
  7.3564e+01  1.6496e+01  2.2000e-01  2.4746e+10  1.5502e+00
  7.3564e+01  1.6496e+01  2.4000e-01  2.0174e+10  1.6038e+00
  7.3564e+01  1.6496e+01  2.6000e-01  1.5216e+10  1.6586e+00
  7.3564e+01  1.6496e+01  2.8000e-01  1.1772e+10  1.7696e+00
  7.3564e+01  1.6496e+01  3.0000e-01  1.4085e+10  1.9055e+00
  7.3564e+01  1.6496e+01  3.2000e-01  1.5676e+10  1.7862e+00
  7.3564e+01  1.6496e+01  3.4000e-01  1.2827e+10  1.7068e+00
  7.3564e+01  1.6496e+01  3.6000e-01  8.9159e+09  1.6513e+00
  7.3564e+01  1.6496e+01  3.8000e-01  2.0020e+09  1.9771e+00
  7.3564e+01  1.6496e+01  4.0000e-01  3.0218e+09  1.5737e+00
  7.3564e+01  1.6496e+01  4.2000e-01  2.4764e+10  1.4289e+00
  7.3564e+01  1.6496e+01  4.4000e-01  1.6518e+09  1.1584e+00
  7.3564e+01  1.6496e+01  4.6000e-01  2.3059e+07  8.3447e-01
  7.3564e+01  1.6496e+01  4.8000e-01  4.7126e+09  1.8700e+00
  7.3564e+01  1.6496e+01  5.0000e-01  2.9719e+10  3.7928e-01
  7.3564e+01  1.6496e+01  5.2000e-01  2.7457e+10  3.6164e-01
  7.3564e+01  1.6496e+01  5.4000e-01  2.6574e+10  3.6220e-01
  7.3564e+01  1.6496e+01  5.6000e-01  2.5384e+10  3.6685e-01
  7.3564e+01  1.6496e+01  5.8000e-01  2.4052e+10  3.7390e-01
  7.3564e+01  1.6496e+01  6.0000e-01  2.2469e+10  3.8429e-01
  7.3564e+01  2.0153e+01  1.0000e-02  1.9871e+10  1.3018e+00
  7.3564e+01  2.0153e+01  2.0000e-02  1.9484e+10  1.2911e+00
  7.3564e+01  2.0153e+01  4.0000e-02  1.8311e+10  1.2733e+00
  7.3564e+01  2.0153e+01  6.0000e-02  1.9379e+10  1.2782e+00
  7.3564e+01  2.0153e+01  8.0000e-02  1.6735e+10  1.2656e+00
  7.3564e+01  2.0153e+01  1.0000e-01  2.0502e+10  1.2643e+00
  7.3564e+01  2.0153e+01  1.2000e-01  1.7040e+10  1.2438e+00
  7.3564e+01  2.0153e+01  1.4000e-01  1.0929e+10  1.2136e+00
  7.3564e+01  2.0153e+01  1.6000e-01  1.4046e+10  1.2333e+00
  7.3564e+01  2.0153e+01  1.8000e-01  2.2514e+10  1.2449e+00
  7.3564e+01  2.0153e+01  2.0000e-01  2.8486e+10  1.4395e+00
  7.3564e+01  2.0153e+01  2.2000e-01  2.6182e+10  1.5760e+00
  7.3564e+01  2.0153e+01  2.4000e-01  2.1663e+10  1.6233e+00
  7.3564e+01  2.0153e+01  2.6000e-01  1.6823e+10  1.6724e+00
  7.3564e+01  2.0153e+01  2.8000e-01  1.3199e+10  1.7554e+00
  7.3564e+01  2.0153e+01  3.0000e-01  1.4274e+10  1.8713e+00
  7.3564e+01  2.0153e+01  3.2000e-01  1.5224e+10  1.8017e+00
  7.3564e+01  2.0153e+01  3.4000e-01  1.3011e+10  1.7154e+00
  7.3564e+01  2.0153e+01  3.6000e-01  8.9603e+09  1.6605e+00
  7.3564e+01  2.0153e+01  3.8000e-01  2.1282e+09  2.0017e+00
  7.3564e+01  2.0153e+01  4.0000e-01  2.5997e+09  1.5886e+00
  7.3564e+01  2.0153e+01  4.2000e-01  2.6598e+10  1.4535e+00
  7.3564e+01  2.0153e+01  4.4000e-01  7.2486e+08  1.1412e+00
  7.3564e+01  2.0153e+01  4.6000e-01  2.6706e+07  8.3796e-01
  7.3564e+01  2.0153e+01  4.8000e-01  4.1335e+09  1.8332e+00
  7.3564e+01  2.0153e+01  5.0000e-01  2.8345e+10  3.8579e-01
  7.3564e+01  2.0153e+01  5.2000e-01  2.5717e+10  3.6254e-01
  7.3564e+01  2.0153e+01  5.4000e-01  2.4846e+10  3.6495e-01
  7.3564e+01  2.0153e+01  5.6000e-01  2.3796e+10  3.6670e-01
  7.3564e+01  2.0153e+01  5.8000e-01  2.2562e+10  3.7027e-01
  7.3564e+01  2.0153e+01  6.0000e-01  2.1244e+10  3.7717e-01
  7.3564e+01  2.4621e+01  1.0000e-02  1.8652e+10  1.3169e+00
  7.3564e+01  2.4621e+01  2.0000e-02  1.9522e+10  1.3079e+00
  7.3564e+01  2.4621e+01  4.0000e-02  1.9145e+10  1.2946e+00
  7.3564e+01  2.4621e+01  6.0000e-02  2.0760e+10  1.2930e+00
  7.3564e+01  2.4621e+01  8.0000e-02  1.7675e+10  1.2661e+00
  7.3564e+01  2.4621e+01  1.0000e-01  2.1337e+10  1.2802e+00
  7.3564e+01  2.4621e+01  1.2000e-01  1.8452e+10  1.2722e+00
  7.3564e+01  2.4621e+01  1.4000e-01  1.2423e+10  1.1922e+00
  7.3564e+01  2.4621e+01  1.6000e-01  1.4280e+10  1.2810e+00
  7.3564e+01  2.4621e+01  1.8000e-01  2.1204e+10  1.2519e+00
  7.3564e+01  2.4621e+01  2.0000e-01  2.8512e+10  1.4337e+00
  7.3564e+01  2.4621e+01  2.2000e-01  2.7915e+10  1.5640e+00
  7.3564e+01  2.4621e+01  2.4000e-01  2.3882e+10  1.6192e+00
  7.3564e+01  2.4621e+01  2.6000e-01  1.9235e+10  1.6678e+00
  7.3564e+01  2.4621e+01  2.8000e-01  1.5424e+10  1.7273e+00
  7.3564e+01  2.4621e+01  3.0000e-01  1.4868e+10  1.8134e+00
  7.3564e+01  2.4621e+01  3.2000e-01  1.4293e+10  1.8229e+00
  7.3564e+01  2.4621e+01  3.4000e-01  1.2408e+10  1.7566e+00
  7.3564e+01  2.4621e+01  3.6000e-01  8.8452e+09  1.6833e+00
  7.3564e+01  2.4621e+01  3.8000e-01  2.3458e+09  2.0156e+00
  7.3564e+01  2.4621e+01  4.0000e-01  2.1102e+09  1.6400e+00
  7.3564e+01  2.4621e+01  4.2000e-01  2.8517e+10  1.4848e+00
  7.3564e+01  2.4621e+01  4.4000e-01  3.7914e+08  1.1633e+00
  7.3564e+01  2.4621e+01  4.6000e-01  2.8975e+07  8.0779e-01
  7.3564e+01  2.4621e+01  4.8000e-01  3.5033e+09  1.7953e+00
  7.3564e+01  2.4621e+01  5.0000e-01  2.6686e+10  3.9349e-01
  7.3564e+01  2.4621e+01  5.2000e-01  2.3731e+10  3.6654e-01
  7.3564e+01  2.4621e+01  5.4000e-01  2.2816e+10  3.6684e-01
  7.3564e+01  2.4621e+01  5.6000e-01  2.1732e+10  3.6928e-01
  7.3564e+01  2.4621e+01  5.8000e-01  2.0597e+10  3.7204e-01
  7.3564e+01  2.4621e+01  6.0000e-01  1.9425e+10  3.7598e-01
  7.3564e+01  3.0079e+01  1.0000e-02  1.7136e+10  1.3376e+00
  7.3564e+01  3.0079e+01  2.0000e-02  1.8129e+10  1.3212e+00
  7.3564e+01  3.0079e+01  4.0000e-02  1.9083e+10  1.3089e+00
  7.3564e+01  3.0079e+01  6.0000e-02  2.0569e+10  1.3032e+00
  7.3564e+01  3.0079e+01  8.0000e-02  1.7010e+10  1.2719e+00
  7.3564e+01  3.0079e+01  1.0000e-01  2.1281e+10  1.2890e+00
  7.3564e+01  3.0079e+01  1.2000e-01  2.1361e+10  1.2937e+00
  7.3564e+01  3.0079e+01  1.4000e-01  1.3402e+10  1.2112e+00
  7.3564e+01  3.0079e+01  1.6000e-01  1.3431e+10  1.2923e+00
  7.3564e+01  3.0079e+01  1.8000e-01  1.9265e+10  1.2938e+00
  7.3564e+01  3.0079e+01  2.0000e-01  2.6927e+10  1.3492e+00
  7.3564e+01  3.0079e+01  2.2000e-01  2.9318e+10  1.5342e+00
  7.3564e+01  3.0079e+01  2.4000e-01  2.6486e+10  1.5968e+00
  7.3564e+01  3.0079e+01  2.6000e-01  2.2404e+10  1.6465e+00
  7.3564e+01  3.0079e+01  2.8000e-01  1.8862e+10  1.6873e+00
  7.3564e+01  3.0079e+01  3.0000e-01  1.6336e+10  1.7385e+00
  7.3564e+01  3.0079e+01  3.2000e-01  1.4414e+10  1.7623e+00
  7.3564e+01  3.0079e+01  3.4000e-01  1.1502e+10  1.7748e+00
  7.3564e+01  3.0079e+01  3.6000e-01  8.2976e+09  1.7478e+00
  7.3564e+01  3.0079e+01  3.8000e-01  2.7121e+09  2.0159e+00
  7.3564e+01  3.0079e+01  4.0000e-01  1.6595e+09  1.7485e+00
  7.3564e+01  3.0079e+01  4.2000e-01  2.8384e+10  1.5143e+00
  7.3564e+01  3.0079e+01  4.4000e-01  2.2221e+08  1.1593e+00
  7.3564e+01  3.0079e+01  4.6000e-01  2.9551e+07  8.2807e-01
  7.3564e+01  3.0079e+01  4.8000e-01  2.8085e+09  1.7528e+00
  7.3564e+01  3.0079e+01  5.0000e-01  2.4681e+10  4.0203e-01
  7.3564e+01  3.0079e+01  5.2000e-01  2.1456e+10  3.7135e-01
  7.3564e+01  3.0079e+01  5.4000e-01  2.0421e+10  3.7232e-01
  7.3564e+01  3.0079e+01  5.6000e-01  1.9428e+10  3.7431e-01
  7.3564e+01  3.0079e+01  5.8000e-01  1.8266e+10  3.7608e-01
  7.3564e+01  3.0079e+01  6.0000e-01  1.7092e+10  3.8053e-01
  7.3564e+01  3.6747e+01  1.0000e-02  1.7013e+10  1.3506e+00
  7.3564e+01  3.6747e+01  2.0000e-02  1.7164e+10  1.3389e+00
  7.3564e+01  3.6747e+01  4.0000e-02  1.8169e+10  1.3221e+00
  7.3564e+01  3.6747e+01  6.0000e-02  1.8718e+10  1.3124e+00
  7.3564e+01  3.6747e+01  8.0000e-02  1.8072e+10  1.2985e+00
  7.3564e+01  3.6747e+01  1.0000e-01  1.8746e+10  1.2944e+00
  7.3564e+01  3.6747e+01  1.2000e-01  2.3988e+10  1.2883e+00
  7.3564e+01  3.6747e+01  1.4000e-01  1.6866e+10  1.2785e+00
  7.3564e+01  3.6747e+01  1.6000e-01  1.2021e+10  1.2544e+00
  7.3564e+01  3.6747e+01  1.8000e-01  1.6186e+10  1.3170e+00
  7.3564e+01  3.6747e+01  2.0000e-01  2.2872e+10  1.2989e+00
  7.3564e+01  3.6747e+01  2.2000e-01  2.9381e+10  1.4521e+00
  7.3564e+01  3.6747e+01  2.4000e-01  2.9232e+10  1.5611e+00
  7.3564e+01  3.6747e+01  2.6000e-01  2.6180e+10  1.6151e+00
  7.3564e+01  3.6747e+01  2.8000e-01  2.2888e+10  1.6355e+00
  7.3564e+01  3.6747e+01  3.0000e-01  1.9318e+10  1.6610e+00
  7.3564e+01  3.6747e+01  3.2000e-01  1.5733e+10  1.6747e+00
  7.3564e+01  3.6747e+01  3.4000e-01  1.2680e+10  1.7022e+00
  7.3564e+01  3.6747e+01  3.6000e-01  8.0258e+09  1.7441e+00
  7.3564e+01  3.6747e+01  3.8000e-01  3.3749e+09  1.9998e+00
  7.3564e+01  3.6747e+01  4.0000e-01  1.2636e+09  1.9676e+00
  7.3564e+01  3.6747e+01  4.2000e-01  1.9931e+10  1.4785e+00
  7.3564e+01  3.6747e+01  4.4000e-01  1.3670e+08  1.1792e+00
  7.3564e+01  3.6747e+01  4.6000e-01  2.8965e+07  8.4408e-01
  7.3564e+01  3.6747e+01  4.8000e-01  2.0359e+09  1.6956e+00
  7.3564e+01  3.6747e+01  5.0000e-01  2.2499e+10  4.1399e-01
  7.3564e+01  3.6747e+01  5.2000e-01  1.8763e+10  3.7667e-01
  7.3564e+01  3.6747e+01  5.4000e-01  1.7674e+10  3.7883e-01
  7.3564e+01  3.6747e+01  5.6000e-01  1.6648e+10  3.8169e-01
  7.3564e+01  3.6747e+01  5.8000e-01  1.5489e+10  3.8282e-01
  7.3564e+01  3.6747e+01  6.0000e-01  1.4398e+10  3.8810e-01
  7.3564e+01  4.4893e+01  1.0000e-02  1.7128e+10  1.3524e+00
  7.3564e+01  4.4893e+01  2.0000e-02  1.7096e+10  1.3501e+00
  7.3564e+01  4.4893e+01  4.0000e-02  1.7559e+10  1.3366e+00
  7.3564e+01  4.4893e+01  6.0000e-02  1.7343e+10  1.3261e+00
  7.3564e+01  4.4893e+01  8.0000e-02  1.8967e+10  1.3153e+00
  7.3564e+01  4.4893e+01  1.0000e-01  1.5949e+10  1.2922e+00
  7.3564e+01  4.4893e+01  1.2000e-01  2.1571e+10  1.3013e+00
  7.3564e+01  4.4893e+01  1.4000e-01  2.3165e+10  1.2958e+00
  7.3564e+01  4.4893e+01  1.6000e-01  1.3236e+10  1.2311e+00
  7.3564e+01  4.4893e+01  1.8000e-01  1.1739e+10  1.2930e+00
  7.3564e+01  4.4893e+01  2.0000e-01  1.7105e+10  1.3037e+00
  7.3564e+01  4.4893e+01  2.2000e-01  2.3903e+10  1.2826e+00
  7.3564e+01  4.4893e+01  2.4000e-01  3.0812e+10  1.5051e+00
  7.3564e+01  4.4893e+01  2.6000e-01  3.0133e+10  1.5741e+00
  7.3564e+01  4.4893e+01  2.8000e-01  2.6906e+10  1.5732e+00
  7.3564e+01  4.4893e+01  3.0000e-01  2.2700e+10  1.5696e+00
  7.3564e+01  4.4893e+01  3.2000e-01  1.7986e+10  1.5736e+00
  7.3564e+01  4.4893e+01  3.4000e-01  1.4232e+10  1.5985e+00
  7.3564e+01  4.4893e+01  3.6000e-01  1.0733e+10  1.6630e+00
  7.3564e+01  4.4893e+01  3.8000e-01  7.4224e+09  1.8942e+00
  7.3564e+01  4.4893e+01  4.0000e-01  7.3812e+08  2.6034e+00
  7.3564e+01  4.4893e+01  4.2000e-01  9.4166e+09  1.3870e+00
  7.3564e+01  4.4893e+01  4.4000e-01  8.5807e+07  1.2256e+00
  7.3564e+01  4.4893e+01  4.6000e-01  2.6160e+07  8.5155e-01
  7.3564e+01  4.4893e+01  4.8000e-01  1.2370e+09  1.6014e+00
  7.3564e+01  4.4893e+01  5.0000e-01  2.0061e+10  4.2866e-01
  7.3564e+01  4.4893e+01  5.2000e-01  1.5812e+10  3.8282e-01
  7.3564e+01  4.4893e+01  5.4000e-01  1.4654e+10  3.8751e-01
  7.3564e+01  4.4893e+01  5.6000e-01  1.3573e+10  3.8818e-01
  7.3564e+01  4.4893e+01  5.8000e-01  1.2543e+10  3.9285e-01
  7.3564e+01  4.4893e+01  6.0000e-01  1.1492e+10  3.9731e-01
  7.3564e+01  5.4844e+01  1.0000e-02  1.7188e+10  1.3502e+00
  7.3564e+01  5.4844e+01  2.0000e-02  1.7199e+10  1.3526e+00
  7.3564e+01  5.4844e+01  4.0000e-02  1.7460e+10  1.3477e+00
  7.3564e+01  5.4844e+01  6.0000e-02  1.6537e+10  1.3401e+00
  7.3564e+01  5.4844e+01  8.0000e-02  1.9111e+10  1.3276e+00
  7.3564e+01  5.4844e+01  1.0000e-01  1.5025e+10  1.3017e+00
  7.3564e+01  5.4844e+01  1.2000e-01  1.8761e+10  1.3126e+00
  7.3564e+01  5.4844e+01  1.4000e-01  2.4628e+10  1.2954e+00
  7.3564e+01  5.4844e+01  1.6000e-01  1.9914e+10  1.2999e+00
  7.3564e+01  5.4844e+01  1.8000e-01  1.1002e+10  1.2199e+00
  7.3564e+01  5.4844e+01  2.0000e-01  1.1047e+10  1.2922e+00
  7.3564e+01  5.4844e+01  2.2000e-01  1.5668e+10  1.2703e+00
  7.3564e+01  5.4844e+01  2.4000e-01  2.1731e+10  1.2488e+00
  7.3564e+01  5.4844e+01  2.6000e-01  2.9507e+10  1.4327e+00
  7.3564e+01  5.4844e+01  2.8000e-01  3.1237e+10  1.5566e+00
  7.3564e+01  5.4844e+01  3.0000e-01  2.7981e+10  1.5169e+00
  7.3564e+01  5.4844e+01  3.2000e-01  2.2147e+10  1.4966e+00
  7.3564e+01  5.4844e+01  3.4000e-01  2.5373e+10  1.5834e+00
  7.3564e+01  5.4844e+01  3.6000e-01  2.9301e+10  1.7230e+00
  7.3564e+01  5.4844e+01  3.8000e-01  2.8004e+10  1.8976e+00
  7.3564e+01  5.4844e+01  4.0000e-01  3.7564e+09  1.6971e+00
  7.3564e+01  5.4844e+01  4.2000e-01  1.7607e+09  1.2619e+00
  7.3564e+01  5.4844e+01  4.4000e-01  5.0977e+07  1.2267e+00
  7.3564e+01  5.4844e+01  4.6000e-01  2.3042e+07  8.5842e-01
  7.3564e+01  5.4844e+01  4.8000e-01  4.2300e+08  1.3287e+00
  7.3564e+01  5.4844e+01  5.0000e-01  1.7416e+10  4.4595e-01
  7.3564e+01  5.4844e+01  5.2000e-01  1.2722e+10  3.9229e-01
  7.3564e+01  5.4844e+01  5.4000e-01  1.1526e+10  3.9655e-01
  7.3564e+01  5.4844e+01  5.6000e-01  1.0503e+10  3.9934e-01
  7.3564e+01  5.4844e+01  5.8000e-01  9.5491e+09  4.0058e-01
  7.3564e+01  5.4844e+01  6.0000e-01  8.6657e+09  4.0699e-01
  7.3564e+01  6.7002e+01  1.0000e-02  1.7261e+10  1.3447e+00
  7.3564e+01  6.7002e+01  2.0000e-02  1.7209e+10  1.3518e+00
  7.3564e+01  6.7002e+01  4.0000e-02  1.7418e+10  1.3532e+00
  7.3564e+01  6.7002e+01  6.0000e-02  1.6209e+10  1.3500e+00
  7.3564e+01  6.7002e+01  8.0000e-02  1.9104e+10  1.3392e+00
  7.3564e+01  6.7002e+01  1.0000e-01  1.4949e+10  1.3192e+00
  7.3564e+01  6.7002e+01  1.2000e-01  1.6765e+10  1.3233e+00
  7.3564e+01  6.7002e+01  1.4000e-01  2.3131e+10  1.3123e+00
  7.3564e+01  6.7002e+01  1.6000e-01  2.3004e+10  1.3091e+00
  7.3564e+01  6.7002e+01  1.8000e-01  1.3478e+10  1.2316e+00
  7.3564e+01  6.7002e+01  2.0000e-01  9.5478e+09  1.2696e+00
  7.3564e+01  6.7002e+01  2.2000e-01  1.2180e+10  1.2812e+00
  7.3564e+01  6.7002e+01  2.4000e-01  1.6073e+10  1.2477e+00
  7.3564e+01  6.7002e+01  2.6000e-01  2.1627e+10  1.2307e+00
  7.3564e+01  6.7002e+01  2.8000e-01  2.8539e+10  1.4347e+00
  7.3564e+01  6.7002e+01  3.0000e-01  3.2029e+10  1.5116e+00
  7.3564e+01  6.7002e+01  3.2000e-01  2.9183e+10  1.4800e+00
  7.3564e+01  6.7002e+01  3.4000e-01  2.6620e+10  1.5200e+00
  7.3564e+01  6.7002e+01  3.6000e-01  2.2967e+10  1.5536e+00
  7.3564e+01  6.7002e+01  3.8000e-01  2.4373e+10  1.7296e+00
  7.3564e+01  6.7002e+01  4.0000e-01  1.1185e+10  1.8109e+00
  7.3564e+01  6.7002e+01  4.2000e-01  1.1062e+10  2.0609e+00
  7.3564e+01  6.7002e+01  4.4000e-01  3.0558e+07  1.1702e+00
  7.3564e+01  6.7002e+01  4.6000e-01  1.9005e+07  8.5651e-01
  7.3564e+01  6.7002e+01  4.8000e-01  1.5127e+08  9.9758e-01
  7.3564e+01  6.7002e+01  5.0000e-01  1.4697e+10  4.6757e-01
  7.3564e+01  6.7002e+01  5.2000e-01  9.7427e+09  4.0352e-01
  7.3564e+01  6.7002e+01  5.4000e-01  8.5953e+09  4.0296e-01
  7.3564e+01  6.7002e+01  5.6000e-01  7.7396e+09  4.0772e-01
  7.3564e+01  6.7002e+01  5.8000e-01  6.9638e+09  4.1237e-01
  7.3564e+01  6.7002e+01  6.0000e-01  6.2334e+09  4.1830e-01
  7.3564e+01  8.1855e+01  1.0000e-02  1.7240e+10  1.3364e+00
  7.3564e+01  8.1855e+01  2.0000e-02  1.7236e+10  1.3477e+00
  7.3564e+01  8.1855e+01  4.0000e-02  1.7225e+10  1.3548e+00
  7.3564e+01  8.1855e+01  6.0000e-02  1.6296e+10  1.3542e+00
  7.3564e+01  8.1855e+01  8.0000e-02  1.8659e+10  1.3491e+00
  7.3564e+01  8.1855e+01  1.0000e-01  1.5792e+10  1.3386e+00
  7.3564e+01  8.1855e+01  1.2000e-01  1.5060e+10  1.3346e+00
  7.3564e+01  8.1855e+01  1.4000e-01  2.1027e+10  1.3243e+00
  7.3564e+01  8.1855e+01  1.6000e-01  2.4008e+10  1.3068e+00
  7.3564e+01  8.1855e+01  1.8000e-01  1.6356e+10  1.2787e+00
  7.3564e+01  8.1855e+01  2.0000e-01  9.6001e+09  1.2503e+00
  7.3564e+01  8.1855e+01  2.2000e-01  1.0523e+10  1.2958e+00
  7.3564e+01  8.1855e+01  2.4000e-01  1.4099e+10  1.2579e+00
  7.3564e+01  8.1855e+01  2.6000e-01  1.8783e+10  1.2381e+00
  7.3564e+01  8.1855e+01  2.8000e-01  2.3882e+10  1.2307e+00
  7.3564e+01  8.1855e+01  3.0000e-01  3.3018e+10  1.5505e+00
  7.3564e+01  8.1855e+01  3.2000e-01  2.9849e+10  1.4769e+00
  7.3564e+01  8.1855e+01  3.4000e-01  2.4126e+10  1.4515e+00
  7.3564e+01  8.1855e+01  3.6000e-01  2.0467e+10  1.4627e+00
  7.3564e+01  8.1855e+01  3.8000e-01  2.2119e+10  1.6443e+00
  7.3564e+01  8.1855e+01  4.0000e-01  1.5994e+10  1.8295e+00
  7.3564e+01  8.1855e+01  4.2000e-01  1.9075e+10  2.0636e+00
  7.3564e+01  8.1855e+01  4.4000e-01  4.0061e+07  1.1441e+00
  7.3564e+01  8.1855e+01  4.6000e-01  1.4794e+07  8.4274e-01
  7.3564e+01  8.1855e+01  4.8000e-01  9.3689e+07  8.8315e-01
  7.3564e+01  8.1855e+01  5.0000e-01  1.1998e+10  4.9782e-01
  7.3564e+01  8.1855e+01  5.2000e-01  7.0432e+09  4.1163e-01
  7.3564e+01  8.1855e+01  5.4000e-01  6.1830e+09  4.1734e-01
  7.3564e+01  8.1855e+01  5.6000e-01  5.4861e+09  4.2051e-01
  7.3564e+01  8.1855e+01  5.8000e-01  4.8470e+09  4.2324e-01
  7.3564e+01  8.1855e+01  6.0000e-01  4.2584e+09  4.2544e-01
  7.3564e+01  1.0000e+02  1.0000e-02  1.7195e+10  1.3282e+00
  7.3564e+01  1.0000e+02  2.0000e-02  1.7240e+10  1.3406e+00
  7.3564e+01  1.0000e+02  4.0000e-02  1.7042e+10  1.3531e+00
  7.3564e+01  1.0000e+02  6.0000e-02  1.6773e+10  1.3547e+00
  7.3564e+01  1.0000e+02  8.0000e-02  1.7682e+10  1.3562e+00
  7.3564e+01  1.0000e+02  1.0000e-01  1.7099e+10  1.3495e+00
  7.3564e+01  1.0000e+02  1.2000e-01  1.4072e+10  1.3446e+00
  7.3564e+01  1.0000e+02  1.4000e-01  1.8384e+10  1.3411e+00
  7.3564e+01  1.0000e+02  1.6000e-01  2.3211e+10  1.3233e+00
  7.3564e+01  1.0000e+02  1.8000e-01  1.9068e+10  1.3190e+00
  7.3564e+01  1.0000e+02  2.0000e-01  1.0721e+10  1.2362e+00
  7.3564e+01  1.0000e+02  2.2000e-01  9.3786e+09  1.2998e+00
  7.3564e+01  1.0000e+02  2.4000e-01  1.2391e+10  1.2773e+00
  7.3564e+01  1.0000e+02  2.6000e-01  1.6345e+10  1.2519e+00
  7.3564e+01  1.0000e+02  2.8000e-01  2.1097e+10  1.2366e+00
  7.3564e+01  1.0000e+02  3.0000e-01  2.7826e+10  1.4986e+00
  7.3564e+01  1.0000e+02  3.2000e-01  3.0906e+10  1.5025e+00
  7.3564e+01  1.0000e+02  3.4000e-01  2.4937e+10  1.4556e+00
  7.3564e+01  1.0000e+02  3.6000e-01  1.8630e+10  1.3989e+00
  7.3564e+01  1.0000e+02  3.8000e-01  2.0317e+10  1.5603e+00
  7.3564e+01  1.0000e+02  4.0000e-01  1.7949e+10  1.7895e+00
  7.3564e+01  1.0000e+02  4.2000e-01  5.5381e+09  1.5865e+00
  7.3564e+01  1.0000e+02  4.4000e-01  4.8835e+08  9.6162e-01
  7.3564e+01  1.0000e+02  4.6000e-01  1.2084e+07  8.6486e-01
  7.3564e+01  1.0000e+02  4.8000e-01  6.1275e+07  8.2494e-01
  7.3564e+01  1.0000e+02  5.0000e-01  9.2695e+09  5.3204e-01
  7.3564e+01  1.0000e+02  5.2000e-01  4.9369e+09  4.2811e-01
  7.3564e+01  1.0000e+02  5.4000e-01  4.2661e+09  4.3036e-01
  7.3564e+01  1.0000e+02  5.6000e-01  3.7226e+09  4.2932e-01
  7.3564e+01  1.0000e+02  5.8000e-01  3.2746e+09  4.3393e-01
  7.3564e+01  1.0000e+02  6.0000e-01  2.8483e+09  4.3459e-01
  7.3564e+01  1.5000e+02  1.0000e-02  1.7315e+10  1.3047e+00
  7.3564e+01  1.5000e+02  2.0000e-02  1.7146e+10  1.3233e+00
  7.3564e+01  1.5000e+02  4.0000e-02  1.7000e+10  1.3420e+00
  7.3564e+01  1.5000e+02  6.0000e-02  1.6923e+10  1.3518e+00
  7.3564e+01  1.5000e+02  8.0000e-02  1.6162e+10  1.3571e+00
  7.3564e+01  1.5000e+02  1.0000e-01  1.7265e+10  1.3586e+00
  7.3564e+01  1.5000e+02  1.2000e-01  1.5823e+10  1.3561e+00
  7.3564e+01  1.5000e+02  1.4000e-01  1.3719e+10  1.3603e+00
  7.3564e+01  1.5000e+02  1.6000e-01  1.7233e+10  1.3532e+00
  7.3564e+01  1.5000e+02  1.8000e-01  2.0553e+10  1.3407e+00
  7.3564e+01  1.5000e+02  2.0000e-01  1.7155e+10  1.3322e+00
  7.3564e+01  1.5000e+02  2.2000e-01  1.0266e+10  1.2583e+00
  7.3564e+01  1.5000e+02  2.4000e-01  8.9073e+09  1.3080e+00
  7.3564e+01  1.5000e+02  2.6000e-01  1.1296e+10  1.2922e+00
  7.3564e+01  1.5000e+02  2.8000e-01  1.5101e+10  1.2757e+00
  7.3564e+01  1.5000e+02  3.0000e-01  1.9326e+10  1.2448e+00
  7.3564e+01  1.5000e+02  3.2000e-01  2.3926e+10  1.3627e+00
  7.3564e+01  1.5000e+02  3.4000e-01  2.7803e+10  1.5204e+00
  7.3564e+01  1.5000e+02  3.6000e-01  2.1766e+10  1.4563e+00
  7.3564e+01  1.5000e+02  3.8000e-01  1.5965e+10  1.3963e+00
  7.3564e+01  1.5000e+02  4.0000e-01  1.6344e+10  1.5429e+00
  7.3564e+01  1.5000e+02  4.2000e-01  1.4024e+10  1.7747e+00
  7.3564e+01  1.5000e+02  4.4000e-01  4.5384e+09  1.5661e+00
  7.3564e+01  1.5000e+02  4.6000e-01  8.7619e+08  1.2416e+00
  7.3564e+01  1.5000e+02  4.8000e-01  2.5190e+07  8.4089e-01
  7.3564e+01  1.5000e+02  5.0000e-01  4.1623e+09  6.5341e-01
  7.3564e+01  1.5000e+02  5.2000e-01  2.1283e+09  4.4748e-01
  7.3564e+01  1.5000e+02  5.4000e-01  1.8161e+09  4.4768e-01
  7.3564e+01  1.5000e+02  5.6000e-01  1.5758e+09  4.4685e-01
  7.3564e+01  1.5000e+02  5.8000e-01  1.3620e+09  4.4731e-01
  7.3564e+01  1.5000e+02  6.0000e-01  1.1676e+09  4.4795e-01
  7.3564e+01  2.0000e+02  1.0000e-02  1.7411e+10  1.2857e+00
  7.3564e+01  2.0000e+02  2.0000e-02  1.7221e+10  1.3030e+00
  7.3564e+01  2.0000e+02  4.0000e-02  1.6827e+10  1.3296e+00
  7.3564e+01  2.0000e+02  6.0000e-02  1.6522e+10  1.3442e+00
  7.3564e+01  2.0000e+02  8.0000e-02  1.6374e+10  1.3519e+00
  7.3564e+01  2.0000e+02  1.0000e-01  1.5510e+10  1.3565e+00
  7.3564e+01  2.0000e+02  1.2000e-01  1.6272e+10  1.3586e+00
  7.3564e+01  2.0000e+02  1.4000e-01  1.4860e+10  1.3581e+00
  7.3564e+01  2.0000e+02  1.6000e-01  1.2923e+10  1.3614e+00
  7.3564e+01  2.0000e+02  1.8000e-01  1.5371e+10  1.3587e+00
  7.3564e+01  2.0000e+02  2.0000e-01  1.7971e+10  1.3504e+00
  7.3564e+01  2.0000e+02  2.2000e-01  1.5911e+10  1.3430e+00
  7.3564e+01  2.0000e+02  2.4000e-01  1.0327e+10  1.2884e+00
  7.3564e+01  2.0000e+02  2.6000e-01  8.1613e+09  1.3090e+00
  7.3564e+01  2.0000e+02  2.8000e-01  9.7492e+09  1.3084e+00
  7.3564e+01  2.0000e+02  3.0000e-01  1.2941e+10  1.3000e+00
  7.3564e+01  2.0000e+02  3.2000e-01  1.6738e+10  1.2563e+00
  7.3564e+01  2.0000e+02  3.4000e-01  2.0128e+10  1.2601e+00
  7.3564e+01  2.0000e+02  3.6000e-01  2.3979e+10  1.5510e+00
  7.3564e+01  2.0000e+02  3.8000e-01  1.9001e+10  1.4758e+00
  7.3564e+01  2.0000e+02  4.0000e-01  1.3201e+10  1.4028e+00
  7.3564e+01  2.0000e+02  4.2000e-01  1.2544e+10  1.5109e+00
  7.3564e+01  2.0000e+02  4.4000e-01  1.0901e+10  1.7786e+00
  7.3564e+01  2.0000e+02  4.6000e-01  2.9160e+09  1.5578e+00
  7.3564e+01  2.0000e+02  4.8000e-01  2.5716e+08  8.5667e-01
  7.3564e+01  2.0000e+02  5.0000e-01  1.6583e+09  8.0125e-01
  7.3564e+01  2.0000e+02  5.2000e-01  1.1047e+09  4.5361e-01
  7.3564e+01  2.0000e+02  5.4000e-01  9.3803e+08  4.5407e-01
  7.3564e+01  2.0000e+02  5.6000e-01  8.1226e+08  4.5532e-01
  7.3564e+01  2.0000e+02  5.8000e-01  7.0086e+08  4.5744e-01
  7.3564e+01  2.0000e+02  6.0000e-01  5.9658e+08  4.5557e-01
  7.3564e+01  2.5000e+02  1.0000e-02  1.7429e+10  1.2776e+00
  7.3564e+01  2.5000e+02  2.0000e-02  1.7272e+10  1.2893e+00
  7.3564e+01  2.5000e+02  4.0000e-02  1.6823e+10  1.3132e+00
  7.3564e+01  2.5000e+02  6.0000e-02  1.6369e+10  1.3341e+00
  7.3564e+01  2.5000e+02  8.0000e-02  1.5907e+10  1.3466e+00
  7.3564e+01  2.5000e+02  1.0000e-01  1.5596e+10  1.3532e+00
  7.3564e+01  2.5000e+02  1.2000e-01  1.4739e+10  1.3557e+00
  7.3564e+01  2.5000e+02  1.4000e-01  1.5134e+10  1.3562e+00
  7.3564e+01  2.5000e+02  1.6000e-01  1.3997e+10  1.3564e+00
  7.3564e+01  2.5000e+02  1.8000e-01  1.1980e+10  1.3586e+00
  7.3564e+01  2.5000e+02  2.0000e-01  1.3287e+10  1.3598e+00
  7.3564e+01  2.5000e+02  2.2000e-01  1.5460e+10  1.3528e+00
  7.3564e+01  2.5000e+02  2.4000e-01  1.4752e+10  1.3459e+00
  7.3564e+01  2.5000e+02  2.6000e-01  1.0612e+10  1.3224e+00
  7.3564e+01  2.5000e+02  2.8000e-01  7.5720e+09  1.3000e+00
  7.3564e+01  2.5000e+02  3.0000e-01  8.0335e+09  1.3187e+00
  7.3564e+01  2.5000e+02  3.2000e-01  1.0244e+10  1.3192e+00
  7.3564e+01  2.5000e+02  3.4000e-01  1.3634e+10  1.2725e+00
  7.3564e+01  2.5000e+02  3.6000e-01  1.5003e+10  1.2677e+00
  7.3564e+01  2.5000e+02  3.8000e-01  1.9460e+10  1.5842e+00
  7.3564e+01  2.5000e+02  4.0000e-01  1.6386e+10  1.4933e+00
  7.3564e+01  2.5000e+02  4.2000e-01  1.1295e+10  1.4539e+00
  7.3564e+01  2.5000e+02  4.4000e-01  8.8266e+09  1.4865e+00
  7.3564e+01  2.5000e+02  4.6000e-01  7.4746e+09  1.7351e+00
  7.3564e+01  2.5000e+02  4.8000e-01  2.7644e+09  1.5754e+00
  7.3564e+01  2.5000e+02  5.0000e-01  6.8618e+08  9.3591e-01
  7.3564e+01  2.5000e+02  5.2000e-01  6.5746e+08  4.6284e-01
  7.3564e+01  2.5000e+02  5.4000e-01  5.5243e+08  4.5725e-01
  7.3564e+01  2.5000e+02  5.6000e-01  4.7794e+08  4.5950e-01
  7.3564e+01  2.5000e+02  5.8000e-01  4.1339e+08  4.5912e-01
  7.3564e+01  2.5000e+02  6.0000e-01  3.5408e+08  4.5827e-01
  7.3564e+01  3.0000e+02  1.0000e-02  1.7405e+10  1.2744e+00
  7.3564e+01  3.0000e+02  2.0000e-02  1.7294e+10  1.2825e+00
  7.3564e+01  3.0000e+02  4.0000e-02  1.6844e+10  1.3001e+00
  7.3564e+01  3.0000e+02  6.0000e-02  1.6330e+10  1.3199e+00
  7.3564e+01  3.0000e+02  8.0000e-02  1.5795e+10  1.3376e+00
  7.3564e+01  3.0000e+02  1.0000e-01  1.5227e+10  1.3489e+00
  7.3564e+01  3.0000e+02  1.2000e-01  1.4723e+10  1.3544e+00
  7.3564e+01  3.0000e+02  1.4000e-01  1.3866e+10  1.3561e+00
  7.3564e+01  3.0000e+02  1.6000e-01  1.3984e+10  1.3538e+00
  7.3564e+01  3.0000e+02  1.8000e-01  1.3126e+10  1.3525e+00
  7.3564e+01  3.0000e+02  2.0000e-01  1.1152e+10  1.3535e+00
  7.3564e+01  3.0000e+02  2.2000e-01  1.1395e+10  1.3565e+00
  7.3564e+01  3.0000e+02  2.4000e-01  1.3032e+10  1.3536e+00
  7.3564e+01  3.0000e+02  2.6000e-01  1.3268e+10  1.3465e+00
  7.3564e+01  3.0000e+02  2.8000e-01  1.0668e+10  1.3435e+00
  7.3564e+01  3.0000e+02  3.0000e-01  7.4937e+09  1.3091e+00
  7.3564e+01  3.0000e+02  3.2000e-01  6.5841e+09  1.3210e+00
  7.3564e+01  3.0000e+02  3.4000e-01  7.6972e+09  1.3276e+00
  7.3564e+01  3.0000e+02  3.6000e-01  1.0190e+10  1.3063e+00
  7.3564e+01  3.0000e+02  3.8000e-01  1.1762e+10  1.2718e+00
  7.3564e+01  3.0000e+02  4.0000e-01  1.3242e+10  1.3442e+00
  7.3564e+01  3.0000e+02  4.2000e-01  1.3634e+10  1.5479e+00
  7.3564e+01  3.0000e+02  4.4000e-01  8.7641e+09  1.4733e+00
  7.3564e+01  3.0000e+02  4.6000e-01  5.4396e+09  1.4726e+00
  7.3564e+01  3.0000e+02  4.8000e-01  3.9663e+09  1.6961e+00
  7.3564e+01  3.0000e+02  5.0000e-01  3.3410e+08  1.0330e+00
  7.3564e+01  3.0000e+02  5.2000e-01  4.2689e+08  4.6259e-01
  7.3564e+01  3.0000e+02  5.4000e-01  3.6087e+08  4.5908e-01
  7.3564e+01  3.0000e+02  5.6000e-01  3.0994e+08  4.5907e-01
  7.3564e+01  3.0000e+02  5.8000e-01  2.7201e+08  4.6449e-01
  7.3564e+01  3.0000e+02  6.0000e-01  2.3988e+08  4.7520e-01
  1.0000e+02  3.3246e+00  1.0000e-02  2.0236e+10  1.3835e+00
  1.0000e+02  3.3246e+00  2.0000e-02  2.0617e+10  1.3846e+00
  1.0000e+02  3.3246e+00  4.0000e-02  2.1679e+10  1.3670e+00
  1.0000e+02  3.3246e+00  6.0000e-02  2.2254e+10  1.4177e+00
  1.0000e+02  3.3246e+00  8.0000e-02  2.0058e+10  1.4551e+00
  1.0000e+02  3.3246e+00  1.0000e-01  2.2644e+10  1.3831e+00
  1.0000e+02  3.3246e+00  1.2000e-01  2.3595e+10  1.2955e+00
  1.0000e+02  3.3246e+00  1.4000e-01  2.5040e+10  1.2659e+00
  1.0000e+02  3.3246e+00  1.6000e-01  2.6726e+10  1.2643e+00
  1.0000e+02  3.3246e+00  1.8000e-01  2.8504e+10  1.2677e+00
  1.0000e+02  3.3246e+00  2.0000e-01  2.4937e+10  1.2282e+00
  1.0000e+02  3.3246e+00  2.2000e-01  2.5293e+10  1.2360e+00
  1.0000e+02  3.3246e+00  2.4000e-01  2.4785e+10  1.2362e+00
  1.0000e+02  3.3246e+00  2.6000e-01  2.2965e+10  1.2008e+00
  1.0000e+02  3.3246e+00  2.8000e-01  2.1119e+10  1.1979e+00
  1.0000e+02  3.3246e+00  3.0000e-01  1.9662e+10  1.2827e+00
  1.0000e+02  3.3246e+00  3.2000e-01  1.4650e+10  1.4347e+00
  1.0000e+02  3.3246e+00  3.4000e-01  6.8075e+09  1.7252e+00
  1.0000e+02  3.3246e+00  3.6000e-01  4.5619e+09  1.7416e+00
  1.0000e+02  3.3246e+00  3.8000e-01  1.2782e+09  1.8953e+00
  1.0000e+02  3.3246e+00  4.0000e-01  3.2825e+09  1.6238e+00
  1.0000e+02  3.3246e+00  4.2000e-01  1.9072e+10  1.3786e+00
  1.0000e+02  3.3246e+00  4.4000e-01  3.1603e+09  1.2408e+00
  1.0000e+02  3.3246e+00  4.6000e-01  6.1031e+06  8.9788e-01
  1.0000e+02  3.3246e+00  4.8000e-01  6.3899e+08  9.8695e-01
  1.0000e+02  3.3246e+00  5.0000e-01  3.5411e+10  3.5490e-01
  1.0000e+02  3.3246e+00  5.2000e-01  2.8855e+10  4.5106e-01
  1.0000e+02  3.3246e+00  5.4000e-01  2.1959e+10  5.7812e-01
  1.0000e+02  3.3246e+00  5.6000e-01  1.3178e+10  7.1813e-01
  1.0000e+02  3.3246e+00  5.8000e-01  6.9391e+09  9.3153e-01
  1.0000e+02  3.3246e+00  6.0000e-01  5.1547e+09  1.0997e+00
  1.0000e+02  4.0616e+00  1.0000e-02  2.0379e+10  1.4306e+00
  1.0000e+02  4.0616e+00  2.0000e-02  2.0411e+10  1.4342e+00
  1.0000e+02  4.0616e+00  4.0000e-02  2.0722e+10  1.4476e+00
  1.0000e+02  4.0616e+00  6.0000e-02  2.0993e+10  1.4417e+00
  1.0000e+02  4.0616e+00  8.0000e-02  2.0558e+10  1.4575e+00
  1.0000e+02  4.0616e+00  1.0000e-01  2.1580e+10  1.4104e+00
  1.0000e+02  4.0616e+00  1.2000e-01  2.3229e+10  1.2855e+00
  1.0000e+02  4.0616e+00  1.4000e-01  1.6205e+10  1.5917e+00
  1.0000e+02  4.0616e+00  1.6000e-01  2.0039e+10  1.3732e+00
  1.0000e+02  4.0616e+00  1.8000e-01  2.3368e+10  1.2796e+00
  1.0000e+02  4.0616e+00  2.0000e-01  2.8111e+10  1.2265e+00
  1.0000e+02  4.0616e+00  2.2000e-01  2.5592e+10  1.1655e+00
  1.0000e+02  4.0616e+00  2.4000e-01  2.5082e+10  1.1636e+00
  1.0000e+02  4.0616e+00  2.6000e-01  2.3080e+10  1.1624e+00
  1.0000e+02  4.0616e+00  2.8000e-01  2.0976e+10  1.1953e+00
  1.0000e+02  4.0616e+00  3.0000e-01  1.8718e+10  1.3463e+00
  1.0000e+02  4.0616e+00  3.2000e-01  1.2390e+10  1.5375e+00
  1.0000e+02  4.0616e+00  3.4000e-01  5.7447e+09  1.9135e+00
  1.0000e+02  4.0616e+00  3.6000e-01  5.3940e+09  1.7151e+00
  1.0000e+02  4.0616e+00  3.8000e-01  1.5399e+09  1.8392e+00
  1.0000e+02  4.0616e+00  4.0000e-01  3.4921e+09  1.6245e+00
  1.0000e+02  4.0616e+00  4.2000e-01  1.9118e+10  1.3791e+00
  1.0000e+02  4.0616e+00  4.4000e-01  3.1772e+09  1.2317e+00
  1.0000e+02  4.0616e+00  4.6000e-01  5.6679e+06  8.3328e-01
  1.0000e+02  4.0616e+00  4.8000e-01  5.3887e+08  9.5785e-01
  1.0000e+02  4.0616e+00  5.0000e-01  3.5112e+10  3.5629e-01
  1.0000e+02  4.0616e+00  5.2000e-01  3.0578e+10  4.0675e-01
  1.0000e+02  4.0616e+00  5.4000e-01  2.2308e+10  5.4761e-01
  1.0000e+02  4.0616e+00  5.6000e-01  1.5381e+10  6.6884e-01
  1.0000e+02  4.0616e+00  5.8000e-01  8.7111e+09  8.4548e-01
  1.0000e+02  4.0616e+00  6.0000e-01  4.6430e+09  1.0729e+00
  1.0000e+02  4.9619e+00  1.0000e-02  2.0283e+10  1.4251e+00
  1.0000e+02  4.9619e+00  2.0000e-02  2.0321e+10  1.4175e+00
  1.0000e+02  4.9619e+00  4.0000e-02  2.0736e+10  1.3700e+00
  1.0000e+02  4.9619e+00  6.0000e-02  2.0624e+10  1.3500e+00
  1.0000e+02  4.9619e+00  8.0000e-02  1.9474e+10  1.3540e+00
  1.0000e+02  4.9619e+00  1.0000e-01  2.0780e+10  1.3166e+00
  1.0000e+02  4.9619e+00  1.2000e-01  2.3709e+10  1.2073e+00
  1.0000e+02  4.9619e+00  1.4000e-01  1.2130e+10  1.5084e+00
  1.0000e+02  4.9619e+00  1.6000e-01  1.5363e+10  1.3742e+00
  1.0000e+02  4.9619e+00  1.8000e-01  1.9202e+10  1.2397e+00
  1.0000e+02  4.9619e+00  2.0000e-01  2.3412e+10  1.1717e+00
  1.0000e+02  4.9619e+00  2.2000e-01  2.7039e+10  1.1655e+00
  1.0000e+02  4.9619e+00  2.4000e-01  2.6712e+10  1.1847e+00
  1.0000e+02  4.9619e+00  2.6000e-01  2.4388e+10  1.1824e+00
  1.0000e+02  4.9619e+00  2.8000e-01  2.1374e+10  1.3001e+00
  1.0000e+02  4.9619e+00  3.0000e-01  1.5861e+10  1.4391e+00
  1.0000e+02  4.9619e+00  3.2000e-01  9.2727e+09  1.6450e+00
  1.0000e+02  4.9619e+00  3.4000e-01  7.1630e+09  1.8564e+00
  1.0000e+02  4.9619e+00  3.6000e-01  6.1446e+09  1.6930e+00
  1.0000e+02  4.9619e+00  3.8000e-01  1.7346e+09  1.8143e+00
  1.0000e+02  4.9619e+00  4.0000e-01  3.6004e+09  1.6144e+00
  1.0000e+02  4.9619e+00  4.2000e-01  1.9354e+10  1.3806e+00
  1.0000e+02  4.9619e+00  4.4000e-01  3.1786e+09  1.2264e+00
  1.0000e+02  4.9619e+00  4.6000e-01  4.8750e+06  7.1261e-01
  1.0000e+02  4.9619e+00  4.8000e-01  2.7509e+09  1.5617e+00
  1.0000e+02  4.9619e+00  5.0000e-01  3.4707e+10  3.5857e-01
  1.0000e+02  4.9619e+00  5.2000e-01  3.2017e+10  3.9081e-01
  1.0000e+02  4.9619e+00  5.4000e-01  2.5124e+10  5.1601e-01
  1.0000e+02  4.9619e+00  5.6000e-01  1.6794e+10  6.2092e-01
  1.0000e+02  4.9619e+00  5.8000e-01  1.0236e+10  7.7521e-01
  1.0000e+02  4.9619e+00  6.0000e-01  5.9408e+09  9.6441e-01
  1.0000e+02  6.0619e+00  1.0000e-02  1.9987e+10  1.3111e+00
  1.0000e+02  6.0619e+00  2.0000e-02  1.9898e+10  1.3023e+00
  1.0000e+02  6.0619e+00  4.0000e-02  1.9576e+10  1.2696e+00
  1.0000e+02  6.0619e+00  6.0000e-02  1.9517e+10  1.2367e+00
  1.0000e+02  6.0619e+00  8.0000e-02  1.7687e+10  1.2459e+00
  1.0000e+02  6.0619e+00  1.0000e-01  1.9174e+10  1.1854e+00
  1.0000e+02  6.0619e+00  1.2000e-01  1.8933e+10  1.2238e+00
  1.0000e+02  6.0619e+00  1.4000e-01  1.2627e+10  1.3314e+00
  1.0000e+02  6.0619e+00  1.6000e-01  1.0544e+10  1.3375e+00
  1.0000e+02  6.0619e+00  1.8000e-01  1.5025e+10  1.2197e+00
  1.0000e+02  6.0619e+00  2.0000e-01  1.9650e+10  1.1795e+00
  1.0000e+02  6.0619e+00  2.2000e-01  2.4030e+10  1.1629e+00
  1.0000e+02  6.0619e+00  2.4000e-01  2.6521e+10  1.1932e+00
  1.0000e+02  6.0619e+00  2.6000e-01  2.3639e+10  1.2464e+00
  1.0000e+02  6.0619e+00  2.8000e-01  1.8122e+10  1.3915e+00
  1.0000e+02  6.0619e+00  3.0000e-01  1.3073e+10  1.5293e+00
  1.0000e+02  6.0619e+00  3.2000e-01  6.7957e+09  1.8970e+00
  1.0000e+02  6.0619e+00  3.4000e-01  7.1144e+09  1.7752e+00
  1.0000e+02  6.0619e+00  3.6000e-01  6.1033e+09  1.6573e+00
  1.0000e+02  6.0619e+00  3.8000e-01  1.9451e+09  1.7755e+00
  1.0000e+02  6.0619e+00  4.0000e-01  3.5168e+09  1.6072e+00
  1.0000e+02  6.0619e+00  4.2000e-01  1.9748e+10  1.3780e+00
  1.0000e+02  6.0619e+00  4.4000e-01  3.2028e+09  1.2186e+00
  1.0000e+02  6.0619e+00  4.6000e-01  4.6435e+06  6.1891e-01
  1.0000e+02  6.0619e+00  4.8000e-01  4.2780e+09  1.8069e+00
  1.0000e+02  6.0619e+00  5.0000e-01  3.4239e+10  3.6192e-01
  1.0000e+02  6.0619e+00  5.2000e-01  3.2616e+10  3.8032e-01
  1.0000e+02  6.0619e+00  5.4000e-01  2.8119e+10  4.4695e-01
  1.0000e+02  6.0619e+00  5.6000e-01  2.0362e+10  5.6792e-01
  1.0000e+02  6.0619e+00  5.8000e-01  1.2862e+10  6.9471e-01
  1.0000e+02  6.0619e+00  6.0000e-01  7.6676e+09  8.5063e-01
  1.0000e+02  7.4057e+00  1.0000e-02  1.6661e+10  1.2051e+00
  1.0000e+02  7.4057e+00  2.0000e-02  1.6259e+10  1.2078e+00
  1.0000e+02  7.4057e+00  4.0000e-02  1.5356e+10  1.2211e+00
  1.0000e+02  7.4057e+00  6.0000e-02  1.5025e+10  1.2108e+00
  1.0000e+02  7.4057e+00  8.0000e-02  1.2818e+10  1.2299e+00
  1.0000e+02  7.4057e+00  1.0000e-01  1.5472e+10  1.1731e+00
  1.0000e+02  7.4057e+00  1.2000e-01  1.6372e+10  1.0786e+00
  1.0000e+02  7.4057e+00  1.4000e-01  1.1604e+10  1.0758e+00
  1.0000e+02  7.4057e+00  1.6000e-01  9.3920e+09  1.2354e+00
  1.0000e+02  7.4057e+00  1.8000e-01  1.3990e+10  1.1767e+00
  1.0000e+02  7.4057e+00  2.0000e-01  1.9450e+10  1.1304e+00
  1.0000e+02  7.4057e+00  2.2000e-01  2.3997e+10  1.1618e+00
  1.0000e+02  7.4057e+00  2.4000e-01  2.5008e+10  1.2325e+00
  1.0000e+02  7.4057e+00  2.6000e-01  2.0771e+10  1.3223e+00
  1.0000e+02  7.4057e+00  2.8000e-01  1.5352e+10  1.4380e+00
  1.0000e+02  7.4057e+00  3.0000e-01  1.0147e+10  1.6631e+00
  1.0000e+02  7.4057e+00  3.2000e-01  8.1610e+09  1.9281e+00
  1.0000e+02  7.4057e+00  3.4000e-01  8.0463e+09  1.7586e+00
  1.0000e+02  7.4057e+00  3.6000e-01  6.5414e+09  1.6625e+00
  1.0000e+02  7.4057e+00  3.8000e-01  2.0201e+09  1.7858e+00
  1.0000e+02  7.4057e+00  4.0000e-01  3.5315e+09  1.6022e+00
  1.0000e+02  7.4057e+00  4.2000e-01  2.0368e+10  1.3888e+00
  1.0000e+02  7.4057e+00  4.4000e-01  3.1342e+09  1.2027e+00
  1.0000e+02  7.4057e+00  4.6000e-01  3.8774e+06  5.3287e-01
  1.0000e+02  7.4057e+00  4.8000e-01  5.2013e+09  1.9045e+00
  1.0000e+02  7.4057e+00  5.0000e-01  3.3745e+10  3.6222e-01
  1.0000e+02  7.4057e+00  5.2000e-01  3.2355e+10  3.6757e-01
  1.0000e+02  7.4057e+00  5.4000e-01  2.9830e+10  4.1406e-01
  1.0000e+02  7.4057e+00  5.6000e-01  2.4741e+10  5.0537e-01
  1.0000e+02  7.4057e+00  5.8000e-01  1.7029e+10  6.1530e-01
  1.0000e+02  7.4057e+00  6.0000e-01  1.0408e+10  7.4867e-01
  1.0000e+02  9.0474e+00  1.0000e-02  1.4842e+10  1.0932e+00
  1.0000e+02  9.0474e+00  2.0000e-02  1.4776e+10  1.0786e+00
  1.0000e+02  9.0474e+00  4.0000e-02  1.4707e+10  1.0618e+00
  1.0000e+02  9.0474e+00  6.0000e-02  1.6215e+10  1.0365e+00
  1.0000e+02  9.0474e+00  8.0000e-02  1.3977e+10  1.0531e+00
  1.0000e+02  9.0474e+00  1.0000e-01  1.7697e+10  1.0512e+00
  1.0000e+02  9.0474e+00  1.2000e-01  1.9858e+10  1.0538e+00
  1.0000e+02  9.0474e+00  1.4000e-01  1.0905e+10  1.0854e+00
  1.0000e+02  9.0474e+00  1.6000e-01  9.4824e+09  1.1352e+00
  1.0000e+02  9.0474e+00  1.8000e-01  1.5416e+10  1.1228e+00
  1.0000e+02  9.0474e+00  2.0000e-01  2.1620e+10  1.1228e+00
  1.0000e+02  9.0474e+00  2.2000e-01  2.4372e+10  1.2099e+00
  1.0000e+02  9.0474e+00  2.4000e-01  2.2318e+10  1.2941e+00
  1.0000e+02  9.0474e+00  2.6000e-01  1.7337e+10  1.3890e+00
  1.0000e+02  9.0474e+00  2.8000e-01  1.2044e+10  1.5156e+00
  1.0000e+02  9.0474e+00  3.0000e-01  8.7813e+09  1.8325e+00
  1.0000e+02  9.0474e+00  3.2000e-01  9.3885e+09  1.8949e+00
  1.0000e+02  9.0474e+00  3.4000e-01  8.7534e+09  1.7500e+00
  1.0000e+02  9.0474e+00  3.6000e-01  6.8953e+09  1.6685e+00
  1.0000e+02  9.0474e+00  3.8000e-01  2.0688e+09  1.7944e+00
  1.0000e+02  9.0474e+00  4.0000e-01  3.5029e+09  1.5922e+00
  1.0000e+02  9.0474e+00  4.2000e-01  2.1046e+10  1.3945e+00
  1.0000e+02  9.0474e+00  4.4000e-01  3.0689e+09  1.1953e+00
  1.0000e+02  9.0474e+00  4.6000e-01  3.5482e+06  4.9142e-01
  1.0000e+02  9.0474e+00  4.8000e-01  5.4478e+09  1.9267e+00
  1.0000e+02  9.0474e+00  5.0000e-01  3.3069e+10  3.6406e-01
  1.0000e+02  9.0474e+00  5.2000e-01  3.1636e+10  3.6132e-01
  1.0000e+02  9.0474e+00  5.4000e-01  3.0050e+10  3.8408e-01
  1.0000e+02  9.0474e+00  5.6000e-01  2.7301e+10  4.3156e-01
  1.0000e+02  9.0474e+00  5.8000e-01  2.2933e+10  5.0457e-01
  1.0000e+02  9.0474e+00  6.0000e-01  1.6793e+10  6.0059e-01
  1.0000e+02  1.1053e+01  1.0000e-02  1.7733e+10  1.1318e+00
  1.0000e+02  1.1053e+01  2.0000e-02  1.7770e+10  1.1292e+00
  1.0000e+02  1.1053e+01  4.0000e-02  1.7559e+10  1.1266e+00
  1.0000e+02  1.1053e+01  6.0000e-02  2.0349e+10  1.1166e+00
  1.0000e+02  1.1053e+01  8.0000e-02  1.5597e+10  1.1424e+00
  1.0000e+02  1.1053e+01  1.0000e-01  2.1120e+10  1.1390e+00
  1.0000e+02  1.1053e+01  1.2000e-01  2.0360e+10  1.1004e+00
  1.0000e+02  1.1053e+01  1.4000e-01  1.1135e+10  1.1152e+00
  1.0000e+02  1.1053e+01  1.6000e-01  1.2459e+10  1.1470e+00
  1.0000e+02  1.1053e+01  1.8000e-01  2.0019e+10  1.1070e+00
  1.0000e+02  1.1053e+01  2.0000e-01  2.4540e+10  1.1575e+00
  1.0000e+02  1.1053e+01  2.2000e-01  2.3674e+10  1.2757e+00
  1.0000e+02  1.1053e+01  2.4000e-01  1.9737e+10  1.3712e+00
  1.0000e+02  1.1053e+01  2.6000e-01  1.4637e+10  1.4459e+00
  1.0000e+02  1.1053e+01  2.8000e-01  1.0363e+10  1.6070e+00
  1.0000e+02  1.1053e+01  3.0000e-01  9.8147e+09  1.9533e+00
  1.0000e+02  1.1053e+01  3.2000e-01  1.0454e+10  1.8724e+00
  1.0000e+02  1.1053e+01  3.4000e-01  9.2693e+09  1.7534e+00
  1.0000e+02  1.1053e+01  3.6000e-01  7.2300e+09  1.6721e+00
  1.0000e+02  1.1053e+01  3.8000e-01  2.0629e+09  1.8242e+00
  1.0000e+02  1.1053e+01  4.0000e-01  3.4305e+09  1.5831e+00
  1.0000e+02  1.1053e+01  4.2000e-01  2.1705e+10  1.3990e+00
  1.0000e+02  1.1053e+01  4.4000e-01  2.9484e+09  1.1832e+00
  1.0000e+02  1.1053e+01  4.6000e-01  6.7538e+06  6.8067e-01
  1.0000e+02  1.1053e+01  4.8000e-01  5.4634e+09  1.9346e+00
  1.0000e+02  1.1053e+01  5.0000e-01  3.2272e+10  3.6668e-01
  1.0000e+02  1.1053e+01  5.2000e-01  3.0740e+10  3.5962e-01
  1.0000e+02  1.1053e+01  5.4000e-01  2.9517e+10  3.7114e-01
  1.0000e+02  1.1053e+01  5.6000e-01  2.7659e+10  3.9350e-01
  1.0000e+02  1.1053e+01  5.8000e-01  2.5297e+10  4.3370e-01
  1.0000e+02  1.1053e+01  6.0000e-01  2.1748e+10  4.8490e-01
  1.0000e+02  1.3503e+01  1.0000e-02  1.7365e+10  1.1935e+00
  1.0000e+02  1.3503e+01  2.0000e-02  1.7286e+10  1.1897e+00
  1.0000e+02  1.3503e+01  4.0000e-02  1.6365e+10  1.1657e+00
  1.0000e+02  1.3503e+01  6.0000e-02  1.7373e+10  1.1587e+00
  1.0000e+02  1.3503e+01  8.0000e-02  1.4943e+10  1.1400e+00
  1.0000e+02  1.3503e+01  1.0000e-01  2.0602e+10  1.1763e+00
  1.0000e+02  1.3503e+01  1.2000e-01  1.6861e+10  1.1356e+00
  1.0000e+02  1.3503e+01  1.4000e-01  1.1518e+10  1.1739e+00
  1.0000e+02  1.3503e+01  1.6000e-01  1.6222e+10  1.2050e+00
  1.0000e+02  1.3503e+01  1.8000e-01  2.4750e+10  1.1446e+00
  1.0000e+02  1.3503e+01  2.0000e-01  2.5264e+10  1.2311e+00
  1.0000e+02  1.3503e+01  2.2000e-01  2.2670e+10  1.3523e+00
  1.0000e+02  1.3503e+01  2.4000e-01  1.8224e+10  1.4334e+00
  1.0000e+02  1.3503e+01  2.6000e-01  1.3186e+10  1.4994e+00
  1.0000e+02  1.3503e+01  2.8000e-01  9.8801e+09  1.6785e+00
  1.0000e+02  1.3503e+01  3.0000e-01  1.1444e+10  1.9472e+00
  1.0000e+02  1.3503e+01  3.2000e-01  1.1545e+10  1.8511e+00
  1.0000e+02  1.3503e+01  3.4000e-01  9.8701e+09  1.7522e+00
  1.0000e+02  1.3503e+01  3.6000e-01  7.5755e+09  1.6770e+00
  1.0000e+02  1.3503e+01  3.8000e-01  2.0477e+09  1.8576e+00
  1.0000e+02  1.3503e+01  4.0000e-01  3.2742e+09  1.5796e+00
  1.0000e+02  1.3503e+01  4.2000e-01  2.2824e+10  1.4086e+00
  1.0000e+02  1.3503e+01  4.4000e-01  2.7057e+09  1.1801e+00
  1.0000e+02  1.3503e+01  4.6000e-01  1.3525e+07  8.6409e-01
  1.0000e+02  1.3503e+01  4.8000e-01  5.2154e+09  1.9097e+00
  1.0000e+02  1.3503e+01  5.0000e-01  3.1445e+10  3.7111e-01
  1.0000e+02  1.3503e+01  5.2000e-01  2.9627e+10  3.5954e-01
  1.0000e+02  1.3503e+01  5.4000e-01  2.8688e+10  3.6480e-01
  1.0000e+02  1.3503e+01  5.6000e-01  2.7194e+10  3.7603e-01
  1.0000e+02  1.3503e+01  5.8000e-01  2.5498e+10  3.9758e-01
  1.0000e+02  1.3503e+01  6.0000e-01  2.3336e+10  4.2553e-01
  1.0000e+02  1.6496e+01  1.0000e-02  1.6770e+10  1.2499e+00
  1.0000e+02  1.6496e+01  2.0000e-02  1.6432e+10  1.2275e+00
  1.0000e+02  1.6496e+01  4.0000e-02  1.6485e+10  1.2056e+00
  1.0000e+02  1.6496e+01  6.0000e-02  1.8453e+10  1.2400e+00
  1.0000e+02  1.6496e+01  8.0000e-02  1.4937e+10  1.1866e+00
  1.0000e+02  1.6496e+01  1.0000e-01  2.0602e+10  1.2193e+00
  1.0000e+02  1.6496e+01  1.2000e-01  1.4696e+10  1.1563e+00
  1.0000e+02  1.6496e+01  1.4000e-01  1.1837e+10  1.1861e+00
  1.0000e+02  1.6496e+01  1.6000e-01  1.7489e+10  1.2611e+00
  1.0000e+02  1.6496e+01  1.8000e-01  2.6356e+10  1.1929e+00
  1.0000e+02  1.6496e+01  2.0000e-01  2.5717e+10  1.3089e+00
  1.0000e+02  1.6496e+01  2.2000e-01  2.2470e+10  1.4216e+00
  1.0000e+02  1.6496e+01  2.4000e-01  1.7817e+10  1.4876e+00
  1.0000e+02  1.6496e+01  2.6000e-01  1.2941e+10  1.5480e+00
  1.0000e+02  1.6496e+01  2.8000e-01  1.0211e+10  1.7160e+00
  1.0000e+02  1.6496e+01  3.0000e-01  1.2452e+10  1.9312e+00
  1.0000e+02  1.6496e+01  3.2000e-01  1.2926e+10  1.8328e+00
  1.0000e+02  1.6496e+01  3.4000e-01  1.0716e+10  1.7472e+00
  1.0000e+02  1.6496e+01  3.6000e-01  8.0010e+09  1.6792e+00
  1.0000e+02  1.6496e+01  3.8000e-01  2.0243e+09  1.9060e+00
  1.0000e+02  1.6496e+01  4.0000e-01  3.0297e+09  1.5728e+00
  1.0000e+02  1.6496e+01  4.2000e-01  2.4223e+10  1.4209e+00
  1.0000e+02  1.6496e+01  4.4000e-01  2.0167e+09  1.1656e+00
  1.0000e+02  1.6496e+01  4.6000e-01  1.9746e+07  8.6197e-01
  1.0000e+02  1.6496e+01  4.8000e-01  4.9222e+09  1.8921e+00
  1.0000e+02  1.6496e+01  5.0000e-01  3.0385e+10  3.7581e-01
  1.0000e+02  1.6496e+01  5.2000e-01  2.8320e+10  3.6069e-01
  1.0000e+02  1.6496e+01  5.4000e-01  2.7366e+10  3.6175e-01
  1.0000e+02  1.6496e+01  5.6000e-01  2.6128e+10  3.6870e-01
  1.0000e+02  1.6496e+01  5.8000e-01  2.4693e+10  3.8083e-01
  1.0000e+02  1.6496e+01  6.0000e-01  2.3175e+10  3.9600e-01
  1.0000e+02  2.0153e+01  1.0000e-02  1.8489e+10  1.2823e+00
  1.0000e+02  2.0153e+01  2.0000e-02  1.8067e+10  1.2823e+00
  1.0000e+02  2.0153e+01  4.0000e-02  1.6960e+10  1.2711e+00
  1.0000e+02  2.0153e+01  6.0000e-02  1.7516e+10  1.2471e+00
  1.0000e+02  2.0153e+01  8.0000e-02  1.5114e+10  1.2036e+00
  1.0000e+02  2.0153e+01  1.0000e-01  2.1463e+10  1.2606e+00
  1.0000e+02  2.0153e+01  1.2000e-01  1.4762e+10  1.1755e+00
  1.0000e+02  2.0153e+01  1.4000e-01  1.0389e+10  1.1786e+00
  1.0000e+02  2.0153e+01  1.6000e-01  1.6273e+10  1.2623e+00
  1.0000e+02  2.0153e+01  1.8000e-01  2.5505e+10  1.2326e+00
  1.0000e+02  2.0153e+01  2.0000e-01  2.6690e+10  1.3670e+00
  1.0000e+02  2.0153e+01  2.2000e-01  2.3246e+10  1.4805e+00
  1.0000e+02  2.0153e+01  2.4000e-01  1.8541e+10  1.5321e+00
  1.0000e+02  2.0153e+01  2.6000e-01  1.3779e+10  1.5826e+00
  1.0000e+02  2.0153e+01  2.8000e-01  1.1071e+10  1.7162e+00
  1.0000e+02  2.0153e+01  3.0000e-01  1.2484e+10  1.9103e+00
  1.0000e+02  2.0153e+01  3.2000e-01  1.3793e+10  1.8288e+00
  1.0000e+02  2.0153e+01  3.4000e-01  1.1490e+10  1.7479e+00
  1.0000e+02  2.0153e+01  3.6000e-01  8.4007e+09  1.6817e+00
  1.0000e+02  2.0153e+01  3.8000e-01  2.0332e+09  1.9581e+00
  1.0000e+02  2.0153e+01  4.0000e-01  2.6627e+09  1.5878e+00
  1.0000e+02  2.0153e+01  4.2000e-01  2.5891e+10  1.4438e+00
  1.0000e+02  2.0153e+01  4.4000e-01  9.6311e+08  1.1504e+00
  1.0000e+02  2.0153e+01  4.6000e-01  2.4171e+07  8.4176e-01
  1.0000e+02  2.0153e+01  4.8000e-01  4.4376e+09  1.8629e+00
  1.0000e+02  2.0153e+01  5.0000e-01  2.9087e+10  3.8085e-01
  1.0000e+02  2.0153e+01  5.2000e-01  2.6724e+10  3.6123e-01
  1.0000e+02  2.0153e+01  5.4000e-01  2.5875e+10  3.6461e-01
  1.0000e+02  2.0153e+01  5.6000e-01  2.4760e+10  3.6731e-01
  1.0000e+02  2.0153e+01  5.8000e-01  2.3438e+10  3.7424e-01
  1.0000e+02  2.0153e+01  6.0000e-01  2.2103e+10  3.8240e-01
  1.0000e+02  2.4621e+01  1.0000e-02  1.9496e+10  1.2950e+00
  1.0000e+02  2.4621e+01  2.0000e-02  1.9092e+10  1.2847e+00
  1.0000e+02  2.4621e+01  4.0000e-02  1.8074e+10  1.2762e+00
  1.0000e+02  2.4621e+01  6.0000e-02  1.8785e+10  1.2848e+00
  1.0000e+02  2.4621e+01  8.0000e-02  1.4805e+10  1.2370e+00
  1.0000e+02  2.4621e+01  1.0000e-01  2.1652e+10  1.2620e+00
  1.0000e+02  2.4621e+01  1.2000e-01  1.6072e+10  1.2446e+00
  1.0000e+02  2.4621e+01  1.4000e-01  9.7242e+09  1.1968e+00
  1.0000e+02  2.4621e+01  1.6000e-01  1.3563e+10  1.2190e+00
  1.0000e+02  2.4621e+01  1.8000e-01  2.3079e+10  1.2401e+00
  1.0000e+02  2.4621e+01  2.0000e-01  2.7851e+10  1.3676e+00
  1.0000e+02  2.4621e+01  2.2000e-01  2.4745e+10  1.5078e+00
  1.0000e+02  2.4621e+01  2.4000e-01  2.0160e+10  1.5536e+00
  1.0000e+02  2.4621e+01  2.6000e-01  1.5589e+10  1.5961e+00
  1.0000e+02  2.4621e+01  2.8000e-01  1.2413e+10  1.6912e+00
  1.0000e+02  2.4621e+01  3.0000e-01  1.2664e+10  1.8284e+00
  1.0000e+02  2.4621e+01  3.2000e-01  1.3533e+10  1.8436e+00
  1.0000e+02  2.4621e+01  3.4000e-01  1.1978e+10  1.7573e+00
  1.0000e+02  2.4621e+01  3.6000e-01  8.7164e+09  1.6905e+00
  1.0000e+02  2.4621e+01  3.8000e-01  2.1552e+09  1.9857e+00
  1.0000e+02  2.4621e+01  4.0000e-01  2.2248e+09  1.6279e+00
  1.0000e+02  2.4621e+01  4.2000e-01  2.7822e+10  1.4703e+00
  1.0000e+02  2.4621e+01  4.4000e-01  4.5825e+08  1.1593e+00
  1.0000e+02  2.4621e+01  4.6000e-01  2.7099e+07  8.0541e-01
  1.0000e+02  2.4621e+01  4.8000e-01  3.8487e+09  1.8126e+00
  1.0000e+02  2.4621e+01  5.0000e-01  2.7586e+10  3.8776e-01
  1.0000e+02  2.4621e+01  5.2000e-01  2.4824e+10  3.6411e-01
  1.0000e+02  2.4621e+01  5.4000e-01  2.4032e+10  3.6634e-01
  1.0000e+02  2.4621e+01  5.6000e-01  2.2872e+10  3.6824e-01
  1.0000e+02  2.4621e+01  5.8000e-01  2.1755e+10  3.7279e-01
  1.0000e+02  2.4621e+01  6.0000e-01  2.0430e+10  3.7826e-01
  1.0000e+02  3.0079e+01  1.0000e-02  1.9843e+10  1.3110e+00
  1.0000e+02  3.0079e+01  2.0000e-02  1.9907e+10  1.3031e+00
  1.0000e+02  3.0079e+01  4.0000e-02  1.9176e+10  1.2887e+00
  1.0000e+02  3.0079e+01  6.0000e-02  2.0186e+10  1.2874e+00
  1.0000e+02  3.0079e+01  8.0000e-02  1.6143e+10  1.2671e+00
  1.0000e+02  3.0079e+01  1.0000e-01  1.9812e+10  1.2598e+00
  1.0000e+02  3.0079e+01  1.2000e-01  1.8737e+10  1.2708e+00
  1.0000e+02  3.0079e+01  1.4000e-01  1.0895e+10  1.1777e+00
  1.0000e+02  3.0079e+01  1.6000e-01  1.1743e+10  1.2167e+00
  1.0000e+02  3.0079e+01  1.8000e-01  1.9123e+10  1.2098e+00
  1.0000e+02  3.0079e+01  2.0000e-01  2.7632e+10  1.3354e+00
  1.0000e+02  3.0079e+01  2.2000e-01  2.6860e+10  1.4954e+00
  1.0000e+02  3.0079e+01  2.4000e-01  2.2589e+10  1.5561e+00
  1.0000e+02  3.0079e+01  2.6000e-01  1.8301e+10  1.5951e+00
  1.0000e+02  3.0079e+01  2.8000e-01  1.4611e+10  1.6561e+00
  1.0000e+02  3.0079e+01  3.0000e-01  1.3683e+10  1.7322e+00
  1.0000e+02  3.0079e+01  3.2000e-01  1.2734e+10  1.8135e+00
  1.0000e+02  3.0079e+01  3.4000e-01  1.1552e+10  1.7942e+00
  1.0000e+02  3.0079e+01  3.6000e-01  8.8482e+09  1.7078e+00
  1.0000e+02  3.0079e+01  3.8000e-01  2.3936e+09  1.9988e+00
  1.0000e+02  3.0079e+01  4.0000e-01  1.7894e+09  1.7065e+00
  1.0000e+02  3.0079e+01  4.2000e-01  2.9263e+10  1.5148e+00
  1.0000e+02  3.0079e+01  4.4000e-01  2.6446e+08  1.1607e+00
  1.0000e+02  3.0079e+01  4.6000e-01  2.8417e+07  8.1186e-01
  1.0000e+02  3.0079e+01  4.8000e-01  3.1616e+09  1.7785e+00
  1.0000e+02  3.0079e+01  5.0000e-01  2.5824e+10  3.9591e-01
  1.0000e+02  3.0079e+01  5.2000e-01  2.2745e+10  3.6717e-01
  1.0000e+02  3.0079e+01  5.4000e-01  2.1824e+10  3.7054e-01
  1.0000e+02  3.0079e+01  5.6000e-01  2.0739e+10  3.7096e-01
  1.0000e+02  3.0079e+01  5.8000e-01  1.9585e+10  3.7581e-01
  1.0000e+02  3.0079e+01  6.0000e-01  1.8342e+10  3.7790e-01
  1.0000e+02  3.6747e+01  1.0000e-02  1.8385e+10  1.3250e+00
  1.0000e+02  3.6747e+01  2.0000e-02  1.9482e+10  1.3140e+00
  1.0000e+02  3.6747e+01  4.0000e-02  1.9794e+10  1.3045e+00
  1.0000e+02  3.6747e+01  6.0000e-02  2.0363e+10  1.2981e+00
  1.0000e+02  3.6747e+01  8.0000e-02  1.7935e+10  1.2742e+00
  1.0000e+02  3.6747e+01  1.0000e-01  1.8342e+10  1.2756e+00
  1.0000e+02  3.6747e+01  1.2000e-01  2.2061e+10  1.2830e+00
  1.0000e+02  3.6747e+01  1.4000e-01  1.3762e+10  1.1949e+00
  1.0000e+02  3.6747e+01  1.6000e-01  1.0440e+10  1.2437e+00
  1.0000e+02  3.6747e+01  1.8000e-01  1.5027e+10  1.2123e+00
  1.0000e+02  3.6747e+01  2.0000e-01  2.3713e+10  1.2562e+00
  1.0000e+02  3.6747e+01  2.2000e-01  2.8624e+10  1.4282e+00
  1.0000e+02  3.6747e+01  2.4000e-01  2.5594e+10  1.5316e+00
  1.0000e+02  3.6747e+01  2.6000e-01  2.1790e+10  1.5860e+00
  1.0000e+02  3.6747e+01  2.8000e-01  1.8060e+10  1.6214e+00
  1.0000e+02  3.6747e+01  3.0000e-01  1.5651e+10  1.6573e+00
  1.0000e+02  3.6747e+01  3.2000e-01  1.3554e+10  1.6937e+00
  1.0000e+02  3.6747e+01  3.4000e-01  1.0914e+10  1.7567e+00
  1.0000e+02  3.6747e+01  3.6000e-01  8.7574e+09  1.7600e+00
  1.0000e+02  3.6747e+01  3.8000e-01  2.8743e+09  1.9950e+00
  1.0000e+02  3.6747e+01  4.0000e-01  1.4027e+09  1.8748e+00
  1.0000e+02  3.6747e+01  4.2000e-01  2.3941e+10  1.4952e+00
  1.0000e+02  3.6747e+01  4.4000e-01  1.5811e+08  1.1606e+00
  1.0000e+02  3.6747e+01  4.6000e-01  2.7894e+07  8.2301e-01
  1.0000e+02  3.6747e+01  4.8000e-01  2.4088e+09  1.7177e+00
  1.0000e+02  3.6747e+01  5.0000e-01  2.3765e+10  4.0591e-01
  1.0000e+02  3.6747e+01  5.2000e-01  2.0297e+10  3.7339e-01
  1.0000e+02  3.6747e+01  5.4000e-01  1.9311e+10  3.7666e-01
  1.0000e+02  3.6747e+01  5.6000e-01  1.8164e+10  3.7672e-01
  1.0000e+02  3.6747e+01  5.8000e-01  1.7082e+10  3.8035e-01
  1.0000e+02  3.6747e+01  6.0000e-01  1.5889e+10  3.8433e-01
  1.0000e+02  4.4893e+01  1.0000e-02  1.7354e+10  1.3439e+00
  1.0000e+02  4.4893e+01  2.0000e-02  1.8296e+10  1.3294e+00
  1.0000e+02  4.4893e+01  4.0000e-02  1.9402e+10  1.3155e+00
  1.0000e+02  4.4893e+01  6.0000e-02  1.9830e+10  1.3075e+00
  1.0000e+02  4.4893e+01  8.0000e-02  1.9615e+10  1.2974e+00
  1.0000e+02  4.4893e+01  1.0000e-01  1.6570e+10  1.2677e+00
  1.0000e+02  4.4893e+01  1.2000e-01  2.2617e+10  1.2775e+00
  1.0000e+02  4.4893e+01  1.4000e-01  1.8690e+10  1.2733e+00
  1.0000e+02  4.4893e+01  1.6000e-01  1.1129e+10  1.1802e+00
  1.0000e+02  4.4893e+01  1.8000e-01  1.1554e+10  1.2542e+00
  1.0000e+02  4.4893e+01  2.0000e-01  1.6991e+10  1.2122e+00
  1.0000e+02  4.4893e+01  2.2000e-01  2.5435e+10  1.2841e+00
  1.0000e+02  4.4893e+01  2.4000e-01  2.8587e+10  1.4601e+00
  1.0000e+02  4.4893e+01  2.6000e-01  2.5798e+10  1.5681e+00
  1.0000e+02  4.4893e+01  2.8000e-01  2.2505e+10  1.5819e+00
  1.0000e+02  4.4893e+01  3.0000e-01  1.8924e+10  1.5925e+00
  1.0000e+02  4.4893e+01  3.2000e-01  1.5449e+10  1.5893e+00
  1.0000e+02  4.4893e+01  3.4000e-01  1.2382e+10  1.6191e+00
  1.0000e+02  4.4893e+01  3.6000e-01  8.9201e+09  1.7080e+00
  1.0000e+02  4.4893e+01  3.8000e-01  4.3829e+09  1.9434e+00
  1.0000e+02  4.4893e+01  4.0000e-01  9.2740e+08  2.3281e+00
  1.0000e+02  4.4893e+01  4.2000e-01  1.3466e+10  1.4364e+00
  1.0000e+02  4.4893e+01  4.4000e-01  9.7662e+07  1.2104e+00
  1.0000e+02  4.4893e+01  4.6000e-01  2.6144e+07  8.2445e-01
  1.0000e+02  4.4893e+01  4.8000e-01  1.6606e+09  1.6603e+00
  1.0000e+02  4.4893e+01  5.0000e-01  2.1384e+10  4.1751e-01
  1.0000e+02  4.4893e+01  5.2000e-01  1.7521e+10  3.7977e-01
  1.0000e+02  4.4893e+01  5.4000e-01  1.6399e+10  3.8208e-01
  1.0000e+02  4.4893e+01  5.6000e-01  1.5285e+10  3.8401e-01
  1.0000e+02  4.4893e+01  5.8000e-01  1.4192e+10  3.8737e-01
  1.0000e+02  4.4893e+01  6.0000e-01  1.3155e+10  3.9257e-01
  1.0000e+02  5.4844e+01  1.0000e-02  1.7163e+10  1.3554e+00
  1.0000e+02  5.4844e+01  2.0000e-02  1.7483e+10  1.3453e+00
  1.0000e+02  5.4844e+01  4.0000e-02  1.8644e+10  1.3294e+00
  1.0000e+02  5.4844e+01  6.0000e-02  1.8636e+10  1.3164e+00
  1.0000e+02  5.4844e+01  8.0000e-02  1.9932e+10  1.3093e+00
  1.0000e+02  5.4844e+01  1.0000e-01  1.6295e+10  1.2750e+00
  1.0000e+02  5.4844e+01  1.2000e-01  2.0160e+10  1.2880e+00
  1.0000e+02  5.4844e+01  1.4000e-01  2.4476e+10  1.2868e+00
  1.0000e+02  5.4844e+01  1.6000e-01  1.5974e+10  1.2395e+00
  1.0000e+02  5.4844e+01  1.8000e-01  9.6073e+09  1.2020e+00
  1.0000e+02  5.4844e+01  2.0000e-01  1.1107e+10  1.2362e+00
  1.0000e+02  5.4844e+01  2.2000e-01  1.6092e+10  1.1908e+00
  1.0000e+02  5.4844e+01  2.4000e-01  2.4443e+10  1.2196e+00
  1.0000e+02  5.4844e+01  2.6000e-01  3.0031e+10  1.5236e+00
  1.0000e+02  5.4844e+01  2.8000e-01  2.8177e+10  1.5208e+00
  1.0000e+02  5.4844e+01  3.0000e-01  2.4440e+10  1.5136e+00
  1.0000e+02  5.4844e+01  3.2000e-01  2.1174e+10  1.5383e+00
  1.0000e+02  5.4844e+01  3.4000e-01  1.8332e+10  1.5982e+00
  1.0000e+02  5.4844e+01  3.6000e-01  2.3136e+10  1.6486e+00
  1.0000e+02  5.4844e+01  3.8000e-01  2.6834e+10  1.8872e+00
  1.0000e+02  5.4844e+01  4.0000e-01  1.8364e+09  1.9230e+00
  1.0000e+02  5.4844e+01  4.2000e-01  3.9797e+09  1.3169e+00
  1.0000e+02  5.4844e+01  4.4000e-01  5.8740e+07  1.2459e+00
  1.0000e+02  5.4844e+01  4.6000e-01  2.3243e+07  8.3562e-01
  1.0000e+02  5.4844e+01  4.8000e-01  8.5087e+08  1.5280e+00
  1.0000e+02  5.4844e+01  5.0000e-01  1.8858e+10  4.3325e-01
  1.0000e+02  5.4844e+01  5.2000e-01  1.4556e+10  3.8881e-01
  1.0000e+02  5.4844e+01  5.4000e-01  1.3291e+10  3.9011e-01
  1.0000e+02  5.4844e+01  5.6000e-01  1.2296e+10  3.9345e-01
  1.0000e+02  5.4844e+01  5.8000e-01  1.1257e+10  3.9880e-01
  1.0000e+02  5.4844e+01  6.0000e-01  1.0249e+10  4.0195e-01
  1.0000e+02  6.7002e+01  1.0000e-02  1.7227e+10  1.3590e+00
  1.0000e+02  6.7002e+01  2.0000e-02  1.7245e+10  1.3559e+00
  1.0000e+02  6.7002e+01  4.0000e-02  1.8027e+10  1.3437e+00
  1.0000e+02  6.7002e+01  6.0000e-02  1.7401e+10  1.3303e+00
  1.0000e+02  6.7002e+01  8.0000e-02  1.9879e+10  1.3201e+00
  1.0000e+02  6.7002e+01  1.0000e-01  1.6041e+10  1.2910e+00
  1.0000e+02  6.7002e+01  1.2000e-01  1.8709e+10  1.2950e+00
  1.0000e+02  6.7002e+01  1.4000e-01  2.5248e+10  1.2842e+00
  1.0000e+02  6.7002e+01  1.6000e-01  2.0142e+10  1.2880e+00
  1.0000e+02  6.7002e+01  1.8000e-01  1.1876e+10  1.1994e+00
  1.0000e+02  6.7002e+01  2.0000e-01  8.9910e+09  1.2396e+00
  1.0000e+02  6.7002e+01  2.2000e-01  1.1072e+10  1.2202e+00
  1.0000e+02  6.7002e+01  2.4000e-01  1.5198e+10  1.1764e+00
  1.0000e+02  6.7002e+01  2.6000e-01  2.2532e+10  1.2022e+00
  1.0000e+02  6.7002e+01  2.8000e-01  3.0237e+10  1.4912e+00
  1.0000e+02  6.7002e+01  3.0000e-01  2.8903e+10  1.4546e+00
  1.0000e+02  6.7002e+01  3.2000e-01  3.0253e+10  1.5070e+00
  1.0000e+02  6.7002e+01  3.4000e-01  2.7451e+10  1.5483e+00
  1.0000e+02  6.7002e+01  3.6000e-01  2.3565e+10  1.6019e+00
  1.0000e+02  6.7002e+01  3.8000e-01  2.5428e+10  1.7639e+00
  1.0000e+02  6.7002e+01  4.0000e-01  7.6632e+09  1.7055e+00
  1.0000e+02  6.7002e+01  4.2000e-01  4.1288e+09  1.8463e+00
  1.0000e+02  6.7002e+01  4.4000e-01  3.2631e+07  1.1973e+00
  1.0000e+02  6.7002e+01  4.6000e-01  1.9725e+07  8.3028e-01
  1.0000e+02  6.7002e+01  4.8000e-01  2.2257e+08  1.1050e+00
  1.0000e+02  6.7002e+01  5.0000e-01  1.6176e+10  4.5225e-01
  1.0000e+02  6.7002e+01  5.2000e-01  1.1495e+10  3.9640e-01
  1.0000e+02  6.7002e+01  5.4000e-01  1.0308e+10  4.0069e-01
  1.0000e+02  6.7002e+01  5.6000e-01  9.2814e+09  4.0050e-01
  1.0000e+02  6.7002e+01  5.8000e-01  8.4458e+09  4.0722e-01
  1.0000e+02  6.7002e+01  6.0000e-01  7.5801e+09  4.1039e-01
  1.0000e+02  8.1855e+01  1.0000e-02  1.7290e+10  1.3574e+00
  1.0000e+02  8.1855e+01  2.0000e-02  1.7211e+10  1.3601e+00
  1.0000e+02  8.1855e+01  4.0000e-02  1.7592e+10  1.3546e+00
  1.0000e+02  8.1855e+01  6.0000e-02  1.6550e+10  1.3452e+00
  1.0000e+02  8.1855e+01  8.0000e-02  1.9589e+10  1.3314e+00
  1.0000e+02  8.1855e+01  1.0000e-01  1.5842e+10  1.3104e+00
  1.0000e+02  8.1855e+01  1.2000e-01  1.7184e+10  1.3012e+00
  1.0000e+02  8.1855e+01  1.4000e-01  2.4225e+10  1.2968e+00
  1.0000e+02  8.1855e+01  1.6000e-01  2.3209e+10  1.3144e+00
  1.0000e+02  8.1855e+01  1.8000e-01  1.3947e+10  1.2311e+00
  1.0000e+02  8.1855e+01  2.0000e-01  9.0332e+09  1.2224e+00
  1.0000e+02  8.1855e+01  2.2000e-01  9.9480e+09  1.2371e+00
  1.0000e+02  8.1855e+01  2.4000e-01  1.2787e+10  1.1946e+00
  1.0000e+02  8.1855e+01  2.6000e-01  1.7297e+10  1.1863e+00
  1.0000e+02  8.1855e+01  2.8000e-01  2.5266e+10  1.1775e+00
  1.0000e+02  8.1855e+01  3.0000e-01  3.1243e+10  1.4811e+00
  1.0000e+02  8.1855e+01  3.2000e-01  2.8667e+10  1.4738e+00
  1.0000e+02  8.1855e+01  3.4000e-01  2.1153e+10  1.4278e+00
  1.0000e+02  8.1855e+01  3.6000e-01  2.0794e+10  1.5270e+00
  1.0000e+02  8.1855e+01  3.8000e-01  2.2756e+10  1.7170e+00
  1.0000e+02  8.1855e+01  4.0000e-01  1.2906e+10  1.7604e+00
  1.0000e+02  8.1855e+01  4.2000e-01  1.8630e+10  2.1240e+00
  1.0000e+02  8.1855e+01  4.4000e-01  2.3549e+07  1.1323e+00
  1.0000e+02  8.1855e+01  4.6000e-01  1.5965e+07  8.2983e-01
  1.0000e+02  8.1855e+01  4.8000e-01  1.2023e+08  9.3101e-01
  1.0000e+02  8.1855e+01  5.0000e-01  1.3430e+10  4.7722e-01
  1.0000e+02  8.1855e+01  5.2000e-01  8.6427e+09  4.0804e-01
  1.0000e+02  8.1855e+01  5.4000e-01  7.5888e+09  4.1052e-01
  1.0000e+02  8.1855e+01  5.6000e-01  6.7541e+09  4.1180e-01
  1.0000e+02  8.1855e+01  5.8000e-01  6.0709e+09  4.1884e-01
  1.0000e+02  8.1855e+01  6.0000e-01  5.3465e+09  4.1986e-01
  1.0000e+02  1.0000e+02  1.0000e-02  1.7373e+10  1.3536e+00
  1.0000e+02  1.0000e+02  2.0000e-02  1.7224e+10  1.3594e+00
  1.0000e+02  1.0000e+02  4.0000e-02  1.7176e+10  1.3608e+00
  1.0000e+02  1.0000e+02  6.0000e-02  1.6203e+10  1.3556e+00
  1.0000e+02  1.0000e+02  8.0000e-02  1.8956e+10  1.3437e+00
  1.0000e+02  1.0000e+02  1.0000e-01  1.6043e+10  1.3299e+00
  1.0000e+02  1.0000e+02  1.2000e-01  1.5564e+10  1.3126e+00
  1.0000e+02  1.0000e+02  1.4000e-01  2.1947e+10  1.3086e+00
  1.0000e+02  1.0000e+02  1.6000e-01  2.4901e+10  1.3180e+00
  1.0000e+02  1.0000e+02  1.8000e-01  1.6169e+10  1.2680e+00
  1.0000e+02  1.0000e+02  2.0000e-01  9.8717e+09  1.2224e+00
  1.0000e+02  1.0000e+02  2.2000e-01  9.3653e+09  1.2473e+00
  1.0000e+02  1.0000e+02  2.4000e-01  1.1559e+10  1.2221e+00
  1.0000e+02  1.0000e+02  2.6000e-01  1.4768e+10  1.1794e+00
  1.0000e+02  1.0000e+02  2.8000e-01  2.1232e+10  1.1993e+00
  1.0000e+02  1.0000e+02  3.0000e-01  2.8836e+10  1.4953e+00
  1.0000e+02  1.0000e+02  3.2000e-01  2.8795e+10  1.4663e+00
  1.0000e+02  1.0000e+02  3.4000e-01  2.1397e+10  1.4148e+00
  1.0000e+02  1.0000e+02  3.6000e-01  1.8984e+10  1.4637e+00
  1.0000e+02  1.0000e+02  3.8000e-01  2.0611e+10  1.6415e+00
  1.0000e+02  1.0000e+02  4.0000e-01  1.5774e+10  1.7508e+00
  1.0000e+02  1.0000e+02  4.2000e-01  1.2454e+10  1.8420e+00
  1.0000e+02  1.0000e+02  4.4000e-01  1.3892e+08  3.8636e-01
  1.0000e+02  1.0000e+02  4.6000e-01  1.2631e+07  8.3020e-01
  1.0000e+02  1.0000e+02  4.8000e-01  7.7263e+07  8.4218e-01
  1.0000e+02  1.0000e+02  5.0000e-01  1.0738e+10  5.0821e-01
  1.0000e+02  1.0000e+02  5.2000e-01  6.1928e+09  4.2256e-01
  1.0000e+02  1.0000e+02  5.4000e-01  5.3975e+09  4.2293e-01
  1.0000e+02  1.0000e+02  5.6000e-01  4.7526e+09  4.2539e-01
  1.0000e+02  1.0000e+02  5.8000e-01  4.1603e+09  4.2598e-01
  1.0000e+02  1.0000e+02  6.0000e-01  3.6374e+09  4.2753e-01
  1.0000e+02  1.5000e+02  1.0000e-02  1.7451e+10  1.3416e+00
  1.0000e+02  1.5000e+02  2.0000e-02  1.7332e+10  1.3513e+00
  1.0000e+02  1.5000e+02  4.0000e-02  1.6884e+10  1.3613e+00
  1.0000e+02  1.5000e+02  6.0000e-02  1.6867e+10  1.3625e+00
  1.0000e+02  1.5000e+02  8.0000e-02  1.6092e+10  1.3638e+00
  1.0000e+02  1.5000e+02  1.0000e-01  1.7818e+10  1.3534e+00
  1.0000e+02  1.5000e+02  1.2000e-01  1.3782e+10  1.3425e+00
  1.0000e+02  1.5000e+02  1.4000e-01  1.5364e+10  1.3354e+00
  1.0000e+02  1.5000e+02  1.6000e-01  2.1491e+10  1.3232e+00
  1.0000e+02  1.5000e+02  1.8000e-01  2.2203e+10  1.3329e+00
  1.0000e+02  1.5000e+02  2.0000e-01  1.3828e+10  1.2686e+00
  1.0000e+02  1.5000e+02  2.2000e-01  9.2875e+09  1.2480e+00
  1.0000e+02  1.5000e+02  2.4000e-01  9.4600e+09  1.2651e+00
  1.0000e+02  1.5000e+02  2.6000e-01  1.1724e+10  1.2375e+00
  1.0000e+02  1.5000e+02  2.8000e-01  1.4138e+10  1.1964e+00
  1.0000e+02  1.5000e+02  3.0000e-01  1.8892e+10  1.2029e+00
  1.0000e+02  1.5000e+02  3.2000e-01  2.5792e+10  1.5103e+00
  1.0000e+02  1.5000e+02  3.4000e-01  2.5953e+10  1.4706e+00
  1.0000e+02  1.5000e+02  3.6000e-01  1.8169e+10  1.3960e+00
  1.0000e+02  1.5000e+02  3.8000e-01  1.6925e+10  1.4723e+00
  1.0000e+02  1.5000e+02  4.0000e-01  1.6816e+10  1.6394e+00
  1.0000e+02  1.5000e+02  4.2000e-01  1.1049e+10  1.7036e+00
  1.0000e+02  1.5000e+02  4.4000e-01  1.2308e+10  1.8923e+00
  1.0000e+02  1.5000e+02  4.6000e-01  1.4853e+08  4.9852e-01
  1.0000e+02  1.5000e+02  4.8000e-01  3.3850e+07  8.4140e-01
  1.0000e+02  1.5000e+02  5.0000e-01  5.4427e+09  6.0683e-01
  1.0000e+02  1.5000e+02  5.2000e-01  2.8081e+09  4.4575e-01
  1.0000e+02  1.5000e+02  5.4000e-01  2.3883e+09  4.4189e-01
  1.0000e+02  1.5000e+02  5.6000e-01  2.0750e+09  4.4209e-01
  1.0000e+02  1.5000e+02  5.8000e-01  1.7910e+09  4.4116e-01
  1.0000e+02  1.5000e+02  6.0000e-01  1.5386e+09  4.4144e-01
  1.0000e+02  2.0000e+02  1.0000e-02  1.7475e+10  1.3324e+00
  1.0000e+02  2.0000e+02  2.0000e-02  1.7313e+10  1.3442e+00
  1.0000e+02  2.0000e+02  4.0000e-02  1.6880e+10  1.3560e+00
  1.0000e+02  2.0000e+02  6.0000e-02  1.6323e+10  1.3626e+00
  1.0000e+02  2.0000e+02  8.0000e-02  1.5699e+10  1.3638e+00
  1.0000e+02  2.0000e+02  1.0000e-01  1.5819e+10  1.3643e+00
  1.0000e+02  2.0000e+02  1.2000e-01  1.6122e+10  1.3577e+00
  1.0000e+02  2.0000e+02  1.4000e-01  1.2672e+10  1.3507e+00
  1.0000e+02  2.0000e+02  1.6000e-01  1.4513e+10  1.3477e+00
  1.0000e+02  2.0000e+02  1.8000e-01  1.9492e+10  1.3381e+00
  1.0000e+02  2.0000e+02  2.0000e-01  1.9506e+10  1.3362e+00
  1.0000e+02  2.0000e+02  2.2000e-01  1.2476e+10  1.2744e+00
  1.0000e+02  2.0000e+02  2.4000e-01  8.8935e+09  1.2592e+00
  1.0000e+02  2.0000e+02  2.6000e-01  9.0638e+09  1.2805e+00
  1.0000e+02  2.0000e+02  2.8000e-01  1.1135e+10  1.2534e+00
  1.0000e+02  2.0000e+02  3.0000e-01  1.3098e+10  1.2165e+00
  1.0000e+02  2.0000e+02  3.2000e-01  1.5929e+10  1.2032e+00
  1.0000e+02  2.0000e+02  3.4000e-01  2.1944e+10  1.4999e+00
  1.0000e+02  2.0000e+02  3.6000e-01  2.3280e+10  1.4811e+00
  1.0000e+02  2.0000e+02  3.8000e-01  1.6112e+10  1.4054e+00
  1.0000e+02  2.0000e+02  4.0000e-01  1.4041e+10  1.4616e+00
  1.0000e+02  2.0000e+02  4.2000e-01  1.3313e+10  1.6280e+00
  1.0000e+02  2.0000e+02  4.4000e-01  8.7400e+09  1.7381e+00
  1.0000e+02  2.0000e+02  4.6000e-01  9.9589e+09  1.9311e+00
  1.0000e+02  2.0000e+02  4.8000e-01  1.7490e+07  8.5505e-01
  1.0000e+02  2.0000e+02  5.0000e-01  2.4779e+09  7.3203e-01
  1.0000e+02  2.0000e+02  5.2000e-01  1.4900e+09  4.5501e-01
  1.0000e+02  2.0000e+02  5.4000e-01  1.2618e+09  4.5147e-01
  1.0000e+02  2.0000e+02  5.6000e-01  1.0913e+09  4.5125e-01
  1.0000e+02  2.0000e+02  5.8000e-01  9.3304e+08  4.4848e-01
  1.0000e+02  2.0000e+02  6.0000e-01  7.9804e+08  4.5026e-01
  1.0000e+02  2.5000e+02  1.0000e-02  1.7560e+10  1.3219e+00
  1.0000e+02  2.5000e+02  2.0000e-02  1.7322e+10  1.3381e+00
  1.0000e+02  2.5000e+02  4.0000e-02  1.6801e+10  1.3519e+00
  1.0000e+02  2.5000e+02  6.0000e-02  1.6205e+10  1.3579e+00
  1.0000e+02  2.5000e+02  8.0000e-02  1.5723e+10  1.3620e+00
  1.0000e+02  2.5000e+02  1.0000e-01  1.4646e+10  1.3635e+00
  1.0000e+02  2.5000e+02  1.2000e-01  1.5099e+10  1.3633e+00
  1.0000e+02  2.5000e+02  1.4000e-01  1.4656e+10  1.3583e+00
  1.0000e+02  2.5000e+02  1.6000e-01  1.1835e+10  1.3548e+00
  1.0000e+02  2.5000e+02  1.8000e-01  1.3145e+10  1.3528e+00
  1.0000e+02  2.5000e+02  2.0000e-01  1.6961e+10  1.3458e+00
  1.0000e+02  2.5000e+02  2.2000e-01  1.7409e+10  1.3366e+00
  1.0000e+02  2.5000e+02  2.4000e-01  1.1972e+10  1.2906e+00
  1.0000e+02  2.5000e+02  2.6000e-01  8.4930e+09  1.2681e+00
  1.0000e+02  2.5000e+02  2.8000e-01  8.2879e+09  1.2914e+00
  1.0000e+02  2.5000e+02  3.0000e-01  9.9793e+09  1.2706e+00
  1.0000e+02  2.5000e+02  3.2000e-01  1.1674e+10  1.2341e+00
  1.0000e+02  2.5000e+02  3.4000e-01  1.2875e+10  1.2132e+00
  1.0000e+02  2.5000e+02  3.6000e-01  1.7684e+10  1.3132e+00
  1.0000e+02  2.5000e+02  3.8000e-01  2.0361e+10  1.4978e+00
  1.0000e+02  2.5000e+02  4.0000e-01  1.4651e+10  1.4363e+00
  1.0000e+02  2.5000e+02  4.2000e-01  1.0889e+10  1.4370e+00
  1.0000e+02  2.5000e+02  4.4000e-01  9.8537e+09  1.5986e+00
  1.0000e+02  2.5000e+02  4.6000e-01  6.8005e+09  1.8103e+00
  1.0000e+02  2.5000e+02  4.8000e-01  6.0463e+09  1.9070e+00
  1.0000e+02  2.5000e+02  5.0000e-01  1.1068e+09  8.6200e-01
  1.0000e+02  2.5000e+02  5.2000e-01  8.9368e+08  4.6202e-01
  1.0000e+02  2.5000e+02  5.4000e-01  7.5070e+08  4.5822e-01
  1.0000e+02  2.5000e+02  5.6000e-01  6.4653e+08  4.5607e-01
  1.0000e+02  2.5000e+02  5.8000e-01  5.5603e+08  4.5729e-01
  1.0000e+02  2.5000e+02  6.0000e-01  4.7453e+08  4.5406e-01
  1.0000e+02  3.0000e+02  1.0000e-02  1.7634e+10  1.3114e+00
  1.0000e+02  3.0000e+02  2.0000e-02  1.7370e+10  1.3314e+00
  1.0000e+02  3.0000e+02  4.0000e-02  1.6751e+10  1.3482e+00
  1.0000e+02  3.0000e+02  6.0000e-02  1.6121e+10  1.3559e+00
  1.0000e+02  3.0000e+02  8.0000e-02  1.5412e+10  1.3588e+00
  1.0000e+02  3.0000e+02  1.0000e-01  1.4849e+10  1.3599e+00
  1.0000e+02  3.0000e+02  1.2000e-01  1.3756e+10  1.3616e+00
  1.0000e+02  3.0000e+02  1.4000e-01  1.4162e+10  1.3605e+00
  1.0000e+02  3.0000e+02  1.6000e-01  1.3414e+10  1.3566e+00
  1.0000e+02  3.0000e+02  1.8000e-01  1.1064e+10  1.3554e+00
  1.0000e+02  3.0000e+02  2.0000e-01  1.1671e+10  1.3568e+00
  1.0000e+02  3.0000e+02  2.2000e-01  1.4423e+10  1.3525e+00
  1.0000e+02  3.0000e+02  2.4000e-01  1.5425e+10  1.3412e+00
  1.0000e+02  3.0000e+02  2.6000e-01  1.1776e+10  1.3170e+00
  1.0000e+02  3.0000e+02  2.8000e-01  8.1478e+09  1.2783e+00
  1.0000e+02  3.0000e+02  3.0000e-01  7.3643e+09  1.2926e+00
  1.0000e+02  3.0000e+02  3.2000e-01  8.4671e+09  1.2912e+00
  1.0000e+02  3.0000e+02  3.4000e-01  9.9147e+09  1.2571e+00
  1.0000e+02  3.0000e+02  3.6000e-01  1.0716e+10  1.2321e+00
  1.0000e+02  3.0000e+02  3.8000e-01  1.4460e+10  1.2216e+00
  1.0000e+02  3.0000e+02  4.0000e-01  1.6657e+10  1.5378e+00
  1.0000e+02  3.0000e+02  4.2000e-01  1.2890e+10  1.4756e+00
  1.0000e+02  3.0000e+02  4.4000e-01  8.0355e+09  1.4251e+00
  1.0000e+02  3.0000e+02  4.6000e-01  6.5471e+09  1.5813e+00
  1.0000e+02  3.0000e+02  4.8000e-01  3.5551e+09  1.8450e+00
  1.0000e+02  3.0000e+02  5.0000e-01  5.3388e+08  9.5953e-01
  1.0000e+02  3.0000e+02  5.2000e-01  5.8446e+08  4.6789e-01
  1.0000e+02  3.0000e+02  5.4000e-01  4.9185e+08  4.6302e-01
  1.0000e+02  3.0000e+02  5.6000e-01  4.2199e+08  4.5894e-01
  1.0000e+02  3.0000e+02  5.8000e-01  3.6355e+08  4.5656e-01
  1.0000e+02  3.0000e+02  6.0000e-01  3.0987e+08  4.5689e-01
