#The fit is: heating rate = A * (0.5-arctan((t-t_0)/sigma)/pi)^alpha
#[1] tau [ms]
#[2] specific entropy [k_B/baryon]
#[3] electron fraction
#[4] A [erg/s/g day^alpha]
#[5] alpha
#[6] t_0 [s]
#[7] sigma [s]
#      1           2           3           4           5           6           7
  5.0000e-01  3.3246e+00  1.0000e-02  1.2409e+12  1.3620e+00  1.1247e+00  1.0504e-01
  5.0000e-01  3.3246e+00  2.0000e-02  1.4937e+12  1.3682e+00  9.0197e-01  9.1176e-02
  5.0000e-01  3.3246e+00  4.0000e-02  1.7823e+12  1.3735e+00  6.9154e-01  7.9194e-02
  5.0000e-01  3.3246e+00  6.0000e-02  1.8778e+12  1.3768e+00  5.8106e-01  7.7286e-02
  5.0000e-01  3.3246e+00  8.0000e-02  2.0521e+12  1.3742e+00  4.9963e-01  6.9472e-02
  5.0000e-01  3.3246e+00  1.0000e-01  2.2395e+12  1.3678e+00  4.5099e-01  6.4329e-02
  5.0000e-01  3.3246e+00  1.2000e-01  2.4157e+12  1.3604e+00  4.0992e-01  6.2060e-02
  5.0000e-01  3.3246e+00  1.4000e-01  2.8399e+12  1.3457e+00  3.6455e-01  5.5912e-02
  5.0000e-01  3.3246e+00  1.6000e-01  3.9824e+12  1.3170e+00  3.1520e-01  4.4181e-02
  5.0000e-01  3.3246e+00  1.8000e-01  5.9404e+12  1.2825e+00  2.6601e-01  3.4327e-02
  5.0000e-01  3.3246e+00  2.0000e-01  8.1170e+12  1.2568e+00  2.1421e-01  2.9299e-02
  5.0000e-01  3.3246e+00  2.2000e-01  8.8298e+12  1.2510e+00  1.6484e-01  2.7977e-02
  5.0000e-01  3.3246e+00  2.4000e-01  6.6024e+12  1.2771e+00  1.2561e-01  3.2410e-02
  5.0000e-01  3.3246e+00  2.6000e-01  1.0296e+12  1.3272e+00  1.5922e-01  1.0876e-01
  5.0000e-01  3.3246e+00  2.8000e-01  1.3317e+12  1.3350e+00  9.6350e-02  1.0324e-01
  5.0000e-01  3.3246e+00  3.0000e-01  1.9635e+12  1.2999e+00  8.0439e-02  9.9191e-02
  5.0000e-01  3.3246e+00  3.2000e-01  1.7034e+12  1.2845e+00  8.3541e-02  1.2755e-01
  5.0000e-01  3.3246e+00  3.4000e-01  1.3990e+12  1.2970e+00  5.8278e-02  1.4739e-01
  5.0000e-01  3.3246e+00  3.6000e-01  5.7849e+11  1.2680e+00  2.6584e-01  3.2128e-01
  5.0000e-01  3.3246e+00  3.8000e-01  1.2911e+12  1.5814e+00  -3.1307e+00  1.1233e-01
  5.0000e-01  3.3246e+00  4.0000e-01  2.0957e+11  1.6066e+00  -1.1186e+01  2.9056e-01
  5.0000e-01  3.3246e+00  4.2000e-01  8.2281e+08  1.1252e+00  8.7915e+01  4.5678e+01
  5.0000e-01  3.3246e+00  4.4000e-01  5.3624e+08  8.5912e-01  9.4967e+01  3.4079e+01
  5.0000e-01  3.3246e+00  4.6000e-01  1.5226e+07  1.0993e+00  -5.6239e+02  2.6806e+00
  5.0000e-01  3.3246e+00  4.8000e-01  7.4080e+10  5.6057e-01  -3.5121e+03  6.7214e-01
  5.0000e-01  3.3246e+00  5.0000e-01  2.9078e+11  9.1906e-01  1.1431e-01  1.2464e-01
  5.0000e-01  3.3246e+00  5.2000e-01  2.3556e+11  9.6687e-01  2.4355e-01  1.0082e-01
  5.0000e-01  3.3246e+00  5.4000e-01  8.9006e+10  1.2159e+00  2.2543e-01  1.4638e-01
  5.0000e-01  3.3246e+00  5.6000e-01  1.5235e+10  1.6315e+00  -3.8497e-02  1.8580e-01
  5.0000e-01  3.3246e+00  5.8000e-01  2.0383e+11  1.7319e+00  -2.4636e-01  4.5634e-02
  5.0000e-01  3.3246e+00  6.0000e-01  2.0732e+11  1.7468e+00  -2.6733e-01  4.5373e-02
  5.0000e-01  4.0616e+00  1.0000e-02  1.1798e+12  1.3616e+00  1.1462e+00  1.0909e-01
  5.0000e-01  4.0616e+00  2.0000e-02  1.4104e+12  1.3686e+00  9.1339e-01  9.4265e-02
  5.0000e-01  4.0616e+00  4.0000e-02  1.7069e+12  1.3746e+00  6.9343e-01  8.0926e-02
  5.0000e-01  4.0616e+00  6.0000e-02  1.8013e+12  1.3756e+00  5.8617e-01  7.8031e-02
  5.0000e-01  4.0616e+00  8.0000e-02  1.8819e+12  1.3762e+00  5.0939e-01  7.4754e-02
  5.0000e-01  4.0616e+00  1.0000e-01  2.0101e+12  1.3719e+00  4.5909e-01  7.0002e-02
  5.0000e-01  4.0616e+00  1.2000e-01  2.1641e+12  1.3661e+00  4.1517e-01  6.7270e-02
  5.0000e-01  4.0616e+00  1.4000e-01  2.5275e+12  1.3542e+00  3.6569e-01  6.0851e-02
  5.0000e-01  4.0616e+00  1.6000e-01  3.4738e+12  1.3276e+00  3.1497e-01  4.8491e-02
  5.0000e-01  4.0616e+00  1.8000e-01  5.0564e+12  1.2927e+00  2.6930e-01  3.8030e-02
  5.0000e-01  4.0616e+00  2.0000e-01  7.8409e+12  1.2566e+00  2.1263e-01  3.0247e-02
  5.0000e-01  4.0616e+00  2.2000e-01  8.2341e+12  1.2462e+00  1.6923e-01  2.9890e-02
  5.0000e-01  4.0616e+00  2.4000e-01  3.0195e+12  1.2543e+00  1.7060e-01  5.8474e-02
  5.0000e-01  4.0616e+00  2.6000e-01  7.7664e+11  1.3547e+00  1.3972e-01  1.2017e-01
  5.0000e-01  4.0616e+00  2.8000e-01  1.4077e+12  1.3314e+00  8.8278e-02  1.0087e-01
  5.0000e-01  4.0616e+00  3.0000e-01  1.8941e+12  1.2931e+00  8.6931e-02  1.0317e-01
  5.0000e-01  4.0616e+00  3.2000e-01  1.6968e+12  1.2923e+00  7.8278e-02  1.2095e-01
  5.0000e-01  4.0616e+00  3.4000e-01  1.2910e+12  1.2955e+00  7.5803e-02  1.5188e-01
  5.0000e-01  4.0616e+00  3.6000e-01  6.6336e+11  1.2524e+00  2.8403e-01  3.0207e-01
  5.0000e-01  4.0616e+00  3.8000e-01  1.6589e+12  1.5725e+00  -3.0502e+00  9.8011e-02
  5.0000e-01  4.0616e+00  4.0000e-01  7.3203e+08  1.5840e+00  -6.9178e+00  1.0032e+01
  5.0000e-01  4.0616e+00  4.2000e-01  1.0011e+09  1.1091e+00  8.8748e+01  4.2546e+01
  5.0000e-01  4.0616e+00  4.4000e-01  7.6708e+08  7.9356e-01  9.2134e+01  2.6029e+01
  5.0000e-01  4.0616e+00  4.6000e-01  6.0334e+07  1.1753e+00  -5.5095e+02  1.6688e+00
  5.0000e-01  4.0616e+00  4.8000e-01  4.1809e+10  5.6594e-01  -3.0458e+03  1.8162e+00
  5.0000e-01  4.0616e+00  5.0000e-01  4.5575e+11  9.2477e-01  5.1632e-02  8.0817e-02
  5.0000e-01  4.0616e+00  5.2000e-01  2.6522e+11  9.1185e-01  2.8197e-01  9.9905e-02
  5.0000e-01  4.0616e+00  5.4000e-01  1.8837e+11  1.0630e+00  2.1505e-01  1.1106e-01
  5.0000e-01  4.0616e+00  5.6000e-01  9.0407e+10  1.2484e+00  2.0228e-01  1.4902e-01
  5.0000e-01  4.0616e+00  5.8000e-01  2.1265e+10  1.5064e+00  1.1410e-01  1.9343e-01
  5.0000e-01  4.0616e+00  6.0000e-01  1.3451e+11  1.7294e+00  -2.0674e-01  5.2200e-02
  5.0000e-01  4.9619e+00  1.0000e-02  1.0518e+12  1.3606e+00  1.2342e+00  1.2306e-01
  5.0000e-01  4.9619e+00  2.0000e-02  1.3280e+12  1.3674e+00  9.5817e-01  1.0109e-01
  5.0000e-01  4.9619e+00  4.0000e-02  1.5991e+12  1.3740e+00  7.3211e-01  8.6500e-02
  5.0000e-01  4.9619e+00  6.0000e-02  1.7367e+12  1.3745e+00  6.1367e-01  7.9943e-02
  5.0000e-01  4.9619e+00  8.0000e-02  1.7580e+12  1.3749e+00  5.4092e-01  7.9942e-02
  5.0000e-01  4.9619e+00  1.0000e-01  1.8472e+12  1.3736e+00  4.8304e-01  7.7365e-02
  5.0000e-01  4.9619e+00  1.2000e-01  1.9539e+12  1.3717e+00  4.2983e-01  7.5950e-02
  5.0000e-01  4.9619e+00  1.4000e-01  2.2098e+12  1.3644e+00  3.7370e-01  7.0095e-02
  5.0000e-01  4.9619e+00  1.6000e-01  2.8330e+12  1.3439e+00  3.2365e-01  5.8044e-02
  5.0000e-01  4.9619e+00  1.8000e-01  3.9175e+12  1.3095e+00  2.7938e-01  4.5879e-02
  5.0000e-01  4.9619e+00  2.0000e-01  5.1590e+12  1.2716e+00  2.3372e-01  3.9283e-02
  5.0000e-01  4.9619e+00  2.2000e-01  5.0267e+12  1.2290e+00  2.0526e-01  4.3634e-02
  5.0000e-01  4.9619e+00  2.4000e-01  9.4307e+11  1.2819e+00  2.5567e-01  1.0469e-01
  5.0000e-01  4.9619e+00  2.6000e-01  7.4629e+11  1.3616e+00  1.2764e-01  1.2129e-01
  5.0000e-01  4.9619e+00  2.8000e-01  1.6040e+12  1.3323e+00  7.6601e-02  9.2546e-02
  5.0000e-01  4.9619e+00  3.0000e-01  1.9201e+12  1.2986e+00  8.0626e-02  1.0006e-01
  5.0000e-01  4.9619e+00  3.2000e-01  1.5716e+12  1.3044e+00  7.5204e-02  1.1943e-01
  5.0000e-01  4.9619e+00  3.4000e-01  1.1904e+12  1.2888e+00  1.0321e-01  1.5943e-01
  5.0000e-01  4.9619e+00  3.6000e-01  7.0674e+11  1.2438e+00  2.9843e-01  2.9612e-01
  5.0000e-01  4.9619e+00  3.8000e-01  1.6129e+12  1.5469e+00  -2.7909e+00  1.0397e-01
  5.0000e-01  4.9619e+00  4.0000e-01  6.3273e+08  1.5725e+00  -5.2950e+00  1.1043e+01
  5.0000e-01  4.9619e+00  4.2000e-01  1.3641e+09  1.0812e+00  9.0058e+01  3.8355e+01
  5.0000e-01  4.9619e+00  4.4000e-01  1.0256e+09  7.1062e-01  7.9140e+01  2.0689e+01
  5.0000e-01  4.9619e+00  4.6000e-01  4.7594e+08  1.1546e+00  -5.3800e+02  3.6958e-01
  5.0000e-01  4.9619e+00  4.8000e-01  3.5354e+10  5.6876e-01  -2.3875e+03  1.8563e+00
  5.0000e-01  4.9619e+00  5.0000e-01  1.3819e+12  9.2572e-01  -6.5141e-03  2.4651e-02
  5.0000e-01  4.9619e+00  5.2000e-01  2.7733e+11  8.6889e-01  3.5727e-01  9.3319e-02
  5.0000e-01  4.9619e+00  5.4000e-01  2.2487e+11  9.8938e-01  2.2070e-01  1.0622e-01
  5.0000e-01  4.9619e+00  5.6000e-01  1.7155e+11  1.0975e+00  2.0273e-01  1.1655e-01
  5.0000e-01  4.9619e+00  5.8000e-01  1.0757e+11  1.2357e+00  1.8807e-01  1.4203e-01
  5.0000e-01  4.9619e+00  6.0000e-01  5.6267e+10  1.3795e+00  1.5789e-01  1.7160e-01
  5.0000e-01  6.0619e+00  1.0000e-02  8.4343e+11  1.3579e+00  1.5174e+00  1.4759e-01
  5.0000e-01  6.0619e+00  2.0000e-02  1.0802e+12  1.3671e+00  1.1221e+00  1.2248e-01
  5.0000e-01  6.0619e+00  4.0000e-02  1.3523e+12  1.3727e+00  8.2732e-01  1.0274e-01
  5.0000e-01  6.0619e+00  6.0000e-02  1.4826e+12  1.3750e+00  6.9160e-01  9.5362e-02
  5.0000e-01  6.0619e+00  8.0000e-02  1.5707e+12  1.3763e+00  5.9940e-01  9.1122e-02
  5.0000e-01  6.0619e+00  1.0000e-01  1.6491e+12  1.3759e+00  5.3145e-01  8.8014e-02
  5.0000e-01  6.0619e+00  1.2000e-01  1.6823e+12  1.3771e+00  4.7152e-01  8.8234e-02
  5.0000e-01  6.0619e+00  1.4000e-01  1.7604e+12  1.3734e+00  4.0925e-01  8.5134e-02
  5.0000e-01  6.0619e+00  1.6000e-01  2.1170e+12  1.3557e+00  3.5062e-01  7.1963e-02
  5.0000e-01  6.0619e+00  1.8000e-01  2.9373e+12  1.3189e+00  3.0178e-01  5.5579e-02
  5.0000e-01  6.0619e+00  2.0000e-01  3.9674e+12  1.2771e+00  2.5435e-01  4.7256e-02
  5.0000e-01  6.0619e+00  2.2000e-01  4.5539e+12  1.2322e+00  2.1460e-01  4.7785e-02
  5.0000e-01  6.0619e+00  2.4000e-01  1.3767e+12  1.2614e+00  2.2977e-01  9.5953e-02
  5.0000e-01  6.0619e+00  2.6000e-01  8.9553e+11  1.3507e+00  1.1986e-01  1.1665e-01
  5.0000e-01  6.0619e+00  2.8000e-01  1.9555e+12  1.3348e+00  6.3371e-02  8.1601e-02
  5.0000e-01  6.0619e+00  3.0000e-01  2.0306e+12  1.3131e+00  6.6063e-02  9.1073e-02
  5.0000e-01  6.0619e+00  3.2000e-01  1.4871e+12  1.3101e+00  7.6639e-02  1.1956e-01
  5.0000e-01  6.0619e+00  3.4000e-01  1.1564e+12  1.2860e+00  1.1408e-01  1.6211e-01
  5.0000e-01  6.0619e+00  3.6000e-01  7.4442e+11  1.2327e+00  3.2633e-01  2.9756e-01
  5.0000e-01  6.0619e+00  3.8000e-01  1.7201e+12  1.5085e+00  -2.3782e+00  1.0521e-01
  5.0000e-01  6.0619e+00  4.0000e-01  5.2266e+08  1.5581e+00  -2.9172e+00  1.2484e+01
  5.0000e-01  6.0619e+00  4.2000e-01  2.0026e+09  1.0430e+00  9.0072e+01  3.4211e+01
  5.0000e-01  6.0619e+00  4.4000e-01  7.9066e+08  6.3724e-01  3.4865e+01  2.2523e+01
  5.0000e-01  6.0619e+00  4.6000e-01  1.1753e+08  1.0789e+00  -5.1682e+02  1.5113e+00
  5.0000e-01  6.0619e+00  4.8000e-01  3.4438e+10  5.8429e-01  -1.9222e+03  1.2798e+00
  5.0000e-01  6.0619e+00  5.0000e-01  1.4330e+12  9.2208e-01  -6.9593e-02  2.3889e-02
  5.0000e-01  6.0619e+00  5.2000e-01  2.8003e+11  8.5675e-01  4.1092e-01  8.3464e-02
  5.0000e-01  6.0619e+00  5.4000e-01  2.0356e+11  9.2564e-01  2.8813e-01  1.1299e-01
  5.0000e-01  6.0619e+00  5.6000e-01  1.9409e+11  1.0224e+00  2.0628e-01  1.1060e-01
  5.0000e-01  6.0619e+00  5.8000e-01  1.6652e+11  1.1230e+00  1.8266e-01  1.1876e-01
  5.0000e-01  6.0619e+00  6.0000e-01  1.2483e+11  1.2250e+00  1.7212e-01  1.3589e-01
  5.0000e-01  7.4057e+00  1.0000e-02  5.0436e+11  1.3618e+00  2.3929e+00  1.9641e-01
  5.0000e-01  7.4057e+00  2.0000e-02  7.3562e+11  1.3646e+00  1.6359e+00  1.5270e-01
  5.0000e-01  7.4057e+00  4.0000e-02  9.5466e+11  1.3711e+00  1.1578e+00  1.2874e-01
  5.0000e-01  7.4057e+00  6.0000e-02  1.0576e+12  1.3753e+00  9.4543e-01  1.2024e-01
  5.0000e-01  7.4057e+00  8.0000e-02  1.1197e+12  1.3787e+00  8.0075e-01  1.1472e-01
  5.0000e-01  7.4057e+00  1.0000e-01  1.1852e+12  1.3781e+00  7.0060e-01  1.0937e-01
  5.0000e-01  7.4057e+00  1.2000e-01  1.1553e+12  1.3814e+00  6.1573e-01  1.1306e-01
  5.0000e-01  7.4057e+00  1.4000e-01  1.1937e+12  1.3833e+00  5.0438e-01  1.0931e-01
  5.0000e-01  7.4057e+00  1.6000e-01  1.6582e+12  1.3582e+00  4.0612e-01  8.3518e-02
  5.0000e-01  7.4057e+00  1.8000e-01  2.7086e+12  1.3111e+00  3.4058e-01  6.0081e-02
  5.0000e-01  7.4057e+00  2.0000e-01  3.8178e+12  1.2742e+00  2.7878e-01  5.0789e-02
  5.0000e-01  7.4057e+00  2.2000e-01  4.7662e+12  1.2451e+00  2.1209e-01  4.8126e-02
  5.0000e-01  7.4057e+00  2.4000e-01  2.7043e+12  1.2494e+00  1.7357e-01  7.1615e-02
  5.0000e-01  7.4057e+00  2.6000e-01  1.0364e+12  1.3428e+00  1.1423e-01  1.1247e-01
  5.0000e-01  7.4057e+00  2.8000e-01  2.1651e+12  1.3378e+00  5.7230e-02  7.5596e-02
  5.0000e-01  7.4057e+00  3.0000e-01  2.0997e+12  1.3227e+00  5.8598e-02  8.5157e-02
  5.0000e-01  7.4057e+00  3.2000e-01  1.4580e+12  1.3103e+00  7.9105e-02  1.1993e-01
  5.0000e-01  7.4057e+00  3.4000e-01  1.1768e+12  1.2827e+00  1.1825e-01  1.6131e-01
  5.0000e-01  7.4057e+00  3.6000e-01  7.7822e+11  1.2219e+00  3.5693e-01  3.0231e-01
  5.0000e-01  7.4057e+00  3.8000e-01  1.8391e+12  1.4642e+00  -1.8927e+00  1.0577e-01
  5.0000e-01  7.4057e+00  4.0000e-01  4.4220e+08  1.5441e+00  -3.2416e-01  1.3857e+01
  5.0000e-01  7.4057e+00  4.2000e-01  3.3075e+09  9.8578e-01  8.6027e+01  3.0549e+01
  5.0000e-01  7.4057e+00  4.4000e-01  2.7179e+09  7.0264e-01  -4.2654e+01  1.1144e+00
  5.0000e-01  7.4057e+00  4.6000e-01  9.5140e+07  1.0015e+00  -4.8738e+02  2.0308e+00
  5.0000e-01  7.4057e+00  4.8000e-01  2.1263e+10  6.0821e-01  -1.5026e+03  1.6499e+00
  5.0000e-01  7.4057e+00  5.0000e-01  1.6017e+12  9.2241e-01  -2.1577e-01  2.1271e-02
  5.0000e-01  7.4057e+00  5.2000e-01  2.6009e+11  8.6326e-01  4.4966e-01  7.7635e-02
  5.0000e-01  7.4057e+00  5.4000e-01  1.9379e+11  8.8770e-01  3.6707e-01  1.0346e-01
  5.0000e-01  7.4057e+00  5.6000e-01  1.6337e+11  9.5078e-01  2.7337e-01  1.1927e-01
  5.0000e-01  7.4057e+00  5.8000e-01  1.6180e+11  1.0256e+00  2.0452e-01  1.1556e-01
  5.0000e-01  7.4057e+00  6.0000e-01  1.5045e+11  1.1029e+00  1.8061e-01  1.1789e-01
  5.0000e-01  9.0474e+00  1.0000e-02  5.7696e+09  1.7177e+00  4.9079e+00  3.4968e+00
  5.0000e-01  9.0474e+00  2.0000e-02  1.7467e+10  1.6404e+00  3.8357e+00  1.1512e+00
  5.0000e-01  9.0474e+00  4.0000e-02  1.7664e+11  1.4630e+00  2.4111e+00  3.5063e-01
  5.0000e-01  9.0474e+00  6.0000e-02  3.3310e+11  1.4264e+00  1.7648e+00  2.3577e-01
  5.0000e-01  9.0474e+00  8.0000e-02  4.4315e+11  1.4168e+00  1.3577e+00  1.9278e-01
  5.0000e-01  9.0474e+00  1.0000e-01  5.7924e+11  1.4038e+00  1.0960e+00  1.6319e-01
  5.0000e-01  9.0474e+00  1.2000e-01  6.6705e+11  1.3993e+00  8.7920e-01  1.5231e-01
  5.0000e-01  9.0474e+00  1.4000e-01  8.4033e+11  1.3924e+00  6.4557e-01  1.3048e-01
  5.0000e-01  9.0474e+00  1.6000e-01  1.5103e+12  1.3501e+00  4.8558e-01  8.9243e-02
  5.0000e-01  9.0474e+00  1.8000e-01  2.6870e+12  1.3008e+00  3.8931e-01  6.2802e-02
  5.0000e-01  9.0474e+00  2.0000e-01  3.6963e+12  1.2721e+00  3.0685e-01  5.3832e-02
  5.0000e-01  9.0474e+00  2.2000e-01  4.5239e+12  1.2518e+00  2.2525e-01  5.0896e-02
  5.0000e-01  9.0474e+00  2.4000e-01  3.4919e+12  1.2482e+00  1.6127e-01  6.3014e-02
  5.0000e-01  9.0474e+00  2.6000e-01  1.0345e+12  1.3396e+00  1.1819e-01  1.1413e-01
  5.0000e-01  9.0474e+00  2.8000e-01  2.0030e+12  1.3406e+00  5.9229e-02  7.8360e-02
  5.0000e-01  9.0474e+00  3.0000e-01  2.0332e+12  1.3254e+00  5.8804e-02  8.5294e-02
  5.0000e-01  9.0474e+00  3.2000e-01  1.5279e+12  1.3067e+00  7.9404e-02  1.1680e-01
  5.0000e-01  9.0474e+00  3.4000e-01  1.2446e+12  1.2768e+00  1.2063e-01  1.5856e-01
  5.0000e-01  9.0474e+00  3.6000e-01  8.2446e+11  1.2092e+00  3.9294e-01  3.0757e-01
  5.0000e-01  9.0474e+00  3.8000e-01  1.7786e+12  1.4178e+00  -1.3962e+00  1.1240e-01
  5.0000e-01  9.0474e+00  4.0000e-01  3.8436e+08  1.5310e+00  1.9715e+00  1.5458e+01
  5.0000e-01  9.0474e+00  4.2000e-01  4.9707e+09  9.0617e-01  6.6718e+01  3.3852e+01
  5.0000e-01  9.0474e+00  4.4000e-01  1.3678e+09  7.9361e-01  -1.0976e+02  1.4220e+00
  5.0000e-01  9.0474e+00  4.6000e-01  1.4472e+08  9.1054e-01  -4.5775e+02  1.4022e+00
  5.0000e-01  9.0474e+00  4.8000e-01  1.6122e+10  6.5870e-01  -1.1915e+03  1.2008e+00
  5.0000e-01  9.0474e+00  5.0000e-01  7.2836e+11  9.3666e-01  -6.6923e-01  5.0314e-02
  5.0000e-01  9.0474e+00  5.2000e-01  2.0662e+11  8.8428e-01  4.5774e-01  8.1296e-02
  5.0000e-01  9.0474e+00  5.4000e-01  1.6637e+11  8.7933e-01  4.5194e-01  9.7346e-02
  5.0000e-01  9.0474e+00  5.6000e-01  1.3735e+11  9.1017e-01  3.7117e-01  1.1605e-01
  5.0000e-01  9.0474e+00  5.8000e-01  1.1981e+11  9.5701e-01  2.9868e-01  1.2981e-01
  5.0000e-01  9.0474e+00  6.0000e-01  1.1873e+11  1.0137e+00  2.2749e-01  1.2610e-01
  5.0000e-01  1.1053e+01  1.0000e-02  1.5016e+12  1.8276e+00  -3.8362e+00  1.7993e-01
  5.0000e-01  1.1053e+01  2.0000e-02  1.3894e+10  1.7327e+00  -8.0384e-02  2.7078e+00
  5.0000e-01  1.1053e+01  4.0000e-02  2.2536e+10  1.6871e+00  1.1551e+00  1.7561e+00
  5.0000e-01  1.1053e+01  6.0000e-02  2.8054e+10  1.6852e+00  1.1208e+00  1.1909e+00
  5.0000e-01  1.1053e+01  8.0000e-02  3.7284e+10  1.6626e+00  1.1303e+00  8.0437e-01
  5.0000e-01  1.1053e+01  1.0000e-01  9.5593e+10  1.5685e+00  1.1399e+00  4.7320e-01
  5.0000e-01  1.1053e+01  1.2000e-01  2.4037e+11  1.4847e+00  9.7842e-01  2.8468e-01
  5.0000e-01  1.1053e+01  1.4000e-01  4.9408e+11  1.4267e+00  7.6103e-01  1.7745e-01
  5.0000e-01  1.1053e+01  1.6000e-01  1.0884e+12  1.3643e+00  5.7664e-01  1.0909e-01
  5.0000e-01  1.1053e+01  1.8000e-01  2.1723e+12  1.3061e+00  4.5192e-01  7.3228e-02
  5.0000e-01  1.1053e+01  2.0000e-01  3.0843e+12  1.2762e+00  3.4966e-01  6.1307e-02
  5.0000e-01  1.1053e+01  2.2000e-01  3.8338e+12  1.2539e+00  2.5692e-01  5.6998e-02
  5.0000e-01  1.1053e+01  2.4000e-01  3.6483e+12  1.2402e+00  1.7240e-01  6.1571e-02
  5.0000e-01  1.1053e+01  2.6000e-01  8.9519e+11  1.3424e+00  1.3115e-01  1.2011e-01
  5.0000e-01  1.1053e+01  2.8000e-01  1.5964e+12  1.3426e+00  6.9471e-02  8.8945e-02
  5.0000e-01  1.1053e+01  3.0000e-01  1.8932e+12  1.3245e+00  6.2860e-02  8.8612e-02
  5.0000e-01  1.1053e+01  3.2000e-01  1.6492e+12  1.3014e+00  7.8337e-02  1.1202e-01
  5.0000e-01  1.1053e+01  3.4000e-01  1.3563e+12  1.2681e+00  1.2344e-01  1.5421e-01
  5.0000e-01  1.1053e+01  3.6000e-01  8.9866e+11  1.1932e+00  4.3602e-01  3.1072e-01
  5.0000e-01  1.1053e+01  3.8000e-01  1.1973e+11  1.3635e+00  -7.5863e-01  8.4779e-01
  5.0000e-01  1.1053e+01  4.0000e-01  3.9475e+08  1.5147e+00  1.5867e+00  1.7161e+01
  5.0000e-01  1.1053e+01  4.2000e-01  2.6772e+09  8.9223e-01  3.2460e+01  5.3495e+01
  5.0000e-01  1.1053e+01  4.4000e-01  3.2946e+09  8.4600e-01  -1.7007e+02  3.3023e-01
  5.0000e-01  1.1053e+01  4.6000e-01  2.0824e+08  8.5087e-01  -4.5093e+02  8.8142e-01
  5.0000e-01  1.1053e+01  4.8000e-01  5.5875e+09  7.3503e-01  -8.4580e+02  1.8141e+00
  5.0000e-01  1.1053e+01  5.0000e-01  5.7069e+11  9.6672e-01  -1.7912e+00  6.5623e-02
  5.0000e-01  1.1053e+01  5.2000e-01  1.5281e+11  9.0492e-01  4.6960e-01  8.6584e-02
  5.0000e-01  1.1053e+01  5.4000e-01  1.2132e+11  8.9748e-01  5.0038e-01  1.0023e-01
  5.0000e-01  1.1053e+01  5.6000e-01  1.0367e+11  9.0130e-01  4.9935e-01  1.1345e-01
  5.0000e-01  1.1053e+01  5.8000e-01  8.7922e+10  9.2606e-01  4.3348e-01  1.3049e-01
  5.0000e-01  1.1053e+01  6.0000e-01  7.8935e+10  9.5993e-01  3.5933e-01  1.4094e-01
  5.0000e-01  1.3503e+01  1.0000e-02  2.3116e+12  1.7977e+00  -4.0461e+00  1.2085e-01
  5.0000e-01  1.3503e+01  2.0000e-02  2.8254e+12  1.7306e+00  -1.9666e+00  1.1906e-01
  5.0000e-01  1.3503e+01  4.0000e-02  4.7686e+10  1.6724e+00  -2.4166e-01  1.3505e+00
  5.0000e-01  1.3503e+01  6.0000e-02  4.6348e+10  1.6496e+00  5.0818e-01  1.2296e+00
  5.0000e-01  1.3503e+01  8.0000e-02  4.6467e+10  1.6596e+00  6.0864e-01  1.0092e+00
  5.0000e-01  1.3503e+01  1.0000e-01  5.5990e+10  1.6515e+00  6.0489e-01  7.7789e-01
  5.0000e-01  1.3503e+01  1.2000e-01  8.8812e+10  1.6076e+00  6.2630e-01  5.4198e-01
  5.0000e-01  1.3503e+01  1.4000e-01  1.8704e+11  1.5233e+00  6.9244e-01  3.2660e-01
  5.0000e-01  1.3503e+01  1.6000e-01  5.2005e+11  1.4173e+00  6.6392e-01  1.6976e-01
  5.0000e-01  1.3503e+01  1.8000e-01  1.1985e+12  1.3417e+00  5.3905e-01  1.0458e-01
  5.0000e-01  1.3503e+01  2.0000e-01  1.9623e+12  1.2957e+00  4.2575e-01  8.0825e-02
  5.0000e-01  1.3503e+01  2.2000e-01  2.6925e+12  1.2587e+00  3.2245e-01  7.0361e-02
  5.0000e-01  1.3503e+01  2.4000e-01  3.5738e+12  1.2204e+00  2.0238e-01  6.1515e-02
  5.0000e-01  1.3503e+01  2.6000e-01  6.6394e+11  1.3513e+00  1.5727e-01  1.3135e-01
  5.0000e-01  1.3503e+01  2.8000e-01  1.1800e+12  1.3465e+00  8.6183e-02  1.0347e-01
  5.0000e-01  1.3503e+01  3.0000e-01  1.7377e+12  1.3231e+00  6.8008e-02  9.2463e-02
  5.0000e-01  1.3503e+01  3.2000e-01  1.8218e+12  1.2951e+00  7.6933e-02  1.0513e-01
  5.0000e-01  1.3503e+01  3.4000e-01  1.4741e+12  1.2547e+00  1.3509e-01  1.5176e-01
  5.0000e-01  1.3503e+01  3.6000e-01  1.0061e+12  1.1742e+00  4.7468e-01  3.1278e-01
  5.0000e-01  1.3503e+01  3.8000e-01  8.0399e+10  1.2606e+00  7.8770e-01  1.5880e+00
  5.0000e-01  1.3503e+01  4.0000e-01  2.4287e+11  1.4812e+00  -1.4101e+01  3.3566e-01
  5.0000e-01  1.3503e+01  4.2000e-01  5.6752e+08  9.6041e-01  5.4158e+01  8.3516e+01
  5.0000e-01  1.3503e+01  4.4000e-01  2.3339e+09  8.6420e-01  -2.2644e+02  3.7803e-01
  5.0000e-01  1.3503e+01  4.6000e-01  2.2005e+08  8.1566e-01  -4.3235e+02  7.1995e-01
  5.0000e-01  1.3503e+01  4.8000e-01  7.8733e+08  9.1832e-01  -5.3662e+02  2.6850e+00
  5.0000e-01  1.3503e+01  5.0000e-01  2.3140e+11  1.0527e+00  -6.6684e+00  1.5812e-01
  5.0000e-01  1.3503e+01  5.2000e-01  1.0003e+11  9.3026e-01  4.7426e-01  9.5110e-02
  5.0000e-01  1.3503e+01  5.4000e-01  7.3696e+10  9.2680e-01  5.4619e-01  1.0860e-01
  5.0000e-01  1.3503e+01  5.6000e-01  6.1913e+10  9.2834e-01  5.7473e-01  1.1885e-01
  5.0000e-01  1.3503e+01  5.8000e-01  5.4972e+10  9.3253e-01  5.8343e-01  1.2629e-01
  5.0000e-01  1.3503e+01  6.0000e-01  4.7361e+10  9.4608e-01  5.6382e-01  1.3999e-01
  5.0000e-01  1.6496e+01  1.0000e-02  1.1897e+12  1.7938e+00  -4.9136e+00  1.5584e-01
  5.0000e-01  1.6496e+01  2.0000e-02  2.9900e+12  1.6928e+00  -1.9167e+00  1.0513e-01
  5.0000e-01  1.6496e+01  4.0000e-02  4.4952e+12  1.6609e+00  -9.6796e-01  8.6992e-02
  5.0000e-01  1.6496e+01  6.0000e-02  9.7656e+10  1.6445e+00  -2.8795e-01  8.5602e-01
  5.0000e-01  1.6496e+01  8.0000e-02  8.2045e+10  1.6364e+00  6.9380e-02  8.9299e-01
  5.0000e-01  1.6496e+01  1.0000e-01  8.6741e+10  1.6284e+00  2.3267e-01  7.8738e-01
  5.0000e-01  1.6496e+01  1.2000e-01  1.0525e+11  1.6034e+00  3.6589e-01  6.3843e-01
  5.0000e-01  1.6496e+01  1.4000e-01  1.2619e+11  1.5710e+00  5.0252e-01  4.9196e-01
  5.0000e-01  1.6496e+01  1.6000e-01  1.6632e+11  1.5193e+00  6.5035e-01  3.4307e-01
  5.0000e-01  1.6496e+01  1.8000e-01  4.0420e+11  1.4191e+00  6.5328e-01  1.9696e-01
  5.0000e-01  1.6496e+01  2.0000e-01  7.3081e+11  1.3573e+00  5.4536e-01  1.4398e-01
  5.0000e-01  1.6496e+01  2.2000e-01  1.1347e+12  1.3061e+00  4.2368e-01  1.1740e-01
  5.0000e-01  1.6496e+01  2.4000e-01  3.8838e+12  1.1755e+00  2.7963e-01  5.7841e-02
  5.0000e-01  1.6496e+01  2.6000e-01  3.4947e+11  1.3782e+00  2.1374e-01  1.5475e-01
  5.0000e-01  1.6496e+01  2.8000e-01  8.2503e+11  1.3722e+00  8.8755e-02  1.1163e-01
  5.0000e-01  1.6496e+01  3.0000e-01  1.9804e+12  1.3410e+00  5.1160e-02  7.4093e-02
  5.0000e-01  1.6496e+01  3.2000e-01  2.1426e+12  1.3007e+00  6.5950e-02  8.4730e-02
  5.0000e-01  1.6496e+01  3.4000e-01  1.6094e+12  1.2678e+00  1.0600e-01  1.2132e-01
  5.0000e-01  1.6496e+01  3.6000e-01  1.0445e+12  1.2188e+00  2.1597e-01  2.1748e-01
  5.0000e-01  1.6496e+01  3.8000e-01  1.8808e+11  1.2164e+00  4.2947e-01  1.0600e+00
  5.0000e-01  1.6496e+01  4.0000e-01  1.7052e+11  1.5771e+00  -2.8772e+01  4.5796e-01
  5.0000e-01  1.6496e+01  4.2000e-01  8.2588e+09  1.3081e+00  -1.1143e+02  1.4008e+00
  5.0000e-01  1.6496e+01  4.4000e-01  1.9611e+09  8.6414e-01  -2.7076e+02  3.7218e-01
  5.0000e-01  1.6496e+01  4.6000e-01  8.4670e+07  8.0167e-01  -4.2483e+02  1.9825e+00
  5.0000e-01  1.6496e+01  4.8000e-01  1.9624e+08  1.1313e+00  -5.5301e+02  2.1884e+00
  5.0000e-01  1.6496e+01  5.0000e-01  7.5661e+10  1.2286e+00  -2.8682e+01  3.7171e-01
  5.0000e-01  1.6496e+01  5.2000e-01  5.6945e+10  9.5685e-01  4.8057e-01  1.0706e-01
  5.0000e-01  1.6496e+01  5.4000e-01  3.8454e+10  9.5955e-01  5.8168e-01  1.1872e-01
  5.0000e-01  1.6496e+01  5.6000e-01  3.1549e+10  9.6131e-01  6.3480e-01  1.2506e-01
  5.0000e-01  1.6496e+01  5.8000e-01  2.7910e+10  9.6346e-01  6.5084e-01  1.2899e-01
  5.0000e-01  1.6496e+01  6.0000e-01  2.4340e+10  9.6917e-01  6.5560e-01  1.3547e-01
  5.0000e-01  2.0153e+01  1.0000e-02  7.5202e+11  1.9364e+00  -1.1468e+01  1.7456e-01
  5.0000e-01  2.0153e+01  2.0000e-02  2.3945e+12  1.6761e+00  -2.1541e+00  1.1034e-01
  5.0000e-01  2.0153e+01  4.0000e-02  4.4464e+12  1.6305e+00  -9.8030e-01  8.4405e-02
  5.0000e-01  2.0153e+01  6.0000e-02  3.9137e+12  1.6213e+00  -6.5215e-01  9.2607e-02
  5.0000e-01  2.0153e+01  8.0000e-02  2.9823e+11  1.6125e+00  -3.5930e-01  4.4300e-01
  5.0000e-01  2.0153e+01  1.0000e-01  1.7439e+11  1.5966e+00  -5.4579e-02  5.9296e-01
  5.0000e-01  2.0153e+01  1.2000e-01  1.6285e+11  1.5792e+00  1.5192e-01  5.8181e-01
  5.0000e-01  2.0153e+01  1.4000e-01  1.6351e+11  1.5615e+00  3.1035e-01  5.3115e-01
  5.0000e-01  2.0153e+01  1.6000e-01  1.4883e+11  1.5569e+00  4.2060e-01  4.8050e-01
  5.0000e-01  2.0153e+01  1.8000e-01  1.3558e+11  1.5464e+00  5.3525e-01  4.1905e-01
  5.0000e-01  2.0153e+01  2.0000e-01  2.1984e+11  1.4751e+00  6.3460e-01  2.9192e-01
  5.0000e-01  2.0153e+01  2.2000e-01  4.1398e+11  1.4028e+00  5.8590e-01  2.0671e-01
  5.0000e-01  2.0153e+01  2.4000e-01  6.4907e+11  1.3511e+00  4.7495e-01  1.6714e-01
  5.0000e-01  2.0153e+01  2.6000e-01  1.2615e+12  1.2725e+00  3.5607e-01  1.1422e-01
  5.0000e-01  2.0153e+01  2.8000e-01  5.1338e+11  1.2153e+00  7.6772e-01  1.3595e-01
  5.0000e-01  2.0153e+01  3.0000e-01  3.8172e+11  1.4286e+00  8.1460e-02  1.3937e-01
  5.0000e-01  2.0153e+01  3.2000e-01  9.8971e+12  1.3928e+00  3.5467e-03  1.8507e-02
  5.0000e-01  2.0153e+01  3.4000e-01  1.9970e+13  1.3653e+00  -1.3871e-02  1.2731e-02
  5.0000e-01  2.0153e+01  3.6000e-01  5.8672e+12  1.3169e+00  2.0991e-03  3.6272e-02
  5.0000e-01  2.0153e+01  3.8000e-01  9.9977e+12  1.3039e+00  -1.3402e-01  2.6759e-02
  5.0000e-01  2.0153e+01  4.0000e-01  3.8909e+10  1.1906e+00  2.2903e+00  3.0152e+00
  5.0000e-01  2.0153e+01  4.2000e-01  2.8162e+11  7.9874e-01  -8.4118e+01  1.6356e+00
  5.0000e-01  2.0153e+01  4.4000e-01  4.6224e+08  8.8273e-01  -2.4242e+02  1.8109e+00
  5.0000e-01  2.0153e+01  4.6000e-01  3.8647e+07  8.1836e-01  -4.2712e+02  3.8576e+00
  5.0000e-01  2.0153e+01  4.8000e-01  2.0719e+09  1.1989e+00  -5.7218e+02  1.4483e-01
  5.0000e-01  2.0153e+01  5.0000e-01  2.4486e+10  1.3821e+00  -6.3009e+01  7.3246e-01
  5.0000e-01  2.0153e+01  5.2000e-01  2.8936e+10  9.8132e-01  4.8649e-01  1.2274e-01
  5.0000e-01  2.0153e+01  5.4000e-01  1.9160e+10  9.8720e-01  5.8896e-01  1.2831e-01
  5.0000e-01  2.0153e+01  5.6000e-01  1.5691e+10  9.8915e-01  6.5214e-01  1.2990e-01
  5.0000e-01  2.0153e+01  5.8000e-01  1.2785e+10  9.9886e-01  6.6615e-01  1.3769e-01
  5.0000e-01  2.0153e+01  6.0000e-01  1.0683e+10  1.0059e+00  6.7177e-01  1.4540e-01
  5.0000e-01  2.4621e+01  1.0000e-02  8.2452e+08  3.8826e+00  -4.1680e+02  1.1218e+00
  5.0000e-01  2.4621e+01  2.0000e-02  2.7249e+12  1.6868e+00  -2.9492e+00  9.3250e-02
  5.0000e-01  2.4621e+01  4.0000e-02  5.3424e+12  1.6012e+00  -1.0106e+00  7.1850e-02
  5.0000e-01  2.4621e+01  6.0000e-02  4.4564e+12  1.5840e+00  -6.1962e-01  8.4016e-02
  5.0000e-01  2.4621e+01  8.0000e-02  4.6533e+12  1.5775e+00  -4.3505e-01  8.1239e-02
  5.0000e-01  2.4621e+01  1.0000e-01  2.9524e+11  1.5647e+00  -1.4794e-01  4.5272e-01
  5.0000e-01  2.4621e+01  1.2000e-01  2.1725e+11  1.5492e+00  8.9453e-02  5.2759e-01
  5.0000e-01  2.4621e+01  1.4000e-01  1.9680e+11  1.5405e+00  2.4254e-01  5.2216e-01
  5.0000e-01  2.4621e+01  1.6000e-01  1.6787e+11  1.5458e+00  3.3457e-01  5.0921e-01
  5.0000e-01  2.4621e+01  1.8000e-01  1.3666e+11  1.5540e+00  4.1532e-01  4.9612e-01
  5.0000e-01  2.4621e+01  2.0000e-01  1.2821e+11  1.5392e+00  5.2962e-01  4.4742e-01
  5.0000e-01  2.4621e+01  2.2000e-01  1.7585e+11  1.4877e+00  5.9905e-01  3.5098e-01
  5.0000e-01  2.4621e+01  2.4000e-01  2.9189e+11  1.4263e+00  5.5612e-01  2.6813e-01
  5.0000e-01  2.4621e+01  2.6000e-01  5.0784e+11  1.3693e+00  4.2218e-01  2.0376e-01
  5.0000e-01  2.4621e+01  2.8000e-01  1.3712e+12  1.2463e+00  3.7049e-01  1.0684e-01
  5.0000e-01  2.4621e+01  3.0000e-01  1.7840e+11  1.3358e+00  5.4523e-01  1.9401e-01
  5.0000e-01  2.4621e+01  3.2000e-01  4.3721e+11  1.4179e+00  6.8396e-02  1.3285e-01
  5.0000e-01  2.4621e+01  3.4000e-01  1.1989e+13  1.3735e+00  1.2352e-03  1.6697e-02
  5.0000e-01  2.4621e+01  3.6000e-01  1.6065e+13  1.3523e+00  -1.9258e-02  1.4868e-02
  5.0000e-01  2.4621e+01  3.8000e-01  5.0155e+12  1.3849e+00  -1.1931e-01  3.2058e-02
  5.0000e-01  2.4621e+01  4.0000e-01  3.4288e+11  1.1517e+00  2.9538e-01  5.6398e-01
  5.0000e-01  2.4621e+01  4.2000e-01  6.9857e+11  1.2895e+00  -3.1801e+01  2.8475e-01
  5.0000e-01  2.4621e+01  4.4000e-01  1.1254e+06  1.3377e+00  -5.8608e+01  1.5708e+02
  5.0000e-01  2.4621e+01  4.6000e-01  4.5439e+07  8.4399e-01  -4.1358e+02  2.1165e+00
  5.0000e-01  2.4621e+01  4.8000e-01  3.0442e+08  1.0271e+00  -5.3901e+02  5.0418e-01
  5.0000e-01  2.4621e+01  5.0000e-01  6.3358e+09  1.5384e+00  -1.0848e+02  1.3942e+00
  5.0000e-01  2.4621e+01  5.2000e-01  1.4535e+10  1.0013e+00  4.8042e-01  1.3734e-01
  5.0000e-01  2.4621e+01  5.4000e-01  9.7786e+09  1.0063e+00  5.8012e-01  1.3444e-01
  5.0000e-01  2.4621e+01  5.6000e-01  7.1981e+09  1.0236e+00  6.1397e-01  1.4444e-01
  5.0000e-01  2.4621e+01  5.8000e-01  5.8246e+09  1.0325e+00  6.4266e-01  1.5168e-01
  5.0000e-01  2.4621e+01  6.0000e-01  4.5334e+09  1.0463e+00  6.4549e-01  1.6692e-01
  5.0000e-01  3.0079e+01  1.0000e-02  3.1742e+06  6.0718e+00  -1.5456e+03  1.9687e+00
  5.0000e-01  3.0079e+01  2.0000e-02  1.0664e+12  1.8733e+00  -9.6912e+00  1.4181e-01
  5.0000e-01  3.0079e+01  4.0000e-02  5.3284e+12  1.5734e+00  -1.0664e+00  6.6930e-02
  5.0000e-01  3.0079e+01  6.0000e-02  9.3854e+12  1.5492e+00  -5.9318e-01  4.9721e-02
  5.0000e-01  3.0079e+01  8.0000e-02  6.1930e+12  1.5441e+00  -4.0788e-01  6.5822e-02
  5.0000e-01  3.0079e+01  1.0000e-01  4.1332e+11  1.5365e+00  -1.8442e-01  3.7427e-01
  5.0000e-01  3.0079e+01  1.2000e-01  2.5306e+11  1.5262e+00  4.8287e-02  5.0039e-01
  5.0000e-01  3.0079e+01  1.4000e-01  2.1310e+11  1.5257e+00  1.8682e-01  5.2463e-01
  5.0000e-01  3.0079e+01  1.6000e-01  1.8030e+11  1.5336e+00  2.7085e-01  5.3317e-01
  5.0000e-01  3.0079e+01  1.8000e-01  1.4388e+11  1.5479e+00  3.3272e-01  5.4155e-01
  5.0000e-01  3.0079e+01  2.0000e-01  1.2188e+11  1.5481e+00  4.2953e-01  5.3238e-01
  5.0000e-01  3.0079e+01  2.2000e-01  1.2369e+11  1.5268e+00  5.2410e-01  4.8143e-01
  5.0000e-01  3.0079e+01  2.4000e-01  1.6212e+11  1.4852e+00  5.4016e-01  3.9799e-01
  5.0000e-01  3.0079e+01  2.6000e-01  2.7441e+11  1.4295e+00  4.4370e-01  3.0085e-01
  5.0000e-01  3.0079e+01  2.8000e-01  6.6469e+11  1.3430e+00  3.2344e-01  1.8264e-01
  5.0000e-01  3.0079e+01  3.0000e-01  2.9118e+12  1.1530e+00  3.3812e-01  7.0152e-02
  5.0000e-01  3.0079e+01  3.2000e-01  1.4462e+11  1.4484e+00  1.7922e-01  1.9836e-01
  5.0000e-01  3.0079e+01  3.4000e-01  1.0934e+12  1.4102e+00  1.8697e-02  7.4139e-02
  5.0000e-01  3.0079e+01  3.6000e-01  1.6864e+13  1.3802e+00  -1.9654e-02  1.2504e-02
  5.0000e-01  3.0079e+01  3.8000e-01  1.1555e+13  1.3582e+00  -5.3921e-02  1.7723e-02
  5.0000e-01  3.0079e+01  4.0000e-01  8.2833e+12  1.2879e+00  -1.1729e-01  2.6866e-02
  5.0000e-01  3.0079e+01  4.2000e-01  2.9452e+10  1.2662e+00  1.0722e-01  2.1520e+00
  5.0000e-01  3.0079e+01  4.4000e-01  3.1174e+11  6.8313e-01  -4.2490e+01  1.2596e+00
  5.0000e-01  3.0079e+01  4.6000e-01  7.5957e+07  8.1922e-01  -4.2621e+02  9.5872e-01
  5.0000e-01  3.0079e+01  4.8000e-01  6.2046e+07  8.8630e-01  -5.0190e+02  1.6940e+00
  5.0000e-01  3.0079e+01  5.0000e-01  3.7126e+09  1.6236e+00  -1.2950e+02  1.4671e+00
  5.0000e-01  3.0079e+01  5.2000e-01  6.9858e+09  1.0262e+00  4.5394e-01  1.5508e-01
  5.0000e-01  3.0079e+01  5.4000e-01  4.8362e+09  1.0284e+00  5.4143e-01  1.4854e-01
  5.0000e-01  3.0079e+01  5.6000e-01  3.5040e+09  1.0453e+00  5.9188e-01  1.6016e-01
  5.0000e-01  3.0079e+01  5.8000e-01  2.7741e+09  1.0568e+00  6.4303e-01  1.6857e-01
  5.0000e-01  3.0079e+01  6.0000e-01  2.2037e+09  1.0652e+00  6.9000e-01  1.7748e-01
  5.0000e-01  3.6747e+01  1.0000e-02  1.2635e+02  9.5041e+00  -3.8353e+03  3.7520e+00
  5.0000e-01  3.6747e+01  2.0000e-02  2.3470e+08  4.2519e+00  -5.7893e+02  1.3759e+00
  5.0000e-01  3.6747e+01  4.0000e-02  3.9081e+12  1.5634e+00  -1.3668e+00  7.4020e-02
  5.0000e-01  3.6747e+01  6.0000e-02  7.3808e+12  1.5243e+00  -6.3270e-01  5.3887e-02
  5.0000e-01  3.6747e+01  8.0000e-02  6.4645e+12  1.5165e+00  -4.1563e-01  6.1246e-02
  5.0000e-01  3.6747e+01  1.0000e-01  1.0064e+12  1.5175e+00  -2.8227e-01  2.0902e-01
  5.0000e-01  3.6747e+01  1.2000e-01  2.8925e+11  1.5107e+00  -3.0526e-02  4.6843e-01
  5.0000e-01  3.6747e+01  1.4000e-01  2.2769e+11  1.5130e+00  1.0997e-01  5.2585e-01
  5.0000e-01  3.6747e+01  1.6000e-01  1.8992e+11  1.5244e+00  1.8280e-01  5.5008e-01
  5.0000e-01  3.6747e+01  1.8000e-01  1.5248e+11  1.5400e+00  2.3798e-01  5.7187e-01
  5.0000e-01  3.6747e+01  2.0000e-01  1.2719e+11  1.5448e+00  3.2229e-01  5.8456e-01
  5.0000e-01  3.6747e+01  2.2000e-01  1.1745e+11  1.5356e+00  4.1728e-01  5.6734e-01
  5.0000e-01  3.6747e+01  2.4000e-01  1.2854e+11  1.5120e+00  4.6457e-01  5.0883e-01
  5.0000e-01  3.6747e+01  2.6000e-01  1.8112e+11  1.4725e+00  4.1659e-01  4.0898e-01
  5.0000e-01  3.6747e+01  2.8000e-01  3.7681e+11  1.4066e+00  3.0398e-01  2.6845e-01
  5.0000e-01  3.6747e+01  3.0000e-01  9.8421e+11  1.2794e+00  3.4580e-01  1.3825e-01
  5.0000e-01  3.6747e+01  3.2000e-01  9.7100e+11  1.1591e+00  6.7301e-01  1.0497e-01
  5.0000e-01  3.6747e+01  3.4000e-01  2.4850e+11  1.4262e+00  1.0833e-01  1.6315e-01
  5.0000e-01  3.6747e+01  3.6000e-01  1.5665e+12  1.3769e+00  1.7881e-02  6.3259e-02
  5.0000e-01  3.6747e+01  3.8000e-01  1.1712e+13  1.3657e+00  -2.2045e-02  1.5924e-02
  5.0000e-01  3.6747e+01  4.0000e-01  7.7330e+12  1.3986e+00  -1.1856e-01  1.9456e-02
  5.0000e-01  3.6747e+01  4.2000e-01  4.7105e+11  1.1845e+00  6.2883e-02  3.1306e-01
  5.0000e-01  3.6747e+01  4.4000e-01  2.1152e+11  1.4844e+00  -2.0152e+01  3.2568e-01
  5.0000e-01  3.6747e+01  4.6000e-01  6.0099e+09  1.3750e+00  -3.8664e+02  6.3330e-01
  5.0000e-01  3.6747e+01  4.8000e-01  3.8146e+07  8.5975e-01  -5.0679e+02  1.3734e+00
  5.0000e-01  3.6747e+01  5.0000e-01  2.4524e+09  1.5976e+00  -1.0128e+02  1.3770e+00
  5.0000e-01  3.6747e+01  5.2000e-01  3.6163e+09  1.0445e+00  4.1521e-01  1.7227e-01
  5.0000e-01  3.6747e+01  5.4000e-01  2.6619e+09  1.0414e+00  4.9624e-01  1.5805e-01
  5.0000e-01  3.6747e+01  5.6000e-01  2.0812e+09  1.0442e+00  6.1373e-01  1.6699e-01
  5.0000e-01  3.6747e+01  5.8000e-01  1.8163e+09  1.0517e+00  6.6523e-01  1.6322e-01
  5.0000e-01  3.6747e+01  6.0000e-01  1.4821e+09  1.0590e+00  7.0906e-01  1.6520e-01
  5.0000e-01  4.4893e+01  1.0000e-02  3.9017e+02  1.1101e+01  -5.0799e+03  2.7359e+00
  5.0000e-01  4.4893e+01  2.0000e-02  2.3210e+06  6.2849e+00  -1.6924e+03  1.9749e+00
  5.0000e-01  4.4893e+01  4.0000e-02  1.7382e+12  1.6447e+00  -3.3552e+00  1.0901e-01
  5.0000e-01  4.4893e+01  6.0000e-02  6.3024e+12  1.5017e+00  -7.7852e-01  5.5657e-02
  5.0000e-01  4.4893e+01  8.0000e-02  7.0073e+12  1.4906e+00  -4.7341e-01  5.5345e-02
  5.0000e-01  4.4893e+01  1.0000e-01  3.9376e+12  1.4945e+00  -3.5394e-01  8.3759e-02
  5.0000e-01  4.4893e+01  1.2000e-01  5.5264e+11  1.5024e+00  -2.2505e-01  3.0633e-01
  5.0000e-01  4.4893e+01  1.4000e-01  2.7488e+11  1.5063e+00  -5.2517e-02  4.7432e-01
  5.0000e-01  4.4893e+01  1.6000e-01  2.1287e+11  1.5179e+00  3.5377e-02  5.3163e-01
  5.0000e-01  4.4893e+01  1.8000e-01  1.7202e+11  1.5298e+00  1.0420e-01  5.6990e-01
  5.0000e-01  4.4893e+01  2.0000e-01  1.4181e+11  1.5370e+00  1.8220e-01  5.9902e-01
  5.0000e-01  4.4893e+01  2.2000e-01  1.2568e+11  1.5339e+00  2.7149e-01  6.0788e-01
  5.0000e-01  4.4893e+01  2.4000e-01  1.2511e+11  1.5212e+00  3.3321e-01  5.7789e-01
  5.0000e-01  4.4893e+01  2.6000e-01  1.5296e+11  1.4952e+00  3.2938e-01  4.9578e-01
  5.0000e-01  4.4893e+01  2.8000e-01  2.5267e+11  1.4513e+00  2.5832e-01  3.6057e-01
  5.0000e-01  4.4893e+01  3.0000e-01  5.5298e+11  1.3698e+00  2.4378e-01  2.1967e-01
  5.0000e-01  4.4893e+01  3.2000e-01  1.0599e+12  1.2454e+00  3.9379e-01  1.2104e-01
  5.0000e-01  4.4893e+01  3.4000e-01  3.7578e+11  1.2243e+00  7.2628e-01  1.4512e-01
  5.0000e-01  4.4893e+01  3.6000e-01  2.6628e+11  1.4173e+00  9.6387e-02  1.5273e-01
  5.0000e-01  4.4893e+01  3.8000e-01  2.8053e+12  1.3775e+00  7.1603e-03  3.7847e-02
  5.0000e-01  4.4893e+01  4.0000e-01  1.1432e+13  1.3526e+00  -1.9550e-02  1.4925e-02
  5.0000e-01  4.4893e+01  4.2000e-01  4.7438e+12  1.3783e+00  -1.0938e-01  2.5192e-02
  5.0000e-01  4.4893e+01  4.4000e-01  1.5306e+11  1.1852e+00  2.6026e-01  6.0342e-01
  5.0000e-01  4.4893e+01  4.6000e-01  2.9205e+11  1.1735e+00  -2.2292e+01  3.9481e-01
  5.0000e-01  4.4893e+01  4.8000e-01  3.1964e+05  1.0874e+00  -2.2457e+01  1.9736e+02
  5.0000e-01  4.4893e+01  5.0000e-01  1.8234e+09  1.4710e+00  -5.8458e+01  1.1545e+00
  5.0000e-01  4.4893e+01  5.2000e-01  2.1252e+09  1.0457e+00  3.9138e-01  1.8317e-01
  5.0000e-01  4.4893e+01  5.4000e-01  1.5235e+09  1.0514e+00  4.6032e-01  1.8690e-01
  5.0000e-01  4.4893e+01  5.6000e-01  1.5229e+09  1.0283e+00  6.5624e-01  1.6235e-01
  5.0000e-01  4.4893e+01  5.8000e-01  1.1708e+09  1.0372e+00  7.2028e-01  1.6985e-01
  5.0000e-01  4.4893e+01  6.0000e-01  1.0151e+09  1.0423e+00  7.8640e-01  1.6440e-01
  5.0000e-01  5.4844e+01  1.0000e-02  5.8924e+00  1.2195e+01  -6.0170e+03  3.5330e+00
  5.0000e-01  5.4844e+01  2.0000e-02  7.6439e+03  9.6292e+00  -3.9585e+03  2.4009e+00
  5.0000e-01  5.4844e+01  4.0000e-02  3.3827e+08  4.1053e+00  -5.2945e+02  1.3104e+00
  5.0000e-01  5.4844e+01  6.0000e-02  2.4356e+12  1.5257e+00  -1.4249e+00  9.2189e-02
  5.0000e-01  5.4844e+01  8.0000e-02  6.0637e+12  1.4784e+00  -6.5902e-01  5.6382e-02
  5.0000e-01  5.4844e+01  1.0000e-01  8.7972e+12  1.4718e+00  -4.4766e-01  4.6653e-02
  5.0000e-01  5.4844e+01  1.2000e-01  6.0555e+12  1.4870e+00  -3.7748e-01  6.0590e-02
  5.0000e-01  5.4844e+01  1.4000e-01  3.0633e+12  1.5041e+00  -3.4096e-01  9.4503e-02
  5.0000e-01  5.4844e+01  1.6000e-01  4.6958e+11  1.5139e+00  -2.4386e-01  3.2044e-01
  5.0000e-01  5.4844e+01  1.8000e-01  2.5771e+11  1.5232e+00  -1.3571e-01  4.5390e-01
  5.0000e-01  5.4844e+01  2.0000e-01  1.8778e+11  1.5277e+00  -3.2080e-02  5.3258e-01
  5.0000e-01  5.4844e+01  2.2000e-01  1.5598e+11  1.5277e+00  6.0150e-02  5.7187e-01
  5.0000e-01  5.4844e+01  2.4000e-01  1.4589e+11  1.5214e+00  1.2886e-01  5.7054e-01
  5.0000e-01  5.4844e+01  2.6000e-01  1.5980e+11  1.5053e+00  1.6202e-01  5.2205e-01
  5.0000e-01  5.4844e+01  2.8000e-01  2.1875e+11  1.4776e+00  1.4740e-01  4.1759e-01
  5.0000e-01  5.4844e+01  3.0000e-01  3.8461e+11  1.4287e+00  1.3844e-01  2.8766e-01
  5.0000e-01  5.4844e+01  3.2000e-01  6.4397e+11  1.3475e+00  2.2178e-01  2.0042e-01
  5.0000e-01  5.4844e+01  3.4000e-01  9.4764e+11  1.2490e+00  3.8027e-01  1.2789e-01
  5.0000e-01  5.4844e+01  3.6000e-01  1.0922e+12  1.1746e+00  3.8939e-01  9.4468e-02
  5.0000e-01  5.4844e+01  3.8000e-01  1.6727e+11  1.4242e+00  1.2992e-01  1.7156e-01
  5.0000e-01  5.4844e+01  4.0000e-01  7.4318e+11  1.3710e+00  3.4063e-02  8.5748e-02
  5.0000e-01  5.4844e+01  4.2000e-01  9.2183e+12  1.3642e+00  -1.6104e-02  1.4012e-02
  5.0000e-01  5.4844e+01  4.4000e-01  6.8140e+12  1.3855e+00  -1.1522e-01  1.5453e-02
  5.0000e-01  5.4844e+01  4.6000e-01  1.7929e+11  1.1864e+00  7.2511e-02  3.8971e-01
  5.0000e-01  5.4844e+01  4.8000e-01  4.7773e+09  9.0091e-01  1.8954e+01  3.0062e+01
  5.0000e-01  5.4844e+01  5.0000e-01  3.2671e+07  1.0751e+00  1.1410e+02  4.4193e+01
  5.0000e-01  5.4844e+01  5.2000e-01  1.2817e+09  1.0473e+00  3.5148e-01  2.0421e-01
  5.0000e-01  5.4844e+01  5.4000e-01  9.7760e+08  1.0498e+00  4.5307e-01  1.9260e-01
  5.0000e-01  5.4844e+01  5.6000e-01  9.1577e+08  1.0327e+00  5.9682e-01  1.6956e-01
  5.0000e-01  5.4844e+01  5.8000e-01  7.6457e+08  1.0347e+00  7.3264e-01  1.6225e-01
  5.0000e-01  5.4844e+01  6.0000e-01  5.7948e+08  1.0313e+00  1.2698e+00  1.7008e-01
  5.0000e-01  6.7002e+01  1.0000e-02  4.9749e-01  1.3197e+01  -6.8531e+03  3.8951e+00
  5.0000e-01  6.7002e+01  2.0000e-02  6.8966e+00  1.0971e+01  -5.0261e+03  4.0171e+00
  5.0000e-01  6.7002e+01  4.0000e-02  6.7310e+06  6.2130e+00  -1.6621e+03  1.6763e+00
  5.0000e-01  6.7002e+01  6.0000e-02  2.6267e+09  3.6195e+00  -3.4125e+02  8.8919e-01
  5.0000e-01  6.7002e+01  8.0000e-02  3.4852e+12  1.4975e+00  -1.2586e+00  7.3410e-02
  5.0000e-01  6.7002e+01  1.0000e-01  6.5141e+12  1.4653e+00  -6.8321e-01  5.2036e-02
  5.0000e-01  6.7002e+01  1.2000e-01  6.5340e+12  1.4633e+00  -5.0221e-01  5.4694e-02
  5.0000e-01  6.7002e+01  1.4000e-01  5.5175e+12  1.4801e+00  -4.4343e-01  6.1726e-02
  5.0000e-01  6.7002e+01  1.6000e-01  5.1930e+12  1.4937e+00  -4.0344e-01  6.4203e-02
  5.0000e-01  6.7002e+01  1.8000e-01  4.4100e+12  1.5085e+00  -3.7885e-01  6.9992e-02
  5.0000e-01  6.7002e+01  2.0000e-01  2.8988e+12  1.5177e+00  -3.5084e-01  9.0051e-02
  5.0000e-01  6.7002e+01  2.2000e-01  4.7977e+11  1.5177e+00  -2.6065e-01  2.8603e-01
  5.0000e-01  6.7002e+01  2.4000e-01  3.0692e+11  1.5160e+00  -1.7760e-01  3.6835e-01
  5.0000e-01  6.7002e+01  2.6000e-01  2.7859e+11  1.5064e+00  -1.1205e-01  3.8025e-01
  5.0000e-01  6.7002e+01  2.8000e-01  3.2947e+11  1.4885e+00  -7.2378e-02  3.3274e-01
  5.0000e-01  6.7002e+01  3.0000e-01  4.5440e+11  1.4594e+00  -3.0540e-02  2.6260e-01
  5.0000e-01  6.7002e+01  3.2000e-01  5.9347e+11  1.4114e+00  4.8358e-02  2.1663e-01
  5.0000e-01  6.7002e+01  3.4000e-01  6.6792e+11  1.3443e+00  1.7272e-01  1.9337e-01
  5.0000e-01  6.7002e+01  3.6000e-01  8.1292e+11  1.2683e+00  3.1150e-01  1.4794e-01
  5.0000e-01  6.7002e+01  3.8000e-01  8.3175e+11  1.2204e+00  4.2948e-01  1.1113e-01
  5.0000e-01  6.7002e+01  4.0000e-01  1.9450e+11  1.2809e+00  4.7424e-01  1.6103e-01
  5.0000e-01  6.7002e+01  4.2000e-01  1.8640e+11  1.4014e+00  9.6015e-02  1.4597e-01
  5.0000e-01  6.7002e+01  4.4000e-01  3.5663e+12  1.3716e+00  2.3779e-03  2.0218e-02
  5.0000e-01  6.7002e+01  4.6000e-01  4.3391e+12  1.3420e+00  -1.9589e-02  1.6613e-02
  5.0000e-01  6.7002e+01  4.8000e-01  2.8845e+11  1.2334e+00  -7.1455e-02  1.2794e-01
  5.0000e-01  6.7002e+01  5.0000e-01  2.0586e+08  8.0648e-01  1.0794e+02  2.2451e+01
  5.0000e-01  6.7002e+01  5.2000e-01  7.6668e+08  1.0280e+00  4.3805e-01  2.2593e-01
  5.0000e-01  6.7002e+01  5.4000e-01  5.6673e+08  1.0425e+00  5.1797e-01  2.0609e-01
  5.0000e-01  6.7002e+01  5.6000e-01  3.8132e+08  1.0671e+00  6.1051e-01  2.1359e-01
  5.0000e-01  6.7002e+01  5.8000e-01  2.1696e+08  1.0917e+00  1.1375e+00  2.6223e-01
  5.0000e-01  6.7002e+01  6.0000e-01  1.6279e+08  1.1034e+00  1.1563e+00  2.7223e-01
  5.0000e-01  8.1855e+01  1.0000e-02  1.0350e-03  1.3921e+01  -7.4675e+03  5.7067e+00
  5.0000e-01  8.1855e+01  2.0000e-02  1.7684e+01  1.1946e+01  -5.8652e+03  3.3169e+00
  5.0000e-01  8.1855e+01  4.0000e-02  3.7859e+05  7.9843e+00  -2.8645e+03  1.9029e+00
  5.0000e-01  8.1855e+01  6.0000e-02  2.1016e+08  5.4228e+00  -1.2048e+03  1.0652e+00
  5.0000e-01  8.1855e+01  8.0000e-02  1.5754e+09  3.7485e+00  -3.9027e+02  9.7812e-01
  5.0000e-01  8.1855e+01  1.0000e-01  5.4441e+12  1.4784e+00  -1.3422e+00  5.3599e-02
  5.0000e-01  8.1855e+01  1.2000e-01  6.2602e+12  1.4605e+00  -8.3111e-01  5.0715e-02
  5.0000e-01  8.1855e+01  1.4000e-01  5.3469e+12  1.4566e+00  -6.1682e-01  5.8561e-02
  5.0000e-01  8.1855e+01  1.6000e-01  5.2835e+12  1.4617e+00  -5.1632e-01  6.0273e-02
  5.0000e-01  8.1855e+01  1.8000e-01  5.7855e+12  1.4750e+00  -4.6682e-01  5.6022e-02
  5.0000e-01  8.1855e+01  2.0000e-01  6.7958e+12  1.4811e+00  -4.1772e-01  4.9850e-02
  5.0000e-01  8.1855e+01  2.2000e-01  6.5429e+12  1.4882e+00  -3.8199e-01  4.9876e-02
  5.0000e-01  8.1855e+01  2.4000e-01  4.3594e+12  1.4901e+00  -3.4260e-01  6.3681e-02
  5.0000e-01  8.1855e+01  2.6000e-01  3.6139e+12  1.4878e+00  -2.9974e-01  6.9640e-02
  5.0000e-01  8.1855e+01  2.8000e-01  5.0531e+12  1.4789e+00  -2.5226e-01  5.3415e-02
  5.0000e-01  8.1855e+01  3.0000e-01  5.5985e+12  1.4596e+00  -1.9128e-01  4.7857e-02
  5.0000e-01  8.1855e+01  3.2000e-01  5.0424e+12  1.4314e+00  -1.2169e-01  4.8943e-02
  5.0000e-01  8.1855e+01  3.4000e-01  2.3209e+12  1.3942e+00  -4.2783e-02  7.9818e-02
  5.0000e-01  8.1855e+01  3.6000e-01  7.8171e+11  1.3422e+00  9.5186e-02  1.6556e-01
  5.0000e-01  8.1855e+01  3.8000e-01  7.0948e+11  1.2865e+00  2.2021e-01  1.6093e-01
  5.0000e-01  8.1855e+01  4.0000e-01  6.8117e+11  1.2426e+00  3.2905e-01  1.3588e-01
  5.0000e-01  8.1855e+01  4.2000e-01  5.5498e+11  1.2270e+00  4.0172e-01  1.1967e-01
  5.0000e-01  8.1855e+01  4.4000e-01  4.9968e+11  1.2061e+00  3.1803e-01  9.0950e-02
  5.0000e-01  8.1855e+01  4.6000e-01  8.7747e+10  1.3954e+00  1.1924e-01  1.5076e-01
  5.0000e-01  8.1855e+01  4.8000e-01  1.5430e+12  1.3628e+00  -1.0030e-03  1.7894e-02
  5.0000e-01  8.1855e+01  5.0000e-01  1.3041e+10  5.5492e-01  -2.8249e-01  4.1023e-02
  5.0000e-01  8.1855e+01  5.2000e-01  1.9831e+08  1.0838e+00  5.8241e-01  3.5449e-01
  5.0000e-01  8.1855e+01  5.4000e-01  1.1966e+08  1.1287e+00  6.5744e-01  3.2613e-01
  5.0000e-01  8.1855e+01  5.6000e-01  1.2057e+08  1.1032e+00  8.9079e-01  2.9644e-01
  5.0000e-01  8.1855e+01  5.8000e-01  7.9389e+07  1.1285e+00  1.0254e+00  3.2268e-01
  5.0000e-01  8.1855e+01  6.0000e-01  8.9420e+07  1.1151e+00  1.0503e+00  2.7132e-01
  5.0000e-01  1.0000e+02  1.0000e-02  1.8682e+01  1.4368e+01  -7.8652e+03  2.7533e+00
  5.0000e-01  1.0000e+02  2.0000e-02  1.0320e+00  1.2829e+01  -6.6233e+03  3.8339e+00
  5.0000e-01  1.0000e+02  4.0000e-02  2.0404e+02  1.0506e+01  -4.7115e+03  3.1171e+00
  5.0000e-01  1.0000e+02  6.0000e-02  1.1283e+07  6.6182e+00  -1.9901e+03  1.4563e+00
  5.0000e-01  1.0000e+02  8.0000e-02  4.5559e+06  5.4679e+00  -1.2393e+03  2.1300e+00
  5.0000e-01  1.0000e+02  1.0000e-01  4.9065e+08  4.1247e+00  -5.5075e+02  1.1773e+00
  5.0000e-01  1.0000e+02  1.2000e-01  2.3445e+12  1.5355e+00  -2.4228e+00  8.6496e-02
  5.0000e-01  1.0000e+02  1.4000e-01  7.5898e+12  1.4667e+00  -1.1533e+00  4.0782e-02
  5.0000e-01  1.0000e+02  1.6000e-01  3.6761e+12  1.4577e+00  -8.3322e-01  6.7734e-02
  5.0000e-01  1.0000e+02  1.8000e-01  5.4470e+12  1.4506e+00  -6.4851e-01  5.2770e-02
  5.0000e-01  1.0000e+02  2.0000e-01  6.6058e+12  1.4480e+00  -5.3479e-01  4.6519e-02
  5.0000e-01  1.0000e+02  2.2000e-01  6.1672e+12  1.4519e+00  -4.6867e-01  4.8017e-02
  5.0000e-01  1.0000e+02  2.4000e-01  6.7349e+12  1.4514e+00  -4.0891e-01  4.4564e-02
  5.0000e-01  1.0000e+02  2.6000e-01  6.1091e+12  1.4517e+00  -3.6052e-01  4.6160e-02
  5.0000e-01  1.0000e+02  2.8000e-01  6.8025e+12  1.4462e+00  -3.0806e-01  4.1369e-02
  5.0000e-01  1.0000e+02  3.0000e-01  8.9831e+12  1.4327e+00  -2.4502e-01  3.2787e-02
  5.0000e-01  1.0000e+02  3.2000e-01  8.5234e+12  1.4144e+00  -1.8099e-01  3.2349e-02
  5.0000e-01  1.0000e+02  3.4000e-01  9.7716e+12  1.3897e+00  -1.1628e-01  2.7545e-02
  5.0000e-01  1.0000e+02  3.6000e-01  5.9884e+12  1.3598e+00  -5.1185e-02  3.6178e-02
  5.0000e-01  1.0000e+02  3.8000e-01  1.5090e+12  1.3254e+00  2.2859e-02  9.1523e-02
  5.0000e-01  1.0000e+02  4.0000e-01  7.1644e+11  1.2808e+00  1.4239e-01  1.4478e-01
  5.0000e-01  1.0000e+02  4.2000e-01  5.9020e+11  1.2452e+00  2.3401e-01  1.4085e-01
  5.0000e-01  1.0000e+02  4.4000e-01  4.5374e+11  1.2283e+00  3.0033e-01  1.3251e-01
  5.0000e-01  1.0000e+02  4.6000e-01  3.2986e+11  1.2184e+00  3.4027e-01  1.2415e-01
  5.0000e-01  1.0000e+02  4.8000e-01  2.1941e+11  1.1944e+00  3.5754e-01  1.1403e-01
  5.0000e-01  1.0000e+02  5.0000e-01  3.1777e+10  1.3215e+00  -2.2493e-01  1.8378e-02
  5.0000e-01  1.0000e+02  5.2000e-01  2.3962e+08  9.6590e-01  7.0089e-01  3.4966e-01
  5.0000e-01  1.0000e+02  5.4000e-01  5.4509e+07  1.1170e+00  9.3816e-01  3.5406e-01
  5.0000e-01  1.0000e+02  5.6000e-01  5.5544e+07  1.1107e+00  1.0283e+00  3.2299e-01
  5.0000e-01  1.0000e+02  5.8000e-01  5.2345e+07  1.1156e+00  1.0245e+00  3.0317e-01
  5.0000e-01  1.0000e+02  6.0000e-01  4.6049e+07  1.1102e+00  1.1388e+00  2.9874e-01
  5.0000e-01  1.5000e+02  1.0000e-02  1.4558e-06  1.5649e+01  -8.9679e+03  7.3801e+00
  5.0000e-01  1.5000e+02  2.0000e-02  5.1356e-03  1.4208e+01  -7.8222e+03  4.9747e+00
  5.0000e-01  1.5000e+02  4.0000e-02  1.4341e+00  1.2374e+01  -6.3265e+03  3.9263e+00
  5.0000e-01  1.5000e+02  6.0000e-02  4.1104e+00  1.0881e+01  -5.0846e+03  4.2906e+00
  5.0000e-01  1.5000e+02  8.0000e-02  4.1528e+02  9.7267e+00  -4.1613e+03  3.2164e+00
  5.0000e-01  1.5000e+02  1.0000e-01  2.1972e+06  7.6505e+00  -2.6694e+03  1.5773e+00
  5.0000e-01  1.5000e+02  1.2000e-01  9.8334e+05  5.9365e+00  -1.5683e+03  2.4517e+00
  5.0000e-01  1.5000e+02  1.4000e-01  6.9166e+06  5.3191e+00  -1.1889e+03  2.0491e+00
  5.0000e-01  1.5000e+02  1.6000e-01  3.5730e+08  4.5447e+00  -7.7411e+02  1.1247e+00
  5.0000e-01  1.5000e+02  1.8000e-01  3.2943e+08  3.9745e+00  -5.1347e+02  1.3429e+00
  5.0000e-01  1.5000e+02  2.0000e-01  5.6561e+09  3.3752e+00  -2.9019e+02  7.4152e-01
  5.0000e-01  1.5000e+02  2.2000e-01  1.3813e+12  1.5146e+00  -2.2451e+00  9.9266e-02
  5.0000e-01  1.5000e+02  2.4000e-01  2.1603e+12  1.4555e+00  -1.2997e+00  7.3473e-02
  5.0000e-01  1.5000e+02  2.6000e-01  3.6577e+12  1.4214e+00  -8.8088e-01  5.0388e-02
  5.0000e-01  1.5000e+02  2.8000e-01  3.0528e+12  1.4008e+00  -6.6807e-01  5.6140e-02
  5.0000e-01  1.5000e+02  3.0000e-01  5.0032e+12  1.3770e+00  -4.8584e-01  3.8315e-02
  5.0000e-01  1.5000e+02  3.2000e-01  4.7647e+12  1.3553e+00  -3.5560e-01  3.8167e-02
  5.0000e-01  1.5000e+02  3.4000e-01  7.1352e+12  1.3304e+00  -2.4616e-01  2.6795e-02
  5.0000e-01  1.5000e+02  3.6000e-01  6.7265e+12  1.3052e+00  -1.5468e-01  2.5951e-02
  5.0000e-01  1.5000e+02  3.8000e-01  4.3294e+12  1.2811e+00  -8.1870e-02  3.2903e-02
  5.0000e-01  1.5000e+02  4.0000e-01  6.7158e+12  1.2565e+00  -2.8519e-02  2.0498e-02
  5.0000e-01  1.5000e+02  4.2000e-01  6.3438e+12  1.2362e+00  7.2166e-03  1.7974e-02
  5.0000e-01  1.5000e+02  4.4000e-01  2.9200e+12  1.2438e+00  -7.4314e-02  2.2936e-02
  5.0000e-01  1.5000e+02  4.6000e-01  1.3394e+12  1.2638e+00  -3.0621e-01  2.7600e-02
  5.0000e-01  1.5000e+02  4.8000e-01  8.3339e+06  4.6343e+00  -9.8929e+02  1.5762e+00
  5.0000e-01  1.5000e+02  5.0000e-01  2.4001e+09  1.2433e+00  -8.4776e-02  2.9215e-02
  5.0000e-01  1.5000e+02  5.2000e-01  3.1171e+07  1.3908e+00  -1.2597e+00  1.4325e-01
  5.0000e-01  1.5000e+02  5.4000e-01  4.4288e+06  1.2077e+00  1.0632e+00  7.3341e-01
  5.0000e-01  1.5000e+02  5.6000e-01  2.6470e+07  1.1073e+00  1.1812e+00  3.1285e-01
  5.0000e-01  1.5000e+02  5.8000e-01  3.3328e+07  1.0799e+00  1.0921e+00  2.7351e-01
  5.0000e-01  1.5000e+02  6.0000e-01  2.8293e+07  1.0616e+00  1.7621e+00  2.7110e-01
  5.0000e-01  2.0000e+02  1.0000e-02  2.6861e-05  1.6330e+01  -9.5880e+03  5.7731e+00
  5.0000e-01  2.0000e+02  2.0000e-02  8.3666e-04  1.5045e+01  -8.5389e+03  5.2035e+00
  5.0000e-01  2.0000e+02  4.0000e-02  2.3538e-02  1.3383e+01  -7.2136e+03  4.8681e+00
  5.0000e-01  2.0000e+02  6.0000e-02  2.8228e-02  1.2269e+01  -6.2981e+03  5.4814e+00
  5.0000e-01  2.0000e+02  8.0000e-02  2.5511e+00  1.1295e+01  -5.4780e+03  4.2367e+00
  5.0000e-01  2.0000e+02  1.0000e-01  2.1867e+00  1.0420e+01  -4.7691e+03  4.8761e+00
  5.0000e-01  2.0000e+02  1.2000e-01  8.0889e+02  9.5530e+00  -4.0889e+03  3.0700e+00
  5.0000e-01  2.0000e+02  1.4000e-01  6.0928e+03  7.6145e+00  -2.7039e+03  3.4243e+00
  5.0000e-01  2.0000e+02  1.6000e-01  9.2265e+04  6.4858e+00  -1.9545e+03  3.0762e+00
  5.0000e-01  2.0000e+02  1.8000e-01  7.4289e+05  6.0629e+00  -1.6760e+03  2.4528e+00
  5.0000e-01  2.0000e+02  2.0000e-01  1.1891e+07  5.3290e+00  -1.2422e+03  1.8212e+00
  5.0000e-01  2.0000e+02  2.2000e-01  4.9781e+07  4.9630e+00  -1.0296e+03  1.5029e+00
  5.0000e-01  2.0000e+02  2.4000e-01  1.0029e+08  4.4344e+00  -7.5963e+02  1.4961e+00
  5.0000e-01  2.0000e+02  2.6000e-01  4.8050e+09  4.1372e+00  -6.1800e+02  6.4102e-01
  5.0000e-01  2.0000e+02  2.8000e-01  1.3115e+09  3.8720e+00  -5.0277e+02  9.2267e-01
  5.0000e-01  2.0000e+02  3.0000e-01  4.2040e+08  3.6870e+00  -4.3030e+02  1.3032e+00
  5.0000e-01  2.0000e+02  3.2000e-01  7.0047e+08  3.9077e+00  -5.2867e+02  1.0347e+00
  5.0000e-01  2.0000e+02  3.4000e-01  4.6903e+08  3.9697e+00  -5.7045e+02  1.1040e+00
  5.0000e-01  2.0000e+02  3.6000e-01  5.0576e+08  4.0934e+00  -6.3574e+02  1.0216e+00
  5.0000e-01  2.0000e+02  3.8000e-01  2.0108e+08  4.1447e+00  -6.7252e+02  1.2239e+00
  5.0000e-01  2.0000e+02  4.0000e-01  4.5351e+07  4.3023e+00  -7.6288e+02  1.6014e+00
  5.0000e-01  2.0000e+02  4.2000e-01  8.6578e+07  5.1460e+00  -1.2153e+03  1.0743e+00
  5.0000e-01  2.0000e+02  4.4000e-01  1.1236e+07  5.6297e+00  -1.5190e+03  1.3662e+00
  5.0000e-01  2.0000e+02  4.6000e-01  2.7656e+05  5.8495e+00  -1.7102e+03  2.3456e+00
  5.0000e-01  2.0000e+02  4.8000e-01  3.5232e+05  5.9754e+00  -1.8113e+03  1.9731e+00
  5.0000e-01  2.0000e+02  5.0000e-01  1.0129e+09  1.1193e+00  -9.3522e-02  5.8600e-02
  5.0000e-01  2.0000e+02  5.2000e-01  5.5769e+07  1.2575e+00  -6.2889e-01  5.9530e-02
  5.0000e-01  2.0000e+02  5.4000e-01  3.6402e+06  1.8040e+00  -3.3551e+00  1.6841e-01
  5.0000e-01  2.0000e+02  5.6000e-01  1.1621e+06  1.3590e+00  -1.9699e-02  9.6555e-01
  5.0000e-01  2.0000e+02  5.8000e-01  1.8885e+06  1.2348e+00  1.0126e+00  7.3362e-01
  5.0000e-01  2.0000e+02  6.0000e-01  3.4818e+06  1.1911e+00  1.1959e+00  5.1572e-01
  5.0000e-01  2.5000e+02  1.0000e-02  1.1750e-01  1.6705e+01  -9.9134e+03  3.3874e+00
  5.0000e-01  2.5000e+02  2.0000e-02  2.6762e-06  1.5586e+01  -9.0308e+03  7.1924e+00
  5.0000e-01  2.5000e+02  4.0000e-02  3.2270e-05  1.4110e+01  -7.8452e+03  7.2334e+00
  5.0000e-01  2.5000e+02  6.0000e-02  4.3396e-04  1.3122e+01  -7.0437e+03  6.7978e+00
  5.0000e-01  2.5000e+02  8.0000e-02  2.9510e-01  1.2278e+01  -6.3491e+03  4.5217e+00
  5.0000e-01  2.5000e+02  1.0000e-01  3.5620e-01  1.1614e+01  -5.7983e+03  4.8262e+00
  5.0000e-01  2.5000e+02  1.2000e-01  1.7057e+03  1.0872e+01  -5.1883e+03  2.4624e+00
  5.0000e-01  2.5000e+02  1.4000e-01  1.4321e+02  1.0409e+01  -4.8087e+03  3.2541e+00
  5.0000e-01  2.5000e+02  1.6000e-01  8.9879e+02  9.8927e+00  -4.4069e+03  2.8868e+00
  5.0000e-01  2.5000e+02  1.8000e-01  9.8719e+03  9.4110e+00  -4.0518e+03  2.3824e+00
  5.0000e-01  2.5000e+02  2.0000e-01  4.9275e+06  8.8562e+00  -3.6225e+03  1.2595e+00
  5.0000e-01  2.5000e+02  2.2000e-01  2.4035e+06  7.8957e+00  -2.9596e+03  1.4821e+00
  5.0000e-01  2.5000e+02  2.4000e-01  3.5732e+04  7.2483e+00  -2.5143e+03  2.8481e+00
  5.0000e-01  2.5000e+02  2.6000e-01  2.3969e+05  6.6045e+00  -2.0987e+03  2.4842e+00
  5.0000e-01  2.5000e+02  2.8000e-01  1.9034e+07  6.4374e+00  -1.9902e+03  1.2967e+00
  5.0000e-01  2.5000e+02  3.0000e-01  1.3776e+06  6.3232e+00  -1.9193e+03  1.9765e+00
  5.0000e-01  2.5000e+02  3.2000e-01  7.5752e+04  7.1705e+00  -2.4479e+03  2.4996e+00
  5.0000e-01  2.5000e+02  3.4000e-01  9.0830e+04  6.7066e+00  -2.1553e+03  2.6644e+00
  5.0000e-01  2.5000e+02  3.6000e-01  7.9470e+04  6.7095e+00  -2.1779e+03  2.6822e+00
  5.0000e-01  2.5000e+02  3.8000e-01  1.1853e+05  6.7635e+00  -2.2360e+03  2.4555e+00
  5.0000e-01  2.5000e+02  4.0000e-01  3.2850e+05  6.8357e+00  -2.3054e+03  2.0382e+00
  5.0000e-01  2.5000e+02  4.2000e-01  1.0421e+05  6.4382e+00  -2.0904e+03  2.5890e+00
  5.0000e-01  2.5000e+02  4.4000e-01  6.7548e+05  6.5048e+00  -2.1578e+03  1.8430e+00
  5.0000e-01  2.5000e+02  4.6000e-01  5.6190e+04  6.6857e+00  -2.2869e+03  2.4585e+00
  5.0000e-01  2.5000e+02  4.8000e-01  5.0553e+07  6.2425e+00  -2.0211e+03  8.4159e-01
  5.0000e-01  2.5000e+02  5.0000e-01  1.4542e+09  1.0111e+00  -2.3489e-01  5.5589e-02
  5.0000e-01  2.5000e+02  5.2000e-01  2.1367e+07  1.2560e+00  -6.1158e-01  8.2508e-02
  5.0000e-01  2.5000e+02  5.4000e-01  2.5994e+06  1.6466e+00  -2.2948e+00  1.3809e-01
  5.0000e-01  2.5000e+02  5.6000e-01  1.7563e+06  1.7098e+00  -2.4202e+00  2.6455e-01
  5.0000e-01  2.5000e+02  5.8000e-01  3.9425e+06  1.4834e+00  -9.1422e-01  3.1652e-01
  5.0000e-01  2.5000e+02  6.0000e-01  7.8591e+05  1.3411e+00  1.3079e-01  9.7077e-01
  5.0000e-01  3.0000e+02  1.0000e-02  6.0725e-05  1.7204e+01  -1.0367e+04  5.1427e+00
  5.0000e-01  3.0000e+02  2.0000e-02  8.4042e-06  1.6014e+01  -9.4185e+03  6.4165e+00
  5.0000e-01  3.0000e+02  4.0000e-02  2.9598e-06  1.4655e+01  -8.3262e+03  7.9844e+00
  5.0000e-01  3.0000e+02  6.0000e-02  1.4147e-02  1.3637e+01  -7.5031e+03  4.9343e+00
  5.0000e-01  3.0000e+02  8.0000e-02  3.8739e+01  1.2857e+01  -6.8654e+03  2.9065e+00
  5.0000e-01  3.0000e+02  1.0000e-01  1.1070e+00  1.2324e+01  -6.4172e+03  4.0340e+00
  5.0000e-01  3.0000e+02  1.2000e-01  1.1303e+01  1.1763e+01  -5.9679e+03  3.5259e+00
  5.0000e-01  3.0000e+02  1.4000e-01  2.0085e+00  1.1272e+01  -5.5637e+03  4.3298e+00
  5.0000e-01  3.0000e+02  1.6000e-01  7.9365e+04  1.0743e+01  -5.1301e+03  1.7339e+00
  5.0000e-01  3.0000e+02  1.8000e-01  2.7094e+00  1.0481e+01  -4.9210e+03  4.6845e+00
  5.0000e-01  3.0000e+02  2.0000e-01  3.5760e+02  1.0104e+01  -4.6244e+03  3.0615e+00
  5.0000e-01  3.0000e+02  2.2000e-01  2.0499e+01  9.8355e+00  -4.4143e+03  4.2204e+00
  5.0000e-01  3.0000e+02  2.4000e-01  3.7339e+02  8.7336e+00  -3.6271e+03  3.7490e+00
  5.0000e-01  3.0000e+02  2.6000e-01  5.5141e+04  8.0820e+00  -3.1706e+03  2.3031e+00
  5.0000e-01  3.0000e+02  2.8000e-01  3.8907e+03  8.2640e+00  -3.2969e+03  3.0608e+00
  5.0000e-01  3.0000e+02  3.0000e-01  5.2356e+03  8.1294e+00  -3.2041e+03  2.9975e+00
  5.0000e-01  3.0000e+02  3.2000e-01  2.9088e+04  8.0209e+00  -3.1277e+03  2.4440e+00
  5.0000e-01  3.0000e+02  3.4000e-01  8.2321e+02  7.9561e+00  -3.0860e+03  3.8204e+00
  5.0000e-01  3.0000e+02  3.6000e-01  1.4960e+04  7.9318e+00  -3.0800e+03  2.6301e+00
  5.0000e-01  3.0000e+02  3.8000e-01  1.5112e+04  7.9723e+00  -3.1313e+03  2.5717e+00
  5.0000e-01  3.0000e+02  4.0000e-01  1.6608e+04  7.9800e+00  -3.1492e+03  2.4901e+00
  5.0000e-01  3.0000e+02  4.2000e-01  2.1961e+03  7.5743e+00  -2.9069e+03  3.4348e+00
  5.0000e-01  3.0000e+02  4.4000e-01  5.4709e+04  7.3118e+00  -2.7207e+03  2.2749e+00
  5.0000e-01  3.0000e+02  4.6000e-01  1.8099e+05  7.2378e+00  -2.6847e+03  1.8674e+00
  5.0000e-01  3.0000e+02  4.8000e-01  9.0930e+03  6.5030e+00  -2.2257e+03  3.1178e+00
  5.0000e-01  3.0000e+02  5.0000e-01  1.0186e+07  2.2897e+00  -1.7625e+02  6.8798e-01
  5.0000e-01  3.0000e+02  5.2000e-01  1.6504e+07  1.2574e+00  -7.8416e-01  7.4296e-02
  5.0000e-01  3.0000e+02  5.4000e-01  1.7326e+06  1.5500e+00  -3.4330e+00  1.9417e-01
  5.0000e-01  3.0000e+02  5.6000e-01  1.0424e+06  1.7307e+00  -3.4784e+00  2.0742e-01
  5.0000e-01  3.0000e+02  5.8000e-01  1.4853e+06  1.7555e+00  -2.8716e+00  2.2100e-01
  5.0000e-01  3.0000e+02  6.0000e-01  3.1885e+06  1.5397e+00  -1.2097e+00  2.5737e-01
  1.0000e+00  3.3246e+00  1.0000e-02  1.1815e+12  1.3584e+00  1.1170e+00  1.1329e-01
  1.0000e+00  3.3246e+00  2.0000e-02  1.3013e+12  1.3620e+00  9.3701e-01  1.0452e-01
  1.0000e+00  3.3246e+00  4.0000e-02  1.5642e+12  1.3661e+00  7.3171e-01  8.9541e-02
  1.0000e+00  3.3246e+00  6.0000e-02  1.6139e+12  1.3721e+00  6.2552e-01  8.8117e-02
  1.0000e+00  3.3246e+00  8.0000e-02  2.1128e+12  1.3682e+00  5.3238e-01  6.8399e-02
  1.0000e+00  3.3246e+00  1.0000e-01  2.2011e+12  1.3660e+00  4.8131e-01  6.9617e-02
  1.0000e+00  3.3246e+00  1.2000e-01  2.2664e+12  1.3636e+00  4.3500e-01  7.0782e-02
  1.0000e+00  3.3246e+00  1.4000e-01  2.6792e+12  1.3504e+00  3.8546e-01  6.2951e-02
  1.0000e+00  3.3246e+00  1.6000e-01  3.9130e+12  1.3190e+00  3.4155e-01  4.7095e-02
  1.0000e+00  3.3246e+00  1.8000e-01  5.9245e+12  1.2824e+00  2.9907e-01  3.5297e-02
  1.0000e+00  3.3246e+00  2.0000e-01  8.1839e+12  1.2564e+00  2.4615e-01  2.9566e-02
  1.0000e+00  3.3246e+00  2.2000e-01  8.9636e+12  1.2528e+00  1.9112e-01  2.7551e-02
  1.0000e+00  3.3246e+00  2.4000e-01  8.1082e+12  1.2901e+00  1.3462e-01  2.6378e-02
  1.0000e+00  3.3246e+00  2.6000e-01  1.7864e+12  1.3314e+00  1.3265e-01  7.2738e-02
  1.0000e+00  3.3246e+00  2.8000e-01  1.6338e+12  1.3252e+00  1.0950e-01  9.1814e-02
  1.0000e+00  3.3246e+00  3.0000e-01  2.1906e+12  1.3035e+00  8.4504e-02  9.0477e-02
  1.0000e+00  3.3246e+00  3.2000e-01  2.6848e+12  1.3063e+00  4.6459e-02  8.4086e-02
  1.0000e+00  3.3246e+00  3.4000e-01  1.7346e+12  1.2964e+00  4.5988e-02  1.2655e-01
  1.0000e+00  3.3246e+00  3.6000e-01  5.3151e+11  1.2823e+00  2.4002e-01  3.2646e-01
  1.0000e+00  3.3246e+00  3.8000e-01  1.3710e+12  1.5925e+00  -3.2834e+00  1.0618e-01
  1.0000e+00  3.3246e+00  4.0000e-01  1.8451e+11  1.6115e+00  -1.1293e+01  3.0886e-01
  1.0000e+00  3.3246e+00  4.2000e-01  8.1264e+10  1.2911e+00  -2.8709e+01  6.7123e-01
  1.0000e+00  3.3246e+00  4.4000e-01  4.6991e+08  8.7486e-01  9.2853e+01  3.6532e+01
  1.0000e+00  3.3246e+00  4.6000e-01  2.2804e+07  9.6933e-01  -6.2983e+02  1.4590e+00
  1.0000e+00  3.3246e+00  4.8000e-01  7.2600e+10  6.2178e-01  -5.4908e+03  7.4398e-01
  1.0000e+00  3.3246e+00  5.0000e-01  2.7002e+11  9.1190e-01  1.5855e-01  1.3223e-01
  1.0000e+00  3.3246e+00  5.2000e-01  1.8980e+11  9.9128e-01  2.5787e-01  1.0211e-01
  1.0000e+00  3.3246e+00  5.4000e-01  7.1424e+10  1.2844e+00  2.0397e-01  1.5848e-01
  1.0000e+00  3.3246e+00  5.6000e-01  8.9949e+10  1.6530e+00  -1.3455e-01  7.1668e-02
  1.0000e+00  3.3246e+00  5.8000e-01  2.2004e+11  1.7574e+00  -3.0915e-01  4.4435e-02
  1.0000e+00  3.3246e+00  6.0000e-01  2.9331e+11  1.7535e+00  -2.9673e-01  3.8026e-02
  1.0000e+00  4.0616e+00  1.0000e-02  1.3047e+12  1.3603e+00  1.0909e+00  1.0371e-01
  1.0000e+00  4.0616e+00  2.0000e-02  1.3442e+12  1.3621e+00  9.0178e-01  1.0064e-01
  1.0000e+00  4.0616e+00  4.0000e-02  1.7598e+12  1.3719e+00  6.8582e-01  8.0543e-02
  1.0000e+00  4.0616e+00  6.0000e-02  1.8093e+12  1.3772e+00  5.9054e-01  8.0194e-02
  1.0000e+00  4.0616e+00  8.0000e-02  2.1022e+12  1.3721e+00  5.1313e-01  6.7757e-02
  1.0000e+00  4.0616e+00  1.0000e-01  2.2764e+12  1.3671e+00  4.6509e-01  6.4310e-02
  1.0000e+00  4.0616e+00  1.2000e-01  2.3838e+12  1.3617e+00  4.2341e-01  6.3665e-02
  1.0000e+00  4.0616e+00  1.4000e-01  2.7062e+12  1.3493e+00  3.8076e-01  5.8336e-02
  1.0000e+00  4.0616e+00  1.6000e-01  3.5905e+12  1.3238e+00  3.3521e-01  4.7486e-02
  1.0000e+00  4.0616e+00  1.8000e-01  5.2393e+12  1.2908e+00  2.8778e-01  3.7078e-02
  1.0000e+00  4.0616e+00  2.0000e-01  8.3057e+12  1.2563e+00  2.2673e-01  2.8996e-02
  1.0000e+00  4.0616e+00  2.2000e-01  8.7917e+12  1.2477e+00  1.7877e-01  2.8371e-02
  1.0000e+00  4.0616e+00  2.4000e-01  5.1436e+12  1.3021e+00  1.2322e-01  3.3431e-02
  1.0000e+00  4.0616e+00  2.6000e-01  1.1025e+12  1.3590e+00  1.2246e-01  9.3073e-02
  1.0000e+00  4.0616e+00  2.8000e-01  1.7762e+12  1.3297e+00  9.0371e-02  8.5410e-02
  1.0000e+00  4.0616e+00  3.0000e-01  2.3287e+12  1.3004e+00  7.8493e-02  8.6956e-02
  1.0000e+00  4.0616e+00  3.2000e-01  2.2706e+12  1.3059e+00  5.5539e-02  9.3492e-02
  1.0000e+00  4.0616e+00  3.4000e-01  1.3853e+12  1.2872e+00  8.1942e-02  1.5020e-01
  1.0000e+00  4.0616e+00  3.6000e-01  6.0698e+11  1.2708e+00  2.4517e-01  3.0432e-01
  1.0000e+00  4.0616e+00  3.8000e-01  1.0852e+12  1.6004e+00  -3.3870e+00  1.2291e-01
  1.0000e+00  4.0616e+00  4.0000e-01  1.0811e+11  1.6069e+00  -1.0817e+01  4.2158e-01
  1.0000e+00  4.0616e+00  4.2000e-01  7.9950e+10  1.2821e+00  -2.7467e+01  6.9972e-01
  1.0000e+00  4.0616e+00  4.4000e-01  6.3043e+08  8.2334e-01  9.3252e+01  2.9458e+01
  1.0000e+00  4.0616e+00  4.6000e-01  2.6095e+07  1.1571e+00  -5.5815e+02  2.0119e+00
  1.0000e+00  4.0616e+00  4.8000e-01  6.9252e+10  6.0708e-01  -4.5987e+03  8.6074e-01
  1.0000e+00  4.0616e+00  5.0000e-01  3.0343e+11  9.1787e-01  1.1570e-01  1.2265e-01
  1.0000e+00  4.0616e+00  5.2000e-01  2.5494e+11  9.2875e-01  2.6721e-01  9.9128e-02
  1.0000e+00  4.0616e+00  5.4000e-01  1.7036e+11  1.1133e+00  2.1336e-01  1.1895e-01
  1.0000e+00  4.0616e+00  5.6000e-01  7.5914e+10  1.3146e+00  1.7626e-01  1.5823e-01
  1.0000e+00  4.0616e+00  5.8000e-01  7.6020e+10  1.6102e+00  -3.5997e-02  7.2957e-02
  1.0000e+00  4.0616e+00  6.0000e-01  2.6013e+11  1.7569e+00  -2.8029e-01  3.7226e-02
  1.0000e+00  4.9619e+00  1.0000e-02  1.2721e+12  1.3604e+00  1.0959e+00  1.0400e-01
  1.0000e+00  4.9619e+00  2.0000e-02  1.5301e+12  1.3671e+00  8.7194e-01  9.0038e-02
  1.0000e+00  4.9619e+00  4.0000e-02  1.8074e+12  1.3723e+00  6.6478e-01  7.8124e-02
  1.0000e+00  4.9619e+00  6.0000e-02  1.8966e+12  1.3773e+00  5.7311e-01  7.6999e-02
  1.0000e+00  4.9619e+00  8.0000e-02  2.0371e+12  1.3756e+00  4.9905e-01  6.9773e-02
  1.0000e+00  4.9619e+00  1.0000e-01  2.1577e+12  1.3701e+00  4.5617e-01  6.5759e-02
  1.0000e+00  4.9619e+00  1.2000e-01  2.1942e+12  1.3655e+00  4.2362e-01  6.6138e-02
  1.0000e+00  4.9619e+00  1.4000e-01  2.4238e+12  1.3566e+00  3.8239e-01  6.2133e-02
  1.0000e+00  4.9619e+00  1.6000e-01  3.0878e+12  1.3373e+00  3.3312e-01  5.2232e-02
  1.0000e+00  4.9619e+00  1.8000e-01  4.4207e+12  1.3039e+00  2.8304e-01  4.0847e-02
  1.0000e+00  4.9619e+00  2.0000e-01  5.9138e+12  1.2679e+00  2.3361e-01  3.5315e-02
  1.0000e+00  4.9619e+00  2.2000e-01  5.9237e+12  1.2323e+00  1.9691e-01  3.8566e-02
  1.0000e+00  4.9619e+00  2.4000e-01  1.1547e+12  1.3111e+00  1.9680e-01  8.1972e-02
  1.0000e+00  4.9619e+00  2.6000e-01  9.2373e+11  1.3632e+00  1.2092e-01  1.0341e-01
  1.0000e+00  4.9619e+00  2.8000e-01  1.8850e+12  1.3281e+00  8.2818e-02  8.3371e-02
  1.0000e+00  4.9619e+00  3.0000e-01  2.6261e+12  1.3055e+00  6.5301e-02  7.9190e-02
  1.0000e+00  4.9619e+00  3.2000e-01  1.8749e+12  1.3028e+00  6.6862e-02  1.0676e-01
  1.0000e+00  4.9619e+00  3.4000e-01  1.1967e+12  1.2814e+00  1.1612e-01  1.6521e-01
  1.0000e+00  4.9619e+00  3.6000e-01  6.4233e+11  1.2665e+00  2.4605e-01  2.9524e-01
  1.0000e+00  4.9619e+00  3.8000e-01  1.4239e+12  1.5729e+00  -3.0894e+00  1.0845e-01
  1.0000e+00  4.9619e+00  4.0000e-01  5.5992e+08  1.5813e+00  -5.4241e+00  1.1646e+01
  1.0000e+00  4.9619e+00  4.2000e-01  1.1955e+09  1.0885e+00  9.3267e+01  3.9792e+01
  1.0000e+00  4.9619e+00  4.4000e-01  8.6466e+08  7.5568e-01  8.8031e+01  2.2786e+01
  1.0000e+00  4.9619e+00  4.6000e-01  1.5839e+08  1.1649e+00  -5.5206e+02  7.6063e-01
  1.0000e+00  4.9619e+00  4.8000e-01  3.5420e+10  5.8059e-01  -3.3610e+03  2.2547e+00
  1.0000e+00  4.9619e+00  5.0000e-01  4.3123e+11  9.2460e-01  4.8813e-02  8.3812e-02
  1.0000e+00  4.9619e+00  5.2000e-01  2.6663e+11  8.8780e-01  3.2615e-01  9.9382e-02
  1.0000e+00  4.9619e+00  5.4000e-01  2.1686e+11  1.0106e+00  2.1958e-01  1.0509e-01
  1.0000e+00  4.9619e+00  5.6000e-01  1.5555e+11  1.1486e+00  2.0074e-01  1.2479e-01
  1.0000e+00  4.9619e+00  5.8000e-01  9.4450e+10  1.2958e+00  1.6708e-01  1.4982e-01
  1.0000e+00  4.9619e+00  6.0000e-01  5.8873e+10  1.4483e+00  8.3707e-02  1.5393e-01
  1.0000e+00  6.0619e+00  1.0000e-02  1.1778e+12  1.3612e+00  1.1227e+00  1.0908e-01
  1.0000e+00  6.0619e+00  2.0000e-02  1.4318e+12  1.3687e+00  8.8247e-01  9.3013e-02
  1.0000e+00  6.0619e+00  4.0000e-02  1.7264e+12  1.3747e+00  6.6537e-01  7.9522e-02
  1.0000e+00  6.0619e+00  6.0000e-02  1.7857e+12  1.3758e+00  5.7668e-01  7.8449e-02
  1.0000e+00  6.0619e+00  8.0000e-02  1.8033e+12  1.3766e+00  5.2154e-01  7.7466e-02
  1.0000e+00  6.0619e+00  1.0000e-01  1.8941e+12  1.3740e+00  4.7904e-01  7.3758e-02
  1.0000e+00  6.0619e+00  1.2000e-01  1.9998e+12  1.3707e+00  4.3711e-01  7.1843e-02
  1.0000e+00  6.0619e+00  1.4000e-01  2.1705e+12  1.3649e+00  3.8680e-01  6.9043e-02
  1.0000e+00  6.0619e+00  1.6000e-01  2.5922e+12  1.3488e+00  3.3183e-01  6.0423e-02
  1.0000e+00  6.0619e+00  1.8000e-01  3.6650e+12  1.3123e+00  2.8329e-01  4.6899e-02
  1.0000e+00  6.0619e+00  2.0000e-01  5.1832e+12  1.2702e+00  2.3536e-01  3.8855e-02
  1.0000e+00  6.0619e+00  2.2000e-01  5.7535e+12  1.2312e+00  1.9615e-01  4.0082e-02
  1.0000e+00  6.0619e+00  2.4000e-01  1.6495e+12  1.2763e+00  1.9559e-01  7.9790e-02
  1.0000e+00  6.0619e+00  2.6000e-01  1.0341e+12  1.3523e+00  1.1688e-01  1.0449e-01
  1.0000e+00  6.0619e+00  2.8000e-01  2.1699e+12  1.3283e+00  7.1658e-02  7.7866e-02
  1.0000e+00  6.0619e+00  3.0000e-01  2.8749e+12  1.3147e+00  5.4979e-02  7.1913e-02
  1.0000e+00  6.0619e+00  3.2000e-01  1.7123e+12  1.3118e+00  7.1577e-02  1.0796e-01
  1.0000e+00  6.0619e+00  3.4000e-01  1.1680e+12  1.2734e+00  1.3719e-01  1.7011e-01
  1.0000e+00  6.0619e+00  3.6000e-01  6.7770e+11  1.2543e+00  2.7517e-01  2.9688e-01
  1.0000e+00  6.0619e+00  3.8000e-01  1.3838e+12  1.5408e+00  -2.7376e+00  1.1598e-01
  1.0000e+00  6.0619e+00  4.0000e-01  4.8716e+08  1.5680e+00  -3.3453e+00  1.2748e+01
  1.0000e+00  6.0619e+00  4.2000e-01  1.6510e+09  1.0591e+00  9.3565e+01  3.5751e+01
  1.0000e+00  6.0619e+00  4.4000e-01  9.9307e+08  6.7348e-01  6.5065e+01  1.9915e+01
  1.0000e+00  6.0619e+00  4.6000e-01  6.5163e+07  1.1191e+00  -5.3877e+02  2.0650e+00
  1.0000e+00  6.0619e+00  4.8000e-01  3.6898e+10  5.7678e-01  -2.5331e+03  1.5254e+00
  1.0000e+00  6.0619e+00  5.0000e-01  1.1242e+12  9.2514e-01  -3.1656e-03  2.9720e-02
  1.0000e+00  6.0619e+00  5.2000e-01  2.7509e+11  8.6138e-01  3.8506e-01  8.9203e-02
  1.0000e+00  6.0619e+00  5.4000e-01  2.1624e+11  9.5669e-01  2.5296e-01  1.0830e-01
  1.0000e+00  6.0619e+00  5.6000e-01  1.9673e+11  1.0634e+00  1.9945e-01  1.1085e-01
  1.0000e+00  6.0619e+00  5.8000e-01  1.5546e+11  1.1745e+00  1.7582e-01  1.2416e-01
  1.0000e+00  6.0619e+00  6.0000e-01  1.1150e+11  1.2616e+00  1.6395e-01  1.4049e-01
  1.0000e+00  7.4057e+00  1.0000e-02  1.0103e+12  1.3611e+00  1.2570e+00  1.2824e-01
  1.0000e+00  7.4057e+00  2.0000e-02  1.2910e+12  1.3682e+00  9.5286e-01  1.0466e-01
  1.0000e+00  7.4057e+00  4.0000e-02  1.5220e+12  1.3737e+00  7.4205e-01  9.1712e-02
  1.0000e+00  7.4057e+00  6.0000e-02  1.6098e+12  1.3740e+00  6.4494e-01  8.7241e-02
  1.0000e+00  7.4057e+00  8.0000e-02  1.6555e+12  1.3752e+00  5.8154e-01  8.6328e-02
  1.0000e+00  7.4057e+00  1.0000e-01  1.7345e+12  1.3756e+00  5.2214e-01  8.3796e-02
  1.0000e+00  7.4057e+00  1.2000e-01  1.7769e+12  1.3753e+00  4.6478e-01  8.3834e-02
  1.0000e+00  7.4057e+00  1.4000e-01  1.8662e+12  1.3713e+00  3.9936e-01  8.1331e-02
  1.0000e+00  7.4057e+00  1.6000e-01  2.4695e+12  1.3471e+00  3.3628e-01  6.4600e-02
  1.0000e+00  7.4057e+00  1.8000e-01  3.9064e+12  1.3033e+00  2.8566e-01  4.6531e-02
  1.0000e+00  7.4057e+00  2.0000e-01  5.6286e+12  1.2662e+00  2.3448e-01  3.8243e-02
  1.0000e+00  7.4057e+00  2.2000e-01  6.3522e+12  1.2439e+00  1.8338e-01  3.8627e-02
  1.0000e+00  7.4057e+00  2.4000e-01  2.8743e+12  1.2550e+00  1.6750e-01  6.6425e-02
  1.0000e+00  7.4057e+00  2.6000e-01  1.2099e+12  1.3430e+00  1.1102e-01  1.0135e-01
  1.0000e+00  7.4057e+00  2.8000e-01  2.4589e+12  1.3320e+00  6.2661e-02  7.1293e-02
  1.0000e+00  7.4057e+00  3.0000e-01  2.7846e+12  1.3215e+00  5.3006e-02  7.1123e-02
  1.0000e+00  7.4057e+00  3.2000e-01  1.6252e+12  1.3118e+00  7.6319e-02  1.1073e-01
  1.0000e+00  7.4057e+00  3.4000e-01  1.1870e+12  1.2685e+00  1.4581e-01  1.6996e-01
  1.0000e+00  7.4057e+00  3.6000e-01  7.1544e+11  1.2413e+00  3.0868e-01  3.0103e-01
  1.0000e+00  7.4057e+00  3.8000e-01  1.4488e+12  1.4992e+00  -2.2854e+00  1.1918e-01
  1.0000e+00  7.4057e+00  4.0000e-01  4.2155e+08  1.5551e+00  -9.3416e-01  1.3890e+01
  1.0000e+00  7.4057e+00  4.2000e-01  2.4908e+09  1.0172e+00  9.2330e+01  3.1791e+01
  1.0000e+00  7.4057e+00  4.4000e-01  5.4678e+08  6.2883e-01  1.3212e+01  2.5747e+01
  1.0000e+00  7.4057e+00  4.6000e-01  6.2159e+07  1.0570e+00  -5.1660e+02  2.4658e+00
  1.0000e+00  7.4057e+00  4.8000e-01  2.4938e+10  5.8256e-01  -1.9135e+03  1.9324e+00
  1.0000e+00  7.4057e+00  5.0000e-01  1.3804e+12  9.2136e-01  -6.1568e-02  2.3761e-02
  1.0000e+00  7.4057e+00  5.2000e-01  2.7017e+11  8.5617e-01  4.4376e-01  8.0271e-02
  1.0000e+00  7.4057e+00  5.4000e-01  1.9701e+11  9.0317e-01  3.3955e-01  1.0866e-01
  1.0000e+00  7.4057e+00  5.6000e-01  1.7856e+11  9.8226e-01  2.4222e-01  1.1372e-01
  1.0000e+00  7.4057e+00  5.8000e-01  1.6729e+11  1.0636e+00  1.9978e-01  1.1527e-01
  1.0000e+00  7.4057e+00  6.0000e-01  1.4667e+11  1.1482e+00  1.7912e-01  1.2257e-01
  1.0000e+00  9.0474e+00  1.0000e-02  6.7628e+11  1.3547e+00  1.8759e+00  1.6676e-01
  1.0000e+00  9.0474e+00  2.0000e-02  9.0503e+11  1.3636e+00  1.3363e+00  1.3754e-01
  1.0000e+00  9.0474e+00  4.0000e-02  1.1072e+12  1.3708e+00  9.9144e-01  1.1921e-01
  1.0000e+00  9.0474e+00  6.0000e-02  1.2289e+12  1.3743e+00  8.2379e-01  1.1044e-01
  1.0000e+00  9.0474e+00  8.0000e-02  1.3439e+12  1.3771e+00  6.9491e-01  1.0280e-01
  1.0000e+00  9.0474e+00  1.0000e-01  1.4726e+12  1.3762e+00  5.9721e-01  9.5593e-02
  1.0000e+00  9.0474e+00  1.2000e-01  1.5612e+12  1.3754e+00  5.1128e-01  9.3278e-02
  1.0000e+00  9.0474e+00  1.4000e-01  1.8521e+12  1.3657e+00  4.2311e-01  8.2623e-02
  1.0000e+00  9.0474e+00  1.6000e-01  2.7706e+12  1.3335e+00  3.5103e-01  6.0954e-02
  1.0000e+00  9.0474e+00  1.8000e-01  4.4274e+12  1.2918e+00  2.9353e-01  4.4215e-02
  1.0000e+00  9.0474e+00  2.0000e-01  6.0320e+12  1.2646e+00  2.3558e-01  3.7705e-02
  1.0000e+00  9.0474e+00  2.2000e-01  6.7361e+12  1.2527e+00  1.7892e-01  3.7623e-02
  1.0000e+00  9.0474e+00  2.4000e-01  4.0072e+12  1.2552e+00  1.4688e-01  5.5966e-02
  1.0000e+00  9.0474e+00  2.6000e-01  1.2714e+12  1.3389e+00  1.1067e-01  1.0059e-01
  1.0000e+00  9.0474e+00  2.8000e-01  2.3783e+12  1.3360e+00  6.1532e-02  7.1663e-02
  1.0000e+00  9.0474e+00  3.0000e-01  2.5865e+12  1.3247e+00  5.4812e-02  7.3198e-02
  1.0000e+00  9.0474e+00  3.2000e-01  1.6329e+12  1.3079e+00  8.0173e-02  1.1121e-01
  1.0000e+00  9.0474e+00  3.4000e-01  1.2448e+12  1.2659e+00  1.4442e-01  1.6575e-01
  1.0000e+00  9.0474e+00  3.6000e-01  7.5788e+11  1.2265e+00  3.5167e-01  3.0774e-01
  1.0000e+00  9.0474e+00  3.8000e-01  1.9632e+12  1.4543e+00  -1.7772e+00  1.0153e-01
  1.0000e+00  9.0474e+00  4.0000e-01  3.6320e+08  1.5418e+00  1.7960e+00  1.5264e+01
  1.0000e+00  9.0474e+00  4.2000e-01  4.1298e+09  9.5352e-01  8.5491e+01  2.9545e+01
  1.0000e+00  9.0474e+00  4.4000e-01  2.1276e+09  6.9983e-01  -3.1865e+01  1.0824e+00
  1.0000e+00  9.0474e+00  4.6000e-01  6.8493e+07  9.7630e-01  -4.7960e+02  2.5193e+00
  1.0000e+00  9.0474e+00  4.8000e-01  2.2152e+10  6.0476e-01  -1.4685e+03  1.3072e+00
  1.0000e+00  9.0474e+00  5.0000e-01  9.8516e+11  9.1912e-01  -1.8069e-01  3.4254e-02
  1.0000e+00  9.0474e+00  5.2000e-01  2.3233e+11  8.6984e-01  4.6728e-01  8.0428e-02
  1.0000e+00  9.0474e+00  5.4000e-01  1.7923e+11  8.8291e-01  4.1245e-01  1.0103e-01
  1.0000e+00  9.0474e+00  5.6000e-01  1.4772e+11  9.2770e-01  3.3519e-01  1.1919e-01
  1.0000e+00  9.0474e+00  5.8000e-01  1.3794e+11  9.8695e-01  2.5561e-01  1.2204e-01
  1.0000e+00  9.0474e+00  6.0000e-01  1.3347e+11  1.0493e+00  2.0696e-01  1.2051e-01
  1.0000e+00  1.1053e+01  1.0000e-02  1.6651e+11  1.4135e+00  4.2369e+00  3.9102e-01
  1.0000e+00  1.1053e+01  2.0000e-02  4.1864e+11  1.3810e+00  2.4226e+00  2.1324e-01
  1.0000e+00  1.1053e+01  4.0000e-02  6.9362e+11  1.3772e+00  1.4956e+00  1.5289e-01
  1.0000e+00  1.1053e+01  6.0000e-02  8.9060e+11  1.3769e+00  1.1206e+00  1.3122e-01
  1.0000e+00  1.1053e+01  8.0000e-02  1.0326e+12  1.3799e+00  8.7622e-01  1.1965e-01
  1.0000e+00  1.1053e+01  1.0000e-01  1.2030e+12  1.3787e+00  7.0719e-01  1.0824e-01
  1.0000e+00  1.1053e+01  1.2000e-01  1.3713e+12  1.3764e+00  5.7567e-01  1.0084e-01
  1.0000e+00  1.1053e+01  1.4000e-01  1.7792e+12  1.3624e+00  4.5954e-01  8.4577e-02
  1.0000e+00  1.1053e+01  1.6000e-01  2.8108e+12  1.3269e+00  3.7449e-01  6.0843e-02
  1.0000e+00  1.1053e+01  1.8000e-01  4.3937e+12  1.2888e+00  3.0791e-01  4.5100e-02
  1.0000e+00  1.1053e+01  2.0000e-01  5.7864e+12  1.2658e+00  2.4488e-01  3.9171e-02
  1.0000e+00  1.1053e+01  2.2000e-01  6.4935e+12  1.2544e+00  1.8529e-01  3.8684e-02
  1.0000e+00  1.1053e+01  2.4000e-01  4.2914e+12  1.2507e+00  1.4921e-01  5.4165e-02
  1.0000e+00  1.1053e+01  2.6000e-01  1.1573e+12  1.3402e+00  1.1774e-01  1.0455e-01
  1.0000e+00  1.1053e+01  2.8000e-01  1.9947e+12  1.3397e+00  6.7107e-02  7.8506e-02
  1.0000e+00  1.1053e+01  3.0000e-01  2.3067e+12  1.3250e+00  5.9691e-02  7.8160e-02
  1.0000e+00  1.1053e+01  3.2000e-01  1.7269e+12  1.3020e+00  8.1831e-02  1.0850e-01
  1.0000e+00  1.1053e+01  3.4000e-01  1.3121e+12  1.2627e+00  1.4287e-01  1.6180e-01
  1.0000e+00  1.1053e+01  3.6000e-01  8.2472e+11  1.2091e+00  3.9969e-01  3.1223e-01
  1.0000e+00  1.1053e+01  3.8000e-01  1.9304e+12  1.4080e+00  -1.2943e+00  1.0614e-01
  1.0000e+00  1.1053e+01  4.0000e-01  3.3166e+08  1.5298e+00  3.4917e+00  1.6815e+01
  1.0000e+00  1.1053e+01  4.2000e-01  4.6894e+09  8.8460e-01  5.5636e+01  3.9883e+01
  1.0000e+00  1.1053e+01  4.4000e-01  8.4745e+08  8.0485e-01  -1.3269e+02  1.8987e+00
  1.0000e+00  1.1053e+01  4.6000e-01  9.6377e+07  8.9350e-01  -4.5606e+02  1.8885e+00
  1.0000e+00  1.1053e+01  4.8000e-01  1.0937e+10  6.5783e-01  -1.1616e+03  1.7795e+00
  1.0000e+00  1.1053e+01  5.0000e-01  8.7899e+11  9.3106e-01  -5.5604e-01  3.8878e-02
  1.0000e+00  1.1053e+01  5.2000e-01  1.8262e+11  8.9187e-01  4.7363e-01  8.4581e-02
  1.0000e+00  1.1053e+01  5.4000e-01  1.4764e+11  8.8560e-01  4.8921e-01  9.8516e-02
  1.0000e+00  1.1053e+01  5.6000e-01  1.2074e+11  9.0558e-01  4.4110e-01  1.1683e-01
  1.0000e+00  1.1053e+01  5.8000e-01  1.0574e+11  9.4179e-01  3.6378e-01  1.2817e-01
  1.0000e+00  1.1053e+01  6.0000e-01  9.4597e+10  9.8499e-01  3.0067e-01  1.3677e-01
  1.0000e+00  1.3503e+01  1.0000e-02  5.2810e+09  1.7279e+00  4.0797e+00  4.5791e+00
  1.0000e+00  1.3503e+01  2.0000e-02  7.4953e+09  1.7227e+00  3.7729e+00  1.8541e+00
  1.0000e+00  1.3503e+01  4.0000e-02  2.2765e+11  1.4381e+00  2.4131e+00  3.0443e-01
  1.0000e+00  1.3503e+01  6.0000e-02  5.0539e+11  1.3985e+00  1.5551e+00  1.8127e-01
  1.0000e+00  1.3503e+01  8.0000e-02  7.2466e+11  1.3895e+00  1.1215e+00  1.4460e-01
  1.0000e+00  1.3503e+01  1.0000e-01  9.3942e+11  1.3828e+00  8.6196e-01  1.2384e-01
  1.0000e+00  1.3503e+01  1.2000e-01  1.0952e+12  1.3816e+00  6.7461e-01  1.1495e-01
  1.0000e+00  1.3503e+01  1.4000e-01  1.4287e+12  1.3705e+00  5.1527e-01  9.6962e-02
  1.0000e+00  1.3503e+01  1.6000e-01  2.3049e+12  1.3357e+00  4.0676e-01  6.9251e-02
  1.0000e+00  1.3503e+01  1.8000e-01  3.6756e+12  1.2962e+00  3.3173e-01  5.0516e-02
  1.0000e+00  1.3503e+01  2.0000e-01  4.9383e+12  1.2699e+00  2.6545e-01  4.3167e-02
  1.0000e+00  1.3503e+01  2.2000e-01  5.6849e+12  1.2517e+00  2.0396e-01  4.1959e-02
  1.0000e+00  1.3503e+01  2.4000e-01  4.1769e+12  1.2386e+00  1.6421e-01  5.4640e-02
  1.0000e+00  1.3503e+01  2.6000e-01  9.4064e+11  1.3471e+00  1.3133e-01  1.1115e-01
  1.0000e+00  1.3503e+01  2.8000e-01  1.5329e+12  1.3446e+00  7.7912e-02  8.9576e-02
  1.0000e+00  1.3503e+01  3.0000e-01  2.0162e+12  1.3237e+00  6.6636e-02  8.4596e-02
  1.0000e+00  1.3503e+01  3.2000e-01  1.8383e+12  1.2954e+00  8.3065e-02  1.0536e-01
  1.0000e+00  1.3503e+01  3.4000e-01  1.4327e+12  1.2583e+00  1.3886e-01  1.5407e-01
  1.0000e+00  1.3503e+01  3.6000e-01  9.1734e+11  1.1892e+00  4.5205e-01  3.1495e-01
  1.0000e+00  1.3503e+01  3.8000e-01  7.5567e+10  1.3438e+00  -3.6611e-01  1.2449e+00
  1.0000e+00  1.3503e+01  4.0000e-01  1.3692e+11  1.5609e+00  -1.2122e+01  3.6800e-01
  1.0000e+00  1.3503e+01  4.2000e-01  1.8569e+09  9.0257e-01  3.0326e+01  6.2021e+01
  1.0000e+00  1.3503e+01  4.4000e-01  6.2291e+08  8.5004e-01  -1.9593e+02  1.8129e+00
  1.0000e+00  1.3503e+01  4.6000e-01  1.5776e+08  8.4076e-01  -4.4864e+02  1.0102e+00
  1.0000e+00  1.3503e+01  4.8000e-01  4.1798e+09  7.3621e-01  -7.8218e+02  2.0730e+00
  1.0000e+00  1.3503e+01  5.0000e-01  5.1377e+11  9.5666e-01  -1.4775e+00  6.9377e-02
  1.0000e+00  1.3503e+01  5.2000e-01  1.3277e+11  9.1353e-01  4.8676e-01  9.0766e-02
  1.0000e+00  1.3503e+01  5.4000e-01  1.0321e+11  9.0894e-01  5.3451e-01  1.0429e-01
  1.0000e+00  1.3503e+01  5.6000e-01  8.8741e+10  9.1104e-01  5.4868e-01  1.1403e-01
  1.0000e+00  1.3503e+01  5.8000e-01  7.5465e+10  9.2587e-01  5.2696e-01  1.2771e-01
  1.0000e+00  1.3503e+01  6.0000e-01  6.3873e+10  9.5384e-01  4.5900e-01  1.4250e-01
  1.0000e+00  1.6496e+01  1.0000e-02  2.6906e+11  1.8526e+00  -4.1742e+00  4.7379e-01
  1.0000e+00  1.6496e+01  2.0000e-02  9.7007e+09  1.7194e+00  1.7822e+00  3.2843e+00
  1.0000e+00  1.6496e+01  4.0000e-02  1.2158e+10  1.7182e+00  2.2674e+00  1.6054e+00
  1.0000e+00  1.6496e+01  6.0000e-02  8.3337e+10  1.5431e+00  2.0922e+00  5.1673e-01
  1.0000e+00  1.6496e+01  8.0000e-02  3.5028e+11  1.4292e+00  1.5262e+00  2.2556e-01
  1.0000e+00  1.6496e+01  1.0000e-01  6.2750e+11  1.3956e+00  1.1029e+00  1.5559e-01
  1.0000e+00  1.6496e+01  1.2000e-01  8.0115e+11  1.3875e+00  8.4585e-01  1.3824e-01
  1.0000e+00  1.6496e+01  1.4000e-01  9.6031e+11  1.3871e+00  6.1685e-01  1.2406e-01
  1.0000e+00  1.6496e+01  1.6000e-01  1.4783e+12  1.3615e+00  4.5861e-01  9.1159e-02
  1.0000e+00  1.6496e+01  1.8000e-01  2.4688e+12  1.3184e+00  3.6962e-01  6.4039e-02
  1.0000e+00  1.6496e+01  2.0000e-01  3.5169e+12  1.2836e+00  3.0079e-01  5.2312e-02
  1.0000e+00  1.6496e+01  2.2000e-01  4.2613e+12  1.2534e+00  2.3979e-01  4.9077e-02
  1.0000e+00  1.6496e+01  2.4000e-01  3.9637e+12  1.2137e+00  1.9798e-01  5.5085e-02
  1.0000e+00  1.6496e+01  2.6000e-01  6.3883e+11  1.3616e+00  1.5807e-01  1.2428e-01
  1.0000e+00  1.6496e+01  2.8000e-01  1.1219e+12  1.3528e+00  9.2043e-02  1.0220e-01
  1.0000e+00  1.6496e+01  3.0000e-01  1.8500e+12  1.3250e+00  6.9573e-02  8.6763e-02
  1.0000e+00  1.6496e+01  3.2000e-01  1.9925e+12  1.2888e+00  8.3130e-02  9.9788e-02
  1.0000e+00  1.6496e+01  3.4000e-01  1.5754e+12  1.2479e+00  1.4719e-01  1.4638e-01
  1.0000e+00  1.6496e+01  3.6000e-01  1.0677e+12  1.1646e+00  4.9620e-01  3.1265e-01
  1.0000e+00  1.6496e+01  3.8000e-01  9.1543e+10  1.2307e+00  1.2045e+00  1.6557e+00
  1.0000e+00  1.6496e+01  4.0000e-01  5.0630e+11  1.4193e+00  -1.3828e+01  2.3443e-01
  1.0000e+00  1.6496e+01  4.2000e-01  3.3422e+08  9.7981e-01  7.2926e+01  9.3571e+01
  1.0000e+00  1.6496e+01  4.4000e-01  2.8934e+09  8.5782e-01  -2.5679e+02  2.2676e-01
  1.0000e+00  1.6496e+01  4.6000e-01  9.6770e+07  8.0605e-01  -4.3678e+02  1.6237e+00
  1.0000e+00  1.6496e+01  4.8000e-01  5.2100e+08  9.4107e-01  -5.2740e+02  2.9066e+00
  1.0000e+00  1.6496e+01  5.0000e-01  2.4458e+11  1.0353e+00  -5.4777e+00  1.4393e-01
  1.0000e+00  1.6496e+01  5.2000e-01  8.7040e+10  9.3751e-01  4.9817e-01  9.8281e-02
  1.0000e+00  1.6496e+01  5.4000e-01  6.2621e+10  9.3870e-01  5.8001e-01  1.1222e-01
  1.0000e+00  1.6496e+01  5.6000e-01  5.2305e+10  9.4020e-01  6.1863e-01  1.2044e-01
  1.0000e+00  1.6496e+01  5.8000e-01  4.5700e+10  9.4573e-01  6.2679e-01  1.2622e-01
  1.0000e+00  1.6496e+01  6.0000e-01  4.0200e+10  9.5267e-01  6.3156e-01  1.3385e-01
  1.0000e+00  2.0153e+01  1.0000e-02  1.3411e+12  1.8699e+00  -5.6645e+00  1.7715e-01
  1.0000e+00  2.0153e+01  2.0000e-02  2.1390e+10  1.7757e+00  -1.7780e+00  2.0054e+00
  1.0000e+00  2.0153e+01  4.0000e-02  1.8818e+10  1.6921e+00  1.3192e+00  2.0318e+00
  1.0000e+00  2.0153e+01  6.0000e-02  1.9152e+10  1.7036e+00  1.5087e+00  1.3493e+00
  1.0000e+00  2.0153e+01  8.0000e-02  4.1006e+10  1.6330e+00  1.5339e+00  7.2577e-01
  1.0000e+00  2.0153e+01  1.0000e-01  2.1830e+11  1.4751e+00  1.4413e+00  2.9778e-01
  1.0000e+00  2.0153e+01  1.2000e-01  4.6822e+11  1.4148e+00  1.1608e+00  1.8795e-01
  1.0000e+00  2.0153e+01  1.4000e-01  6.2678e+11  1.3997e+00  8.8620e-01  1.6008e-01
  1.0000e+00  2.0153e+01  1.6000e-01  7.8677e+11  1.3964e+00  6.1586e-01  1.3686e-01
  1.0000e+00  2.0153e+01  1.8000e-01  1.2537e+12  1.3664e+00  4.4861e-01  9.7398e-02
  1.0000e+00  2.0153e+01  2.0000e-01  1.9925e+12  1.3238e+00  3.6174e-01  7.1557e-02
  1.0000e+00  2.0153e+01  2.2000e-01  2.6635e+12  1.2865e+00  2.9730e-01  6.2116e-02
  1.0000e+00  2.0153e+01  2.4000e-01  2.9781e+12  1.2375e+00  2.5750e-01  6.1855e-02
  1.0000e+00  2.0153e+01  2.6000e-01  4.3595e+11  1.2949e+00  4.1203e-01  1.3795e-01
  1.0000e+00  2.0153e+01  2.8000e-01  4.9719e+11  1.4194e+00  8.9378e-02  1.2180e-01
  1.0000e+00  2.0153e+01  3.0000e-01  2.2895e+12  1.3739e+00  3.6756e-02  5.6829e-02
  1.0000e+00  2.0153e+01  3.2000e-01  9.4390e+12  1.3315e+00  2.6388e-02  2.4696e-02
  1.0000e+00  2.0153e+01  3.4000e-01  1.4360e+13  1.3240e+00  1.3011e-02  1.8884e-02
  1.0000e+00  2.0153e+01  3.6000e-01  1.1378e+12  1.2535e+00  1.2013e-01  1.7074e-01
  1.0000e+00  2.0153e+01  3.8000e-01  3.7421e+11  1.2416e+00  -5.6149e-02  5.1894e-01
  1.0000e+00  2.0153e+01  4.0000e-01  2.1772e+11  1.5681e+00  -2.0415e+01  3.6559e-01
  1.0000e+00  2.0153e+01  4.2000e-01  2.4160e+10  1.6632e+00  -3.0285e+02  5.5358e-01
  1.0000e+00  2.0153e+01  4.4000e-01  1.6526e+09  8.4389e-01  -2.9938e+02  3.4541e-01
  1.0000e+00  2.0153e+01  4.6000e-01  5.4909e+08  7.8377e-01  -4.0023e+02  1.4507e-01
  1.0000e+00  2.0153e+01  4.8000e-01  2.1074e+08  1.1333e+00  -5.7218e+02  1.7447e+00
  1.0000e+00  2.0153e+01  5.0000e-01  6.4288e+10  1.2132e+00  -2.6031e+01  4.1198e-01
  1.0000e+00  2.0153e+01  5.2000e-01  5.0431e+10  9.6316e-01  5.0542e-01  1.0920e-01
  1.0000e+00  2.0153e+01  5.4000e-01  3.4169e+10  9.6781e-01  6.1509e-01  1.2050e-01
  1.0000e+00  2.0153e+01  5.6000e-01  2.8584e+10  9.6917e-01  6.6295e-01  1.2422e-01
  1.0000e+00  2.0153e+01  5.8000e-01  2.4580e+10  9.7229e-01  6.8374e-01  1.2797e-01
  1.0000e+00  2.0153e+01  6.0000e-01  2.0851e+10  9.7948e-01  6.8630e-01  1.3494e-01
  1.0000e+00  2.4621e+01  1.0000e-02  5.9959e+11  1.9481e+00  -9.8152e+00  2.2875e-01
  1.0000e+00  2.4621e+01  2.0000e-02  2.5766e+12  1.7811e+00  -2.9251e+00  1.2747e-01
  1.0000e+00  2.4621e+01  4.0000e-02  2.5031e+10  1.6983e+00  1.0362e-01  1.9228e+00
  1.0000e+00  2.4621e+01  6.0000e-02  2.8953e+10  1.6774e+00  9.1318e-01  1.5091e+00
  1.0000e+00  2.4621e+01  8.0000e-02  3.0201e+10  1.6801e+00  1.0789e+00  1.1200e+00
  1.0000e+00  2.4621e+01  1.0000e-01  4.1553e+10  1.6451e+00  1.2205e+00  7.3890e-01
  1.0000e+00  2.4621e+01  1.2000e-01  1.5264e+11  1.5120e+00  1.3011e+00  3.6825e-01
  1.0000e+00  2.4621e+01  1.4000e-01  3.4172e+11  1.4403e+00  1.1219e+00  2.3257e-01
  1.0000e+00  2.4621e+01  1.6000e-01  4.9368e+11  1.4173e+00  8.5993e-01  1.8304e-01
  1.0000e+00  2.4621e+01  1.8000e-01  6.8883e+11  1.4033e+00  6.1288e-01  1.4366e-01
  1.0000e+00  2.4621e+01  2.0000e-01  1.1157e+12  1.3704e+00  4.6001e-01  1.0313e-01
  1.0000e+00  2.4621e+01  2.2000e-01  1.7235e+12  1.3316e+00  3.7345e-01  7.7964e-02
  1.0000e+00  2.4621e+01  2.4000e-01  2.3042e+12  1.2970e+00  3.0953e-01  6.7266e-02
  1.0000e+00  2.4621e+01  2.6000e-01  2.6001e+12  1.2604e+00  2.6029e-01  6.5681e-02
  1.0000e+00  2.4621e+01  2.8000e-01  2.8734e+12  1.1634e+00  2.8955e-01  7.1004e-02
  1.0000e+00  2.4621e+01  3.0000e-01  2.1568e+11  1.4494e+00  1.3120e-01  1.6989e-01
  1.0000e+00  2.4621e+01  3.2000e-01  3.2304e+12  1.4094e+00  1.1606e-02  3.7460e-02
  1.0000e+00  2.4621e+01  3.4000e-01  1.6928e+13  1.3781e+00  -1.0177e-02  1.3570e-02
  1.0000e+00  2.4621e+01  3.6000e-01  1.3933e+13  1.3347e+00  -8.5697e-03  1.7792e-02
  1.0000e+00  2.4621e+01  3.8000e-01  9.0696e+12  1.3181e+00  -1.1737e-01  2.6772e-02
  1.0000e+00  2.4621e+01  4.0000e-01  5.4133e+10  1.1672e+00  2.8138e+00  2.3615e+00
  1.0000e+00  2.4621e+01  4.2000e-01  3.3662e+10  7.2251e-01  -2.1283e+01  4.9641e+01
  1.0000e+00  2.4621e+01  4.4000e-01  1.7006e+09  8.7080e-01  -2.4186e+02  3.3259e-01
  1.0000e+00  2.4621e+01  4.6000e-01  9.9429e+07  8.1573e-01  -4.4612e+02  9.3527e-01
  1.0000e+00  2.4621e+01  4.8000e-01  5.3948e+08  1.1720e+00  -5.6738e+02  3.9328e-01
  1.0000e+00  2.4621e+01  5.0000e-01  2.2926e+10  1.3883e+00  -6.5968e+01  7.3826e-01
  1.0000e+00  2.4621e+01  5.2000e-01  2.6581e+10  9.8741e-01  5.0636e-01  1.2383e-01
  1.0000e+00  2.4621e+01  5.4000e-01  1.7931e+10  9.9392e-01  6.1548e-01  1.2898e-01
  1.0000e+00  2.4621e+01  5.6000e-01  1.4776e+10  9.9767e-01  6.7177e-01  1.2938e-01
  1.0000e+00  2.4621e+01  5.8000e-01  1.2029e+10  1.0051e+00  6.8875e-01  1.3617e-01
  1.0000e+00  2.4621e+01  6.0000e-01  1.0284e+10  1.0093e+00  6.9771e-01  1.4034e-01
  1.0000e+00  3.0079e+01  1.0000e-02  8.9733e+10  2.5502e+00  -6.8244e+01  4.0168e-01
  1.0000e+00  3.0079e+01  2.0000e-02  1.7832e+12  1.7995e+00  -3.9764e+00  1.3941e-01
  1.0000e+00  3.0079e+01  4.0000e-02  1.0250e+12  1.7197e+00  -1.4275e+00  2.1701e-01
  1.0000e+00  3.0079e+01  6.0000e-02  3.8767e+10  1.6685e+00  2.5801e-01  1.4603e+00
  1.0000e+00  3.0079e+01  8.0000e-02  4.0602e+10  1.6591e+00  7.1256e-01  1.2163e+00
  1.0000e+00  3.0079e+01  1.0000e-01  3.7802e+10  1.6674e+00  8.7830e-01  9.9661e-01
  1.0000e+00  3.0079e+01  1.2000e-01  4.3670e+10  1.6473e+00  1.0207e+00  7.5029e-01
  1.0000e+00  3.0079e+01  1.4000e-01  9.8212e+10  1.5615e+00  1.0800e+00  4.7188e-01
  1.0000e+00  3.0079e+01  1.6000e-01  2.2422e+11  1.4840e+00  9.6074e-01  2.9864e-01
  1.0000e+00  3.0079e+01  1.8000e-01  4.1121e+11  1.4334e+00  7.7405e-01  1.9794e-01
  1.0000e+00  3.0079e+01  2.0000e-01  6.6949e+11  1.4015e+00  5.7244e-01  1.3980e-01
  1.0000e+00  3.0079e+01  2.2000e-01  1.1340e+12  1.3595e+00  4.4820e-01  9.9719e-02
  1.0000e+00  3.0079e+01  2.4000e-01  1.6710e+12  1.3215e+00  3.6814e-01  7.9776e-02
  1.0000e+00  3.0079e+01  2.6000e-01  2.0899e+12  1.2884e+00  3.0571e-01  7.2497e-02
  1.0000e+00  3.0079e+01  2.8000e-01  2.3534e+12  1.2378e+00  2.7126e-01  7.1320e-02
  1.0000e+00  3.0079e+01  3.0000e-01  5.0899e+11  1.2152e+00  7.3514e-01  1.3664e-01
  1.0000e+00  3.0079e+01  3.2000e-01  3.2088e+11  1.4343e+00  8.7868e-02  1.4557e-01
  1.0000e+00  3.0079e+01  3.4000e-01  6.1325e+12  1.3878e+00  5.1700e-03  2.5299e-02
  1.0000e+00  3.0079e+01  3.6000e-01  1.4431e+13  1.3554e+00  -1.6155e-02  1.5814e-02
  1.0000e+00  3.0079e+01  3.8000e-01  8.8708e+12  1.3893e+00  -1.1180e-01  2.0705e-02
  1.0000e+00  3.0079e+01  4.0000e-01  4.3027e+11  1.1626e+00  1.7888e-01  4.4276e-01
  1.0000e+00  3.0079e+01  4.2000e-01  3.2326e+11  1.4382e+00  -3.4816e+01  3.7399e-01
  1.0000e+00  3.0079e+01  4.4000e-01  2.6823e+09  1.6989e+00  -4.3456e+02  4.5004e-01
  1.0000e+00  3.0079e+01  4.6000e-01  6.4046e+07  8.2768e-01  -4.3315e+02  1.1276e+00
  1.0000e+00  3.0079e+01  4.8000e-01  7.7566e+07  1.0067e+00  -5.4419e+02  1.7194e+00
  1.0000e+00  3.0079e+01  5.0000e-01  6.7155e+09  1.5401e+00  -1.1123e+02  1.3183e+00
  1.0000e+00  3.0079e+01  5.2000e-01  1.4105e+10  1.0032e+00  5.0782e-01  1.3641e-01
  1.0000e+00  3.0079e+01  5.4000e-01  9.7019e+09  1.0106e+00  6.0783e-01  1.3351e-01
  1.0000e+00  3.0079e+01  5.6000e-01  7.4085e+09  1.0247e+00  6.4799e-01  1.3884e-01
  1.0000e+00  3.0079e+01  5.8000e-01  5.8852e+09  1.0366e+00  6.6080e-01  1.4821e-01
  1.0000e+00  3.0079e+01  6.0000e-01  4.5578e+09  1.0509e+00  6.5556e-01  1.6343e-01
  1.0000e+00  3.6747e+01  1.0000e-02  2.4995e+07  4.8035e+00  -8.4289e+02  1.9062e+00
  1.0000e+00  3.6747e+01  2.0000e-02  9.6256e+11  1.8771e+00  -7.4782e+00  1.6970e-01
  1.0000e+00  3.6747e+01  4.0000e-02  2.4677e+12  1.7070e+00  -1.7243e+00  1.2500e-01
  1.0000e+00  3.6747e+01  6.0000e-02  7.7947e+10  1.6761e+00  -6.2310e-01  9.8273e-01
  1.0000e+00  3.6747e+01  8.0000e-02  5.0703e+10  1.6491e+00  2.7316e-01  1.2085e+00
  1.0000e+00  3.6747e+01  1.0000e-01  4.7563e+10  1.6520e+00  5.6160e-01  1.0791e+00
  1.0000e+00  3.6747e+01  1.2000e-01  4.3998e+10  1.6609e+00  6.7899e-01  9.3806e-01
  1.0000e+00  3.6747e+01  1.4000e-01  4.9375e+10  1.6473e+00  7.5805e-01  7.5702e-01
  1.0000e+00  3.6747e+01  1.6000e-01  8.0141e+10  1.5970e+00  7.7994e-01  5.4402e-01
  1.0000e+00  3.6747e+01  1.8000e-01  1.6161e+11  1.5253e+00  7.5791e-01  3.5265e-01
  1.0000e+00  3.6747e+01  2.0000e-01  3.5655e+11  1.4442e+00  7.0387e-01  2.0599e-01
  1.0000e+00  3.6747e+01  2.2000e-01  6.5143e+11  1.3953e+00  5.5337e-01  1.3711e-01
  1.0000e+00  3.6747e+01  2.4000e-01  1.0930e+12  1.3493e+00  4.4604e-01  1.0074e-01
  1.0000e+00  3.6747e+01  2.6000e-01  1.5225e+12  1.3124e+00  3.6794e-01  8.5110e-02
  1.0000e+00  3.6747e+01  2.8000e-01  1.8319e+12  1.2758e+00  3.0552e-01  7.9597e-02
  1.0000e+00  3.6747e+01  3.0000e-01  2.9378e+12  1.1743e+00  2.8783e-01  6.6724e-02
  1.0000e+00  3.6747e+01  3.2000e-01  1.2464e+11  1.4443e+00  2.2812e-01  2.0799e-01
  1.0000e+00  3.6747e+01  3.4000e-01  7.0714e+11  1.4088e+00  3.9589e-02  9.8595e-02
  1.0000e+00  3.6747e+01  3.6000e-01  1.2493e+13  1.3861e+00  -1.4616e-02  1.5074e-02
  1.0000e+00  3.6747e+01  3.8000e-01  1.3726e+13  1.3610e+00  -5.0392e-02  1.5391e-02
  1.0000e+00  3.6747e+01  4.0000e-01  5.8738e+12  1.2994e+00  -1.1568e-01  3.3643e-02
  1.0000e+00  3.6747e+01  4.2000e-01  2.9773e+10  1.2551e+00  7.1409e-01  2.1336e+00
  1.0000e+00  3.6747e+01  4.4000e-01  4.1764e+10  6.3248e-01  1.9159e+01  4.3810e+01
  1.0000e+00  3.6747e+01  4.6000e-01  4.1549e+07  7.9936e-01  -4.5213e+02  1.5123e+00
  1.0000e+00  3.6747e+01  4.8000e-01  4.2464e+07  8.8787e-01  -5.1234e+02  2.1783e+00
  1.0000e+00  3.6747e+01  5.0000e-01  3.7681e+09  1.6431e+00  -1.3997e+02  1.4223e+00
  1.0000e+00  3.6747e+01  5.2000e-01  7.3905e+09  1.0217e+00  4.8823e-01  1.4789e-01
  1.0000e+00  3.6747e+01  5.4000e-01  5.1109e+09  1.0279e+00  5.7786e-01  1.4389e-01
  1.0000e+00  3.6747e+01  5.6000e-01  3.6476e+09  1.0501e+00  6.1714e-01  1.5557e-01
  1.0000e+00  3.6747e+01  5.8000e-01  2.9361e+09  1.0604e+00  6.5196e-01  1.6420e-01
  1.0000e+00  3.6747e+01  6.0000e-01  2.2942e+09  1.0697e+00  6.9058e-01  1.7575e-01
  1.0000e+00  4.4893e+01  1.0000e-02  2.5185e+07  6.7911e+00  -1.9876e+03  1.2560e+00
  1.0000e+00  4.4893e+01  2.0000e-02  3.2327e+10  2.6934e+00  -9.0521e+01  5.4860e-01
  1.0000e+00  4.4893e+01  4.0000e-02  3.3389e+12  1.7157e+00  -2.3743e+00  9.4655e-02
  1.0000e+00  4.4893e+01  6.0000e-02  4.6371e+12  1.6724e+00  -1.1731e+00  8.3787e-02
  1.0000e+00  4.4893e+01  8.0000e-02  9.3502e+10  1.6557e+00  -4.5469e-01  8.6080e-01
  1.0000e+00  4.4893e+01  1.0000e-01  6.2464e+10  1.6433e+00  1.1656e-01  1.0350e+00
  1.0000e+00  4.4893e+01  1.2000e-01  5.8482e+10  1.6457e+00  3.3301e-01  9.6301e-01
  1.0000e+00  4.4893e+01  1.4000e-01  5.8727e+10  1.6465e+00  4.3181e-01  8.4937e-01
  1.0000e+00  4.4893e+01  1.6000e-01  6.7369e+10  1.6326e+00  4.9628e-01  7.0245e-01
  1.0000e+00  4.4893e+01  1.8000e-01  9.1460e+10  1.5977e+00  5.5715e-01  5.3777e-01
  1.0000e+00  4.4893e+01  2.0000e-01  1.4029e+11  1.5433e+00  6.2881e-01  3.7775e-01
  1.0000e+00  4.4893e+01  2.2000e-01  2.9719e+11  1.4545e+00  6.7127e-01  2.2196e-01
  1.0000e+00  4.4893e+01  2.4000e-01  5.6623e+11  1.3948e+00  5.6177e-01  1.4538e-01
  1.0000e+00  4.4893e+01  2.6000e-01  9.2953e+11  1.3467e+00  4.6169e-01  1.1002e-01
  1.0000e+00  4.4893e+01  2.8000e-01  1.2590e+12  1.3086e+00  3.8116e-01  9.5454e-02
  1.0000e+00  4.4893e+01  3.0000e-01  1.5926e+12  1.2617e+00  3.1506e-01  8.6100e-02
  1.0000e+00  4.4893e+01  3.2000e-01  1.5686e+12  1.1721e+00  3.5312e-01  8.9270e-02
  1.0000e+00  4.4893e+01  3.4000e-01  1.9833e+11  1.4380e+00  1.2988e-01  1.7139e-01
  1.0000e+00  4.4893e+01  3.6000e-01  1.3150e+12  1.3935e+00  1.9325e-02  6.5778e-02
  1.0000e+00  4.4893e+01  3.8000e-01  1.1785e+13  1.3687e+00  -1.8072e-02  1.5566e-02
  1.0000e+00  4.4893e+01  4.0000e-01  7.4624e+12  1.3991e+00  -1.1196e-01  1.9798e-02
  1.0000e+00  4.4893e+01  4.2000e-01  5.2034e+11  1.1914e+00  4.1878e-02  2.7932e-01
  1.0000e+00  4.4893e+01  4.4000e-01  3.3240e+11  1.4666e+00  -1.3865e+01  2.2824e-01
  1.0000e+00  4.4893e+01  4.6000e-01  3.1877e+10  1.2052e+00  -3.3863e+02  3.7955e-01
  1.0000e+00  4.4893e+01  4.8000e-01  1.9714e+07  8.5205e-01  -5.0605e+02  2.5406e+00
  1.0000e+00  4.4893e+01  5.0000e-01  3.0794e+09  1.6307e+00  -1.1687e+02  1.1941e+00
  1.0000e+00  4.4893e+01  5.2000e-01  3.8459e+09  1.0439e+00  4.4085e-01  1.6946e-01
  1.0000e+00  4.4893e+01  5.4000e-01  2.9138e+09  1.0410e+00  5.2407e-01  1.5261e-01
  1.0000e+00  4.4893e+01  5.6000e-01  2.2200e+09  1.0507e+00  6.3846e-01  1.6184e-01
  1.0000e+00  4.4893e+01  5.8000e-01  1.8542e+09  1.0602e+00  6.7692e-01  1.6128e-01
  1.0000e+00  4.4893e+01  6.0000e-01  1.5835e+09  1.0619e+00  7.2001e-01  1.6697e-01
  1.0000e+00  5.4844e+01  1.0000e-02  1.5355e+03  9.7119e+00  -3.8943e+03  2.7740e+00
  1.0000e+00  5.4844e+01  2.0000e-02  5.5223e+07  5.0340e+00  -9.4371e+02  1.4933e+00
  1.0000e+00  5.4844e+01  4.0000e-02  1.5776e+12  1.7677e+00  -4.2547e+00  1.2775e-01
  1.0000e+00  5.4844e+01  6.0000e-02  4.1157e+12  1.6718e+00  -1.5940e+00  8.3169e-02
  1.0000e+00  5.4844e+01  8.0000e-02  3.3829e+12  1.6503e+00  -9.6609e-01  9.7291e-02
  1.0000e+00  5.4844e+01  1.0000e-01  3.0440e+11  1.6476e+00  -6.2544e-01  4.0984e-01
  1.0000e+00  5.4844e+01  1.2000e-01  9.3906e+10  1.6354e+00  -1.4134e-01  8.0789e-01
  1.0000e+00  5.4844e+01  1.4000e-01  8.4395e+10  1.6307e+00  8.6339e-02  8.0368e-01
  1.0000e+00  5.4844e+01  1.6000e-01  8.6155e+10  1.6235e+00  2.2284e-01  7.2993e-01
  1.0000e+00  5.4844e+01  1.8000e-01  9.5709e+10  1.6067e+00  3.3522e-01  6.2819e-01
  1.0000e+00  5.4844e+01  2.0000e-01  1.0946e+11  1.5826e+00  4.4145e-01  5.1871e-01
  1.0000e+00  5.4844e+01  2.2000e-01  1.2273e+11  1.5552e+00  5.4397e-01  4.1244e-01
  1.0000e+00  5.4844e+01  2.4000e-01  2.0113e+11  1.4838e+00  6.4936e-01  2.7334e-01
  1.0000e+00  5.4844e+01  2.6000e-01  4.0220e+11  1.4097e+00  5.9842e-01  1.7538e-01
  1.0000e+00  5.4844e+01  2.8000e-01  6.6324e+11  1.3578e+00  5.0314e-01  1.3234e-01
  1.0000e+00  5.4844e+01  3.0000e-01  9.2296e+11  1.3161e+00  4.1356e-01  1.1282e-01
  1.0000e+00  5.4844e+01  3.2000e-01  1.3209e+12  1.2569e+00  3.3494e-01  9.3173e-02
  1.0000e+00  5.4844e+01  3.4000e-01  6.8512e+11  1.1775e+00  6.7248e-01  1.1961e-01
  1.0000e+00  5.4844e+01  3.6000e-01  2.1555e+11  1.4328e+00  1.0728e-01  1.5887e-01
  1.0000e+00  5.4844e+01  3.8000e-01  3.4244e+12  1.3973e+00  4.8697e-03  3.0047e-02
  1.0000e+00  5.4844e+01  4.0000e-01  1.1199e+13  1.3535e+00  -1.5228e-02  1.5007e-02
  1.0000e+00  5.4844e+01  4.2000e-01  5.8824e+12  1.3791e+00  -1.0322e-01  2.1402e-02
  1.0000e+00  5.4844e+01  4.4000e-01  1.6810e+11  1.1888e+00  2.1286e-01  5.4814e-01
  1.0000e+00  5.4844e+01  4.6000e-01  2.7477e+11  1.2379e+00  -2.4598e+01  3.6479e-01
  1.0000e+00  5.4844e+01  4.8000e-01  3.1341e+08  1.2000e+00  -1.1470e+02  5.1895e-01
  1.0000e+00  5.4844e+01  5.0000e-01  1.9519e+09  1.5158e+00  -6.9830e+01  1.1073e+00
  1.0000e+00  5.4844e+01  5.2000e-01  2.2222e+09  1.0569e+00  3.9101e-01  1.8429e-01
  1.0000e+00  5.4844e+01  5.4000e-01  1.8078e+09  1.0472e+00  4.8251e-01  1.7241e-01
  1.0000e+00  5.4844e+01  5.6000e-01  1.6639e+09  1.0358e+00  6.1374e-01  1.5868e-01
  1.0000e+00  5.4844e+01  5.8000e-01  1.1724e+09  1.0566e+00  6.9151e-01  1.7057e-01
  1.0000e+00  5.4844e+01  6.0000e-01  1.1360e+09  1.0453e+00  8.0497e-01  1.5734e-01
  1.0000e+00  6.7002e+01  1.0000e-02  1.1251e+00  1.0782e+01  -4.7042e+03  4.8011e+00
  1.0000e+00  6.7002e+01  2.0000e-02  3.5247e+05  6.8694e+00  -2.0385e+03  2.3095e+00
  1.0000e+00  6.7002e+01  4.0000e-02  2.6137e+11  2.1675e+00  -2.6220e+01  2.6536e-01
  1.0000e+00  6.7002e+01  6.0000e-02  2.4232e+12  1.6881e+00  -2.4988e+00  1.0226e-01
  1.0000e+00  6.7002e+01  8.0000e-02  4.4228e+12  1.6445e+00  -1.3248e+00  7.6771e-02
  1.0000e+00  6.7002e+01  1.0000e-01  6.5638e+12  1.6300e+00  -8.8551e-01  6.2002e-02
  1.0000e+00  6.7002e+01  1.2000e-01  5.5161e+12  1.6269e+00  -6.5914e-01  6.8400e-02
  1.0000e+00  6.7002e+01  1.4000e-01  2.3880e+11  1.6193e+00  -3.8663e-01  4.5988e-01
  1.0000e+00  6.7002e+01  1.6000e-01  1.3620e+11  1.6077e+00  -1.0012e-01  6.2323e-01
  1.0000e+00  6.7002e+01  1.8000e-01  1.2288e+11  1.5955e+00  9.2865e-02  6.2510e-01
  1.0000e+00  6.7002e+01  2.0000e-01  1.2222e+11  1.5804e+00  2.4441e-01  5.8010e-01
  1.0000e+00  6.7002e+01  2.2000e-01  1.2198e+11  1.5664e+00  3.6620e-01  5.1930e-01
  1.0000e+00  6.7002e+01  2.4000e-01  1.1228e+11  1.5599e+00  4.6273e-01  4.6224e-01
  1.0000e+00  6.7002e+01  2.6000e-01  1.1637e+11  1.5345e+00  5.7461e-01  3.8071e-01
  1.0000e+00  6.7002e+01  2.8000e-01  2.0635e+11  1.4572e+00  6.3867e-01  2.5734e-01
  1.0000e+00  6.7002e+01  3.0000e-01  3.5927e+11  1.3940e+00  5.7592e-01  1.8621e-01
  1.0000e+00  6.7002e+01  3.2000e-01  5.2927e+11  1.3461e+00  4.8020e-01  1.5193e-01
  1.0000e+00  6.7002e+01  3.4000e-01  8.3373e+11  1.2916e+00  3.5998e-01  1.1668e-01
  1.0000e+00  6.7002e+01  3.6000e-01  1.6155e+12  1.1718e+00  3.0321e-01  7.7028e-02
  1.0000e+00  6.7002e+01  3.8000e-01  1.4112e+11  1.4293e+00  1.5320e-01  1.7970e-01
  1.0000e+00  6.7002e+01  4.0000e-01  6.9369e+11  1.3887e+00  3.1536e-02  8.2353e-02
  1.0000e+00  6.7002e+01  4.2000e-01  8.1974e+12  1.3677e+00  -1.2105e-02  1.5017e-02
  1.0000e+00  6.7002e+01  4.4000e-01  4.3233e+12  1.3871e+00  -1.0951e-01  2.1310e-02
  1.0000e+00  6.7002e+01  4.6000e-01  1.8479e+11  1.1884e+00  6.6194e-02  3.7540e-01
  1.0000e+00  6.7002e+01  4.8000e-01  4.4018e+09  9.1433e-01  1.6743e+01  3.0335e+01
  1.0000e+00  6.7002e+01  5.0000e-01  1.5281e+07  1.1650e+00  9.4167e+01  5.6735e+01
  1.0000e+00  6.7002e+01  5.2000e-01  1.4362e+09  1.0553e+00  3.5180e-01  2.0048e-01
  1.0000e+00  6.7002e+01  5.4000e-01  1.0450e+09  1.0520e+00  5.1318e-01  1.9528e-01
  1.0000e+00  6.7002e+01  5.6000e-01  9.8721e+08  1.0310e+00  7.2417e-01  1.7235e-01
  1.0000e+00  6.7002e+01  5.8000e-01  9.0683e+08  1.0219e+00  8.2397e-01  1.5439e-01
  1.0000e+00  6.7002e+01  6.0000e-01  7.0703e+08  1.0339e+00  1.0170e+00  1.6180e-01
  1.0000e+00  8.1855e+01  1.0000e-02  4.2099e+00  1.1541e+01  -5.3080e+03  3.8421e+00
  1.0000e+00  8.1855e+01  2.0000e-02  1.3947e+03  9.5915e+00  -3.8243e+03  2.8490e+00
  1.0000e+00  8.1855e+01  4.0000e-02  1.8429e+08  4.5336e+00  -6.9532e+02  1.3128e+00
  1.0000e+00  8.1855e+01  6.0000e-02  1.2403e+12  1.8152e+00  -6.6826e+00  1.3053e-01
  1.0000e+00  8.1855e+01  8.0000e-02  3.9090e+12  1.6575e+00  -2.0860e+00  7.3868e-02
  1.0000e+00  8.1855e+01  1.0000e-01  4.3339e+12  1.6201e+00  -1.2188e+00  7.3467e-02
  1.0000e+00  8.1855e+01  1.2000e-01  7.7744e+12  1.6051e+00  -8.4852e-01  5.2593e-02
  1.0000e+00  8.1855e+01  1.4000e-01  6.2020e+12  1.5970e+00  -6.3072e-01  6.0739e-02
  1.0000e+00  8.1855e+01  1.6000e-01  3.9933e+12  1.5936e+00  -4.8570e-01  7.8175e-02
  1.0000e+00  8.1855e+01  1.8000e-01  2.4061e+11  1.5829e+00  -2.3813e-01  4.4106e-01
  1.0000e+00  8.1855e+01  2.0000e-01  1.6069e+11  1.5694e+00  -8.6178e-03  5.4480e-01
  1.0000e+00  8.1855e+01  2.2000e-01  1.4137e+11  1.5572e+00  1.6309e-01  5.5413e-01
  1.0000e+00  8.1855e+01  2.4000e-01  1.2807e+11  1.5493e+00  2.9342e-01  5.3851e-01
  1.0000e+00  8.1855e+01  2.6000e-01  1.1102e+11  1.5530e+00  3.7005e-01  5.1245e-01
  1.0000e+00  8.1855e+01  2.8000e-01  9.0820e+10  1.5570e+00  4.5158e-01  4.9048e-01
  1.0000e+00  8.1855e+01  3.0000e-01  9.0437e+10  1.5350e+00  5.5435e-01  4.2796e-01
  1.0000e+00  8.1855e+01  3.2000e-01  1.2571e+11  1.4813e+00  6.0448e-01  3.3347e-01
  1.0000e+00  8.1855e+01  3.4000e-01  1.9691e+11  1.4243e+00  5.5073e-01  2.5731e-01
  1.0000e+00  8.1855e+01  3.6000e-01  3.1808e+11  1.3713e+00  4.1888e-01  1.9718e-01
  1.0000e+00  8.1855e+01  3.8000e-01  7.6537e+11  1.2638e+00  3.5000e-01  1.0516e-01
  1.0000e+00  8.1855e+01  4.0000e-01  2.1482e+11  1.2646e+00  5.1040e-01  1.5552e-01
  1.0000e+00  8.1855e+01  4.2000e-01  1.8203e+11  1.4126e+00  9.0863e-02  1.4020e-01
  1.0000e+00  8.1855e+01  4.4000e-01  2.4943e+12  1.3864e+00  2.1942e-03  2.4792e-02
  1.0000e+00  8.1855e+01  4.6000e-01  5.2656e+12  1.3426e+00  -1.8205e-02  1.4389e-02
  1.0000e+00  8.1855e+01  4.8000e-01  2.4307e+11  1.2284e+00  -5.9252e-02  1.4964e-01
  1.0000e+00  8.1855e+01  5.0000e-01  2.1935e+09  1.0257e+00  -1.1273e+01  8.2217e-01
  1.0000e+00  8.1855e+01  5.2000e-01  8.0172e+08  1.0474e+00  4.2034e-01  2.2403e-01
  1.0000e+00  8.1855e+01  5.4000e-01  6.0473e+08  1.0600e+00  4.8881e-01  2.0376e-01
  1.0000e+00  8.1855e+01  5.6000e-01  5.9130e+08  1.0398e+00  6.6848e-01  1.7598e-01
  1.0000e+00  8.1855e+01  5.8000e-01  6.2717e+08  1.0116e+00  1.2828e+00  1.5022e-01
  1.0000e+00  8.1855e+01  6.0000e-01  1.9119e+08  1.1104e+00  1.1202e+00  2.5888e-01
  1.0000e+00  1.0000e+02  1.0000e-02  2.1258e+01  1.2118e+01  -5.7708e+03  3.1507e+00
  1.0000e+00  1.0000e+02  2.0000e-02  2.2617e+02  1.0565e+01  -4.5642e+03  3.0149e+00
  1.0000e+00  1.0000e+02  4.0000e-02  4.4864e+05  6.3010e+00  -1.6923e+03  2.5374e+00
  1.0000e+00  1.0000e+02  6.0000e-02  3.1089e+09  3.7029e+00  -3.5330e+02  8.1853e-01
  1.0000e+00  1.0000e+02  8.0000e-02  1.4662e+12  1.7678e+00  -5.4436e+00  1.1574e-01
  1.0000e+00  1.0000e+02  1.0000e-01  2.5829e+12  1.6340e+00  -1.9906e+00  8.9612e-02
  1.0000e+00  1.0000e+02  1.2000e-01  3.3802e+12  1.5960e+00  -1.2025e+00  7.9749e-02
  1.0000e+00  1.0000e+02  1.4000e-01  6.4805e+12  1.5782e+00  -8.3893e-01  5.4222e-02
  1.0000e+00  1.0000e+02  1.6000e-01  5.1749e+12  1.5684e+00  -6.2626e-01  6.2884e-02
  1.0000e+00  1.0000e+02  1.8000e-01  5.6263e+12  1.5618e+00  -4.8323e-01  5.8962e-02
  1.0000e+00  1.0000e+02  2.0000e-01  1.8195e+12  1.5595e+00  -3.7732e-01  1.1781e-01
  1.0000e+00  1.0000e+02  2.2000e-01  2.1527e+11  1.5473e+00  -1.3402e-01  4.4837e-01
  1.0000e+00  1.0000e+02  2.4000e-01  1.5139e+11  1.5357e+00  6.5163e-02  5.4062e-01
  1.0000e+00  1.0000e+02  2.6000e-01  1.3231e+11  1.5323e+00  1.8362e-01  5.4961e-01
  1.0000e+00  1.0000e+02  2.8000e-01  1.1219e+11  1.5380e+00  2.5696e-01  5.5132e-01
  1.0000e+00  1.0000e+02  3.0000e-01  9.2508e+10  1.5482e+00  3.0412e-01  5.5123e-01
  1.0000e+00  1.0000e+02  3.2000e-01  7.5416e+10  1.5532e+00  3.6794e-01  5.4973e-01
  1.0000e+00  1.0000e+02  3.4000e-01  6.8370e+10  1.5427e+00  4.4174e-01  5.2220e-01
  1.0000e+00  1.0000e+02  3.6000e-01  7.3537e+10  1.5164e+00  4.7255e-01  4.6211e-01
  1.0000e+00  1.0000e+02  3.8000e-01  1.1432e+11  1.4820e+00  3.4359e-01  3.3691e-01
  1.0000e+00  1.0000e+02  4.0000e-01  1.8686e+11  1.4115e+00  2.9695e-01  2.5172e-01
  1.0000e+00  1.0000e+02  4.2000e-01  4.1220e+11  1.2924e+00  3.3161e-01  1.3282e-01
  1.0000e+00  1.0000e+02  4.4000e-01  4.3842e+11  1.2195e+00  2.8849e-01  9.0544e-02
  1.0000e+00  1.0000e+02  4.6000e-01  9.2714e+10  1.4049e+00  1.0263e-01  1.4099e-01
  1.0000e+00  1.0000e+02  4.8000e-01  1.6538e+12  1.3665e+00  2.8057e-03  1.6816e-02
  1.0000e+00  1.0000e+02  5.0000e-01  8.0901e+09  6.6773e-01  -1.6050e+00  1.4202e-01
  1.0000e+00  1.0000e+02  5.2000e-01  2.0008e+08  1.0902e+00  7.1615e-01  3.7067e-01
  1.0000e+00  1.0000e+02  5.4000e-01  1.3322e+08  1.1155e+00  8.6639e-01  3.5829e-01
  1.0000e+00  1.0000e+02  5.6000e-01  1.4053e+08  1.1210e+00  7.6643e-01  2.8635e-01
  1.0000e+00  1.0000e+02  5.8000e-01  1.1718e+08  1.1162e+00  1.0066e+00  2.8844e-01
  1.0000e+00  1.0000e+02  6.0000e-01  1.0472e+08  1.1199e+00  1.0606e+00  2.7055e-01
  1.0000e+00  1.5000e+02  1.0000e-02  6.5244e-04  1.3158e+01  -6.6084e+03  6.3682e+00
  1.0000e+00  1.5000e+02  2.0000e-02  9.4441e+01  1.1904e+01  -5.6479e+03  2.8460e+00
  1.0000e+00  1.5000e+02  4.0000e-02  4.0764e+03  1.0158e+01  -4.2676e+03  2.3828e+00
  1.0000e+00  1.5000e+02  6.0000e-02  6.9869e+05  7.1648e+00  -2.2533e+03  1.9699e+00
  1.0000e+00  1.5000e+02  8.0000e-02  4.0390e+06  5.6630e+00  -1.2936e+03  2.0401e+00
  1.0000e+00  1.5000e+02  1.0000e-01  2.6556e+08  4.1223e+00  -5.1904e+02  1.3367e+00
  1.0000e+00  1.5000e+02  1.2000e-01  3.6613e+10  2.7846e+00  -1.0987e+02  4.6690e-01
  1.0000e+00  1.5000e+02  1.4000e-01  1.1437e+12  1.6546e+00  -3.2252e+00  1.2339e-01
  1.0000e+00  1.5000e+02  1.6000e-01  3.0597e+12  1.5659e+00  -1.5599e+00  6.9545e-02
  1.0000e+00  1.5000e+02  1.8000e-01  2.9519e+12  1.5300e+00  -1.0109e+00  7.2736e-02
  1.0000e+00  1.5000e+02  2.0000e-01  3.9617e+12  1.5112e+00  -7.3695e-01  6.0609e-02
  1.0000e+00  1.5000e+02  2.2000e-01  4.2893e+12  1.5009e+00  -5.7409e-01  5.7470e-02
  1.0000e+00  1.5000e+02  2.4000e-01  4.3305e+12  1.4982e+00  -4.7688e-01  5.6170e-02
  1.0000e+00  1.5000e+02  2.6000e-01  4.0930e+12  1.4943e+00  -4.0200e-01  5.7434e-02
  1.0000e+00  1.5000e+02  2.8000e-01  2.8011e+12  1.4937e+00  -3.5126e-01  7.2138e-02
  1.0000e+00  1.5000e+02  3.0000e-01  1.4884e+12  1.5015e+00  -3.2611e-01  1.0441e-01
  1.0000e+00  1.5000e+02  3.2000e-01  9.5543e+11  1.5102e+00  -3.0799e-01  1.3176e-01
  1.0000e+00  1.5000e+02  3.4000e-01  3.8264e+11  1.5150e+00  -2.7316e-01  2.2701e-01
  1.0000e+00  1.5000e+02  3.6000e-01  3.0630e+11  1.5210e+00  -2.6226e-01  2.4284e-01
  1.0000e+00  1.5000e+02  3.8000e-01  3.7579e+11  1.5269e+00  -2.7610e-01  1.9277e-01
  1.0000e+00  1.5000e+02  4.0000e-01  5.6607e+11  1.5208e+00  -2.6772e-01  1.3400e-01
  1.0000e+00  1.5000e+02  4.2000e-01  1.3672e+12  1.5045e+00  -2.3652e-01  6.6140e-02
  1.0000e+00  1.5000e+02  4.4000e-01  2.5052e+12  1.4669e+00  -1.6926e-01  3.7163e-02
  1.0000e+00  1.5000e+02  4.6000e-01  2.3684e+12  1.3931e+00  -6.1270e-02  3.0009e-02
  1.0000e+00  1.5000e+02  4.8000e-01  1.1112e+12  1.3061e+00  -8.4898e-02  2.7882e-02
  1.0000e+00  1.5000e+02  5.0000e-01  5.8271e+09  1.2400e+00  -8.9335e-02  3.5940e-02
  1.0000e+00  1.5000e+02  5.2000e-01  2.1839e+07  1.1042e+00  1.1880e+00  5.7824e-01
  1.0000e+00  1.5000e+02  5.4000e-01  7.1374e+07  1.0810e+00  7.6963e-01  3.4302e-01
  1.0000e+00  1.5000e+02  5.6000e-01  3.9269e+07  1.1133e+00  1.0590e+00  3.2099e-01
  1.0000e+00  1.5000e+02  5.8000e-01  2.6338e+07  1.1482e+00  1.0717e+00  3.4901e-01
  1.0000e+00  1.5000e+02  6.0000e-01  2.3545e+07  1.1555e+00  1.0841e+00  3.3511e-01
  1.0000e+00  2.0000e+02  1.0000e-02  6.5128e-04  1.3791e+01  -7.1301e+03  5.8857e+00
  1.0000e+00  2.0000e+02  2.0000e-02  1.1957e+03  1.2602e+01  -6.2188e+03  2.1992e+00
  1.0000e+00  2.0000e+02  4.0000e-02  1.3170e+03  1.1249e+01  -5.1476e+03  2.3948e+00
  1.0000e+00  2.0000e+02  6.0000e-02  2.2961e+03  1.0176e+01  -4.2979e+03  2.5105e+00
  1.0000e+00  2.0000e+02  8.0000e-02  1.0475e+03  9.0427e+00  -3.4847e+03  3.1687e+00
  1.0000e+00  2.0000e+02  1.0000e-01  4.0822e+05  6.2977e+00  -1.7135e+03  2.5374e+00
  1.0000e+00  2.0000e+02  1.2000e-01  9.2428e+06  5.7091e+00  -1.3222e+03  1.7132e+00
  1.0000e+00  2.0000e+02  1.4000e-01  1.4395e+08  4.7943e+00  -8.2744e+02  1.2403e+00
  1.0000e+00  2.0000e+02  1.6000e-01  1.3828e+09  3.6882e+00  -3.6362e+02  9.7072e-01
  1.0000e+00  2.0000e+02  1.8000e-01  1.8026e+12  1.6900e+00  -5.2799e+00  8.5861e-02
  1.0000e+00  2.0000e+02  2.0000e-01  2.4317e+12  1.5543e+00  -2.0670e+00  7.0475e-02
  1.0000e+00  2.0000e+02  2.2000e-01  3.6496e+12  1.5034e+00  -1.2776e+00  5.4502e-02
  1.0000e+00  2.0000e+02  2.4000e-01  3.9787e+12  1.4852e+00  -9.5660e-01  5.0533e-02
  1.0000e+00  2.0000e+02  2.6000e-01  3.7075e+12  1.4679e+00  -7.4207e-01  5.2798e-02
  1.0000e+00  2.0000e+02  2.8000e-01  2.7325e+12  1.4614e+00  -6.2164e-01  6.3723e-02
  1.0000e+00  2.0000e+02  3.0000e-01  3.3768e+12  1.4555e+00  -5.3963e-01  5.3945e-02
  1.0000e+00  2.0000e+02  3.2000e-01  4.1499e+12  1.4529e+00  -4.9054e-01  4.5398e-02
  1.0000e+00  2.0000e+02  3.4000e-01  3.8505e+12  1.4544e+00  -4.6233e-01  4.5462e-02
  1.0000e+00  2.0000e+02  3.6000e-01  2.8278e+12  1.4525e+00  -4.1419e-01  5.2888e-02
  1.0000e+00  2.0000e+02  3.8000e-01  2.2890e+12  1.4567e+00  -4.2734e-01  5.6043e-02
  1.0000e+00  2.0000e+02  4.0000e-01  2.5298e+12  1.4500e+00  -3.8259e-01  4.6700e-02
  1.0000e+00  2.0000e+02  4.2000e-01  2.8097e+12  1.4361e+00  -3.3824e-01  3.7170e-02
  1.0000e+00  2.0000e+02  4.4000e-01  1.7917e+12  1.3852e+00  -4.0644e-01  3.6905e-02
  1.0000e+00  2.0000e+02  4.6000e-01  7.4121e+11  1.3851e+00  -7.1940e-01  5.2629e-02
  1.0000e+00  2.0000e+02  4.8000e-01  5.3849e+11  1.2703e+00  -4.6710e-01  3.9001e-02
  1.0000e+00  2.0000e+02  5.0000e-01  1.1912e+09  1.2448e+00  -6.4691e-02  4.5947e-02
  1.0000e+00  2.0000e+02  5.2000e-01  3.2911e+07  1.3905e+00  -1.2062e+00  1.3032e-01
  1.0000e+00  2.0000e+02  5.4000e-01  4.8679e+06  1.2012e+00  1.1089e+00  6.8604e-01
  1.0000e+00  2.0000e+02  5.6000e-01  2.5156e+07  1.1077e+00  1.0945e+00  3.0412e-01
  1.0000e+00  2.0000e+02  5.8000e-01  2.8948e+07  1.0866e+00  1.1158e+00  2.7512e-01
  1.0000e+00  2.0000e+02  6.0000e-01  2.5947e+07  1.0682e+00  1.7463e+00  2.7209e-01
  1.0000e+00  2.5000e+02  1.0000e-02  3.2805e-02  1.4184e+01  -7.4685e+03  4.2764e+00
  1.0000e+00  2.5000e+02  2.0000e-02  1.4395e+00  1.3108e+01  -6.6394e+03  3.5772e+00
  1.0000e+00  2.5000e+02  4.0000e-02  1.5307e+03  1.1821e+01  -5.6348e+03  2.2682e+00
  1.0000e+00  2.5000e+02  6.0000e-02  1.6212e-01  1.1002e+01  -4.9772e+03  5.5434e+00
  1.0000e+00  2.5000e+02  8.0000e-02  6.3950e+02  1.0248e+01  -4.3737e+03  2.8160e+00
  1.0000e+00  2.5000e+02  1.0000e-01  5.1986e+02  9.4895e+00  -3.8154e+03  3.1755e+00
  1.0000e+00  2.5000e+02  1.2000e-01  7.6822e+06  7.5302e+00  -2.5068e+03  1.3270e+00
  1.0000e+00  2.5000e+02  1.4000e-01  2.8736e+06  6.6457e+00  -1.9147e+03  1.7115e+00
  1.0000e+00  2.5000e+02  1.6000e-01  5.9256e+06  5.7014e+00  -1.3500e+03  1.8371e+00
  1.0000e+00  2.5000e+02  1.8000e-01  1.9794e+07  5.1890e+00  -1.0567e+03  1.6522e+00
  1.0000e+00  2.5000e+02  2.0000e-01  8.2256e+07  4.6744e+00  -7.8332e+02  1.3985e+00
  1.0000e+00  2.5000e+02  2.2000e-01  5.8672e+08  4.1073e+00  -5.2663e+02  1.0271e+00
  1.0000e+00  2.5000e+02  2.4000e-01  8.5900e+11  1.7721e+00  -8.7686e+00  1.1789e-01
  1.0000e+00  2.5000e+02  2.6000e-01  1.4620e+12  1.5449e+00  -2.4455e+00  8.6196e-02
  1.0000e+00  2.5000e+02  2.8000e-01  1.8208e+12  1.4962e+00  -1.6029e+00  7.3081e-02
  1.0000e+00  2.5000e+02  3.0000e-01  2.9357e+12  1.4712e+00  -1.2363e+00  5.1235e-02
  1.0000e+00  2.5000e+02  3.2000e-01  2.1882e+12  1.4575e+00  -1.0575e+00  5.9558e-02
  1.0000e+00  2.5000e+02  3.4000e-01  1.7029e+12  1.4752e+00  -1.3093e+00  6.2316e-02
  1.0000e+00  2.5000e+02  3.6000e-01  1.4740e+12  1.4752e+00  -1.3354e+00  6.2805e-02
  1.0000e+00  2.5000e+02  3.8000e-01  9.4956e+11  1.4847e+00  -1.5138e+00  7.7362e-02
  1.0000e+00  2.5000e+02  4.0000e-01  9.6976e+11  1.5080e+00  -1.9876e+00  6.9972e-02
  1.0000e+00  2.5000e+02  4.2000e-01  8.6096e+09  3.0465e+00  -1.8970e+02  5.0129e-01
  1.0000e+00  2.5000e+02  4.4000e-01  2.1635e+09  4.0345e+00  -5.3226e+02  5.8449e-01
  1.0000e+00  2.5000e+02  4.6000e-01  2.3232e+07  5.1637e+00  -1.1081e+03  1.1959e+00
  1.0000e+00  2.5000e+02  4.8000e-01  3.6652e+11  1.2582e+00  -5.7498e-01  4.8934e-02
  1.0000e+00  2.5000e+02  5.0000e-01  7.4564e+08  1.1981e+00  -3.8880e-02  4.7518e-02
  1.0000e+00  2.5000e+02  5.2000e-01  5.8840e+07  1.2559e+00  -5.6915e-01  6.4124e-02
  1.0000e+00  2.5000e+02  5.4000e-01  2.6676e+05  1.6378e+00  -1.1597e+00  1.2928e+00
  1.0000e+00  2.5000e+02  5.6000e-01  1.3794e+06  1.2669e+00  8.6186e-01  9.1883e-01
  1.0000e+00  2.5000e+02  5.8000e-01  4.1392e+06  1.1877e+00  1.1522e+00  5.3409e-01
  1.0000e+00  2.5000e+02  6.0000e-01  5.1763e+06  1.1807e+00  1.1258e+00  4.4443e-01
  1.0000e+00  3.0000e+02  1.0000e-02  6.1405e+00  1.4487e+01  -7.7385e+03  2.9064e+00
  1.0000e+00  3.0000e+02  2.0000e-02  9.2773e-03  1.3527e+01  -7.0016e+03  5.0199e+00
  1.0000e+00  3.0000e+02  4.0000e-02  1.1757e-01  1.2305e+01  -6.0528e+03  4.7588e+00
  1.0000e+00  3.0000e+02  6.0000e-02  4.8236e+03  1.1370e+01  -5.3121e+03  2.1218e+00
  1.0000e+00  3.0000e+02  8.0000e-02  6.5922e-01  1.0840e+01  -4.8704e+03  4.9951e+00
  1.0000e+00  3.0000e+02  1.0000e-01  1.1902e+03  1.0222e+01  -4.3779e+03  2.6540e+00
  1.0000e+00  3.0000e+02  1.2000e-01  4.4994e+03  9.6307e+00  -3.9229e+03  2.4752e+00
  1.0000e+00  3.0000e+02  1.4000e-01  5.0882e+04  9.0917e+00  -3.5285e+03  2.0228e+00
  1.0000e+00  3.0000e+02  1.6000e-01  3.7656e+04  8.6458e+00  -3.2270e+03  2.2021e+00
  1.0000e+00  3.0000e+02  1.8000e-01  2.4434e+05  7.2236e+00  -2.3053e+03  2.1734e+00
  1.0000e+00  3.0000e+02  2.0000e-01  4.4272e+05  6.8730e+00  -2.0691e+03  2.1187e+00
  1.0000e+00  3.0000e+02  2.2000e-01  1.1147e+06  5.8900e+00  -1.4917e+03  2.2955e+00
  1.0000e+00  3.0000e+02  2.4000e-01  3.1904e+07  5.6742e+00  -1.3620e+03  1.3350e+00
  1.0000e+00  3.0000e+02  2.6000e-01  1.2641e+07  5.4272e+00  -1.2158e+03  1.6427e+00
  1.0000e+00  3.0000e+02  2.8000e-01  1.0447e+08  5.2081e+00  -1.0919e+03  1.1435e+00
  1.0000e+00  3.0000e+02  3.0000e-01  1.5392e+08  5.0734e+00  -1.0201e+03  1.0733e+00
  1.0000e+00  3.0000e+02  3.2000e-01  2.0928e+08  4.9106e+00  -9.2658e+02  1.0224e+00
  1.0000e+00  3.0000e+02  3.4000e-01  3.5151e+08  4.8000e+00  -8.7171e+02  9.2192e-01
  1.0000e+00  3.0000e+02  3.6000e-01  5.3531e+07  4.6669e+00  -8.0621e+02  1.3820e+00
  1.0000e+00  3.0000e+02  3.8000e-01  7.1740e+07  4.6921e+00  -8.1191e+02  1.2556e+00
  1.0000e+00  3.0000e+02  4.0000e-01  1.0034e+06  5.4138e+00  -1.1482e+03  2.2761e+00
  1.0000e+00  3.0000e+02  4.2000e-01  4.1616e+06  5.7669e+00  -1.3700e+03  1.5668e+00
  1.0000e+00  3.0000e+02  4.4000e-01  5.2754e+06  5.9788e+00  -1.5444e+03  1.3986e+00
  1.0000e+00  3.0000e+02  4.6000e-01  5.3625e+06  5.8761e+00  -1.5319e+03  1.3549e+00
  1.0000e+00  3.0000e+02  4.8000e-01  6.0458e+06  5.2169e+00  -1.2157e+03  1.3883e+00
  1.0000e+00  3.0000e+02  5.0000e-01  2.5210e+09  1.0464e+00  3.6573e-02  2.1220e-02
  1.0000e+00  3.0000e+02  5.2000e-01  4.8189e+07  1.2561e+00  -5.3466e-01  4.9655e-02
  1.0000e+00  3.0000e+02  5.4000e-01  2.9274e+06  1.7453e+00  -2.7216e+00  1.4312e-01
  1.0000e+00  3.0000e+02  5.6000e-01  1.3766e+06  1.4529e+00  -6.4324e-01  7.3564e-01
  1.0000e+00  3.0000e+02  5.8000e-01  7.1550e+05  1.2845e+00  7.8324e-01  1.1076e+00
  1.0000e+00  3.0000e+02  6.0000e-01  8.7276e+05  1.2520e+00  1.0602e+00  9.2169e-01
  1.3594e+00  3.3246e+00  1.0000e-02  1.1225e+12  1.3572e+00  1.1520e+00  1.1936e-01
  1.3594e+00  3.3246e+00  2.0000e-02  1.2160e+12  1.3590e+00  9.8120e-01  1.1110e-01
  1.3594e+00  3.3246e+00  4.0000e-02  1.3558e+12  1.3619e+00  8.0914e-01  1.0089e-01
  1.3594e+00  3.3246e+00  6.0000e-02  1.4029e+12  1.3684e+00  7.0149e-01  9.8229e-02
  1.3594e+00  3.3246e+00  8.0000e-02  1.7448e+12  1.3586e+00  6.1506e-01  8.0832e-02
  1.3594e+00  3.3246e+00  1.0000e-01  1.6502e+12  1.3673e+00  5.5865e-01  8.9884e-02
  1.3594e+00  3.3246e+00  1.2000e-01  1.8173e+12  1.3703e+00  4.8700e-01  8.4113e-02
  1.3594e+00  3.3246e+00  1.4000e-01  2.3681e+12  1.3515e+00  4.2606e-01  6.7634e-02
  1.3594e+00  3.3246e+00  1.6000e-01  3.7498e+12  1.3144e+00  3.7666e-01  4.7565e-02
  1.3594e+00  3.3246e+00  1.8000e-01  5.7336e+12  1.2803e+00  3.2748e-01  3.6074e-02
  1.3594e+00  3.3246e+00  2.0000e-01  7.9281e+12  1.2585e+00  2.7079e-01  3.0166e-02
  1.3594e+00  3.3246e+00  2.2000e-01  9.2839e+12  1.2574e+00  2.1076e-01  2.6683e-02
  1.3594e+00  3.3246e+00  2.4000e-01  8.6116e+12  1.2862e+00  1.5324e-01  2.5766e-02
  1.3594e+00  3.3246e+00  2.6000e-01  9.9622e+12  1.3333e+00  9.5897e-02  2.1071e-02
  1.3594e+00  3.3246e+00  2.8000e-01  2.0142e+12  1.3142e+00  1.1951e-01  8.1443e-02
  1.3594e+00  3.3246e+00  3.0000e-01  2.3008e+12  1.2993e+00  9.4115e-02  8.8445e-02
  1.3594e+00  3.3246e+00  3.2000e-01  2.7536e+12  1.3028e+00  5.4396e-02  8.3027e-02
  1.3594e+00  3.3246e+00  3.4000e-01  1.6890e+12  1.2960e+00  4.9929e-02  1.2993e-01
  1.3594e+00  3.3246e+00  3.6000e-01  5.1104e+11  1.2907e+00  2.2199e-01  3.2691e-01
  1.3594e+00  3.3246e+00  3.8000e-01  1.2530e+12  1.5966e+00  -3.3344e+00  1.1155e-01
  1.3594e+00  3.3246e+00  4.0000e-01  1.4695e+11  1.6136e+00  -1.1346e+01  3.5326e-01
  1.3594e+00  3.3246e+00  4.2000e-01  7.7143e+08  1.1226e+00  9.2490e+01  4.6450e+01
  1.3594e+00  3.3246e+00  4.4000e-01  4.4944e+08  8.7850e-01  9.3329e+01  3.7645e+01
  1.3594e+00  3.3246e+00  4.6000e-01  2.2157e+07  8.7944e-01  -6.5145e+02  1.6451e+00
  1.3594e+00  3.3246e+00  4.8000e-01  4.4024e+10  6.3871e-01  -5.8068e+03  1.4052e+00
  1.3594e+00  3.3246e+00  5.0000e-01  2.6767e+11  9.0843e-01  1.7346e-01  1.3230e-01
  1.3594e+00  3.3246e+00  5.2000e-01  1.8821e+11  1.0136e+00  2.4806e-01  1.0408e-01
  1.3594e+00  3.3246e+00  5.4000e-01  4.3844e+10  1.3203e+00  2.1668e-01  1.7188e-01
  1.3594e+00  3.3246e+00  5.6000e-01  1.2190e+11  1.6832e+00  -1.7341e-01  6.1147e-02
  1.3594e+00  3.3246e+00  5.8000e-01  2.2620e+11  1.7634e+00  -3.3993e-01  4.4858e-02
  1.3594e+00  3.3246e+00  6.0000e-01  3.1411e+11  1.7511e+00  -3.0529e-01  3.7614e-02
  1.3594e+00  4.0616e+00  1.0000e-02  1.1622e+12  1.3578e+00  1.1155e+00  1.1502e-01
  1.3594e+00  4.0616e+00  2.0000e-02  1.3039e+12  1.3613e+00  9.3005e-01  1.0450e-01
  1.3594e+00  4.0616e+00  4.0000e-02  1.5639e+12  1.3662e+00  7.3645e-01  8.9537e-02
  1.3594e+00  4.0616e+00  6.0000e-02  1.6494e+12  1.3733e+00  6.3054e-01  8.7057e-02
  1.3594e+00  4.0616e+00  8.0000e-02  2.0658e+12  1.3685e+00  5.3941e-01  6.9456e-02
  1.3594e+00  4.0616e+00  1.0000e-01  2.1836e+12  1.3663e+00  4.8591e-01  6.9275e-02
  1.3594e+00  4.0616e+00  1.2000e-01  2.2744e+12  1.3641e+00  4.3982e-01  6.9603e-02
  1.3594e+00  4.0616e+00  1.4000e-01  2.6127e+12  1.3526e+00  3.9425e-01  6.2911e-02
  1.3594e+00  4.0616e+00  1.6000e-01  3.5760e+12  1.3261e+00  3.4892e-01  4.9312e-02
  1.3594e+00  4.0616e+00  1.8000e-01  5.2597e+12  1.2922e+00  3.0350e-01  3.7603e-02
  1.3594e+00  4.0616e+00  2.0000e-01  8.3826e+12  1.2560e+00  2.4317e-01  2.9074e-02
  1.3594e+00  4.0616e+00  2.2000e-01  8.7360e+12  1.2471e+00  1.9486e-01  2.8608e-02
  1.3594e+00  4.0616e+00  2.4000e-01  6.5451e+12  1.3003e+00  1.2934e-01  2.8515e-02
  1.3594e+00  4.0616e+00  2.6000e-01  1.4022e+12  1.3477e+00  1.2867e-01  8.0911e-02
  1.3594e+00  4.0616e+00  2.8000e-01  1.8540e+12  1.3248e+00  1.0192e-01  8.3803e-02
  1.3594e+00  4.0616e+00  3.0000e-01  2.4986e+12  1.3056e+00  7.7696e-02  8.1343e-02
  1.3594e+00  4.0616e+00  3.2000e-01  2.4977e+12  1.3013e+00  5.9401e-02  8.8489e-02
  1.3594e+00  4.0616e+00  3.4000e-01  1.4030e+12  1.2898e+00  7.8430e-02  1.4848e-01
  1.3594e+00  4.0616e+00  3.6000e-01  5.8166e+11  1.2811e+00  2.2229e-01  3.0385e-01
  1.3594e+00  4.0616e+00  3.8000e-01  1.1727e+12  1.6048e+00  -3.4389e+00  1.1619e-01
  1.3594e+00  4.0616e+00  4.0000e-01  9.8801e+10  1.6101e+00  -1.0960e+01  4.4401e-01
  1.3594e+00  4.0616e+00  4.2000e-01  9.0256e+08  1.1103e+00  9.3402e+01  4.3808e+01
  1.3594e+00  4.0616e+00  4.4000e-01  5.7843e+08  8.3576e-01  9.2594e+01  3.0965e+01
  1.3594e+00  4.0616e+00  4.6000e-01  3.1274e+07  1.1402e+00  -5.6062e+02  1.2389e+00
  1.3594e+00  4.0616e+00  4.8000e-01  4.0139e+10  6.3313e-01  -5.4633e+03  2.1364e+00
  1.3594e+00  4.0616e+00  5.0000e-01  2.8488e+11  9.1582e-01  1.2721e-01  1.2678e-01
  1.3594e+00  4.0616e+00  5.2000e-01  2.5352e+11  9.4411e-01  2.5827e-01  9.9403e-02
  1.3594e+00  4.0616e+00  5.4000e-01  1.6113e+11  1.1409e+00  2.0680e-01  1.2190e-01
  1.3594e+00  4.0616e+00  5.6000e-01  7.6143e+10  1.3458e+00  1.4869e-01  1.5450e-01
  1.3594e+00  4.0616e+00  5.8000e-01  1.1741e+11  1.6681e+00  -8.7480e-02  5.1257e-02
  1.3594e+00  4.0616e+00  6.0000e-01  2.0828e+11  1.7621e+00  -3.1249e-01  4.3884e-02
  1.3594e+00  4.9619e+00  1.0000e-02  1.3002e+12  1.3600e+00  1.0847e+00  1.0398e-01
  1.3594e+00  4.9619e+00  2.0000e-02  1.4022e+12  1.3637e+00  8.8875e-01  9.7262e-02
  1.3594e+00  4.9619e+00  4.0000e-02  1.7405e+12  1.3716e+00  6.8780e-01  8.1060e-02
  1.3594e+00  4.9619e+00  6.0000e-02  1.8169e+12  1.3771e+00  5.9493e-01  8.0096e-02
  1.3594e+00  4.9619e+00  8.0000e-02  2.0665e+12  1.3732e+00  5.1490e-01  6.8665e-02
  1.3594e+00  4.9619e+00  1.0000e-01  2.2336e+12  1.3681e+00  4.6867e-01  6.4452e-02
  1.3594e+00  4.9619e+00  1.2000e-01  2.3034e+12  1.3634e+00  4.3137e-01  6.4242e-02
  1.3594e+00  4.9619e+00  1.4000e-01  2.5239e+12  1.3541e+00  3.8973e-01  6.0577e-02
  1.3594e+00  4.9619e+00  1.6000e-01  3.1386e+12  1.3349e+00  3.4235e-01  5.1819e-02
  1.3594e+00  4.9619e+00  1.8000e-01  4.4006e+12  1.3022e+00  2.9354e-01  4.1026e-02
  1.3594e+00  4.9619e+00  2.0000e-01  5.9724e+12  1.2674e+00  2.4387e-01  3.5029e-02
  1.3594e+00  4.9619e+00  2.2000e-01  6.2314e+12  1.2376e+00  1.9965e-01  3.6942e-02
  1.3594e+00  4.9619e+00  2.4000e-01  1.5755e+12  1.3376e+00  1.5325e-01  6.0442e-02
  1.3594e+00  4.9619e+00  2.6000e-01  1.1261e+12  1.3655e+00  1.1432e-01  8.9505e-02
  1.3594e+00  4.9619e+00  2.8000e-01  2.0184e+12  1.3266e+00  8.8580e-02  7.9666e-02
  1.3594e+00  4.9619e+00  3.0000e-01  3.0820e+12  1.3125e+00  5.9967e-02  6.9009e-02
  1.3594e+00  4.9619e+00  3.2000e-01  2.0357e+12  1.3052e+00  6.4678e-02  9.9721e-02
  1.3594e+00  4.9619e+00  3.4000e-01  1.4114e+12  1.3117e+00  6.0579e-02  1.3194e-01
  1.3594e+00  4.9619e+00  3.6000e-01  6.0942e+11  1.2803e+00  2.1504e-01  2.9332e-01
  1.3594e+00  4.9619e+00  3.8000e-01  1.1621e+12  1.5827e+00  -3.1986e+00  1.2150e-01
  1.3594e+00  4.9619e+00  4.0000e-01  5.2576e+08  1.5853e+00  -5.4338e+00  1.1968e+01
  1.3594e+00  4.9619e+00  4.2000e-01  1.1479e+09  1.0897e+00  9.4787e+01  4.0264e+01
  1.3594e+00  4.9619e+00  4.4000e-01  7.9264e+08  7.7202e-01  9.0613e+01  2.4244e+01
  1.3594e+00  4.9619e+00  4.6000e-01  7.8260e+07  9.4917e-01  -9.3611e+01  1.3686e+00
  1.3594e+00  4.9619e+00  4.8000e-01  4.3077e+10  5.9194e-01  -3.9248e+03  1.7241e+00
  1.3594e+00  4.9619e+00  5.0000e-01  3.3675e+11  9.2141e-01  8.4767e-02  1.0809e-01
  1.3594e+00  4.9619e+00  5.2000e-01  2.6325e+11  8.9936e-01  3.1223e-01  1.0134e-01
  1.3594e+00  4.9619e+00  5.4000e-01  2.1490e+11  1.0294e+00  2.1891e-01  1.0576e-01
  1.3594e+00  4.9619e+00  5.6000e-01  1.4964e+11  1.1733e+00  1.9610e-01  1.2796e-01
  1.3594e+00  4.9619e+00  5.8000e-01  9.4276e+10  1.3249e+00  1.4471e-01  1.4806e-01
  1.3594e+00  4.9619e+00  6.0000e-01  8.8492e+10  1.4842e+00  2.6763e-02  1.1292e-01
  1.3594e+00  6.0619e+00  1.0000e-02  1.2519e+12  1.3606e+00  1.0951e+00  1.0485e-01
  1.3594e+00  6.0619e+00  2.0000e-02  1.5104e+12  1.3672e+00  8.6878e-01  9.0477e-02
  1.3594e+00  6.0619e+00  4.0000e-02  1.7714e+12  1.3719e+00  6.6653e-01  7.8991e-02
  1.3594e+00  6.0619e+00  6.0000e-02  1.8495e+12  1.3763e+00  5.7831e-01  7.8211e-02
  1.3594e+00  6.0619e+00  8.0000e-02  1.9429e+12  1.3769e+00  5.1076e-01  7.3227e-02
  1.3594e+00  6.0619e+00  1.0000e-01  2.0378e+12  1.3725e+00  4.7099e-01  6.9062e-02
  1.3594e+00  6.0619e+00  1.2000e-01  2.1003e+12  1.3685e+00  4.3319e-01  6.8004e-02
  1.3594e+00  6.0619e+00  1.4000e-01  2.2288e+12  1.3621e+00  3.8940e-01  6.6109e-02
  1.3594e+00  6.0619e+00  1.6000e-01  2.6541e+12  1.3460e+00  3.3818e-01  5.8033e-02
  1.3594e+00  6.0619e+00  1.8000e-01  3.7982e+12  1.3097e+00  2.8847e-01  4.5000e-02
  1.3594e+00  6.0619e+00  2.0000e-01  5.3874e+12  1.2688e+00  2.3842e-01  3.7636e-02
  1.3594e+00  6.0619e+00  2.2000e-01  6.0003e+12  1.2319e+00  1.9653e-01  3.8702e-02
  1.3594e+00  6.0619e+00  2.4000e-01  1.7164e+12  1.2973e+00  1.7478e-01  7.1057e-02
  1.3594e+00  6.0619e+00  2.6000e-01  1.1992e+12  1.3518e+00  1.1514e-01  9.4344e-02
  1.3594e+00  6.0619e+00  2.8000e-01  2.3872e+12  1.3266e+00  7.5658e-02  7.3382e-02
  1.3594e+00  6.0619e+00  3.0000e-01  3.7304e+12  1.3195e+00  4.9396e-02  5.8704e-02
  1.3594e+00  6.0619e+00  3.2000e-01  1.8413e+12  1.3061e+00  7.5652e-02  1.0490e-01
  1.3594e+00  6.0619e+00  3.4000e-01  1.2500e+12  1.2995e+00  8.9656e-02  1.4827e-01
  1.3594e+00  6.0619e+00  3.6000e-01  6.4762e+11  1.2680e+00  2.4104e-01  2.9328e-01
  1.3594e+00  6.0619e+00  3.8000e-01  1.3090e+12  1.5530e+00  -2.8701e+00  1.1811e-01
  1.3594e+00  6.0619e+00  4.0000e-01  1.9474e+11  1.5989e+00  -1.0033e+01  2.7826e-01
  1.3594e+00  6.0619e+00  4.2000e-01  1.5420e+09  1.0638e+00  9.5099e+01  3.6380e+01
  1.3594e+00  6.0619e+00  4.4000e-01  1.0003e+09  6.9359e-01  7.5456e+01  1.9834e+01
  1.3594e+00  6.0619e+00  4.6000e-01  1.3278e+08  1.1326e+00  -5.4489e+02  9.8757e-01
  1.3594e+00  6.0619e+00  4.8000e-01  4.7316e+10  5.8556e-01  -3.0271e+03  1.1131e+00
  1.3594e+00  6.0619e+00  5.0000e-01  8.9877e+11  9.2542e-01  1.5468e-02  3.7263e-02
  1.3594e+00  6.0619e+00  5.2000e-01  2.7377e+11  8.6522e-01  3.7671e-01  9.1440e-02
  1.3594e+00  6.0619e+00  5.4000e-01  2.2029e+11  9.7143e-01  2.4610e-01  1.0693e-01
  1.3594e+00  6.0619e+00  5.6000e-01  1.9418e+11  1.0845e+00  1.9963e-01  1.1234e-01
  1.3594e+00  6.0619e+00  5.8000e-01  1.5258e+11  1.1976e+00  1.7216e-01  1.2596e-01
  1.3594e+00  6.0619e+00  6.0000e-01  1.0998e+11  1.2882e+00  1.5036e-01  1.4039e-01
  1.3594e+00  7.4057e+00  1.0000e-02  1.1538e+12  1.3606e+00  1.1348e+00  1.1187e-01
  1.3594e+00  7.4057e+00  2.0000e-02  1.3993e+12  1.3684e+00  8.8694e-01  9.4896e-02
  1.3594e+00  7.4057e+00  4.0000e-02  1.6603e+12  1.3747e+00  6.8670e-01  8.2537e-02
  1.3594e+00  7.4057e+00  6.0000e-02  1.7437e+12  1.3747e+00  6.0062e-01  7.9052e-02
  1.3594e+00  7.4057e+00  8.0000e-02  1.7512e+12  1.3752e+00  5.5016e-01  7.9764e-02
  1.3594e+00  7.4057e+00  1.0000e-01  1.8062e+12  1.3740e+00  5.0156e-01  7.8003e-02
  1.3594e+00  7.4057e+00  1.2000e-01  1.8662e+12  1.3724e+00  4.5277e-01  7.7540e-02
  1.3594e+00  7.4057e+00  1.4000e-01  1.9922e+12  1.3679e+00  3.9525e-01  7.5117e-02
  1.3594e+00  7.4057e+00  1.6000e-01  2.5909e+12  1.3454e+00  3.3494e-01  6.1010e-02
  1.3594e+00  7.4057e+00  1.8000e-01  4.1553e+12  1.3010e+00  2.8397e-01  4.3864e-02
  1.3594e+00  7.4057e+00  2.0000e-01  5.9995e+12  1.2646e+00  2.3240e-01  3.6320e-02
  1.3594e+00  7.4057e+00  2.2000e-01  6.7780e+12  1.2441e+00  1.8142e-01  3.6686e-02
  1.3594e+00  7.4057e+00  2.4000e-01  3.2179e+12  1.2656e+00  1.5441e-01  5.8509e-02
  1.3594e+00  7.4057e+00  2.6000e-01  1.3492e+12  1.3407e+00  1.1229e-01  9.4723e-02
  1.3594e+00  7.4057e+00  2.8000e-01  2.7592e+12  1.3291e+00  6.5713e-02  6.6861e-02
  1.3594e+00  7.4057e+00  3.0000e-01  3.6389e+12  1.3244e+00  4.8160e-02  5.8258e-02
  1.3594e+00  7.4057e+00  3.2000e-01  1.7206e+12  1.3079e+00  8.0647e-02  1.0797e-01
  1.3594e+00  7.4057e+00  3.4000e-01  1.2245e+12  1.2880e+00  1.1070e-01  1.5574e-01
  1.3594e+00  7.4057e+00  3.6000e-01  6.8298e+11  1.2536e+00  2.7787e-01  2.9895e-01
  1.3594e+00  7.4057e+00  3.8000e-01  1.5062e+12  1.5141e+00  -2.4530e+00  1.1388e-01
  1.3594e+00  7.4057e+00  4.0000e-01  4.1108e+08  1.5591e+00  -1.1236e+00  1.3996e+01
  1.3594e+00  7.4057e+00  4.2000e-01  2.2219e+09  1.0281e+00  9.4257e+01  3.2549e+01
  1.3594e+00  7.4057e+00  4.4000e-01  7.2351e+08  6.2373e-01  3.3231e+01  2.2473e+01
  1.3594e+00  7.4057e+00  4.6000e-01  4.1126e+08  1.0738e+00  -5.1878e+02  3.8753e-01
  1.3594e+00  7.4057e+00  4.8000e-01  4.2961e+10  5.8299e-01  -2.2419e+03  8.8860e-01
  1.3594e+00  7.4057e+00  5.0000e-01  1.3898e+12  9.2329e-01  -2.7288e-02  2.3140e-02
  1.3594e+00  7.4057e+00  5.2000e-01  2.6969e+11  8.5534e-01  4.3625e-01  8.2873e-02
  1.3594e+00  7.4057e+00  5.4000e-01  1.9668e+11  9.1226e-01  3.2960e-01  1.1142e-01
  1.3594e+00  7.4057e+00  5.6000e-01  1.8580e+11  9.9598e-01  2.3677e-01  1.1192e-01
  1.3594e+00  7.4057e+00  5.8000e-01  1.6929e+11  1.0835e+00  1.9757e-01  1.1536e-01
  1.3594e+00  7.4057e+00  6.0000e-01  1.4572e+11  1.1707e+00  1.7576e-01  1.2423e-01
  1.3594e+00  9.0474e+00  1.0000e-02  8.8311e+11  1.3592e+00  1.4189e+00  1.4304e-01
  1.3594e+00  9.0474e+00  2.0000e-02  1.1378e+12  1.3678e+00  1.0536e+00  1.1748e-01
  1.3594e+00  9.0474e+00  4.0000e-02  1.3506e+12  1.3720e+00  8.2194e-01  1.0266e-01
  1.3594e+00  9.0474e+00  6.0000e-02  1.4459e+12  1.3738e+00  7.0849e-01  9.7084e-02
  1.3594e+00  9.0474e+00  8.0000e-02  1.5521e+12  1.3759e+00  6.1974e-01  9.1943e-02
  1.3594e+00  9.0474e+00  1.0000e-01  1.6728e+12  1.3752e+00  5.4361e-01  8.6777e-02
  1.3594e+00  9.0474e+00  1.2000e-01  1.7769e+12  1.3731e+00  4.7378e-01  8.4516e-02
  1.3594e+00  9.0474e+00  1.4000e-01  2.0851e+12  1.3624e+00  4.0087e-01  7.5657e-02
  1.3594e+00  9.0474e+00  1.6000e-01  3.0808e+12  1.3306e+00  3.3692e-01  5.6336e-02
  1.3594e+00  9.0474e+00  1.8000e-01  4.9016e+12  1.2890e+00  2.8329e-01  4.0883e-02
  1.3594e+00  9.0474e+00  2.0000e-01  6.6342e+12  1.2629e+00  2.2890e-01  3.5035e-02
  1.3594e+00  9.0474e+00  2.2000e-01  7.2516e+12  1.2531e+00  1.7621e-01  3.5606e-02
  1.3594e+00  9.0474e+00  2.4000e-01  4.5784e+12  1.2608e+00  1.3840e-01  4.9892e-02
  1.3594e+00  9.0474e+00  2.6000e-01  1.4096e+12  1.3368e+00  1.1109e-01  9.4786e-02
  1.3594e+00  9.0474e+00  2.8000e-01  2.7813e+12  1.3333e+00  6.2626e-02  6.5293e-02
  1.3594e+00  9.0474e+00  3.0000e-01  3.2095e+12  1.3254e+00  5.1613e-02  6.2905e-02
  1.3594e+00  9.0474e+00  3.2000e-01  1.7165e+12  1.3077e+00  8.2188e-02  1.0734e-01
  1.3594e+00  9.0474e+00  3.4000e-01  1.2438e+12  1.2771e+00  1.2686e-01  1.6018e-01
  1.3594e+00  9.0474e+00  3.6000e-01  7.2563e+11  1.2370e+00  3.2474e-01  3.0663e-01
  1.3594e+00  9.0474e+00  3.8000e-01  1.6249e+12  1.4710e+00  -1.9613e+00  1.1356e-01
  1.3594e+00  9.0474e+00  4.0000e-01  3.6122e+08  1.5468e+00  1.3825e+00  1.5094e+01
  1.3594e+00  9.0474e+00  4.2000e-01  3.5809e+09  9.7317e-01  8.9994e+01  2.9481e+01
  1.3594e+00  9.0474e+00  4.4000e-01  2.3348e+09  6.8542e-01  -4.3939e+01  1.1310e+00
  1.3594e+00  9.0474e+00  4.6000e-01  4.3908e+08  1.0022e+00  -4.8986e+02  3.5785e-01
  1.3594e+00  9.0474e+00  4.8000e-01  2.8920e+10  5.9349e-01  -1.6756e+03  1.0419e+00
  1.3594e+00  9.0474e+00  5.0000e-01  1.2961e+12  9.1965e-01  -1.0654e-01  2.4872e-02
  1.3594e+00  9.0474e+00  5.2000e-01  2.4068e+11  8.6677e-01  4.6038e-01  8.0615e-02
  1.3594e+00  9.0474e+00  5.4000e-01  1.8564e+11  8.8641e-01  3.9499e-01  1.0170e-01
  1.3594e+00  9.0474e+00  5.6000e-01  1.5077e+11  9.3743e-01  3.2314e-01  1.2115e-01
  1.3594e+00  9.0474e+00  5.8000e-01  1.4468e+11  1.0019e+00  2.4477e-01  1.1954e-01
  1.3594e+00  9.0474e+00  6.0000e-01  1.3915e+11  1.0667e+00  2.0403e-01  1.1847e-01
  1.3594e+00  1.1053e+01  1.0000e-02  5.4232e+11  1.3574e+00  2.2549e+00  1.8940e-01
  1.3594e+00  1.1053e+01  2.0000e-02  7.9045e+11  1.3627e+00  1.5359e+00  1.4764e-01
  1.3594e+00  1.1053e+01  4.0000e-02  1.0118e+12  1.3700e+00  1.0974e+00  1.2584e-01
  1.3594e+00  1.1053e+01  6.0000e-02  1.1887e+12  1.3746e+00  8.6886e-01  1.1269e-01
  1.3594e+00  1.1053e+01  8.0000e-02  1.3373e+12  1.3773e+00  7.0894e-01  1.0316e-01
  1.3594e+00  1.1053e+01  1.0000e-01  1.5154e+12  1.3752e+00  5.9571e-01  9.3835e-02
  1.3594e+00  1.1053e+01  1.2000e-01  1.7094e+12  1.3709e+00  5.0315e-01  8.7534e-02
  1.3594e+00  1.1053e+01  1.4000e-01  2.1691e+12  1.3561e+00  4.1734e-01  7.4239e-02
  1.3594e+00  1.1053e+01  1.6000e-01  3.3230e+12  1.3221e+00  3.4756e-01  5.4372e-02
  1.3594e+00  1.1053e+01  1.8000e-01  5.1180e+12  1.2850e+00  2.8884e-01  4.0494e-02
  1.3594e+00  1.1053e+01  2.0000e-01  6.6699e+12  1.2636e+00  2.3183e-01  3.5319e-02
  1.3594e+00  1.1053e+01  2.2000e-01  7.2025e+12  1.2556e+00  1.7882e-01  3.5833e-02
  1.3594e+00  1.1053e+01  2.4000e-01  4.9721e+12  1.2573e+00  1.3871e-01  4.8042e-02
  1.3594e+00  1.1053e+01  2.6000e-01  1.3190e+12  1.3379e+00  1.1544e-01  9.7381e-02
  1.3594e+00  1.1053e+01  2.8000e-01  2.3000e+12  1.3368e+00  6.7810e-02  7.2483e-02
  1.3594e+00  1.1053e+01  3.0000e-01  2.8047e+12  1.3245e+00  5.6952e-02  6.8619e-02
  1.3594e+00  1.1053e+01  3.2000e-01  1.7915e+12  1.3030e+00  8.3857e-02  1.0535e-01
  1.3594e+00  1.1053e+01  3.4000e-01  1.3137e+12  1.2675e+00  1.3669e-01  1.5971e-01
  1.3594e+00  1.1053e+01  3.6000e-01  7.8862e+11  1.2187e+00  3.7539e-01  3.1212e-01
  1.3594e+00  1.1053e+01  3.8000e-01  1.6460e+12  1.4252e+00  -1.4564e+00  1.1693e-01
  1.3594e+00  1.1053e+01  4.0000e-01  3.1985e+08  1.5347e+00  3.7258e+00  1.6630e+01
  1.3594e+00  1.1053e+01  4.2000e-01  5.0971e+09  8.9906e-01  6.9309e+01  3.4140e+01
  1.3594e+00  1.1053e+01  4.4000e-01  7.2468e+09  7.7703e-01  -1.1314e+02  1.3526e-01
  1.3594e+00  1.1053e+01  4.6000e-01  4.6108e+08  9.2104e-01  -4.6297e+02  3.1571e-01
  1.3594e+00  1.1053e+01  4.8000e-01  2.0167e+10  6.3666e-01  -1.3344e+03  9.4076e-01
  1.3594e+00  1.1053e+01  5.0000e-01  1.1077e+12  9.2092e-01  -2.8530e-01  2.9395e-02
  1.3594e+00  1.1053e+01  5.2000e-01  1.9407e+11  8.8534e-01  4.7908e-01  8.4655e-02
  1.3594e+00  1.1053e+01  5.4000e-01  1.5909e+11  8.8283e-01  4.7543e-01  9.7789e-02
  1.3594e+00  1.1053e+01  5.6000e-01  1.3085e+11  9.1109e-01  4.0681e-01  1.1451e-01
  1.3594e+00  1.1053e+01  5.8000e-01  1.1292e+11  9.5122e-01  3.4147e-01  1.2723e-01
  1.3594e+00  1.1053e+01  6.0000e-01  1.0207e+11  9.9788e-01  2.8145e-01  1.3380e-01
  1.3594e+00  1.3503e+01  1.0000e-02  1.2879e+11  1.4320e+00  4.5300e+00  4.5295e-01
  1.3594e+00  1.3503e+01  2.0000e-02  4.0852e+11  1.3790e+00  2.4934e+00  2.1758e-01
  1.3594e+00  1.3503e+01  4.0000e-02  7.1580e+11  1.3727e+00  1.4711e+00  1.5154e-01
  1.3594e+00  1.3503e+01  6.0000e-02  9.4144e+11  1.3743e+00  1.0724e+00  1.2827e-01
  1.3594e+00  1.3503e+01  8.0000e-02  1.1033e+12  1.3781e+00  8.3191e-01  1.1612e-01
  1.3594e+00  1.3503e+01  1.0000e-01  1.3017e+12  1.3767e+00  6.7227e-01  1.0368e-01
  1.3594e+00  1.3503e+01  1.2000e-01  1.4978e+12  1.3737e+00  5.5163e-01  9.5704e-02
  1.3594e+00  1.3503e+01  1.4000e-01  1.9185e+12  1.3603e+00  4.4624e-01  8.0791e-02
  1.3594e+00  1.3503e+01  1.6000e-01  2.9265e+12  1.3279e+00  3.6609e-01  5.9324e-02
  1.3594e+00  1.3503e+01  1.8000e-01  4.5364e+12  1.2905e+00  3.0302e-01  4.3847e-02
  1.3594e+00  1.3503e+01  2.0000e-01  6.0180e+12  1.2660e+00  2.4424e-01  3.7656e-02
  1.3594e+00  1.3503e+01  2.2000e-01  6.6576e+12  1.2530e+00  1.8990e-01  3.7497e-02
  1.3594e+00  1.3503e+01  2.4000e-01  4.7809e+12  1.2476e+00  1.5035e-01  4.9070e-02
  1.3594e+00  1.3503e+01  2.6000e-01  1.0966e+12  1.3439e+00  1.2633e-01  1.0314e-01
  1.3594e+00  1.3503e+01  2.8000e-01  1.7872e+12  1.3416e+00  7.7022e-02  8.2351e-02
  1.3594e+00  1.3503e+01  3.0000e-01  2.4642e+12  1.3237e+00  6.2750e-02  7.3991e-02
  1.3594e+00  1.3503e+01  3.2000e-01  1.9153e+12  1.2960e+00  8.5285e-02  1.0226e-01
  1.3594e+00  1.3503e+01  3.4000e-01  1.4270e+12  1.2599e+00  1.3953e-01  1.5446e-01
  1.3594e+00  1.3503e+01  3.6000e-01  8.7464e+11  1.1981e+00  4.3210e-01  3.1593e-01
  1.3594e+00  1.3503e+01  3.8000e-01  1.2779e+11  1.3720e+00  -8.4374e-01  7.8580e-01
  1.3594e+00  1.3503e+01  4.0000e-01  3.2691e+08  1.5224e+00  2.9385e+00  1.8348e+01
  1.3594e+00  1.3503e+01  4.2000e-01  2.7101e+09  8.8808e-01  3.0930e+01  5.5254e+01
  1.3594e+00  1.3503e+01  4.4000e-01  2.6107e+09  8.3612e-01  -1.7760e+02  3.4426e-01
  1.3594e+00  1.3503e+01  4.6000e-01  1.2541e+08  8.6737e-01  -4.6531e+02  1.2372e+00
  1.3594e+00  1.3503e+01  4.8000e-01  2.8962e+10  6.9455e-01  -9.4696e+02  2.2572e-01
  1.3594e+00  1.3503e+01  5.0000e-01  7.9716e+11  9.3949e-01  -8.8404e-01  4.2409e-02
  1.3594e+00  1.3503e+01  5.2000e-01  1.4835e+11  9.0540e-01  4.9425e-01  8.8862e-02
  1.3594e+00  1.3503e+01  5.4000e-01  1.1842e+11  9.0032e-01  5.3015e-01  1.0109e-01
  1.3594e+00  1.3503e+01  5.6000e-01  1.0080e+11  9.0692e-01  5.3015e-01  1.1236e-01
  1.3594e+00  1.3503e+01  5.8000e-01  8.4179e+10  9.2772e-01  4.8949e-01  1.2839e-01
  1.3594e+00  1.3503e+01  6.0000e-01  7.2915e+10  9.6037e-01  4.1172e-01  1.3971e-01
  1.3594e+00  1.6496e+01  1.0000e-02  5.2699e+09  1.7200e+00  5.0978e+00  4.1408e+00
  1.3594e+00  1.6496e+01  2.0000e-02  2.4720e+10  1.5989e+00  4.1805e+00  9.9481e-01
  1.3594e+00  1.6496e+01  4.0000e-02  3.6144e+11  1.4020e+00  2.1991e+00  2.2946e-01
  1.3594e+00  1.6496e+01  6.0000e-02  6.4529e+11  1.3840e+00  1.4190e+00  1.5737e-01
  1.3594e+00  1.6496e+01  8.0000e-02  8.5441e+11  1.3793e+00  1.0230e+00  1.3409e-01
  1.3594e+00  1.6496e+01  1.0000e-01  1.0643e+12  1.3772e+00  7.8995e-01  1.1670e-01
  1.3594e+00  1.6496e+01  1.2000e-01  1.1965e+12  1.3786e+00  6.3232e-01  1.1068e-01
  1.3594e+00  1.6496e+01  1.4000e-01  1.4423e+12  1.3736e+00  4.9492e-01  9.7878e-02
  1.3594e+00  1.6496e+01  1.6000e-01  2.1213e+12  1.3471e+00  3.9482e-01  7.3080e-02
  1.3594e+00  1.6496e+01  1.8000e-01  3.3664e+12  1.3071e+00  3.2670e-01  5.2545e-02
  1.3594e+00  1.6496e+01  2.0000e-01  4.7017e+12  1.2749e+00  2.6752e-01  4.3257e-02
  1.3594e+00  1.6496e+01  2.2000e-01  5.5045e+12  1.2503e+00  2.1295e-01  4.1538e-02
  1.3594e+00  1.6496e+01  2.4000e-01  4.4105e+12  1.2268e+00  1.7700e-01  5.0691e-02
  1.3594e+00  1.6496e+01  2.6000e-01  7.9629e+11  1.3569e+00  1.4511e-01  1.1247e-01
  1.3594e+00  1.6496e+01  2.8000e-01  1.3127e+12  1.3493e+00  8.9687e-02  9.4387e-02
  1.3594e+00  1.6496e+01  3.0000e-01  2.1042e+12  1.3237e+00  6.9227e-02  8.0484e-02
  1.3594e+00  1.6496e+01  3.2000e-01  2.0168e+12  1.2882e+00  8.7878e-02  9.9870e-02
  1.3594e+00  1.6496e+01  3.4000e-01  1.5553e+12  1.2520e+00  1.4344e-01  1.4751e-01
  1.3594e+00  1.6496e+01  3.6000e-01  1.0045e+12  1.1734e+00  4.9267e-01  3.1629e-01
  1.3594e+00  1.6496e+01  3.8000e-01  7.3403e+10  1.2720e+00  7.2320e-01  1.6207e+00
  1.3594e+00  1.6496e+01  4.0000e-01  2.0977e+11  1.5044e+00  -1.4812e+01  3.5047e-01
  1.3594e+00  1.6496e+01  4.2000e-01  6.7054e+08  9.4040e-01  5.3089e+01  8.1590e+01
  1.3594e+00  1.6496e+01  4.4000e-01  8.7316e+08  8.5236e-01  -2.4055e+02  9.3296e-01
  1.3594e+00  1.6496e+01  4.6000e-01  1.0244e+08  8.2924e-01  -4.6103e+02  1.4255e+00
  1.3594e+00  1.6496e+01  4.8000e-01  8.2238e+09  8.3564e-01  -5.8785e+02  2.8640e-01
  1.3594e+00  1.6496e+01  5.0000e-01  3.9067e+11  9.8574e-01  -2.7173e+00  8.9694e-02
  1.3594e+00  1.6496e+01  5.2000e-01  1.0103e+11  9.3076e-01  5.0197e-01  9.6126e-02
  1.3594e+00  1.6496e+01  5.4000e-01  7.6726e+10  9.2810e-01  5.7542e-01  1.0829e-01
  1.3594e+00  1.6496e+01  5.6000e-01  6.4899e+10  9.2997e-01  6.0568e-01  1.1591e-01
  1.3594e+00  1.6496e+01  5.8000e-01  5.5997e+10  9.3776e-01  6.0887e-01  1.2405e-01
  1.3594e+00  1.6496e+01  6.0000e-01  4.8026e+10  9.5056e-01  5.9882e-01  1.3401e-01
  1.3594e+00  2.0153e+01  1.0000e-02  3.0431e+09  1.8222e+00  -7.1061e-01  5.8186e+00
  1.3594e+00  2.0153e+01  2.0000e-02  8.3531e+09  1.7137e+00  3.1967e+00  3.1362e+00
  1.3594e+00  2.0153e+01  4.0000e-02  4.2396e+10  1.5815e+00  2.8999e+00  7.3814e-01
  1.3594e+00  2.0153e+01  6.0000e-02  3.1561e+11  1.4243e+00  1.9570e+00  2.4505e-01
  1.3594e+00  2.0153e+01  8.0000e-02  5.5346e+11  1.3980e+00  1.3744e+00  1.7080e-01
  1.3594e+00  2.0153e+01  1.0000e-01  7.8247e+11  1.3859e+00  1.0178e+00  1.3767e-01
  1.3594e+00  2.0153e+01  1.2000e-01  9.6924e+11  1.3793e+00  7.9686e-01  1.2336e-01
  1.3594e+00  2.0153e+01  1.4000e-01  1.0419e+12  1.3838e+00  6.1584e-01  1.2130e-01
  1.3594e+00  2.0153e+01  1.6000e-01  1.3002e+12  1.3765e+00  4.5857e-01  1.0178e-01
  1.3594e+00  2.0153e+01  1.8000e-01  1.9782e+12  1.3427e+00  3.6569e-01  7.2756e-02
  1.3594e+00  2.0153e+01  2.0000e-01  2.9680e+12  1.3013e+00  3.0349e-01  5.5685e-02
  1.3594e+00  2.0153e+01  2.2000e-01  3.7240e+12  1.2646e+00  2.5010e-01  5.0595e-02
  1.3594e+00  2.0153e+01  2.4000e-01  4.4320e+12  1.1885e+00  2.3595e-01  5.1680e-02
  1.3594e+00  2.0153e+01  2.6000e-01  3.6990e+11  1.3964e+00  1.8704e-01  1.3707e-01
  1.3594e+00  2.0153e+01  2.8000e-01  9.2202e+11  1.3856e+00  8.0718e-02  9.7587e-02
  1.3594e+00  2.0153e+01  3.0000e-01  2.7988e+12  1.3479e+00  4.8304e-02  5.6077e-02
  1.3594e+00  2.0153e+01  3.2000e-01  2.2241e+12  1.3023e+00  7.2179e-02  8.1650e-02
  1.3594e+00  2.0153e+01  3.4000e-01  2.1243e+12  1.2844e+00  7.2746e-02  9.4912e-02
  1.3594e+00  2.0153e+01  3.6000e-01  1.0909e+12  1.2249e+00  1.9112e-01  2.1024e-01
  1.3594e+00  2.0153e+01  3.8000e-01  1.7362e+11  1.2130e+00  5.4163e-01  1.1650e+00
  1.3594e+00  2.0153e+01  4.0000e-01  2.6826e+11  1.5972e+00  -3.3610e+01  3.4066e-01
  1.3594e+00  2.0153e+01  4.2000e-01  4.5857e+07  1.1371e+00  7.3282e+01  1.3452e+02
  1.3594e+00  2.0153e+01  4.4000e-01  1.7386e+09  8.5247e-01  -3.1213e+02  3.1526e-01
  1.3594e+00  2.0153e+01  4.6000e-01  7.5170e+07  8.0283e-01  -4.4678e+02  1.7914e+00
  1.3594e+00  2.0153e+01  4.8000e-01  4.6936e+08  1.0622e+00  -5.4000e+02  1.2287e+00
  1.3594e+00  2.0153e+01  5.0000e-01  1.2280e+11  1.1122e+00  -1.2123e+01  2.5411e-01
  1.3594e+00  2.0153e+01  5.2000e-01  6.2214e+10  9.5501e-01  5.1438e-01  1.0502e-01
  1.3594e+00  2.0153e+01  5.4000e-01  4.4250e+10  9.5737e-01  6.1477e-01  1.1573e-01
  1.3594e+00  2.0153e+01  5.6000e-01  3.6487e+10  9.5936e-01  6.6168e-01  1.2187e-01
  1.3594e+00  2.0153e+01  5.8000e-01  3.1119e+10  9.6389e-01  6.7730e-01  1.2761e-01
  1.3594e+00  2.0153e+01  6.0000e-01  2.7422e+10  9.6909e-01  6.8331e-01  1.3152e-01
  1.3594e+00  2.4621e+01  1.0000e-02  1.2523e+12  1.9171e+00  -7.2746e+00  1.9164e-01
  1.3594e+00  2.4621e+01  2.0000e-02  7.2284e+09  1.7550e+00  5.4991e-01  3.8994e+00
  1.3594e+00  2.4621e+01  4.0000e-02  1.2271e+10  1.7137e+00  2.2691e+00  1.9196e+00
  1.3594e+00  2.4621e+01  6.0000e-02  4.3066e+10  1.6011e+00  2.2324e+00  7.1369e-01
  1.3594e+00  2.4621e+01  8.0000e-02  2.5890e+11  1.4487e+00  1.7617e+00  2.7393e-01
  1.3594e+00  2.4621e+01  1.0000e-01  4.9347e+11  1.4099e+00  1.2911e+00  1.7984e-01
  1.3594e+00  2.4621e+01  1.2000e-01  7.3123e+11  1.3898e+00  9.9455e-01  1.4200e-01
  1.3594e+00  2.4621e+01  1.4000e-01  8.7081e+11  1.3852e+00  7.9152e-01  1.3161e-01
  1.3594e+00  2.4621e+01  1.6000e-01  9.6147e+11  1.3886e+00  6.0660e-01  1.2545e-01
  1.3594e+00  2.4621e+01  1.8000e-01  1.2286e+12  1.3791e+00  4.5748e-01  1.0381e-01
  1.3594e+00  2.4621e+01  2.0000e-01  1.8005e+12  1.3496e+00  3.6754e-01  7.7117e-02
  1.3594e+00  2.4621e+01  2.2000e-01  2.6175e+12  1.3127e+00  3.0709e-01  5.9842e-02
  1.3594e+00  2.4621e+01  2.4000e-01  3.3510e+12  1.2790e+00  2.5571e-01  5.2920e-02
  1.3594e+00  2.4621e+01  2.6000e-01  3.3434e+12  1.2359e+00  2.3041e-01  5.6845e-02
  1.3594e+00  2.4621e+01  2.8000e-01  5.6489e+11  1.2313e+00  6.0879e-01  1.2925e-01
  1.3594e+00  2.4621e+01  3.0000e-01  4.1557e+11  1.4295e+00  8.7385e-02  1.2952e-01
  1.3594e+00  2.4621e+01  3.2000e-01  6.9806e+12  1.3892e+00  1.3108e-02  2.4044e-02
  1.3594e+00  2.4621e+01  3.4000e-01  1.7086e+13  1.3705e+00  -8.3159e-03  1.4089e-02
  1.3594e+00  2.4621e+01  3.6000e-01  3.1609e+12  1.3051e+00  5.9157e-03  6.2052e-02
  1.3594e+00  2.4621e+01  3.8000e-01  1.1656e+13  1.2875e+00  -1.3275e-01  2.5189e-02
  1.3594e+00  2.4621e+01  4.0000e-01  2.4768e+10  1.2483e+00  7.7852e-01  3.4411e+00
  1.3594e+00  2.4621e+01  4.2000e-01  2.0429e+11  8.4411e-01  -1.2242e+02  1.6620e+00
  1.3594e+00  2.4621e+01  4.4000e-01  3.0533e+08  8.5560e-01  -3.4092e+02  2.1019e+00
  1.3594e+00  2.4621e+01  4.6000e-01  9.7615e+07  8.1077e-01  -4.5586e+02  9.7708e-01
  1.3594e+00  2.4621e+01  4.8000e-01  1.1000e+08  1.1703e+00  -5.8579e+02  1.9005e+00
  1.3594e+00  2.4621e+01  5.0000e-01  3.4150e+10  1.3100e+00  -4.5386e+01  5.9814e-01
  1.3594e+00  2.4621e+01  5.2000e-01  3.4759e+10  9.7821e-01  5.1944e-01  1.1768e-01
  1.3594e+00  2.4621e+01  5.4000e-01  2.4321e+10  9.8298e-01  6.2954e-01  1.2266e-01
  1.3594e+00  2.4621e+01  5.6000e-01  1.9682e+10  9.8706e-01  6.8350e-01  1.2624e-01
  1.3594e+00  2.4621e+01  5.8000e-01  1.6617e+10  9.9052e-01  7.0638e-01  1.2938e-01
  1.3594e+00  2.4621e+01  6.0000e-01  1.4033e+10  9.9867e-01  7.0091e-01  1.3565e-01
  1.3594e+00  3.0079e+01  1.0000e-02  6.7717e+11  2.0499e+00  -1.5487e+01  2.1702e-01
  1.3594e+00  3.0079e+01  2.0000e-02  1.6078e+12  1.8253e+00  -3.6700e+00  1.7342e-01
  1.3594e+00  3.0079e+01  4.0000e-02  1.5490e+10  1.7008e+00  1.3239e+00  2.3892e+00
  1.3594e+00  3.0079e+01  6.0000e-02  1.6328e+10  1.7085e+00  1.7069e+00  1.5116e+00
  1.3594e+00  3.0079e+01  8.0000e-02  3.5779e+10  1.6357e+00  1.7563e+00  7.7000e-01
  1.3594e+00  3.0079e+01  1.0000e-01  1.9866e+11  1.4793e+00  1.5607e+00  3.1368e-01
  1.3594e+00  3.0079e+01  1.2000e-01  4.4848e+11  1.4174e+00  1.2353e+00  1.8902e-01
  1.3594e+00  3.0079e+01  1.4000e-01  6.5080e+11  1.3955e+00  9.7969e-01  1.5297e-01
  1.3594e+00  3.0079e+01  1.6000e-01  7.6110e+11  1.3928e+00  7.6163e-01  1.4211e-01
  1.3594e+00  3.0079e+01  1.8000e-01  9.1408e+11  1.3913e+00  5.6253e-01  1.2524e-01
  1.3594e+00  3.0079e+01  2.0000e-01  1.2861e+12  1.3714e+00  4.3013e-01  9.6751e-02
  1.3594e+00  3.0079e+01  2.2000e-01  1.9072e+12  1.3380e+00  3.5259e-01  7.2663e-02
  1.3594e+00  3.0079e+01  2.4000e-01  2.6365e+12  1.3037e+00  2.9546e-01  5.9586e-02
  1.3594e+00  3.0079e+01  2.6000e-01  3.1445e+12  1.2721e+00  2.4695e-01  5.5493e-02
  1.3594e+00  3.0079e+01  2.8000e-01  3.0481e+12  1.2107e+00  2.5205e-01  6.2371e-02
  1.3594e+00  3.0079e+01  3.0000e-01  1.5682e+11  1.3785e+00  4.1279e-01  1.9711e-01
  1.3594e+00  3.0079e+01  3.2000e-01  4.8934e+11  1.4282e+00  6.0927e-02  1.1789e-01
  1.3594e+00  3.0079e+01  3.4000e-01  1.2549e+13  1.3953e+00  -1.7605e-03  1.5146e-02
  1.3594e+00  3.0079e+01  3.6000e-01  1.3717e+13  1.3581e+00  -1.5259e-02  1.6464e-02
  1.3594e+00  3.0079e+01  3.8000e-01  9.4597e+12  1.3597e+00  -1.0104e-01  2.1805e-02
  1.3594e+00  3.0079e+01  4.0000e-01  1.3029e+11  1.1506e+00  1.4077e+00  1.1587e+00
  1.3594e+00  3.0079e+01  4.2000e-01  6.6538e+09  1.0349e+00  1.7709e+00  3.9535e+01
  1.3594e+00  3.0079e+01  4.4000e-01  1.8894e+09  1.2473e+00  -1.3084e+02  3.1957e-01
  1.3594e+00  3.0079e+01  4.6000e-01  5.6518e+07  8.2588e-01  -4.5357e+02  1.3552e+00
  1.3594e+00  3.0079e+01  4.8000e-01  5.7886e+07  1.0882e+00  -5.4236e+02  2.2220e+00
  1.3594e+00  3.0079e+01  5.0000e-01  1.3195e+10  1.4712e+00  -8.8527e+01  9.4049e-01
  1.3594e+00  3.0079e+01  5.2000e-01  1.8790e+10  9.9558e-01  5.2465e-01  1.3006e-01
  1.3594e+00  3.0079e+01  5.4000e-01  1.3124e+10  1.0045e+00  6.2229e-01  1.2851e-01
  1.3594e+00  3.0079e+01  5.6000e-01  1.0343e+10  1.0140e+00  6.6891e-01  1.3266e-01
  1.3594e+00  3.0079e+01  5.8000e-01  7.8753e+09  1.0277e+00  6.8146e-01  1.4688e-01
  1.3594e+00  3.0079e+01  6.0000e-01  6.5822e+09  1.0352e+00  6.7499e-01  1.5357e-01
  1.3594e+00  3.6747e+01  1.0000e-02  9.5402e+09  2.8945e+00  -1.3561e+02  8.3289e-01
  1.3594e+00  3.6747e+01  2.0000e-02  1.2327e+12  1.8642e+00  -5.6982e+00  1.7713e-01
  1.3594e+00  3.6747e+01  4.0000e-02  1.8467e+10  1.7303e+00  -4.7210e-01  2.2519e+00
  1.3594e+00  3.6747e+01  6.0000e-02  2.1646e+10  1.6882e+00  1.0910e+00  1.8223e+00
  1.3594e+00  3.6747e+01  8.0000e-02  2.2240e+10  1.6953e+00  1.2970e+00  1.3046e+00
  1.3594e+00  3.6747e+01  1.0000e-01  3.3386e+10  1.6572e+00  1.3799e+00  8.1024e-01
  1.3594e+00  3.6747e+01  1.2000e-01  1.5171e+11  1.5075e+00  1.4204e+00  3.6052e-01
  1.3594e+00  3.6747e+01  1.4000e-01  3.7597e+11  1.4289e+00  1.2155e+00  2.1184e-01
  1.3594e+00  3.6747e+01  1.6000e-01  5.3819e+11  1.4061e+00  9.6677e-01  1.7152e-01
  1.3594e+00  3.6747e+01  1.8000e-01  6.5879e+11  1.4014e+00  7.2255e-01  1.5079e-01
  1.3594e+00  3.6747e+01  2.0000e-01  8.9413e+11  1.3892e+00  5.2588e-01  1.2103e-01
  1.3594e+00  3.6747e+01  2.2000e-01  1.3557e+12  1.3590e+00  4.1185e-01  8.9797e-02
  1.3594e+00  3.6747e+01  2.4000e-01  1.9796e+12  1.3237e+00  3.4075e-01  6.9884e-02
  1.3594e+00  3.6747e+01  2.6000e-01  2.5682e+12  1.2912e+00  2.8430e-01  6.0891e-02
  1.3594e+00  3.6747e+01  2.8000e-01  2.7832e+12  1.2562e+00  2.4222e-01  6.0764e-02
  1.3594e+00  3.6747e+01  3.0000e-01  2.7894e+12  1.1640e+00  2.8263e-01  7.0807e-02
  1.3594e+00  3.6747e+01  3.2000e-01  1.8084e+11  1.4385e+00  1.6850e-01  1.8327e-01
  1.3594e+00  3.6747e+01  3.4000e-01  1.0152e+12  1.3972e+00  3.2805e-02  8.2986e-02
  1.3594e+00  3.6747e+01  3.6000e-01  1.2296e+13  1.3828e+00  -1.5460e-02  1.5793e-02
  1.3594e+00  3.6747e+01  3.8000e-01  9.6002e+12  1.3982e+00  -1.1571e-01  1.8890e-02
  1.3594e+00  3.6747e+01  4.0000e-01  1.2752e+12  1.2190e+00  -4.6233e-02  1.4930e-01
  1.3594e+00  3.6747e+01  4.2000e-01  9.1353e+11  1.3477e+00  -3.2404e+00  1.3566e-01
  1.3594e+00  3.6747e+01  4.4000e-01  1.2136e+11  8.0740e-01  -1.5050e+02  1.3392e+00
  1.3594e+00  3.6747e+01  4.6000e-01  4.3413e+07  8.3071e-01  -4.5491e+02  1.2885e+00
  1.3594e+00  3.6747e+01  4.8000e-01  9.4098e+07  9.3902e-01  -5.3564e+02  1.0508e+00
  1.3594e+00  3.6747e+01  5.0000e-01  4.3092e+09  1.6150e+00  -1.3884e+02  1.4779e+00
  1.3594e+00  3.6747e+01  5.2000e-01  9.9548e+09  1.0149e+00  5.0872e-01  1.4122e-01
  1.3594e+00  3.6747e+01  5.4000e-01  6.9010e+09  1.0240e+00  5.9673e-01  1.3885e-01
  1.3594e+00  3.6747e+01  5.6000e-01  5.2170e+09  1.0395e+00  6.3985e-01  1.4481e-01
  1.3594e+00  3.6747e+01  5.8000e-01  4.0166e+09  1.0532e+00  6.6079e-01  1.5740e-01
  1.3594e+00  3.6747e+01  6.0000e-01  3.2835e+09  1.0612e+00  6.6987e-01  1.6520e-01
  1.3594e+00  4.4893e+01  1.0000e-02  4.8861e+07  4.9281e+00  -9.2519e+02  1.6171e+00
  1.3594e+00  4.4893e+01  2.0000e-02  5.0573e+11  2.0049e+00  -1.3046e+01  2.3348e-01
  1.3594e+00  4.4893e+01  4.0000e-02  2.1000e+12  1.7620e+00  -2.3739e+00  1.4159e-01
  1.3594e+00  4.4893e+01  6.0000e-02  2.6018e+10  1.6970e+00  3.2956e-04  1.8369e+00
  1.3594e+00  4.4893e+01  8.0000e-02  2.9188e+10  1.6744e+00  8.1035e-01  1.5181e+00
  1.3594e+00  4.4893e+01  1.0000e-01  3.0296e+10  1.6762e+00  1.0171e+00  1.1660e+00
  1.3594e+00  4.4893e+01  1.2000e-01  3.3078e+10  1.6655e+00  1.1510e+00  8.4446e-01
  1.3594e+00  4.4893e+01  1.4000e-01  9.4851e+10  1.5534e+00  1.2925e+00  4.6035e-01
  1.3594e+00  4.4893e+01  1.6000e-01  2.5667e+11  1.4594e+00  1.1836e+00  2.6754e-01
  1.3594e+00  4.4893e+01  1.8000e-01  4.0908e+11  1.4247e+00  9.4427e-01  1.9948e-01
  1.3594e+00  4.4893e+01  2.0000e-01  5.6173e+11  1.4097e+00  6.9519e-01  1.5855e-01
  1.3594e+00  4.4893e+01  2.2000e-01  8.5611e+11  1.3848e+00  5.1233e-01  1.1812e-01
  1.3594e+00  4.4893e+01  2.4000e-01  1.3414e+12  1.3482e+00  4.0840e-01  8.7312e-02
  1.3594e+00  4.4893e+01  2.6000e-01  1.8909e+12  1.3132e+00  3.3810e-01  7.1004e-02
  1.3594e+00  4.4893e+01  2.8000e-01  2.3075e+12  1.2811e+00  2.8137e-01  6.5035e-02
  1.3594e+00  4.4893e+01  3.0000e-01  2.4458e+12  1.2287e+00  2.5936e-01  6.6778e-02
  1.3594e+00  4.4893e+01  3.2000e-01  3.2983e+11  1.2593e+00  6.3413e-01  1.5663e-01
  1.3594e+00  4.4893e+01  3.4000e-01  3.2723e+11  1.4293e+00  8.2574e-02  1.3884e-01
  1.3594e+00  4.4893e+01  3.6000e-01  7.2541e+12  1.4046e+00  -2.4813e-03  1.9582e-02
  1.3594e+00  4.4893e+01  3.8000e-01  1.1209e+13  1.3632e+00  -1.9792e-02  1.6839e-02
  1.3594e+00  4.4893e+01  4.0000e-01  1.0364e+13  1.3564e+00  -9.6984e-02  1.7862e-02
  1.3594e+00  4.4893e+01  4.2000e-01  8.9195e+10  1.1916e+00  9.7719e-01  1.0694e+00
  1.3594e+00  4.4893e+01  4.4000e-01  5.6877e+11  1.1389e+00  -2.3977e+01  3.4355e-01
  1.3594e+00  4.4893e+01  4.6000e-01  7.2182e+07  1.3889e+00  -2.6578e+02  2.4908e+00
  1.3594e+00  4.4893e+01  4.8000e-01  5.6215e+07  8.7099e-01  -5.3409e+02  9.9430e-01
  1.3594e+00  4.4893e+01  5.0000e-01  3.6350e+09  1.6710e+00  -1.4599e+02  1.2283e+00
  1.3594e+00  4.4893e+01  5.2000e-01  5.3775e+09  1.0309e+00  4.8227e-01  1.5615e-01
  1.3594e+00  4.4893e+01  5.4000e-01  3.8247e+09  1.0387e+00  5.5800e-01  1.4922e-01
  1.3594e+00  4.4893e+01  5.6000e-01  2.8107e+09  1.0551e+00  6.2482e-01  1.5967e-01
  1.3594e+00  4.4893e+01  5.8000e-01  2.3020e+09  1.0628e+00  6.8304e-01  1.6091e-01
  1.3594e+00  4.4893e+01  6.0000e-01  1.9243e+09  1.0680e+00  7.2063e-01  1.6619e-01
  1.3594e+00  5.4844e+01  1.0000e-02  6.0586e+05  6.5540e+00  -1.8455e+03  2.2980e+00
  1.3594e+00  5.4844e+01  2.0000e-02  1.5329e+10  3.0733e+00  -1.7144e+02  6.4084e-01
  1.3594e+00  5.4844e+01  4.0000e-02  1.8750e+12  1.7858e+00  -3.5934e+00  1.3513e-01
  1.3594e+00  5.4844e+01  6.0000e-02  1.4574e+12  1.7243e+00  -1.6311e+00  1.7145e-01
  1.3594e+00  5.4844e+01  8.0000e-02  3.6464e+10  1.6780e+00  -5.8030e-02  1.4934e+00
  1.3594e+00  5.4844e+01  1.0000e-01  3.7374e+10  1.6588e+00  5.9262e-01  1.3333e+00
  1.3594e+00  5.4844e+01  1.2000e-01  3.6122e+10  1.6631e+00  8.1903e-01  1.1112e+00
  1.3594e+00  5.4844e+01  1.4000e-01  3.3774e+10  1.6685e+00  9.4242e-01  9.0601e-01
  1.3594e+00  5.4844e+01  1.6000e-01  5.2346e+10  1.6171e+00  1.0698e+00  6.3472e-01
  1.3594e+00  5.4844e+01  1.8000e-01  1.2311e+11  1.5313e+00  1.0427e+00  3.9839e-01
  1.3594e+00  5.4844e+01  2.0000e-01  2.6395e+11  1.4608e+00  9.0327e-01  2.5323e-01
  1.3594e+00  5.4844e+01  2.2000e-01  4.4144e+11  1.4217e+00  7.0204e-01  1.7405e-01
  1.3594e+00  5.4844e+01  2.4000e-01  7.3442e+11  1.3854e+00  5.3010e-01  1.2320e-01
  1.3594e+00  5.4844e+01  2.6000e-01  1.1748e+12  1.3446e+00  4.2532e-01  9.1467e-02
  1.3594e+00  5.4844e+01  2.8000e-01  1.6218e+12  1.3094e+00  3.5121e-01  7.6322e-02
  1.3594e+00  5.4844e+01  3.0000e-01  1.9271e+12  1.2759e+00  2.9206e-01  7.1191e-02
  1.3594e+00  5.4844e+01  3.2000e-01  2.4388e+12  1.1971e+00  2.7905e-01  6.7183e-02
  1.3594e+00  5.4844e+01  3.4000e-01  1.1356e+11  1.4097e+00  3.3167e-01  2.0870e-01
  1.3594e+00  5.4844e+01  3.6000e-01  4.5876e+11  1.4122e+00  5.8718e-02  1.1554e-01
  1.3594e+00  5.4844e+01  3.8000e-01  1.0921e+13  1.3912e+00  -7.9528e-03  1.4313e-02
  1.3594e+00  5.4844e+01  4.0000e-01  8.0902e+12  1.3533e+00  -2.9155e-02  1.9965e-02
  1.3594e+00  5.4844e+01  4.2000e-01  4.7674e+12  1.3152e+00  -1.1126e-01  3.1425e-02
  1.3594e+00  5.4844e+01  4.4000e-01  2.5695e+10  1.2437e+00  1.0829e+00  1.9243e+00
  1.3594e+00  5.4844e+01  4.6000e-01  3.7408e+10  6.3497e-01  3.5595e+01  3.0666e+01
  1.3594e+00  5.4844e+01  4.8000e-01  2.6360e+07  8.0277e-01  -4.4967e+02  1.1236e+00
  1.3594e+00  5.4844e+01  5.0000e-01  1.7588e+09  1.6016e+00  -9.8462e+01  1.3854e+00
  1.3594e+00  5.4844e+01  5.2000e-01  2.8821e+09  1.0530e+00  4.2931e-01  1.7380e-01
  1.3594e+00  5.4844e+01  5.4000e-01  2.6160e+09  1.0332e+00  5.1625e-01  1.5737e-01
  1.3594e+00  5.4844e+01  5.6000e-01  1.9216e+09  1.0484e+00  6.3072e-01  1.5859e-01
  1.3594e+00  5.4844e+01  5.8000e-01  1.7122e+09  1.0461e+00  7.1947e-01  1.5339e-01
  1.3594e+00  5.4844e+01  6.0000e-01  1.4515e+09  1.0514e+00  7.5251e-01  1.5170e-01
  1.3594e+00  6.7002e+01  1.0000e-02  3.0543e+03  9.3998e+00  -3.6563e+03  2.6884e+00
  1.3594e+00  6.7002e+01  2.0000e-02  2.2953e+07  5.1549e+00  -1.0195e+03  1.7319e+00
  1.3594e+00  6.7002e+01  4.0000e-02  9.5024e+11  1.8762e+00  -7.3174e+00  1.6795e-01
  1.3594e+00  6.7002e+01  6.0000e-02  3.4833e+12  1.7338e+00  -2.3900e+00  9.5198e-02
  1.3594e+00  6.7002e+01  8.0000e-02  1.7964e+12  1.6984e+00  -1.3415e+00  1.4640e-01
  1.3594e+00  6.7002e+01  1.0000e-01  5.0796e+10  1.6654e+00  -2.6680e-01  1.2106e+00
  1.3594e+00  6.7002e+01  1.2000e-01  4.3941e+10  1.6504e+00  3.3893e-01  1.2202e+00
  1.3594e+00  6.7002e+01  1.4000e-01  4.1315e+10  1.6541e+00  5.7727e-01  1.0925e+00
  1.3594e+00  6.7002e+01  1.6000e-01  3.8406e+10  1.6619e+00  6.8444e-01  9.5599e-01
  1.3594e+00  6.7002e+01  1.8000e-01  4.2022e+10  1.6508e+00  7.5543e-01  7.8258e-01
  1.3594e+00  6.7002e+01  2.0000e-01  6.4767e+10  1.6052e+00  7.8164e-01  5.7295e-01
  1.3594e+00  6.7002e+01  2.2000e-01  1.2412e+11  1.5377e+00  7.6717e-01  3.8047e-01
  1.3594e+00  6.7002e+01  2.4000e-01  2.7707e+11  1.4522e+00  7.3791e-01  2.2185e-01
  1.3594e+00  6.7002e+01  2.6000e-01  5.0081e+11  1.4018e+00  5.9139e-01  1.4673e-01
  1.3594e+00  6.7002e+01  2.8000e-01  8.5179e+11  1.3554e+00  4.7476e-01  1.0566e-01
  1.3594e+00  6.7002e+01  3.0000e-01  1.1918e+12  1.3170e+00  3.9285e-01  8.7875e-02
  1.3594e+00  6.7002e+01  3.2000e-01  1.4530e+12  1.2822e+00  3.2489e-01  8.0266e-02
  1.3594e+00  6.7002e+01  3.4000e-01  2.0331e+12  1.2015e+00  2.9294e-01  6.9638e-02
  1.3594e+00  6.7002e+01  3.6000e-01  1.1592e+11  1.3898e+00  3.5338e-01  2.0005e-01
  1.3594e+00  6.7002e+01  3.8000e-01  3.6783e+11  1.4091e+00  6.8493e-02  1.2155e-01
  1.3594e+00  6.7002e+01  4.0000e-01  5.0959e+12  1.3897e+00  -4.3025e-03  2.1651e-02
  1.3594e+00  6.7002e+01  4.2000e-01  8.8971e+12  1.3500e+00  -2.5073e-02  1.5945e-02
  1.3594e+00  6.7002e+01  4.4000e-01  4.8563e+12  1.3086e+00  -1.1060e-01  2.5456e-02
  1.3594e+00  6.7002e+01  4.6000e-01  1.4944e+10  1.2656e+00  3.1102e-01  2.0679e+00
  1.3594e+00  6.7002e+01  4.8000e-01  7.6621e+10  7.1135e-01  -5.5830e+01  9.3760e-01
  1.3594e+00  6.7002e+01  5.0000e-01  5.1630e+06  1.3348e+00  4.5321e+01  8.2733e+01
  1.3594e+00  6.7002e+01  5.2000e-01  1.9121e+09  1.0484e+00  4.0000e-01  1.8482e-01
  1.3594e+00  6.7002e+01  5.4000e-01  1.4717e+09  1.0424e+00  5.2863e-01  1.7960e-01
  1.3594e+00  6.7002e+01  5.6000e-01  1.4240e+09  1.0317e+00  6.4840e-01  1.5452e-01
  1.3594e+00  6.7002e+01  5.8000e-01  1.0728e+09  1.0388e+00  7.7002e-01  1.6044e-01
  1.3594e+00  6.7002e+01  6.0000e-01  8.9310e+08  1.0510e+00  7.9781e-01  1.6576e-01
  1.3594e+00  8.1855e+01  1.0000e-02  1.2528e+00  1.0433e+01  -4.4080e+03  5.0176e+00
  1.3594e+00  8.1855e+01  2.0000e-02  6.6387e+05  6.7521e+00  -1.9576e+03  2.1554e+00
  1.3594e+00  8.1855e+01  4.0000e-02  3.2247e+10  2.5781e+00  -7.1760e+01  5.6608e-01
  1.3594e+00  8.1855e+01  6.0000e-02  1.6334e+12  1.7781e+00  -4.1399e+00  1.2822e-01
  1.3594e+00  8.1855e+01  8.0000e-02  3.3424e+12  1.7039e+00  -1.9741e+00  9.3256e-02
  1.3594e+00  8.1855e+01  1.0000e-01  2.5018e+12  1.6766e+00  -1.2366e+00  1.1471e-01
  1.3594e+00  8.1855e+01  1.2000e-01  1.4210e+11  1.6658e+00  -7.3301e-01  6.2551e-01
  1.3594e+00  8.1855e+01  1.4000e-01  5.6522e+10  1.6461e+00  -4.8364e-02  1.0550e+00
  1.3594e+00  8.1855e+01  1.6000e-01  5.1117e+10  1.6440e+00  2.3512e-01  1.0286e+00
  1.3594e+00  8.1855e+01  1.8000e-01  4.9157e+10  1.6470e+00  3.6583e-01  9.4057e-01
  1.3594e+00  8.1855e+01  2.0000e-01  5.0871e+10  1.6440e+00  4.3945e-01  8.2197e-01
  1.3594e+00  8.1855e+01  2.2000e-01  5.9232e+10  1.6268e+00  4.9789e-01  6.7833e-01
  1.3594e+00  8.1855e+01  2.4000e-01  7.7810e+10  1.5923e+00  5.6283e-01  5.2499e-01
  1.3594e+00  8.1855e+01  2.6000e-01  1.1305e+11  1.5429e+00  6.3064e-01  3.7282e-01
  1.3594e+00  8.1855e+01  2.8000e-01  2.3148e+11  1.4548e+00  6.7973e-01  2.2393e-01
  1.3594e+00  8.1855e+01  3.0000e-01  4.2892e+11  1.3952e+00  5.7937e-01  1.4829e-01
  1.3594e+00  8.1855e+01  3.2000e-01  6.6743e+11  1.3469e+00  4.8563e-01  1.1467e-01
  1.3594e+00  8.1855e+01  3.4000e-01  8.6693e+11  1.3082e+00  4.0559e-01  1.0029e-01
  1.3594e+00  8.1855e+01  3.6000e-01  1.1161e+12  1.2589e+00  3.3101e-01  8.7047e-02
  1.3594e+00  8.1855e+01  3.8000e-01  8.7511e+11  1.1979e+00  3.3083e-01  9.3625e-02
  1.3594e+00  8.1855e+01  4.0000e-01  1.6083e+11  1.4227e+00  1.2407e-01  1.5657e-01
  1.3594e+00  8.1855e+01  4.2000e-01  1.0795e+12  1.3970e+00  1.5670e-02  5.0729e-02
  1.3594e+00  8.1855e+01  4.4000e-01  5.8608e+12  1.3477e+00  -7.3347e-03  1.6922e-02
  1.3594e+00  8.1855e+01  4.6000e-01  3.2536e+12  1.3516e+00  -9.8195e-02  2.1900e-02
  1.3594e+00  8.1855e+01  4.8000e-01  8.6588e+09  1.2276e+00  1.1893e+00  2.1371e+00
  1.3594e+00  8.1855e+01  5.0000e-01  1.6183e+09  1.1981e+00  -2.1523e+01  8.7563e-01
  1.3594e+00  8.1855e+01  5.2000e-01  1.1800e+09  1.0502e+00  3.7484e-01  1.9854e-01
  1.3594e+00  8.1855e+01  5.4000e-01  9.2415e+08  1.0406e+00  5.4972e-01  1.8770e-01
  1.3594e+00  8.1855e+01  5.6000e-01  8.5566e+08  1.0286e+00  6.7667e-01  1.6358e-01
  1.3594e+00  8.1855e+01  5.8000e-01  6.1099e+08  1.0383e+00  9.7753e-01  1.7731e-01
  1.3594e+00  8.1855e+01  6.0000e-01  8.2084e+08  9.9886e-01  1.6112e+00  1.1893e-01
  1.3594e+00  1.0000e+02  1.0000e-02  6.1871e+05  1.0910e+01  -4.7807e+03  1.3956e+00
  1.3594e+00  1.0000e+02  2.0000e-02  1.0555e+03  9.3605e+00  -3.6406e+03  3.0267e+00
  1.3594e+00  1.0000e+02  4.0000e-02  9.0978e+07  4.8266e+00  -8.3281e+02  1.4134e+00
  1.3594e+00  1.0000e+02  6.0000e-02  3.3327e+11  1.9979e+00  -1.4028e+01  2.4938e-01
  1.3594e+00  1.0000e+02  8.0000e-02  2.1279e+12  1.7388e+00  -3.3901e+00  1.0693e-01
  1.3594e+00  1.0000e+02  1.0000e-01  3.0981e+12  1.6830e+00  -1.8633e+00  9.1462e-02
  1.3594e+00  1.0000e+02  1.2000e-01  3.3187e+12  1.6602e+00  -1.2519e+00  9.0450e-02
  1.3594e+00  1.0000e+02  1.4000e-01  3.5224e+12  1.6525e+00  -9.2763e-01  8.6681e-02
  1.3594e+00  1.0000e+02  1.6000e-01  2.9433e+11  1.6485e+00  -6.6298e-01  3.7845e-01
  1.3594e+00  1.0000e+02  1.8000e-01  8.6085e+10  1.6363e+00  -2.4730e-01  7.7406e-01
  1.3594e+00  1.0000e+02  2.0000e-01  7.2401e+10  1.6302e+00  -1.4734e-02  8.1220e-01
  1.3594e+00  1.0000e+02  2.2000e-01  7.0253e+10  1.6245e+00  1.2913e-01  7.6752e-01
  1.3594e+00  1.0000e+02  2.4000e-01  7.3004e+10  1.6137e+00  2.3936e-01  6.9213e-01
  1.3594e+00  1.0000e+02  2.6000e-01  7.8435e+10  1.5962e+00  3.4542e-01  6.0457e-01
  1.3594e+00  1.0000e+02  2.8000e-01  8.2944e+10  1.5761e+00  4.4817e-01  5.1702e-01
  1.3594e+00  1.0000e+02  3.0000e-01  8.4245e+10  1.5584e+00  5.3421e-01  4.3046e-01
  1.3594e+00  1.0000e+02  3.2000e-01  1.1273e+11  1.5052e+00  6.3675e-01  3.1697e-01
  1.3594e+00  1.0000e+02  3.4000e-01  2.0453e+11  1.4289e+00  6.4144e-01  2.1333e-01
  1.3594e+00  1.0000e+02  3.6000e-01  3.1258e+11  1.3767e+00  5.6315e-01  1.6358e-01
  1.3594e+00  1.0000e+02  3.8000e-01  4.0888e+11  1.3344e+00  4.7264e-01  1.3970e-01
  1.3594e+00  1.0000e+02  4.0000e-01  6.0429e+11  1.2755e+00  3.5969e-01  1.0618e-01
  1.3594e+00  1.0000e+02  4.2000e-01  4.8061e+11  1.2243e+00  3.1275e-01  9.8209e-02
  1.3594e+00  1.0000e+02  4.4000e-01  1.3211e+11  1.4093e+00  1.0780e-01  1.4025e-01
  1.3594e+00  1.0000e+02  4.6000e-01  1.6728e+12  1.3836e+00  7.9668e-03  2.4810e-02
  1.3594e+00  1.0000e+02  4.8000e-01  2.1601e+12  1.3500e+00  -5.4780e-02  1.7163e-02
  1.3594e+00  1.0000e+02  5.0000e-01  8.3302e+09  9.1728e-01  -8.6552e+00  2.0628e-01
  1.3594e+00  1.0000e+02  5.2000e-01  6.9054e+08  1.0421e+00  4.3620e-01  2.1512e-01
  1.3594e+00  1.0000e+02  5.4000e-01  5.1287e+08  1.0409e+00  6.2847e-01  1.9191e-01
  1.3594e+00  1.0000e+02  5.6000e-01  4.9204e+08  1.0297e+00  8.6655e-01  1.7855e-01
  1.3594e+00  1.0000e+02  5.8000e-01  4.4313e+08  1.0054e+00  1.7005e+00  1.6282e-01
  1.3594e+00  1.0000e+02  6.0000e-01  2.2013e+08  1.0705e+00  1.5330e+00  2.0783e-01
  1.3594e+00  1.5000e+02  1.0000e-02  1.5875e+01  1.2069e+01  -5.6847e+03  3.2275e+00
  1.3594e+00  1.5000e+02  2.0000e-02  1.8415e+01  1.0860e+01  -4.7768e+03  3.6644e+00
  1.3594e+00  1.5000e+02  4.0000e-02  1.2874e+07  7.8203e+00  -2.6338e+03  1.2225e+00
  1.3594e+00  1.5000e+02  6.0000e-02  3.6162e+06  5.8130e+00  -1.3782e+03  2.0128e+00
  1.3594e+00  1.5000e+02  8.0000e-02  6.0420e+08  3.9614e+00  -4.4848e+02  1.1554e+00
  1.3594e+00  1.5000e+02  1.0000e-01  3.1624e+11  2.0574e+00  -1.8817e+01  2.3662e-01
  1.3594e+00  1.5000e+02  1.2000e-01  1.9798e+12  1.7453e+00  -4.3103e+00  9.6036e-02
  1.3594e+00  1.5000e+02  1.4000e-01  1.9829e+12  1.6638e+00  -2.3161e+00  1.0058e-01
  1.3594e+00  1.5000e+02  1.6000e-01  3.0510e+12  1.6311e+00  -1.5712e+00  7.9205e-02
  1.3594e+00  1.5000e+02  1.8000e-01  3.2719e+12  1.6142e+00  -1.1712e+00  7.6056e-02
  1.3594e+00  1.5000e+02  2.0000e-01  4.5326e+12  1.6002e+00  -9.1066e-01  6.2212e-02
  1.3594e+00  1.5000e+02  2.2000e-01  4.3522e+12  1.5918e+00  -7.2915e-01  6.2630e-02
  1.3594e+00  1.5000e+02  2.4000e-01  4.6784e+12  1.5852e+00  -5.9859e-01  5.8329e-02
  1.3594e+00  1.5000e+02  2.6000e-01  2.4148e+12  1.5795e+00  -4.9069e-01  8.5219e-02
  1.3594e+00  1.5000e+02  2.8000e-01  4.1414e+11  1.5721e+00  -3.7333e-01  2.4895e-01
  1.3594e+00  1.5000e+02  3.0000e-01  1.3375e+11  1.5536e+00  -1.3321e-01  4.9398e-01
  1.3594e+00  1.5000e+02  3.2000e-01  1.0873e+11  1.5407e+00  2.2653e-02  5.3226e-01
  1.3594e+00  1.5000e+02  3.4000e-01  8.6727e+10  1.5328e+00  1.5229e-01  5.6740e-01
  1.3594e+00  1.5000e+02  3.6000e-01  7.4612e+10  1.5352e+00  2.0712e-01  5.5596e-01
  1.3594e+00  1.5000e+02  3.8000e-01  6.0271e+10  1.5408e+00  2.4148e-01  5.6154e-01
  1.3594e+00  1.5000e+02  4.0000e-01  4.7593e+10  1.5484e+00  2.4969e-01  5.6362e-01
  1.3594e+00  1.5000e+02  4.2000e-01  3.9128e+10  1.5454e+00  2.5655e-01  5.5297e-01
  1.3594e+00  1.5000e+02  4.4000e-01  3.9307e+10  1.5279e+00  1.9250e-01  4.8199e-01
  1.3594e+00  1.5000e+02  4.6000e-01  7.4977e+10  1.4802e+00  3.8645e-02  2.8039e-01
  1.3594e+00  1.5000e+02  4.8000e-01  1.2042e+11  1.3539e+00  1.1539e-01  1.5861e-01
  1.3594e+00  1.5000e+02  5.0000e-01  1.2742e+10  1.2780e+00  -1.2949e-01  2.7462e-02
  1.3594e+00  1.5000e+02  5.2000e-01  1.4385e+08  1.0222e+00  7.8145e-01  3.9293e-01
  1.3594e+00  1.5000e+02  5.4000e-01  5.7448e+07  1.1069e+00  1.2069e+00  3.1511e-01
  1.3594e+00  1.5000e+02  5.6000e-01  5.0107e+07  1.1178e+00  1.2525e+00  3.1524e-01
  1.3594e+00  1.5000e+02  5.8000e-01  3.9004e+07  1.1444e+00  1.2061e+00  3.2239e-01
  1.3594e+00  1.5000e+02  6.0000e-01  4.4456e+07  1.1251e+00  1.3227e+00  2.7142e-01
  1.3594e+00  2.0000e+02  1.0000e-02  2.6840e+01  1.2604e+01  -6.1097e+03  2.9486e+00
  1.3594e+00  2.0000e+02  2.0000e-02  3.2557e+00  1.1611e+01  -5.3668e+03  3.8909e+00
  1.3594e+00  2.0000e+02  4.0000e-02  1.7208e+02  1.0225e+01  -4.2883e+03  3.2140e+00
  1.3594e+00  2.0000e+02  6.0000e-02  1.0469e+04  7.8196e+00  -2.6426e+03  3.0291e+00
  1.3594e+00  2.0000e+02  8.0000e-02  1.2457e+07  6.2625e+00  -1.6582e+03  1.4863e+00
  1.3594e+00  2.0000e+02  1.0000e-01  6.4818e+07  5.0692e+00  -9.6539e+02  1.3995e+00
  1.3594e+00  2.0000e+02  1.2000e-01  6.9124e+08  3.9267e+00  -4.3625e+02  1.1080e+00
  1.3594e+00  2.0000e+02  1.4000e-01  4.4131e+10  2.6655e+00  -8.7163e+01  4.4322e-01
  1.3594e+00  2.0000e+02  1.6000e-01  7.3143e+11  1.7817e+00  -6.0882e+00  1.5118e-01
  1.3594e+00  2.0000e+02  1.8000e-01  1.9765e+12  1.6600e+00  -2.8447e+00  8.7132e-02
  1.3594e+00  2.0000e+02  2.0000e-01  2.5284e+12  1.6089e+00  -1.8321e+00  7.5562e-02
  1.3594e+00  2.0000e+02  2.2000e-01  2.4681e+12  1.5791e+00  -1.3181e+00  7.6658e-02
  1.3594e+00  2.0000e+02  2.4000e-01  2.7143e+12  1.5583e+00  -1.0002e+00  7.1462e-02
  1.3594e+00  2.0000e+02  2.6000e-01  3.6264e+12  1.5455e+00  -7.9561e-01  5.7827e-02
  1.3594e+00  2.0000e+02  2.8000e-01  3.2145e+12  1.5326e+00  -6.4119e-01  6.0933e-02
  1.3594e+00  2.0000e+02  3.0000e-01  3.2498e+12  1.5205e+00  -5.2314e-01  5.8570e-02
  1.3594e+00  2.0000e+02  3.2000e-01  2.4506e+12  1.5120e+00  -4.3830e-01  6.7443e-02
  1.3594e+00  2.0000e+02  3.4000e-01  2.6452e+12  1.5078e+00  -3.7969e-01  6.0383e-02
  1.3594e+00  2.0000e+02  3.6000e-01  1.6167e+12  1.5049e+00  -3.3972e-01  7.8202e-02
  1.3594e+00  2.0000e+02  3.8000e-01  7.5884e+11  1.5025e+00  -3.0729e-01  1.1902e-01
  1.3594e+00  2.0000e+02  4.0000e-01  2.6415e+11  1.4982e+00  -2.6971e-01  2.2038e-01
  1.3594e+00  2.0000e+02  4.2000e-01  5.8681e+11  1.4974e+00  -2.9606e-01  1.1511e-01
  1.3594e+00  2.0000e+02  4.4000e-01  1.4716e+12  1.4893e+00  -3.0294e-01  5.2683e-02
  1.3594e+00  2.0000e+02  4.6000e-01  1.5367e+12  1.4090e+00  -3.0653e-01  3.3972e-02
  1.3594e+00  2.0000e+02  4.8000e-01  5.5548e+11  1.3153e+00  -3.6333e-01  4.4263e-02
  1.3594e+00  2.0000e+02  5.0000e-01  1.0454e+09  1.2292e+00  -3.8020e-02  8.0594e-02
  1.3594e+00  2.0000e+02  5.2000e-01  2.1402e+06  1.5207e+00  -9.6308e-01  7.1461e-01
  1.3594e+00  2.0000e+02  5.4000e-01  3.6298e+07  1.0921e+00  1.1069e+00  3.1411e-01
  1.3594e+00  2.0000e+02  5.6000e-01  4.0931e+07  1.0839e+00  1.0302e+00  3.0633e-01
  1.3594e+00  2.0000e+02  5.8000e-01  2.9698e+07  1.0902e+00  1.4899e+00  3.1237e-01
  1.3594e+00  2.0000e+02  6.0000e-01  2.2527e+07  1.1130e+00  1.4813e+00  2.8689e-01
  1.3594e+00  2.5000e+02  1.0000e-02  7.1246e-02  1.3078e+01  -6.4991e+03  4.4786e+00
  1.3594e+00  2.5000e+02  2.0000e-02  2.0852e+02  1.2041e+01  -5.7115e+03  2.6214e+00
  1.3594e+00  2.5000e+02  4.0000e-02  3.0948e+00  1.0914e+01  -4.8343e+03  4.2763e+00
  1.3594e+00  2.5000e+02  6.0000e-02  8.1627e+02  9.9944e+00  -4.1211e+03  2.8299e+00
  1.3594e+00  2.5000e+02  8.0000e-02  2.1370e+05  8.9461e+00  -3.3651e+03  1.7657e+00
  1.3594e+00  2.5000e+02  1.0000e-01  1.9495e+05  6.4098e+00  -1.7723e+03  2.7641e+00
  1.3594e+00  2.5000e+02  1.2000e-01  3.8500e+06  5.9169e+00  -1.4439e+03  1.9038e+00
  1.3594e+00  2.5000e+02  1.4000e-01  2.2194e+07  5.1662e+00  -1.0087e+03  1.6498e+00
  1.3594e+00  2.5000e+02  1.6000e-01  3.2026e+08  4.1523e+00  -5.2831e+02  1.2214e+00
  1.3594e+00  2.5000e+02  1.8000e-01  1.5358e+10  3.2601e+00  -2.1945e+02  5.3160e-01
  1.3594e+00  2.5000e+02  2.0000e-01  6.4017e+11  1.9544e+00  -1.4249e+01  1.4662e-01
  1.3594e+00  2.5000e+02  2.2000e-01  1.1367e+12  1.6774e+00  -3.8046e+00  1.0737e-01
  1.3594e+00  2.5000e+02  2.4000e-01  1.3025e+12  1.6042e+00  -2.2233e+00  9.7807e-02
  1.3594e+00  2.5000e+02  2.6000e-01  2.0015e+12  1.5560e+00  -1.4686e+00  7.3470e-02
  1.3594e+00  2.5000e+02  2.8000e-01  2.0603e+12  1.5220e+00  -1.0707e+00  7.1522e-02
  1.3594e+00  2.5000e+02  3.0000e-01  2.3779e+12  1.5049e+00  -8.5454e-01  6.2871e-02
  1.3594e+00  2.5000e+02  3.2000e-01  3.6422e+12  1.4892e+00  -6.9661e-01  4.5417e-02
  1.3594e+00  2.5000e+02  3.4000e-01  3.7470e+12  1.4767e+00  -5.8850e-01  4.2354e-02
  1.3594e+00  2.5000e+02  3.6000e-01  2.3460e+12  1.4650e+00  -5.0681e-01  5.4862e-02
  1.3594e+00  2.5000e+02  3.8000e-01  2.2611e+12  1.4549e+00  -4.5946e-01  5.2147e-02
  1.3594e+00  2.5000e+02  4.0000e-01  2.0173e+12  1.4506e+00  -6.3802e-01  4.6425e-02
  1.3594e+00  2.5000e+02  4.2000e-01  1.4169e+12  1.4363e+00  -6.4792e-01  5.0337e-02
  1.3594e+00  2.5000e+02  4.4000e-01  1.0694e+12  1.4305e+00  -7.8923e-01  5.1010e-02
  1.3594e+00  2.5000e+02  4.6000e-01  4.9708e+11  1.4385e+00  -1.4585e+00  7.0072e-02
  1.3594e+00  2.5000e+02  4.8000e-01  5.0949e+11  1.2693e+00  -4.5101e-01  4.3540e-02
  1.3594e+00  2.5000e+02  5.0000e-01  8.2647e+08  1.2514e+00  -4.3554e-02  4.2039e-02
  1.3594e+00  2.5000e+02  5.2000e-01  4.0090e+07  1.3169e+00  -8.1166e-01  1.0144e-01
  1.3594e+00  2.5000e+02  5.4000e-01  1.1141e+06  1.3104e+00  5.5721e-01  1.1586e+00
  1.3594e+00  2.5000e+02  5.6000e-01  8.2455e+06  1.1670e+00  1.1129e+00  4.4748e-01
  1.3594e+00  2.5000e+02  5.8000e-01  1.3992e+07  1.1179e+00  1.5712e+00  3.4556e-01
  1.3594e+00  2.5000e+02  6.0000e-01  1.5652e+07  1.0997e+00  1.6830e+00  3.0700e-01
  1.3594e+00  3.0000e+02  1.0000e-02  2.0631e-01  1.3474e+01  -6.8092e+03  3.9686e+00
  1.3594e+00  3.0000e+02  2.0000e-02  3.4009e+02  1.2371e+01  -5.9837e+03  2.4591e+00
  1.3594e+00  3.0000e+02  4.0000e-02  1.1304e+01  1.1360e+01  -5.1953e+03  3.5951e+00
  1.3594e+00  3.0000e+02  6.0000e-02  4.2627e+00  1.0600e+01  -4.5875e+03  4.3301e+00
  1.3594e+00  3.0000e+02  8.0000e-02  3.9884e+02  9.9048e+00  -4.0610e+03  3.0663e+00
  1.3594e+00  3.0000e+02  1.0000e-01  5.1261e+02  9.2182e+00  -3.5568e+03  3.2940e+00
  1.3594e+00  3.0000e+02  1.2000e-01  6.5373e+03  7.5055e+00  -2.4408e+03  3.3899e+00
  1.3594e+00  3.0000e+02  1.4000e-01  6.5670e+05  6.2399e+00  -1.6692e+03  2.3490e+00
  1.3594e+00  3.0000e+02  1.6000e-01  4.6964e+05  5.9808e+00  -1.4820e+03  2.6240e+00
  1.3594e+00  3.0000e+02  1.8000e-01  2.7085e+07  5.4191e+00  -1.1496e+03  1.4662e+00
  1.3594e+00  3.0000e+02  2.0000e-01  3.7075e+08  4.8189e+00  -8.3259e+02  9.8199e-01
  1.3594e+00  3.0000e+02  2.2000e-01  1.5285e+09  4.2133e+00  -5.5622e+02  7.9359e-01
  1.3594e+00  3.0000e+02  2.4000e-01  1.1041e+10  3.4354e+00  -2.7810e+02  5.3990e-01
  1.3594e+00  3.0000e+02  2.6000e-01  1.3677e+10  2.8986e+00  -1.3984e+02  5.5779e-01
  1.3594e+00  3.0000e+02  2.8000e-01  4.6891e+10  3.0144e+00  -1.6835e+02  3.5103e-01
  1.3594e+00  3.0000e+02  3.0000e-01  6.4419e+11  1.7289e+00  -6.3866e+00  1.2193e-01
  1.3594e+00  3.0000e+02  3.2000e-01  5.2506e+11  1.6425e+00  -3.9485e+00  1.3249e-01
  1.3594e+00  3.0000e+02  3.4000e-01  4.8346e+11  1.5745e+00  -2.6667e+00  1.3513e-01
  1.3594e+00  3.0000e+02  3.6000e-01  9.1357e+11  1.5377e+00  -2.1122e+00  8.4089e-02
  1.3594e+00  3.0000e+02  3.8000e-01  7.5388e+11  1.5461e+00  -2.3324e+00  8.7614e-02
  1.3594e+00  3.0000e+02  4.0000e-01  4.0571e+11  1.5632e+00  -2.7697e+00  1.1845e-01
  1.3594e+00  3.0000e+02  4.2000e-01  3.8919e+11  1.5775e+00  -3.6178e+00  1.1288e-01
  1.3594e+00  3.0000e+02  4.4000e-01  9.7971e+07  4.2907e+00  -6.2816e+02  1.1486e+00
  1.3594e+00  3.0000e+02  4.6000e-01  2.2447e+08  5.0326e+00  -9.9318e+02  7.7271e-01
  1.3594e+00  3.0000e+02  4.8000e-01  6.2211e+11  1.2601e+00  -5.1128e-01  3.5230e-02
  1.3594e+00  3.0000e+02  5.0000e-01  8.8405e+08  1.1575e+00  3.5722e-02  3.8127e-02
  1.3594e+00  3.0000e+02  5.2000e-01  2.8403e+07  1.2677e+00  -6.0320e-01  9.9807e-02
  1.3594e+00  3.0000e+02  5.4000e-01  3.1641e+06  1.6934e+00  -2.0535e+00  2.2662e-01
  1.3594e+00  3.0000e+02  5.6000e-01  8.5847e+05  1.2835e+00  8.7277e-01  1.1447e+00
  1.3594e+00  3.0000e+02  5.8000e-01  2.0522e+06  1.2249e+00  1.0680e+00  7.0321e-01
  1.3594e+00  3.0000e+02  6.0000e-01  3.0549e+06  1.1990e+00  1.1205e+00  5.4797e-01
  1.8478e+00  3.3246e+00  1.0000e-02  9.8602e+11  1.3528e+00  1.2517e+00  1.3306e-01
  1.8478e+00  3.3246e+00  2.0000e-02  1.0610e+12  1.3532e+00  1.1162e+00  1.2604e-01
  1.8478e+00  3.3246e+00  4.0000e-02  1.2571e+12  1.3534e+00  9.5350e-01  1.1038e-01
  1.8478e+00  3.3246e+00  6.0000e-02  1.2921e+12  1.3570e+00  8.4351e-01  1.0819e-01
  1.8478e+00  3.3246e+00  8.0000e-02  1.6973e+12  1.3391e+00  7.4390e-01  8.5589e-02
  1.8478e+00  3.3246e+00  1.0000e-01  1.4618e+12  1.3581e+00  6.7389e-01  1.0292e-01
  1.8478e+00  3.3246e+00  1.2000e-01  1.3980e+12  1.3713e+00  5.7318e-01  1.0570e-01
  1.8478e+00  3.3246e+00  1.4000e-01  2.0514e+12  1.3495e+00  4.8705e-01  7.5361e-02
  1.8478e+00  3.3246e+00  1.6000e-01  3.4670e+12  1.3095e+00  4.2869e-01  4.9927e-02
  1.8478e+00  3.3246e+00  1.8000e-01  5.2055e+12  1.2787e+00  3.7034e-01  3.8649e-02
  1.8478e+00  3.3246e+00  2.0000e-01  7.1127e+12  1.2595e+00  3.0696e-01  3.2631e-02
  1.8478e+00  3.3246e+00  2.2000e-01  8.3780e+12  1.2578e+00  2.4283e-01  2.8930e-02
  1.8478e+00  3.3246e+00  2.4000e-01  8.1892e+12  1.2804e+00  1.7925e-01  2.7477e-02
  1.8478e+00  3.3246e+00  2.6000e-01  9.5631e+12  1.3190e+00  1.1726e-01  2.2761e-02
  1.8478e+00  3.3246e+00  2.8000e-01  3.1358e+12  1.3086e+00  1.1575e-01  5.9843e-02
  1.8478e+00  3.3246e+00  3.0000e-01  2.6006e+12  1.2977e+00  1.0143e-01  8.0453e-02
  1.8478e+00  3.3246e+00  3.2000e-01  3.0659e+12  1.3073e+00  5.6464e-02  7.5174e-02
  1.8478e+00  3.3246e+00  3.4000e-01  2.9443e+12  1.3164e+00  1.2378e-02  7.9888e-02
  1.8478e+00  3.3246e+00  3.6000e-01  4.8933e+11  1.2999e+00  2.0230e-01  3.2719e-01
  1.8478e+00  3.3246e+00  3.8000e-01  1.0946e+12  1.5990e+00  -3.3658e+00  1.2082e-01
  1.8478e+00  3.3246e+00  4.0000e-01  5.9887e+08  1.6013e+00  -7.5435e+00  1.0938e+01
  1.8478e+00  3.3246e+00  4.2000e-01  7.3482e+10  1.2924e+00  -2.9600e+01  7.0792e-01
  1.8478e+00  3.3246e+00  4.4000e-01  4.2221e+08  8.8499e-01  9.2542e+01  3.9094e+01
  1.8478e+00  3.3246e+00  4.6000e-01  1.3181e+07  8.3126e-01  -6.9926e+02  3.5171e+00
  1.8478e+00  3.3246e+00  4.8000e-01  3.1364e+10  6.6730e-01  -6.8481e+03  2.2525e+00
  1.8478e+00  3.3246e+00  5.0000e-01  2.6550e+11  9.0509e-01  1.8593e-01  1.3241e-01
  1.8478e+00  3.3246e+00  5.2000e-01  1.8560e+11  1.0349e+00  2.4503e-01  1.0723e-01
  1.8478e+00  3.3246e+00  5.4000e-01  4.5028e+10  1.3531e+00  1.8310e-01  1.6864e-01
  1.8478e+00  3.3246e+00  5.6000e-01  2.1839e+11  1.6774e+00  -1.8321e-01  4.5368e-02
  1.8478e+00  3.3246e+00  5.8000e-01  3.6669e+11  1.7597e+00  -3.5101e-01  3.5708e-02
  1.8478e+00  3.3246e+00  6.0000e-01  4.1790e+11  1.7383e+00  -3.0115e-01  3.3802e-02
  1.8478e+00  4.0616e+00  1.0000e-02  1.0845e+12  1.3554e+00  1.1598e+00  1.2270e-01
  1.8478e+00  4.0616e+00  2.0000e-02  1.1530e+12  1.3570e+00  9.9351e-01  1.1575e-01
  1.8478e+00  4.0616e+00  4.0000e-02  1.3578e+12  1.3622e+00  8.2330e-01  1.0081e-01
  1.8478e+00  4.0616e+00  6.0000e-02  1.3712e+12  1.3688e+00  7.1894e-01  1.0089e-01
  1.8478e+00  4.0616e+00  8.0000e-02  1.7697e+12  1.3583e+00  6.1982e-01  7.9101e-02
  1.8478e+00  4.0616e+00  1.0000e-01  1.6752e+12  1.3660e+00  5.6369e-01  8.8317e-02
  1.8478e+00  4.0616e+00  1.2000e-01  1.8140e+12  1.3725e+00  4.9135e-01  8.5087e-02
  1.8478e+00  4.0616e+00  1.4000e-01  2.2362e+12  1.3593e+00  4.2704e-01  7.1601e-02
  1.8478e+00  4.0616e+00  1.6000e-01  3.4199e+12  1.3259e+00  3.7526e-01  5.1264e-02
  1.8478e+00  4.0616e+00  1.8000e-01  5.1875e+12  1.2908e+00  3.2782e-01  3.8360e-02
  1.8478e+00  4.0616e+00  2.0000e-01  8.3120e+12  1.2577e+00  2.6651e-01  2.9263e-02
  1.8478e+00  4.0616e+00  2.2000e-01  9.2796e+12  1.2523e+00  2.1216e-01  2.7131e-02
  1.8478e+00  4.0616e+00  2.4000e-01  7.8930e+12  1.2913e+00  1.4586e-01  2.6067e-02
  1.8478e+00  4.0616e+00  2.6000e-01  3.3803e+12  1.3422e+00  1.0890e-01  4.4029e-02
  1.8478e+00  4.0616e+00  2.8000e-01  2.2188e+12  1.3177e+00  1.1109e-01  7.4910e-02
  1.8478e+00  4.0616e+00  3.0000e-01  2.6428e+12  1.3013e+00  8.7642e-02  7.8890e-02
  1.8478e+00  4.0616e+00  3.2000e-01  2.4531e+12  1.2954e+00  6.6999e-02  9.1089e-02
  1.8478e+00  4.0616e+00  3.4000e-01  2.0289e+12  1.3171e+00  2.7852e-02  1.0278e-01
  1.8478e+00  4.0616e+00  3.6000e-01  5.5349e+11  1.2936e+00  1.9428e-01  3.0239e-01
  1.8478e+00  4.0616e+00  3.8000e-01  1.0140e+12  1.6085e+00  -3.4847e+00  1.2639e-01
  1.8478e+00  4.0616e+00  4.0000e-01  9.0369e+10  1.6140e+00  -1.1114e+01  4.6668e-01
  1.8478e+00  4.0616e+00  4.2000e-01  8.9309e+08  1.1083e+00  9.5141e+01  4.3964e+01
  1.8478e+00  4.0616e+00  4.4000e-01  5.4522e+08  8.4296e-01  9.2836e+01  3.2213e+01
  1.8478e+00  4.0616e+00  4.6000e-01  1.2546e+07  1.1008e+00  -5.7111e+02  2.1236e+00
  1.8478e+00  4.0616e+00  4.8000e-01  3.4048e+10  6.8050e-01  -6.9600e+03  2.7294e+00
  1.8478e+00  4.0616e+00  5.0000e-01  2.7738e+11  9.1200e-01  1.4932e-01  1.2963e-01
  1.8478e+00  4.0616e+00  5.2000e-01  2.5456e+11  9.6160e-01  2.5034e-01  9.8672e-02
  1.8478e+00  4.0616e+00  5.4000e-01  1.5546e+11  1.1662e+00  2.0335e-01  1.2435e-01
  1.8478e+00  4.0616e+00  5.6000e-01  7.9613e+10  1.3789e+00  1.1418e-01  1.4735e-01
  1.8478e+00  4.0616e+00  5.8000e-01  2.6158e+11  1.6838e+00  -1.2348e-01  3.3989e-02
  1.8478e+00  4.0616e+00  6.0000e-01  2.6348e+11  1.7610e+00  -3.3574e-01  4.0436e-02
  1.8478e+00  4.9619e+00  1.0000e-02  1.1550e+12  1.3574e+00  1.1139e+00  1.1554e-01
  1.8478e+00  4.9619e+00  2.0000e-02  1.3298e+12  1.3620e+00  9.2054e-01  1.0274e-01
  1.8478e+00  4.9619e+00  4.0000e-02  1.6763e+12  1.3691e+00  7.3169e-01  8.4697e-02
  1.8478e+00  4.9619e+00  6.0000e-02  1.6340e+12  1.3730e+00  6.3755e-01  8.7879e-02
  1.8478e+00  4.9619e+00  8.0000e-02  2.0205e+12  1.3699e+00  5.4379e-01  7.0576e-02
  1.8478e+00  4.9619e+00  1.0000e-01  2.1841e+12  1.3661e+00  4.9120e-01  6.7667e-02
  1.8478e+00  4.9619e+00  1.2000e-01  2.3013e+12  1.3634e+00  4.4681e-01  6.6671e-02
  1.8478e+00  4.9619e+00  1.4000e-01  2.5559e+12  1.3547e+00  4.0140e-01  6.1948e-02
  1.8478e+00  4.9619e+00  1.6000e-01  3.1791e+12  1.3358e+00  3.5342e-01  5.2613e-02
  1.8478e+00  4.9619e+00  1.8000e-01  4.4076e+12  1.3027e+00  3.0768e-01  4.1496e-02
  1.8478e+00  4.9619e+00  2.0000e-01  5.9733e+12  1.2682e+00  2.6022e-01  3.5151e-02
  1.8478e+00  4.9619e+00  2.2000e-01  6.9061e+12  1.2441e+00  2.0625e-01  3.4156e-02
  1.8478e+00  4.9619e+00  2.4000e-01  4.2343e+12  1.3397e+00  1.1966e-01  3.0937e-02
  1.8478e+00  4.9619e+00  2.6000e-01  1.4174e+12  1.3573e+00  1.2012e-01  7.7591e-02
  1.8478e+00  4.9619e+00  2.8000e-01  2.0938e+12  1.3241e+00  9.8856e-02  7.8052e-02
  1.8478e+00  4.9619e+00  3.0000e-01  3.0552e+12  1.3081e+00  7.0611e-02  7.0472e-02
  1.8478e+00  4.9619e+00  3.2000e-01  2.2172e+12  1.2999e+00  6.8591e-02  9.5712e-02
  1.8478e+00  4.9619e+00  3.4000e-01  1.2585e+12  1.3185e+00  6.5532e-02  1.4065e-01
  1.8478e+00  4.9619e+00  3.6000e-01  5.8040e+11  1.2958e+00  1.7949e-01  2.8876e-01
  1.8478e+00  4.9619e+00  3.8000e-01  1.2832e+12  1.5902e+00  -3.2817e+00  1.1285e-01
  1.8478e+00  4.9619e+00  4.0000e-01  1.1923e+11  1.6090e+00  -1.0733e+01  3.8748e-01
  1.8478e+00  4.9619e+00  4.2000e-01  1.0924e+09  1.0919e+00  9.6013e+01  4.0848e+01
  1.8478e+00  4.9619e+00  4.4000e-01  7.2798e+08  7.8829e-01  9.1344e+01  2.5671e+01
  1.8478e+00  4.9619e+00  4.6000e-01  2.9035e+07  1.1654e+00  -5.5302e+02  2.2772e+00
  1.8478e+00  4.9619e+00  4.8000e-01  5.1871e+10  6.3749e-01  -5.1984e+03  1.3460e+00
  1.8478e+00  4.9619e+00  5.0000e-01  3.0131e+11  9.1815e-01  1.1395e-01  1.2060e-01
  1.8478e+00  4.9619e+00  5.2000e-01  2.6987e+11  9.1193e-01  2.9698e-01  9.8796e-02
  1.8478e+00  4.9619e+00  5.4000e-01  2.1220e+11  1.0498e+00  2.1837e-01  1.0705e-01
  1.8478e+00  4.9619e+00  5.6000e-01  1.4572e+11  1.1995e+00  1.8943e-01  1.2982e-01
  1.8478e+00  4.9619e+00  5.8000e-01  9.9814e+10  1.3567e+00  1.1202e-01  1.4041e-01
  1.8478e+00  4.9619e+00  6.0000e-01  4.9494e+11  1.5131e+00  -2.2541e-02  3.6101e-02
  1.8478e+00  6.0619e+00  1.0000e-02  1.2847e+12  1.3590e+00  1.0905e+00  1.0471e-01
  1.8478e+00  6.0619e+00  2.0000e-02  1.3624e+12  1.3616e+00  8.8724e-01  9.9156e-02
  1.8478e+00  6.0619e+00  4.0000e-02  1.7303e+12  1.3718e+00  6.8948e-01  8.1234e-02
  1.8478e+00  6.0619e+00  6.0000e-02  1.8337e+12  1.3769e+00  5.9634e-01  7.9396e-02
  1.8478e+00  6.0619e+00  8.0000e-02  1.9974e+12  1.3753e+00  5.2196e-01  7.1141e-02
  1.8478e+00  6.0619e+00  1.0000e-01  2.1788e+12  1.3701e+00  4.7506e-01  6.5225e-02
  1.8478e+00  6.0619e+00  1.2000e-01  2.2468e+12  1.3660e+00  4.3533e-01  6.4663e-02
  1.8478e+00  6.0619e+00  1.4000e-01  2.3053e+12  1.3592e+00  3.9516e-01  6.4483e-02
  1.8478e+00  6.0619e+00  1.6000e-01  2.6320e+12  1.3429e+00  3.4884e-01  5.8141e-02
  1.8478e+00  6.0619e+00  1.8000e-01  3.7494e+12  1.3071e+00  2.9944e-01  4.5206e-02
  1.8478e+00  6.0619e+00  2.0000e-01  5.4741e+12  1.2684e+00  2.4771e-01  3.7081e-02
  1.8478e+00  6.0619e+00  2.2000e-01  6.2231e+12  1.2348e+00  2.0123e-01  3.7453e-02
  1.8478e+00  6.0619e+00  2.4000e-01  3.3662e+12  1.3334e+00  1.1951e-01  3.9230e-02
  1.8478e+00  6.0619e+00  2.6000e-01  1.5007e+12  1.3498e+00  1.1426e-01  8.1141e-02
  1.8478e+00  6.0619e+00  2.8000e-01  2.4890e+12  1.3251e+00  8.3091e-02  7.1770e-02
  1.8478e+00  6.0619e+00  3.0000e-01  3.5295e+12  1.3156e+00  5.8927e-02  6.2129e-02
  1.8478e+00  6.0619e+00  3.2000e-01  2.0142e+12  1.3003e+00  8.0275e-02  1.0072e-01
  1.8478e+00  6.0619e+00  3.4000e-01  1.2164e+12  1.3116e+00  8.0327e-02  1.4541e-01
  1.8478e+00  6.0619e+00  3.6000e-01  6.1348e+11  1.2835e+00  2.0584e-01  2.8987e-01
  1.8478e+00  6.0619e+00  3.8000e-01  1.5302e+12  1.5648e+00  -3.0122e+00  1.0514e-01
  1.8478e+00  6.0619e+00  4.0000e-01  4.5444e+08  1.5776e+00  -3.7681e+00  1.3001e+01
  1.8478e+00  6.0619e+00  4.2000e-01  1.2817e+11  1.2571e+00  -2.5344e+01  5.0731e-01
  1.8478e+00  6.0619e+00  4.4000e-01  9.5372e+08  7.1591e-01  8.1698e+01  2.0258e+01
  1.8478e+00  6.0619e+00  4.6000e-01  1.2871e+08  1.1439e+00  -5.4766e+02  9.0331e-01
  1.8478e+00  6.0619e+00  4.8000e-01  5.3204e+10  5.9648e-01  -3.5912e+03  1.0152e+00
  1.8478e+00  6.0619e+00  5.0000e-01  4.1940e+11  9.2374e-01  5.2188e-02  8.3659e-02
  1.8478e+00  6.0619e+00  5.2000e-01  2.7243e+11  8.7219e-01  3.6490e-01  9.2815e-02
  1.8478e+00  6.0619e+00  5.4000e-01  2.2978e+11  9.8738e-01  2.4015e-01  1.0368e-01
  1.8478e+00  6.0619e+00  5.6000e-01  1.9268e+11  1.1051e+00  2.0153e-01  1.1370e-01
  1.8478e+00  6.0619e+00  5.8000e-01  1.5302e+11  1.2225e+00  1.6292e-01  1.2640e-01
  1.8478e+00  6.0619e+00  6.0000e-01  1.1195e+11  1.3171e+00  1.2819e-01  1.3786e-01
  1.8478e+00  7.4057e+00  1.0000e-02  1.1997e+12  1.3609e+00  1.0987e+00  1.0748e-01
  1.8478e+00  7.4057e+00  2.0000e-02  1.4671e+12  1.3679e+00  8.6914e-01  9.1703e-02
  1.8478e+00  7.4057e+00  4.0000e-02  1.7179e+12  1.3729e+00  6.7323e-01  8.0338e-02
  1.8478e+00  7.4057e+00  6.0000e-02  1.8063e+12  1.3749e+00  5.9195e-01  7.8079e-02
  1.8478e+00  7.4057e+00  8.0000e-02  1.8248e+12  1.3771e+00  5.3361e-01  7.7338e-02
  1.8478e+00  7.4057e+00  1.0000e-01  1.8955e+12  1.3741e+00  4.8622e-01  7.3358e-02
  1.8478e+00  7.4057e+00  1.2000e-01  1.9293e+12  1.3705e+00  4.4750e-01  7.2942e-02
  1.8478e+00  7.4057e+00  1.4000e-01  2.0322e+12  1.3647e+00  4.0048e-01  7.1398e-02
  1.8478e+00  7.4057e+00  1.6000e-01  2.6350e+12  1.3431e+00  3.4202e-01  5.8586e-02
  1.8478e+00  7.4057e+00  1.8000e-01  4.2781e+12  1.2989e+00  2.8822e-01  4.2251e-02
  1.8478e+00  7.4057e+00  2.0000e-01  6.1914e+12  1.2635e+00  2.3572e-01  3.5340e-02
  1.8478e+00  7.4057e+00  2.2000e-01  7.0711e+12  1.2439e+00  1.8423e-01  3.5427e-02
  1.8478e+00  7.4057e+00  2.4000e-01  4.4649e+12  1.2871e+00  1.2825e-01  4.2572e-02
  1.8478e+00  7.4057e+00  2.6000e-01  1.6479e+12  1.3387e+00  1.1238e-01  8.3046e-02
  1.8478e+00  7.4057e+00  2.8000e-01  2.9938e+12  1.3282e+00  7.0171e-02  6.3630e-02
  1.8478e+00  7.4057e+00  3.0000e-01  3.6465e+12  1.3215e+00  5.5157e-02  5.9013e-02
  1.8478e+00  7.4057e+00  3.2000e-01  1.8793e+12  1.3016e+00  8.5213e-02  1.0397e-01
  1.8478e+00  7.4057e+00  3.4000e-01  1.3055e+12  1.3090e+00  7.8923e-02  1.3852e-01
  1.8478e+00  7.4057e+00  3.6000e-01  6.4702e+11  1.2683e+00  2.4308e-01  2.9607e-01
  1.8478e+00  7.4057e+00  3.8000e-01  1.5016e+12  1.5280e+00  -2.6106e+00  1.1205e-01
  1.8478e+00  7.4057e+00  4.0000e-01  4.0281e+08  1.5652e+00  -1.5785e+00  1.3977e+01
  1.8478e+00  7.4057e+00  4.2000e-01  1.7580e+11  1.2293e+00  -2.3540e+01  4.1949e-01
  1.8478e+00  7.4057e+00  4.4000e-01  8.6922e+08  6.3538e-01  4.9077e+01  2.0239e+01
  1.8478e+00  7.4057e+00  4.6000e-01  6.1149e+07  1.0932e+00  -5.2833e+02  2.0607e+00
  1.8478e+00  7.4057e+00  4.8000e-01  3.2216e+10  5.7591e-01  -2.4815e+03  1.6910e+00
  1.8478e+00  7.4057e+00  5.0000e-01  1.1110e+12  9.2384e-01  7.0245e-04  2.9018e-02
  1.8478e+00  7.4057e+00  5.2000e-01  2.6893e+11  8.5716e-01  4.2215e-01  8.4752e-02
  1.8478e+00  7.4057e+00  5.4000e-01  2.0100e+11  9.2561e-01  3.1129e-01  1.0995e-01
  1.8478e+00  7.4057e+00  5.6000e-01  1.9156e+11  1.0146e+00  2.2967e-01  1.0895e-01
  1.8478e+00  7.4057e+00  5.8000e-01  1.7245e+11  1.1038e+00  1.9705e-01  1.1450e-01
  1.8478e+00  7.4057e+00  6.0000e-01  1.4785e+11  1.1955e+00  1.6814e-01  1.2382e-01
  1.8478e+00  9.0474e+00  1.0000e-02  1.0656e+12  1.3607e+00  1.2041e+00  1.2168e-01
  1.8478e+00  9.0474e+00  2.0000e-02  1.3345e+12  1.3675e+00  9.3147e-01  1.0068e-01
  1.8478e+00  9.0474e+00  4.0000e-02  1.5395e+12  1.3729e+00  7.4063e-01  8.9695e-02
  1.8478e+00  9.0474e+00  6.0000e-02  1.6225e+12  1.3732e+00  6.4878e-01  8.5189e-02
  1.8478e+00  9.0474e+00  8.0000e-02  1.6623e+12  1.3739e+00  5.8529e-01  8.4357e-02
  1.8478e+00  9.0474e+00  1.0000e-01  1.7500e+12  1.3735e+00  5.2337e-01  8.1168e-02
  1.8478e+00  9.0474e+00  1.2000e-01  1.8929e+12  1.3708e+00  4.6263e-01  7.8068e-02
  1.8478e+00  9.0474e+00  1.4000e-01  2.2171e+12  1.3597e+00  3.9767e-01  7.0273e-02
  1.8478e+00  9.0474e+00  1.6000e-01  3.2377e+12  1.3281e+00  3.3655e-01  5.3068e-02
  1.8478e+00  9.0474e+00  1.8000e-01  5.1846e+12  1.2865e+00  2.8276e-01  3.8742e-02
  1.8478e+00  9.0474e+00  2.0000e-01  6.9157e+12  1.2620e+00  2.2976e-01  3.3877e-02
  1.8478e+00  9.0474e+00  2.2000e-01  7.6201e+12  1.2531e+00  1.7763e-01  3.4288e-02
  1.8478e+00  9.0474e+00  2.4000e-01  5.5880e+12  1.2710e+00  1.2800e-01  4.1634e-02
  1.8478e+00  9.0474e+00  2.6000e-01  1.6812e+12  1.3333e+00  1.1216e-01  8.5214e-02
  1.8478e+00  9.0474e+00  2.8000e-01  3.1733e+12  1.3312e+00  6.5775e-02  6.0396e-02
  1.8478e+00  9.0474e+00  3.0000e-01  3.5240e+12  1.3248e+00  5.5048e-02  5.9198e-02
  1.8478e+00  9.0474e+00  3.2000e-01  1.8779e+12  1.3011e+00  8.7023e-02  1.0338e-01
  1.8478e+00  9.0474e+00  3.4000e-01  1.4046e+12  1.3054e+00  7.7666e-02  1.3298e-01
  1.8478e+00  9.0474e+00  3.6000e-01  6.8687e+11  1.2505e+00  2.9152e-01  3.0501e-01
  1.8478e+00  9.0474e+00  3.8000e-01  1.1796e+12  1.4855e+00  -2.1264e+00  1.3884e-01
  1.8478e+00  9.0474e+00  4.0000e-01  3.5289e+08  1.5515e+00  1.1498e+00  1.5130e+01
  1.8478e+00  9.0474e+00  4.2000e-01  3.1088e+09  9.8987e-01  9.3298e+01  2.9878e+01
  1.8478e+00  9.0474e+00  4.4000e-01  4.1363e+09  6.5257e-01  -2.5933e+01  6.1108e-01
  1.8478e+00  9.0474e+00  4.6000e-01  9.6240e+07  1.0262e+00  -5.0344e+02  1.4931e+00
  1.8478e+00  9.0474e+00  4.8000e-01  2.2982e+10  5.8040e-01  -1.8385e+03  1.8895e+00
  1.8478e+00  9.0474e+00  5.0000e-01  1.5213e+12  9.2082e-01  -5.2381e-02  2.0463e-02
  1.8478e+00  9.0474e+00  5.2000e-01  2.5392e+11  8.6059e-01  4.6325e-01  7.9091e-02
  1.8478e+00  9.0474e+00  5.4000e-01  1.9099e+11  8.9119e-01  3.8300e-01  1.0228e-01
  1.8478e+00  9.0474e+00  5.6000e-01  1.5738e+11  9.5056e-01  3.0521e-01  1.1913e-01
  1.8478e+00  9.0474e+00  5.8000e-01  1.5368e+11  1.0180e+00  2.3624e-01  1.1563e-01
  1.8478e+00  9.0474e+00  6.0000e-01  1.4336e+11  1.0856e+00  2.0151e-01  1.1792e-01
  1.8478e+00  1.1053e+01  1.0000e-02  7.9084e+11  1.3557e+00  1.6045e+00  1.5373e-01
  1.8478e+00  1.1053e+01  2.0000e-02  1.0131e+12  1.3657e+00  1.1746e+00  1.2857e-01
  1.8478e+00  1.1053e+01  4.0000e-02  1.2293e+12  1.3707e+00  8.9990e-01  1.1071e-01
  1.8478e+00  1.1053e+01  6.0000e-02  1.3998e+12  1.3739e+00  7.4741e-01  1.0001e-01
  1.8478e+00  1.1053e+01  8.0000e-02  1.5477e+12  1.3759e+00  6.3534e-01  9.2318e-02
  1.8478e+00  1.1053e+01  1.0000e-01  1.7155e+12  1.3735e+00  5.4941e-01  8.5291e-02
  1.8478e+00  1.1053e+01  1.2000e-01  1.9227e+12  1.3681e+00  4.7431e-01  7.9807e-02
  1.8478e+00  1.1053e+01  1.4000e-01  2.4273e+12  1.3521e+00  4.0088e-01  6.7972e-02
  1.8478e+00  1.1053e+01  1.6000e-01  3.6794e+12  1.3181e+00  3.3805e-01  5.0066e-02
  1.8478e+00  1.1053e+01  1.8000e-01  5.6142e+12  1.2815e+00  2.8315e-01  3.7597e-02
  1.8478e+00  1.1053e+01  2.0000e-01  7.1479e+12  1.2624e+00  2.2949e-01  3.3551e-02
  1.8478e+00  1.1053e+01  2.2000e-01  7.6640e+12  1.2563e+00  1.7865e-01  3.4302e-02
  1.8478e+00  1.1053e+01  2.4000e-01  5.9019e+12  1.2653e+00  1.3037e-01  4.1577e-02
  1.8478e+00  1.1053e+01  2.6000e-01  1.5669e+12  1.3345e+00  1.1471e-01  8.8245e-02
  1.8478e+00  1.1053e+01  2.8000e-01  2.8228e+12  1.3340e+00  6.8600e-02  6.4042e-02
  1.8478e+00  1.1053e+01  3.0000e-01  3.2836e+12  1.3249e+00  5.7592e-02  6.1497e-02
  1.8478e+00  1.1053e+01  3.2000e-01  1.9449e+12  1.2998e+00  8.7192e-02  1.0061e-01
  1.8478e+00  1.1053e+01  3.4000e-01  1.4715e+12  1.2952e+00  8.7079e-02  1.3367e-01
  1.8478e+00  1.1053e+01  3.6000e-01  7.4653e+11  1.2304e+00  3.4695e-01  3.1202e-01
  1.8478e+00  1.1053e+01  3.8000e-01  1.3159e+12  1.4413e+00  -1.6235e+00  1.3464e-01
  1.8478e+00  1.1053e+01  4.0000e-01  3.1375e+08  1.5400e+00  3.5620e+00  1.6367e+01
  1.8478e+00  1.1053e+01  4.2000e-01  4.9384e+09  9.1974e-01  8.0339e+01  3.0497e+01
  1.8478e+00  1.1053e+01  4.4000e-01  5.1346e+09  7.4184e-01  -9.0351e+01  2.2444e-01
  1.8478e+00  1.1053e+01  4.6000e-01  3.0902e+08  9.4887e-01  -4.7497e+02  4.6564e-01
  1.8478e+00  1.1053e+01  4.8000e-01  1.8254e+10  6.1313e-01  -1.4493e+03  1.4516e+00
  1.8478e+00  1.1053e+01  5.0000e-01  1.1647e+12  9.1842e-01  -1.6284e-01  2.7206e-02
  1.8478e+00  1.1053e+01  5.2000e-01  2.1035e+11  8.8032e-01  4.7351e-01  8.2108e-02
  1.8478e+00  1.1053e+01  5.4000e-01  1.6778e+11  8.8245e-01  4.6042e-01  9.7925e-02
  1.8478e+00  1.1053e+01  5.6000e-01  1.3654e+11  9.1611e-01  3.9204e-01  1.1623e-01
  1.8478e+00  1.1053e+01  5.8000e-01  1.2030e+11  9.6244e-01  3.2135e-01  1.2566e-01
  1.8478e+00  1.1053e+01  6.0000e-01  1.1258e+11  1.0131e+00  2.6095e-01  1.2731e-01
  1.8478e+00  1.3503e+01  1.0000e-02  5.2275e+11  1.3576e+00  2.3268e+00  1.9389e-01
  1.8478e+00  1.3503e+01  2.0000e-02  7.5622e+11  1.3609e+00  1.5957e+00  1.5247e-01
  1.8478e+00  1.3503e+01  4.0000e-02  9.9246e+11  1.3682e+00  1.1066e+00  1.2843e-01
  1.8478e+00  1.3503e+01  6.0000e-02  1.1992e+12  1.3734e+00  8.5819e-01  1.1246e-01
  1.8478e+00  1.3503e+01  8.0000e-02  1.3673e+12  1.3761e+00  6.9860e-01  1.0176e-01
  1.8478e+00  1.3503e+01  1.0000e-01  1.5666e+12  1.3739e+00  5.8782e-01  9.1709e-02
  1.8478e+00  1.3503e+01  1.2000e-01  1.7957e+12  1.3689e+00  4.9825e-01  8.4454e-02
  1.8478e+00  1.3503e+01  1.4000e-01  2.2864e+12  1.3537e+00  4.1589e-01  7.1562e-02
  1.8478e+00  1.3503e+01  1.6000e-01  3.4424e+12  1.3215e+00  3.4772e-01  5.2983e-02
  1.8478e+00  1.3503e+01  1.8000e-01  5.2516e+12  1.2850e+00  2.9077e-01  3.9521e-02
  1.8478e+00  1.3503e+01  2.0000e-01  6.7558e+12  1.2638e+00  2.3661e-01  3.4684e-02
  1.8478e+00  1.3503e+01  2.2000e-01  7.2626e+12  1.2545e+00  1.8608e-01  3.5322e-02
  1.8478e+00  1.3503e+01  2.4000e-01  5.6465e+12  1.2558e+00  1.3978e-01  4.3083e-02
  1.8478e+00  1.3503e+01  2.6000e-01  1.3371e+12  1.3392e+00  1.2298e-01  9.3028e-02
  1.8478e+00  1.3503e+01  2.8000e-01  2.2760e+12  1.3386e+00  7.5207e-02  7.1236e-02
  1.8478e+00  1.3503e+01  3.0000e-01  2.8891e+12  1.3235e+00  6.2945e-02  6.6585e-02
  1.8478e+00  1.3503e+01  3.2000e-01  2.0289e+12  1.2968e+00  8.7873e-02  9.7839e-02
  1.8478e+00  1.3503e+01  3.4000e-01  1.4891e+12  1.2778e+00  1.0972e-01  1.4126e-01
  1.8478e+00  1.3503e+01  3.6000e-01  8.2852e+11  1.2083e+00  4.0837e-01  3.1732e-01
  1.8478e+00  1.3503e+01  3.8000e-01  8.9414e+11  1.3943e+00  -1.1544e+00  1.8498e-01
  1.8478e+00  1.3503e+01  4.0000e-01  3.0264e+08  1.5273e+00  4.3606e+00  1.8108e+01
  1.8478e+00  1.3503e+01  4.2000e-01  3.6597e+09  8.7928e-01  4.0110e+01  4.9074e+01
  1.8478e+00  1.3503e+01  4.4000e-01  7.8981e+09  8.1582e-01  -1.5624e+02  9.1840e-02
  1.8478e+00  1.3503e+01  4.6000e-01  9.0048e+07  8.7522e-01  -4.5345e+02  1.7563e+00
  1.8478e+00  1.3503e+01  4.8000e-01  9.6723e+09  6.5706e-01  -1.0739e+03  1.6996e+00
  1.8478e+00  1.3503e+01  5.0000e-01  8.6226e+11  9.2579e-01  -4.6128e-01  3.7685e-02
  1.8478e+00  1.3503e+01  5.2000e-01  1.6506e+11  8.9800e-01  4.9570e-01  8.6630e-02
  1.8478e+00  1.3503e+01  5.4000e-01  1.3481e+11  8.9269e-01  5.2137e-01  9.7325e-02
  1.8478e+00  1.3503e+01  5.6000e-01  1.1159e+11  9.0442e-01  5.1069e-01  1.1199e-01
  1.8478e+00  1.3503e+01  5.8000e-01  9.4070e+10  9.3373e-01  4.4029e-01  1.2588e-01
  1.8478e+00  1.3503e+01  6.0000e-01  8.3083e+10  9.6755e-01  3.7754e-01  1.3477e-01
  1.8478e+00  1.6496e+01  1.0000e-02  2.3723e+11  1.3852e+00  3.9284e+00  3.1811e-01
  1.8478e+00  1.6496e+01  2.0000e-02  4.7246e+11  1.3705e+00  2.2952e+00  2.0052e-01
  1.8478e+00  1.6496e+01  4.0000e-02  7.7937e+11  1.3678e+00  1.4070e+00  1.4592e-01
  1.8478e+00  1.6496e+01  6.0000e-02  9.7668e+11  1.3701e+00  1.0295e+00  1.2770e-01
  1.8478e+00  1.6496e+01  8.0000e-02  1.1496e+12  1.3751e+00  7.9462e-01  1.1488e-01
  1.8478e+00  1.6496e+01  1.0000e-01  1.3576e+12  1.3745e+00  6.4756e-01  1.0137e-01
  1.8478e+00  1.6496e+01  1.2000e-01  1.5294e+12  1.3731e+00  5.3960e-01  9.4786e-02
  1.8478e+00  1.6496e+01  1.4000e-01  1.8526e+12  1.3643e+00  4.4275e-01  8.3068e-02
  1.8478e+00  1.6496e+01  1.6000e-01  2.6776e+12  1.3370e+00  3.6538e-01  6.2831e-02
  1.8478e+00  1.6496e+01  1.8000e-01  4.1709e+12  1.2985e+00  3.0626e-01  4.5653e-02
  1.8478e+00  1.6496e+01  2.0000e-01  5.6985e+12  1.2690e+00  2.5211e-01  3.8118e-02
  1.8478e+00  1.6496e+01  2.2000e-01  6.4134e+12  1.2505e+00  2.0140e-01  3.7603e-02
  1.8478e+00  1.6496e+01  2.4000e-01  5.0337e+12  1.2387e+00  1.6098e-01  4.5834e-02
  1.8478e+00  1.6496e+01  2.6000e-01  1.0091e+12  1.3525e+00  1.3500e-01  9.9829e-02
  1.8478e+00  1.6496e+01  2.8000e-01  1.6678e+12  1.3462e+00  8.5580e-02  8.2272e-02
  1.8478e+00  1.6496e+01  3.0000e-01  2.4714e+12  1.3225e+00  6.9463e-02  7.2788e-02
  1.8478e+00  1.6496e+01  3.2000e-01  2.1014e+12  1.2911e+00  8.9828e-02  9.6191e-02
  1.8478e+00  1.6496e+01  3.4000e-01  1.5830e+12  1.2608e+00  1.2994e-01  1.4254e-01
  1.8478e+00  1.6496e+01  3.6000e-01  9.4617e+11  1.1833e+00  4.7393e-01  3.1873e-01
  1.8478e+00  1.6496e+01  3.8000e-01  6.6673e+10  1.3135e+00  1.4154e-01  1.4940e+00
  1.8478e+00  1.6496e+01  4.0000e-01  1.4305e+11  1.5488e+00  -1.3849e+01  3.8715e-01
  1.8478e+00  1.6496e+01  4.2000e-01  1.1734e+09  9.1462e-01  3.7915e+01  7.2134e+01
  1.8478e+00  1.6496e+01  4.4000e-01  4.1476e+08  8.4564e-01  -2.2145e+02  2.3120e+00
  1.8478e+00  1.6496e+01  4.6000e-01  1.4822e+08  8.3343e-01  -4.5124e+02  8.9778e-01
  1.8478e+00  1.6496e+01  4.8000e-01  2.9772e+09  7.5556e-01  -7.1973e+02  2.2076e+00
  1.8478e+00  1.6496e+01  5.0000e-01  4.7935e+11  9.5137e-01  -1.3358e+00  7.1014e-02
  1.8478e+00  1.6496e+01  5.2000e-01  1.1778e+11  9.2236e-01  5.0452e-01  9.2893e-02
  1.8478e+00  1.6496e+01  5.4000e-01  9.0800e+10  9.1816e-01  5.7139e-01  1.0521e-01
  1.8478e+00  1.6496e+01  5.6000e-01  7.8132e+10  9.2230e-01  5.8640e-01  1.1165e-01
  1.8478e+00  1.6496e+01  5.8000e-01  6.6898e+10  9.3147e-01  5.8943e-01  1.2215e-01
  1.8478e+00  1.6496e+01  6.0000e-01  5.6024e+10  9.5032e-01  5.6025e-01  1.3559e-01
  1.8478e+00  2.0153e+01  1.0000e-02  4.3637e+09  1.7240e+00  6.3120e+00  2.9509e+00
  1.8478e+00  2.0153e+01  2.0000e-02  1.8479e+11  1.4207e+00  3.5874e+00  3.5971e-01
  1.8478e+00  2.0153e+01  4.0000e-02  5.3924e+11  1.3803e+00  1.8214e+00  1.7948e-01
  1.8478e+00  2.0153e+01  6.0000e-02  8.0581e+11  1.3739e+00  1.2624e+00  1.3978e-01
  1.8478e+00  2.0153e+01  8.0000e-02  9.6404e+11  1.3756e+00  9.6648e-01  1.2704e-01
  1.8478e+00  2.0153e+01  1.0000e-01  1.1295e+12  1.3753e+00  7.5966e-01  1.1410e-01
  1.8478e+00  2.0153e+01  1.2000e-01  1.2625e+12  1.3751e+00  6.2021e-01  1.0743e-01
  1.8478e+00  2.0153e+01  1.4000e-01  1.3636e+12  1.3772e+00  4.9799e-01  1.0317e-01
  1.8478e+00  2.0153e+01  1.6000e-01  1.7557e+12  1.3626e+00  3.9694e-01  8.3284e-02
  1.8478e+00  2.0153e+01  1.8000e-01  2.6992e+12  1.3260e+00  3.3031e-01  5.9583e-02
  1.8478e+00  2.0153e+01  2.0000e-01  4.0015e+12  1.2864e+00  2.7681e-01  4.6269e-02
  1.8478e+00  2.0153e+01  2.2000e-01  4.8844e+12  1.2541e+00  2.2697e-01  4.2874e-02
  1.8478e+00  2.0153e+01  2.4000e-01  4.8880e+12  1.2046e+00  2.0093e-01  4.5732e-02
  1.8478e+00  2.0153e+01  2.6000e-01  5.8215e+11  1.3805e+00  1.5975e-01  1.1515e-01
  1.8478e+00  2.0153e+01  2.8000e-01  1.1756e+12  1.3637e+00  9.2636e-02  9.2069e-02
  1.8478e+00  2.0153e+01  3.0000e-01  2.2987e+12  1.3292e+00  6.8459e-02  7.1605e-02
  1.8478e+00  2.0153e+01  3.2000e-01  2.1844e+12  1.2869e+00  9.1303e-02  9.1273e-02
  1.8478e+00  2.0153e+01  3.4000e-01  1.7531e+12  1.2522e+00  1.3901e-01  1.2842e-01
  1.8478e+00  2.0153e+01  3.6000e-01  1.0634e+12  1.1643e+00  4.6461e-01  3.0699e-01
  1.8478e+00  2.0153e+01  3.8000e-01  1.3012e+11  1.2027e+00  1.1591e+00  1.5227e+00
  1.8478e+00  2.0153e+01  4.0000e-01  2.8443e+11  1.4909e+00  -2.4010e+01  3.5443e-01
  1.8478e+00  2.0153e+01  4.2000e-01  1.5362e+08  1.0204e+00  9.4063e+01  1.0625e+02
  1.8478e+00  2.0153e+01  4.4000e-01  5.8183e+08  8.4896e-01  -2.9722e+02  1.1469e+00
  1.8478e+00  2.0153e+01  4.6000e-01  4.2594e+07  8.0868e-01  -4.5196e+02  3.5604e+00
  1.8478e+00  2.0153e+01  4.8000e-01  6.9436e+08  9.7093e-01  -5.1528e+02  1.4275e+00
  1.8478e+00  2.0153e+01  5.0000e-01  2.5939e+11  1.0262e+00  -5.0016e+00  1.2981e-01
  1.8478e+00  2.0153e+01  5.2000e-01  7.5808e+10  9.4607e-01  5.2066e-01  1.0164e-01
  1.8478e+00  2.0153e+01  5.4000e-01  5.5261e+10  9.4759e-01  6.1354e-01  1.1243e-01
  1.8478e+00  2.0153e+01  5.6000e-01  4.6917e+10  9.4916e-01  6.4948e-01  1.1753e-01
  1.8478e+00  2.0153e+01  5.8000e-01  4.0202e+10  9.5385e-01  6.6681e-01  1.2347e-01
  1.8478e+00  2.0153e+01  6.0000e-01  3.4867e+10  9.6153e-01  6.6829e-01  1.2873e-01
  1.8478e+00  2.4621e+01  1.0000e-02  2.4965e+09  1.7724e+00  4.1161e+00  7.1930e+00
  1.8478e+00  2.4621e+01  2.0000e-02  5.9684e+09  1.7260e+00  4.5385e+00  2.2262e+00
  1.8478e+00  2.4621e+01  4.0000e-02  2.8811e+11  1.4121e+00  2.5215e+00  2.6631e-01
  1.8478e+00  2.4621e+01  6.0000e-02  5.6858e+11  1.3879e+00  1.5780e+00  1.6961e-01
  1.8478e+00  2.4621e+01  8.0000e-02  7.9368e+11  1.3798e+00  1.1609e+00  1.3989e-01
  1.8478e+00  2.4621e+01  1.0000e-01  9.6128e+11  1.3788e+00  8.9846e-01  1.2461e-01
  1.8478e+00  2.4621e+01  1.2000e-01  1.1294e+12  1.3769e+00  7.2594e-01  1.1286e-01
  1.8478e+00  2.4621e+01  1.4000e-01  1.2203e+12  1.3787e+00  5.9861e-01  1.0980e-01
  1.8478e+00  2.4621e+01  1.6000e-01  1.3332e+12  1.3793e+00  4.8210e-01  1.0380e-01
  1.8478e+00  2.4621e+01  1.8000e-01  1.6846e+12  1.3653e+00  3.8694e-01  8.5070e-02
  1.8478e+00  2.4621e+01  2.0000e-01  2.4396e+12  1.3329e+00  3.2216e-01  6.3248e-02
  1.8478e+00  2.4621e+01  2.2000e-01  3.4859e+12  1.2953e+00  2.7157e-01  4.9905e-02
  1.8478e+00  2.4621e+01  2.4000e-01  4.1977e+12  1.2616e+00  2.2674e-01  4.6322e-02
  1.8478e+00  2.4621e+01  2.6000e-01  4.0278e+12  1.1891e+00  2.4506e-01  5.4692e-02
  1.8478e+00  2.4621e+01  2.8000e-01  1.9501e+11  1.4480e+00  1.8722e-01  1.6365e-01
  1.8478e+00  2.4621e+01  3.0000e-01  9.0913e+11  1.4109e+00  5.6389e-02  8.8006e-02
  1.8478e+00  2.4621e+01  3.2000e-01  1.0220e+13  1.3669e+00  2.0670e-02  2.0174e-02
  1.8478e+00  2.4621e+01  3.4000e-01  1.5840e+13  1.3540e+00  6.5024e-03  1.5706e-02
  1.8478e+00  2.4621e+01  3.6000e-01  1.3847e+12  1.2799e+00  4.9312e-02  1.3265e-01
  1.8478e+00  2.4621e+01  3.8000e-01  2.1665e+12  1.2579e+00  -1.5532e-01  1.1088e-01
  1.8478e+00  2.4621e+01  4.0000e-01  7.8206e+11  1.4066e+00  -6.4428e+00  1.7867e-01
  1.8478e+00  2.4621e+01  4.2000e-01  4.1750e+10  1.1484e+00  -2.2906e+02  1.7622e+00
  1.8478e+00  2.4621e+01  4.4000e-01  2.4615e+09  8.6126e-01  -3.8881e+02  1.6771e-01
  1.8478e+00  2.4621e+01  4.6000e-01  3.2587e+07  8.0191e-01  -4.5394e+02  3.9670e+00
  1.8478e+00  2.4621e+01  4.8000e-01  6.5587e+08  1.1299e+00  -5.7389e+02  5.3326e-01
  1.8478e+00  2.4621e+01  5.0000e-01  6.4142e+10  1.2147e+00  -2.6500e+01  3.9758e-01
  1.8478e+00  2.4621e+01  5.2000e-01  4.4253e+10  9.7112e-01  5.2714e-01  1.1228e-01
  1.8478e+00  2.4621e+01  5.4000e-01  3.1635e+10  9.7417e-01  6.3903e-01  1.1886e-01
  1.8478e+00  2.4621e+01  5.6000e-01  2.6149e+10  9.7744e-01  6.8414e-01  1.2184e-01
  1.8478e+00  2.4621e+01  5.8000e-01  2.2275e+10  9.8085e-01  7.0246e-01  1.2489e-01
  1.8478e+00  2.4621e+01  6.0000e-01  1.8948e+10  9.8706e-01  7.0435e-01  1.3086e-01
  1.8478e+00  3.0079e+01  1.0000e-02  7.3670e+11  1.9622e+00  -9.2812e+00  2.6518e-01
  1.8478e+00  3.0079e+01  2.0000e-02  5.7692e+09  1.7291e+00  3.3974e+00  4.3582e+00
  1.8478e+00  3.0079e+01  4.0000e-02  2.9641e+10  1.6041e+00  3.2773e+00  8.7808e-01
  1.8478e+00  3.0079e+01  6.0000e-02  3.0374e+11  1.4219e+00  2.1019e+00  2.5082e-01
  1.8478e+00  3.0079e+01  8.0000e-02  5.5715e+11  1.3937e+00  1.4515e+00  1.6991e-01
  1.8478e+00  3.0079e+01  1.0000e-01  7.5901e+11  1.3853e+00  1.0841e+00  1.4121e-01
  1.8478e+00  3.0079e+01  1.2000e-01  9.5772e+11  1.3796e+00  8.5173e-01  1.2258e-01
  1.8478e+00  3.0079e+01  1.4000e-01  1.0813e+12  1.3795e+00  6.9397e-01  1.1608e-01
  1.8478e+00  3.0079e+01  1.6000e-01  1.1654e+12  1.3827e+00  5.5980e-01  1.1251e-01
  1.8478e+00  3.0079e+01  1.8000e-01  1.3633e+12  1.3780e+00  4.4450e-01  9.9547e-02
  1.8478e+00  3.0079e+01  2.0000e-01  1.8210e+12  1.3575e+00  3.6248e-01  7.8268e-02
  1.8478e+00  3.0079e+01  2.2000e-01  2.5906e+12  1.3249e+00  3.0618e-01  5.9869e-02
  1.8478e+00  3.0079e+01  2.4000e-01  3.5079e+12  1.2912e+00  2.5920e-01  4.9591e-02
  1.8478e+00  3.0079e+01  2.6000e-01  3.9943e+12  1.2599e+00  2.1875e-01  4.7716e-02
  1.8478e+00  3.0079e+01  2.8000e-01  3.6402e+12  1.1841e+00  2.5257e-01  5.8703e-02
  1.8478e+00  3.0079e+01  3.0000e-01  1.6920e+11  1.4260e+00  2.3942e-01  1.8652e-01
  1.8478e+00  3.0079e+01  3.2000e-01  7.5145e+11  1.4146e+00  4.9040e-02  9.6854e-02
  1.8478e+00  3.0079e+01  3.4000e-01  1.3056e+13  1.3911e+00  -3.1523e-03  1.5352e-02
  1.8478e+00  3.0079e+01  3.6000e-01  1.5659e+13  1.3476e+00  -9.9831e-03  1.5580e-02
  1.8478e+00  3.0079e+01  3.8000e-01  1.1216e+13  1.3301e+00  -1.0159e-01  2.1438e-02
  1.8478e+00  3.0079e+01  4.0000e-01  7.1702e+10  1.1568e+00  2.7391e+00  1.8207e+00
  1.8478e+00  3.0079e+01  4.2000e-01  1.2723e+12  7.7869e-01  -2.4585e+01  3.6871e-01
  1.8478e+00  3.0079e+01  4.4000e-01  4.1728e+08  9.0275e-01  -2.0290e+02  1.3670e+00
  1.8478e+00  3.0079e+01  4.6000e-01  5.4876e+07  8.0563e-01  -4.4692e+02  1.5250e+00
  1.8478e+00  3.0079e+01  4.8000e-01  1.0862e+08  1.1508e+00  -5.7129e+02  1.3558e+00
  1.8478e+00  3.0079e+01  5.0000e-01  1.8132e+10  1.3939e+00  -6.6667e+01  8.3720e-01
  1.8478e+00  3.0079e+01  5.2000e-01  2.4896e+10  9.9033e-01  5.3029e-01  1.2315e-01
  1.8478e+00  3.0079e+01  5.4000e-01  1.7489e+10  9.9742e-01  6.3827e-01  1.2496e-01
  1.8478e+00  3.0079e+01  5.6000e-01  1.3770e+10  1.0042e+00  6.9188e-01  1.2969e-01
  1.8478e+00  3.0079e+01  5.8000e-01  1.1239e+10  1.0139e+00  6.9297e-01  1.3730e-01
  1.8478e+00  3.0079e+01  6.0000e-01  9.0423e+09  1.0231e+00  6.9413e-01  1.4662e-01
  1.8478e+00  3.6747e+01  1.0000e-02  3.0006e+11  2.1316e+00  -2.2124e+01  3.3141e-01
  1.8478e+00  3.6747e+01  2.0000e-02  4.9267e+09  1.8434e+00  -2.8346e+00  4.2064e+00
  1.8478e+00  3.6747e+01  4.0000e-02  1.0011e+10  1.7141e+00  2.7430e+00  2.3403e+00
  1.8478e+00  3.6747e+01  6.0000e-02  4.1088e+10  1.5917e+00  2.5916e+00  7.3142e-01
  1.8478e+00  3.6747e+01  8.0000e-02  2.8263e+11  1.4334e+00  1.9122e+00  2.5832e-01
  1.8478e+00  3.6747e+01  1.0000e-01  5.0375e+11  1.4029e+00  1.3765e+00  1.7787e-01
  1.8478e+00  3.6747e+01  1.2000e-01  7.2553e+11  1.3885e+00  1.0396e+00  1.4160e-01
  1.8478e+00  3.6747e+01  1.4000e-01  9.0662e+11  1.3813e+00  8.2990e-01  1.2565e-01
  1.8478e+00  3.6747e+01  1.6000e-01  9.9412e+11  1.3837e+00  6.6666e-01  1.2174e-01
  1.8478e+00  3.6747e+01  1.8000e-01  1.1169e+12  1.3844e+00  5.2149e-01  1.1285e-01
  1.8478e+00  3.6747e+01  2.0000e-01  1.4268e+12  1.3717e+00  4.1171e-01  9.2589e-02
  1.8478e+00  3.6747e+01  2.2000e-01  2.0082e+12  1.3434e+00  3.4104e-01  7.0655e-02
  1.8478e+00  3.6747e+01  2.4000e-01  2.8240e+12  1.3095e+00  2.8856e-01  5.5820e-02
  1.8478e+00  3.6747e+01  2.6000e-01  3.5555e+12  1.2779e+00  2.4284e-01  4.9426e-02
  1.8478e+00  3.6747e+01  2.8000e-01  3.4641e+12  1.2406e+00  2.1826e-01  5.3523e-02
  1.8478e+00  3.6747e+01  3.0000e-01  1.3913e+12  1.1820e+00  3.9704e-01  9.4736e-02
  1.8478e+00  3.6747e+01  3.2000e-01  2.5033e+11  1.4363e+00  1.2598e-01  1.6002e-01
  1.8478e+00  3.6747e+01  3.4000e-01  1.8444e+12  1.4043e+00  1.7513e-02  5.4288e-02
  1.8478e+00  3.6747e+01  3.6000e-01  1.3042e+13  1.3596e+00  -9.0782e-03  1.6564e-02
  1.8478e+00  3.6747e+01  3.8000e-01  7.0250e+12  1.3906e+00  -9.9122e-02  2.4060e-02
  1.8478e+00  3.6747e+01  4.0000e-01  5.7254e+11  1.1773e+00  9.0704e-02  3.2888e-01
  1.8478e+00  3.6747e+01  4.2000e-01  2.1641e+11  1.5453e+00  -2.5818e+01  3.5822e-01
  1.8478e+00  3.6747e+01  4.4000e-01  4.8776e+09  1.4723e+00  -3.7898e+02  6.6992e-01
  1.8478e+00  3.6747e+01  4.6000e-01  1.6419e+07  8.2922e-01  -4.5586e+02  4.3281e+00
  1.8478e+00  3.6747e+01  4.8000e-01  2.6616e+07  9.7677e-01  -5.3667e+02  4.5482e+00
  1.8478e+00  3.6747e+01  5.0000e-01  6.3935e+09  1.5467e+00  -1.1521e+02  1.3185e+00
  1.8478e+00  3.6747e+01  5.2000e-01  1.3483e+10  1.0056e+00  5.3263e-01  1.3508e-01
  1.8478e+00  3.6747e+01  5.4000e-01  9.4419e+09  1.0165e+00  6.2418e-01  1.3219e-01
  1.8478e+00  3.6747e+01  5.6000e-01  6.9478e+09  1.0341e+00  6.5881e-01  1.4337e-01
  1.8478e+00  3.6747e+01  5.8000e-01  5.8434e+09  1.0368e+00  6.9402e-01  1.4532e-01
  1.8478e+00  3.6747e+01  6.0000e-01  4.6595e+09  1.0493e+00  6.7937e-01  1.5672e-01
  1.8478e+00  4.4893e+01  1.0000e-02  1.9608e+10  2.9079e+00  -1.4486e+02  6.7081e-01
  1.8478e+00  4.4893e+01  2.0000e-02  9.2520e+11  1.9315e+00  -8.1283e+00  2.1513e-01
  1.8478e+00  4.4893e+01  4.0000e-02  9.3306e+09  1.7251e+00  1.3468e+00  3.3327e+00
  1.8478e+00  4.4893e+01  6.0000e-02  1.2468e+10  1.7118e+00  2.1658e+00  1.8528e+00
  1.8478e+00  4.4893e+01  8.0000e-02  3.2940e+10  1.6238e+00  2.1849e+00  7.9602e-01
  1.8478e+00  4.4893e+01  1.0000e-01  2.0990e+11  1.4622e+00  1.7960e+00  3.0349e-01
  1.8478e+00  4.4893e+01  1.2000e-01  4.3506e+11  1.4141e+00  1.3415e+00  1.8987e-01
  1.8478e+00  4.4893e+01  1.4000e-01  6.5685e+11  1.3926e+00  1.0372e+00  1.4735e-01
  1.8478e+00  4.4893e+01  1.6000e-01  8.0559e+11  1.3856e+00  8.2912e-01  1.3349e-01
  1.8478e+00  4.4893e+01  1.8000e-01  8.8819e+11  1.3883e+00  6.4731e-01  1.2771e-01
  1.8478e+00  4.4893e+01  2.0000e-01  1.0736e+12  1.3836e+00  4.9428e-01  1.1096e-01
  1.8478e+00  4.4893e+01  2.2000e-01  1.4770e+12  1.3623e+00  3.9305e-01  8.6258e-02
  1.8478e+00  4.4893e+01  2.4000e-01  2.1259e+12  1.3295e+00  3.2804e-01  6.5867e-02
  1.8478e+00  4.4893e+01  2.6000e-01  2.8597e+12  1.2964e+00  2.7649e-01  5.4776e-02
  1.8478e+00  4.4893e+01  2.8000e-01  3.2723e+12  1.2657e+00  2.3202e-01  5.2283e-02
  1.8478e+00  4.4893e+01  3.0000e-01  3.0561e+12  1.1967e+00  2.5480e-01  6.1402e-02
  1.8478e+00  4.4893e+01  3.2000e-01  1.3947e+11  1.4034e+00  3.3309e-01  1.9858e-01
  1.8478e+00  4.4893e+01  3.4000e-01  4.9375e+11  1.4135e+00  6.6975e-02  1.1854e-01
  1.8478e+00  4.4893e+01  3.6000e-01  9.4324e+12  1.3932e+00  -5.1238e-03  1.7652e-02
  1.8478e+00  4.4893e+01  3.8000e-01  1.2890e+13  1.3571e+00  -3.2802e-02  1.5994e-02
  1.8478e+00  4.4893e+01  4.0000e-01  1.0019e+13  1.3139e+00  -1.0753e-01  2.1231e-02
  1.8478e+00  4.4893e+01  4.2000e-01  3.5245e+10  1.2386e+00  1.2672e+00  1.8862e+00
  1.8478e+00  4.4893e+01  4.4000e-01  9.2240e+11  7.3516e-01  -1.7437e+01  3.7823e-01
  1.8478e+00  4.4893e+01  4.6000e-01  3.6698e+07  7.8922e-01  -5.8955e+02  1.5689e+00
  1.8478e+00  4.4893e+01  4.8000e-01  8.6655e+07  8.9015e-01  -5.3167e+02  7.9520e-01
  1.8478e+00  4.4893e+01  5.0000e-01  3.7790e+09  1.6621e+00  -1.5284e+02  1.3721e+00
  1.8478e+00  4.4893e+01  5.2000e-01  7.4446e+09  1.0195e+00  5.1740e-01  1.4559e-01
  1.8478e+00  4.4893e+01  5.4000e-01  5.0077e+09  1.0363e+00  5.8554e-01  1.4570e-01
  1.8478e+00  4.4893e+01  5.6000e-01  3.6566e+09  1.0591e+00  6.1395e-01  1.5600e-01
  1.8478e+00  4.4893e+01  5.8000e-01  2.9497e+09  1.0664e+00  6.5324e-01  1.6269e-01
  1.8478e+00  4.4893e+01  6.0000e-01  2.4915e+09  1.0684e+00  6.9123e-01  1.6469e-01
  1.8478e+00  5.4844e+01  1.0000e-02  6.3765e+08  4.5211e+00  -7.4203e+02  1.0570e+00
  1.8478e+00  5.4844e+01  2.0000e-02  2.8151e+11  2.1131e+00  -2.0078e+01  3.1400e-01
  1.8478e+00  5.4844e+01  4.0000e-02  8.4647e+11  1.8145e+00  -3.2423e+00  2.4459e-01
  1.8478e+00  5.4844e+01  6.0000e-02  1.3753e+10  1.7035e+00  1.2489e+00  2.5550e+00
  1.8478e+00  5.4844e+01  8.0000e-02  1.5648e+10  1.7020e+00  1.7274e+00  1.6846e+00
  1.8478e+00  5.4844e+01  1.0000e-01  2.0865e+10  1.6798e+00  1.7767e+00  1.0036e+00
  1.8478e+00  5.4844e+01  1.2000e-01  1.1177e+11  1.5236e+00  1.6615e+00  4.1920e-01
  1.8478e+00  5.4844e+01  1.4000e-01  3.3487e+11  1.4317e+00  1.3669e+00  2.1838e-01
  1.8478e+00  5.4844e+01  1.6000e-01  5.3606e+11  1.4014e+00  1.0835e+00  1.6358e-01
  1.8478e+00  5.4844e+01  1.8000e-01  6.6660e+11  1.3922e+00  8.5875e-01  1.4616e-01
  1.8478e+00  5.4844e+01  2.0000e-01  7.6583e+11  1.3926e+00  6.5098e-01  1.3449e-01
  1.8478e+00  5.4844e+01  2.2000e-01  9.9509e+11  1.3818e+00  4.8952e-01  1.1051e-01
  1.8478e+00  5.4844e+01  2.4000e-01  1.4355e+12  1.3543e+00  3.9140e-01  8.3751e-02
  1.8478e+00  5.4844e+01  2.6000e-01  2.0545e+12  1.3200e+00  3.2683e-01  6.5223e-02
  1.8478e+00  5.4844e+01  2.8000e-01  2.6465e+12  1.2880e+00  2.7392e-01  5.6487e-02
  1.8478e+00  5.4844e+01  3.0000e-01  2.8189e+12  1.2546e+00  2.3441e-01  5.6719e-02
  1.8478e+00  5.4844e+01  3.2000e-01  2.7072e+12  1.1694e+00  2.6639e-01  6.7810e-02
  1.8478e+00  5.4844e+01  3.4000e-01  1.6565e+11  1.4325e+00  1.8348e-01  1.8116e-01
  1.8478e+00  5.4844e+01  3.6000e-01  7.7580e+11  1.4074e+00  3.6646e-02  8.6518e-02
  1.8478e+00  5.4844e+01  3.8000e-01  1.3094e+13  1.3768e+00  -1.0107e-02  1.3759e-02
  1.8478e+00  5.4844e+01  4.0000e-01  7.6412e+12  1.3978e+00  -1.0304e-01  1.9409e-02
  1.8478e+00  5.4844e+01  4.2000e-01  6.8202e+11  1.2096e+00  -2.3082e-03  2.0936e-01
  1.8478e+00  5.4844e+01  4.4000e-01  7.6732e+11  1.3634e+00  -4.3177e+00  1.2555e-01
  1.8478e+00  5.4844e+01  4.6000e-01  2.0593e+11  8.2523e-01  -1.6507e+02  3.2669e-01
  1.8478e+00  5.4844e+01  4.8000e-01  1.0226e+07  8.7510e-01  -5.4522e+02  4.0995e+00
  1.8478e+00  5.4844e+01  5.0000e-01  2.6754e+09  1.6630e+00  -1.3228e+02  1.2477e+00
  1.8478e+00  5.4844e+01  5.2000e-01  3.9640e+09  1.0441e+00  4.6158e-01  1.6269e-01
  1.8478e+00  5.4844e+01  5.4000e-01  3.0252e+09  1.0463e+00  5.3320e-01  1.5177e-01
  1.8478e+00  5.4844e+01  5.6000e-01  2.3355e+09  1.0528e+00  6.6086e-01  1.5735e-01
  1.8478e+00  5.4844e+01  5.8000e-01  1.9965e+09  1.0592e+00  6.9128e-01  1.5806e-01
  1.8478e+00  5.4844e+01  6.0000e-01  1.6729e+09  1.0646e+00  7.2695e-01  1.6003e-01
  1.8478e+00  6.7002e+01  1.0000e-02  1.1346e+07  6.1095e+00  -1.5876e+03  1.5950e+00
  1.8478e+00  6.7002e+01  2.0000e-02  5.7911e+09  3.0367e+00  -1.6835e+02  9.1831e-01
  1.8478e+00  6.7002e+01  4.0000e-02  9.2852e+11  1.8610e+00  -5.4625e+00  2.0522e-01
  1.8478e+00  6.7002e+01  6.0000e-02  2.7221e+10  1.7670e+00  -1.7887e+00  1.6774e+00
  1.8478e+00  6.7002e+01  8.0000e-02  1.7319e+10  1.6959e+00  8.2694e-01  2.2004e+00
  1.8478e+00  6.7002e+01  1.0000e-01  1.9625e+10  1.6900e+00  1.2970e+00  1.6314e+00
  1.8478e+00  6.7002e+01  1.2000e-01  2.0175e+10  1.6952e+00  1.3693e+00  1.1742e+00
  1.8478e+00  6.7002e+01  1.4000e-01  4.1221e+10  1.6241e+00  1.4441e+00  6.7773e-01
  1.8478e+00  6.7002e+01  1.6000e-01  1.8045e+11  1.4806e+00  1.4182e+00  3.0957e-01
  1.8478e+00  6.7002e+01  1.8000e-01  3.6573e+11  1.4223e+00  1.1879e+00  2.0227e-01
  1.8478e+00  6.7002e+01  2.0000e-01  4.9503e+11  1.4043e+00  9.4090e-01  1.6843e-01
  1.8478e+00  6.7002e+01  2.2000e-01  6.0244e+11  1.3995e+00  7.0355e-01  1.4747e-01
  1.8478e+00  6.7002e+01  2.4000e-01  8.2373e+11  1.3845e+00  5.2096e-01  1.1736e-01
  1.8478e+00  6.7002e+01  2.6000e-01  1.2267e+12  1.3537e+00  4.1337e-01  8.7822e-02
  1.8478e+00  6.7002e+01  2.8000e-01  1.7514e+12  1.3188e+00  3.4340e-01  6.9045e-02
  1.8478e+00  6.7002e+01  3.0000e-01  2.3500e+12  1.2872e+00  2.8468e-01  5.8018e-02
  1.8478e+00  6.7002e+01  3.2000e-01  2.3348e+12  1.2512e+00  2.4707e-01  6.1109e-02
  1.8478e+00  6.7002e+01  3.4000e-01  1.9290e+12  1.1767e+00  2.8264e-01  7.4104e-02
  1.8478e+00  6.7002e+01  3.6000e-01  1.7971e+11  1.4298e+00  1.5127e-01  1.6766e-01
  1.8478e+00  6.7002e+01  3.8000e-01  8.7656e+11  1.4085e+00  2.6510e-02  7.2503e-02
  1.8478e+00  6.7002e+01  4.0000e-01  1.2825e+13  1.3595e+00  -6.1103e-03  1.3051e-02
  1.8478e+00  6.7002e+01  4.2000e-01  7.2206e+12  1.3887e+00  -9.8056e-02  1.7787e-02
  1.8478e+00  6.7002e+01  4.4000e-01  3.3787e+11  1.1920e+00  4.9936e-02  3.1082e-01
  1.8478e+00  6.7002e+01  4.6000e-01  1.5570e+11  1.4633e+00  -2.7640e+01  3.4335e-01
  1.8478e+00  6.7002e+01  4.8000e-01  1.1092e+09  1.1804e+00  -1.3842e+02  4.9125e-01
  1.8478e+00  6.7002e+01  5.0000e-01  1.4025e+09  1.5489e+00  -7.7545e+01  1.3158e+00
  1.8478e+00  6.7002e+01  5.2000e-01  2.3832e+09  1.0534e+00  4.1761e-01  1.7800e-01
  1.8478e+00  6.7002e+01  5.4000e-01  2.0106e+09  1.0398e+00  5.2685e-01  1.6193e-01
  1.8478e+00  6.7002e+01  5.6000e-01  1.5832e+09  1.0493e+00  6.2959e-01  1.5750e-01
  1.8478e+00  6.7002e+01  5.8000e-01  1.3596e+09  1.0478e+00  7.5041e-01  1.5367e-01
  1.8478e+00  6.7002e+01  6.0000e-01  1.2876e+09  1.0450e+00  7.8577e-01  1.4919e-01
  1.8478e+00  8.1855e+01  1.0000e-02  1.9559e+03  8.6751e+00  -3.1673e+03  3.1711e+00
  1.8478e+00  8.1855e+01  2.0000e-02  1.1890e+08  4.7884e+00  -8.4896e+02  1.3919e+00
  1.8478e+00  8.1855e+01  4.0000e-02  6.2828e+11  1.9807e+00  -1.1655e+01  2.1106e-01
  1.8478e+00  8.1855e+01  6.0000e-02  1.7786e+12  1.8018e+00  -3.6097e+00  1.4469e-01
  1.8478e+00  8.1855e+01  8.0000e-02  5.0338e+11  1.7542e+00  -1.9235e+00  3.0959e-01
  1.8478e+00  8.1855e+01  1.0000e-01  2.1734e+10  1.6933e+00  2.3179e-01  1.9307e+00
  1.8478e+00  8.1855e+01  1.2000e-01  2.4647e+10  1.6758e+00  8.4335e-01  1.5988e+00
  1.8478e+00  8.1855e+01  1.4000e-01  2.5403e+10  1.6775e+00  1.0351e+00  1.2690e+00
  1.8478e+00  8.1855e+01  1.6000e-01  2.5619e+10  1.6770e+00  1.1397e+00  9.7271e-01
  1.8478e+00  8.1855e+01  1.8000e-01  4.6586e+10  1.6102e+00  1.2809e+00  6.1698e-01
  1.8478e+00  8.1855e+01  2.0000e-01  1.4594e+11  1.4956e+00  1.2775e+00  3.3874e-01
  1.8478e+00  8.1855e+01  2.2000e-01  2.7535e+11  1.4400e+00  1.0842e+00  2.3114e-01
  1.8478e+00  8.1855e+01  2.4000e-01  3.9127e+11  1.4170e+00  8.3971e-01  1.8073e-01
  1.8478e+00  8.1855e+01  2.6000e-01  5.4854e+11  1.3990e+00  6.1914e-01  1.4067e-01
  1.8478e+00  8.1855e+01  2.8000e-01  8.4677e+11  1.3667e+00  4.7816e-01  1.0374e-01
  1.8478e+00  8.1855e+01  3.0000e-01  1.2487e+12  1.3300e+00  3.9210e-01  7.9773e-02
  1.8478e+00  8.1855e+01  3.2000e-01  1.6080e+12  1.2972e+00  3.2783e-01  6.8787e-02
  1.8478e+00  8.1855e+01  3.4000e-01  1.7883e+12  1.2639e+00  2.7631e-01  6.6029e-02
  1.8478e+00  8.1855e+01  3.6000e-01  2.2147e+12  1.1762e+00  2.6737e-01  6.4984e-02
  1.8478e+00  8.1855e+01  3.8000e-01  1.2636e+11  1.4156e+00  2.2013e-01  1.8087e-01
  1.8478e+00  8.1855e+01  4.0000e-01  4.4516e+11  1.4044e+00  5.1723e-02  9.9923e-02
  1.8478e+00  8.1855e+01  4.2000e-01  6.3368e+12  1.3767e+00  -1.9154e-03  1.7074e-02
  1.8478e+00  8.1855e+01  4.4000e-01  4.7722e+12  1.3852e+00  -1.0410e-01  1.9885e-02
  1.8478e+00  8.1855e+01  4.6000e-01  2.9593e+11  1.2019e+00  8.4207e-03  2.4346e-01
  1.8478e+00  8.1855e+01  4.8000e-01  6.6172e+10  1.1969e+00  -2.1722e+01  7.2585e-01
  1.8478e+00  8.1855e+01  5.0000e-01  2.4450e+09  1.3454e+00  -3.5026e+01  6.4777e-01
  1.8478e+00  8.1855e+01  5.2000e-01  1.5511e+09  1.0551e+00  3.7318e-01  1.9515e-01
  1.8478e+00  8.1855e+01  5.4000e-01  1.1620e+09  1.0503e+00  5.3894e-01  1.8741e-01
  1.8478e+00  8.1855e+01  5.6000e-01  1.1555e+09  1.0200e+00  8.5264e-01  1.5621e-01
  1.8478e+00  8.1855e+01  5.8000e-01  9.3867e+08  1.0258e+00  8.5882e-01  1.5505e-01
  1.8478e+00  8.1855e+01  6.0000e-01  9.4940e+08  1.0358e+00  9.8485e-01  1.3400e-01
  1.8478e+00  1.0000e+02  1.0000e-02  7.3649e+03  9.7266e+00  -3.8854e+03  2.3493e+00
  1.8478e+00  1.0000e+02  2.0000e-02  5.0248e+07  6.2473e+00  -1.6598e+03  1.2159e+00
  1.8478e+00  1.0000e+02  4.0000e-02  2.3943e+10  2.6800e+00  -8.8598e+01  6.2152e-01
  1.8478e+00  1.0000e+02  6.0000e-02  1.0353e+12  1.8734e+00  -6.7148e+00  1.6702e-01
  1.8478e+00  1.0000e+02  8.0000e-02  2.1727e+12  1.7739e+00  -3.0600e+00  1.2358e-01
  1.8478e+00  1.0000e+02  1.0000e-01  2.8518e+12  1.7350e+00  -1.8494e+00  1.0983e-01
  1.8478e+00  1.0000e+02  1.2000e-01  3.4842e+10  1.6995e+00  -6.1385e-01  1.4275e+00
  1.8478e+00  1.0000e+02  1.4000e-01  2.9226e+10  1.6706e+00  2.8638e-01  1.5307e+00
  1.8478e+00  1.0000e+02  1.6000e-01  3.0625e+10  1.6595e+00  6.7067e-01  1.3341e+00
  1.8478e+00  1.0000e+02  1.8000e-01  2.9420e+10  1.6638e+00  8.3303e-01  1.1400e+00
  1.8478e+00  1.0000e+02  2.0000e-01  2.7208e+10  1.6699e+00  9.2937e-01  9.6430e-01
  1.8478e+00  1.0000e+02  2.2000e-01  3.2667e+10  1.6453e+00  1.0228e+00  7.4589e-01
  1.8478e+00  1.0000e+02  2.4000e-01  6.2421e+10  1.5764e+00  1.0398e+00  5.0863e-01
  1.8478e+00  1.0000e+02  2.6000e-01  1.2980e+11  1.5067e+00  9.3764e-01  3.3310e-01
  1.8478e+00  1.0000e+02  2.8000e-01  2.4853e+11  1.4449e+00  8.0885e-01  2.1365e-01
  1.8478e+00  1.0000e+02  3.0000e-01  4.0303e+11  1.4082e+00  6.2948e-01  1.4896e-01
  1.8478e+00  1.0000e+02  3.2000e-01  6.3815e+11  1.3645e+00  5.0791e-01  1.0941e-01
  1.8478e+00  1.0000e+02  3.4000e-01  9.0230e+11  1.3261e+00  4.2224e-01  8.7296e-02
  1.8478e+00  1.0000e+02  3.6000e-01  1.0885e+12  1.2935e+00  3.5574e-01  7.8238e-02
  1.8478e+00  1.0000e+02  3.8000e-01  1.2167e+12  1.2522e+00  3.0094e-01  7.3544e-02
  1.8478e+00  1.0000e+02  4.0000e-01  9.6204e+11  1.2100e+00  2.4983e-01  7.7529e-02
  1.8478e+00  1.0000e+02  4.2000e-01  1.4415e+11  1.4140e+00  1.3105e-01  1.5002e-01
  1.8478e+00  1.0000e+02  4.4000e-01  7.9127e+11  1.3955e+00  2.0489e-02  5.2036e-02
  1.8478e+00  1.0000e+02  4.6000e-01  4.5622e+12  1.3432e+00  -5.6144e-03  1.5551e-02
  1.8478e+00  1.0000e+02  4.8000e-01  1.2616e+12  1.2761e+00  -9.8331e-02  3.4336e-02
  1.8478e+00  1.0000e+02  5.0000e-01  2.7555e+09  1.0697e+00  -1.2857e+01  5.7114e-01
  1.8478e+00  1.0000e+02  5.2000e-01  9.0894e+08  1.0501e+00  4.1079e-01  2.0752e-01
  1.8478e+00  1.0000e+02  5.4000e-01  7.8711e+08  1.0397e+00  5.4245e-01  1.8099e-01
  1.8478e+00  1.0000e+02  5.6000e-01  6.5976e+08  1.0378e+00  7.0333e-01  1.6924e-01
  1.8478e+00  1.0000e+02  5.8000e-01  7.0801e+08  1.0185e+00  1.1699e+00  1.4281e-01
  1.8478e+00  1.0000e+02  6.0000e-01  3.1415e+08  1.0806e+00  1.0739e+00  2.0413e-01
  1.8478e+00  1.5000e+02  1.0000e-02  5.8138e+00  1.0933e+01  -4.7790e+03  4.0144e+00
  1.8478e+00  1.5000e+02  2.0000e-02  3.0256e+03  9.7109e+00  -3.8773e+03  2.5766e+00
  1.8478e+00  1.5000e+02  4.0000e-02  1.4531e+07  5.9440e+00  -1.4610e+03  1.5513e+00
  1.8478e+00  1.5000e+02  6.0000e-02  5.6807e+08  3.9479e+00  -4.4349e+02  1.1974e+00
  1.8478e+00  1.5000e+02  8.0000e-02  2.2458e+11  2.1456e+00  -2.3256e+01  2.8461e-01
  1.8478e+00  1.5000e+02  1.0000e-01  9.3391e+11  1.8333e+00  -5.9608e+00  1.5970e-01
  1.8478e+00  1.5000e+02  1.2000e-01  1.3686e+12  1.7502e+00  -3.2277e+00  1.3776e-01
  1.8478e+00  1.5000e+02  1.4000e-01  4.0729e+12  1.7090e+00  -2.1226e+00  7.5814e-02
  1.8478e+00  1.5000e+02  1.6000e-01  3.0221e+12  1.6879e+00  -1.5476e+00  9.1016e-02
  1.8478e+00  1.5000e+02  1.8000e-01  2.5073e+12  1.6755e+00  -1.1835e+00  1.0031e-01
  1.8478e+00  1.5000e+02  2.0000e-01  7.4290e+11  1.6690e+00  -9.2678e-01  2.0073e-01
  1.8478e+00  1.5000e+02  2.2000e-01  5.7969e+10  1.6521e+00  -3.9976e-01  8.9972e-01
  1.8478e+00  1.5000e+02  2.4000e-01  4.5066e+10  1.6436e+00  -8.4444e-02  9.9235e-01
  1.8478e+00  1.5000e+02  2.6000e-01  4.1986e+10  1.6379e+00  1.0036e-01  9.7235e-01
  1.8478e+00  1.5000e+02  2.8000e-01  4.0530e+10  1.6379e+00  1.8450e-01  9.0926e-01
  1.8478e+00  1.5000e+02  3.0000e-01  4.1147e+10  1.6327e+00  2.4664e-01  8.2750e-01
  1.8478e+00  1.5000e+02  3.2000e-01  4.3558e+10  1.6216e+00  3.0075e-01  7.3272e-01
  1.8478e+00  1.5000e+02  3.4000e-01  4.6814e+10  1.6036e+00  3.6761e-01  6.3778e-01
  1.8478e+00  1.5000e+02  3.6000e-01  4.9443e+10  1.5819e+00  4.4202e-01  5.4840e-01
  1.8478e+00  1.5000e+02  3.8000e-01  4.7375e+10  1.5651e+00  5.1175e-01  4.7765e-01
  1.8478e+00  1.5000e+02  4.0000e-01  4.3919e+10  1.5458e+00  5.7894e-01  4.1279e-01
  1.8478e+00  1.5000e+02  4.2000e-01  5.1499e+10  1.4975e+00  6.3389e-01  3.3195e-01
  1.8478e+00  1.5000e+02  4.4000e-01  5.8601e+10  1.4517e+00  6.0421e-01  2.8333e-01
  1.8478e+00  1.5000e+02  4.6000e-01  6.4392e+10  1.4147e+00  4.2434e-01  2.5046e-01
  1.8478e+00  1.5000e+02  4.8000e-01  1.0072e+11  1.3119e+00  3.1239e-01  1.4028e-01
  1.8478e+00  1.5000e+02  5.0000e-01  2.2833e+09  4.8758e-01  3.4107e-01  1.9002e-01
  1.8478e+00  1.5000e+02  5.2000e-01  3.0328e+08  9.8933e-01  7.5389e-01  3.4334e-01
  1.8478e+00  1.5000e+02  5.4000e-01  5.9432e+07  1.1436e+00  9.4147e-01  3.7830e-01
  1.8478e+00  1.5000e+02  5.6000e-01  8.3370e+07  1.0860e+00  1.5601e+00  2.9069e-01
  1.8478e+00  1.5000e+02  5.8000e-01  7.5417e+07  1.0942e+00  1.6334e+00  2.7619e-01
  1.8478e+00  1.5000e+02  6.0000e-01  7.1170e+07  1.1208e+00  1.0301e+00  2.5600e-01
  1.8478e+00  2.0000e+02  1.0000e-02  5.9623e-01  1.1592e+01  -5.2941e+03  4.4949e+00
  1.8478e+00  2.0000e+02  2.0000e-02  4.3807e+04  1.0433e+01  -4.4328e+03  1.8408e+00
  1.8478e+00  2.0000e+02  4.0000e-02  1.6169e+04  8.9000e+00  -3.3238e+03  2.3904e+00
  1.8478e+00  2.0000e+02  6.0000e-02  1.0151e+07  6.0664e+00  -1.5282e+03  1.5990e+00
  1.8478e+00  2.0000e+02  8.0000e-02  1.7362e+08  4.6745e+00  -7.5867e+02  1.2663e+00
  1.8478e+00  2.0000e+02  1.0000e-01  6.9897e+09  3.2102e+00  -2.0361e+02  7.3620e-01
  1.8478e+00  2.0000e+02  1.2000e-01  3.2990e+11  2.0515e+00  -1.7484e+01  2.3087e-01
  1.8478e+00  2.0000e+02  1.4000e-01  9.5247e+11  1.8076e+00  -5.6993e+00  1.4310e-01
  1.8478e+00  2.0000e+02  1.6000e-01  1.4726e+12  1.7270e+00  -3.3202e+00  1.1676e-01
  1.8478e+00  2.0000e+02  1.8000e-01  2.4107e+12  1.6868e+00  -2.2924e+00  8.8867e-02
  1.8478e+00  2.0000e+02  2.0000e-01  2.4777e+12  1.6603e+00  -1.6934e+00  8.7594e-02
  1.8478e+00  2.0000e+02  2.2000e-01  2.3301e+12  1.6471e+00  -1.3514e+00  8.9723e-02
  1.8478e+00  2.0000e+02  2.4000e-01  3.8357e+12  1.6372e+00  -1.1069e+00  6.4734e-02
  1.8478e+00  2.0000e+02  2.6000e-01  2.2614e+12  1.6305e+00  -9.2521e-01  8.6357e-02
  1.8478e+00  2.0000e+02  2.8000e-01  2.7445e+12  1.6217e+00  -7.7683e-01  7.4016e-02
  1.8478e+00  2.0000e+02  3.0000e-01  1.8885e+12  1.6164e+00  -6.6119e-01  8.8409e-02
  1.8478e+00  2.0000e+02  3.2000e-01  1.1449e+12  1.6082e+00  -5.5834e-01  1.1413e-01
  1.8478e+00  2.0000e+02  3.4000e-01  2.0679e+11  1.5967e+00  -4.2047e-01  3.1186e-01
  1.8478e+00  2.0000e+02  3.6000e-01  9.1872e+10  1.5791e+00  -2.2425e-01  4.8616e-01
  1.8478e+00  2.0000e+02  3.8000e-01  6.9001e+10  1.5570e+00  -4.9127e-02  5.4582e-01
  1.8478e+00  2.0000e+02  4.0000e-01  5.6974e+10  1.5343e+00  1.0220e-01  5.6744e-01
  1.8478e+00  2.0000e+02  4.2000e-01  4.6746e+10  1.5265e+00  1.6255e-01  5.5422e-01
  1.8478e+00  2.0000e+02  4.4000e-01  4.0264e+10  1.5234e+00  1.4206e-01  5.1513e-01
  1.8478e+00  2.0000e+02  4.6000e-01  2.9556e+10  1.5202e+00  5.0204e-02  5.1000e-01
  1.8478e+00  2.0000e+02  4.8000e-01  5.0855e+11  1.4053e+00  -3.1343e-01  5.1363e-02
  1.8478e+00  2.0000e+02  5.0000e-01  1.1448e+09  1.2425e+00  -3.6426e-02  1.0532e-01
  1.8478e+00  2.0000e+02  5.2000e-01  1.1704e+07  1.1320e+00  1.1788e+00  7.7859e-01
  1.8478e+00  2.0000e+02  5.4000e-01  6.0905e+07  1.0739e+00  1.0963e+00  3.2509e-01
  1.8478e+00  2.0000e+02  5.6000e-01  3.9709e+07  1.0902e+00  1.5148e+00  3.1734e-01
  1.8478e+00  2.0000e+02  5.8000e-01  2.9584e+07  1.1342e+00  1.1869e+00  2.9962e-01
  1.8478e+00  2.0000e+02  6.0000e-01  2.6196e+07  1.1444e+00  1.1743e+00  2.8781e-01
  1.8478e+00  2.5000e+02  1.0000e-02  1.4922e+01  1.1975e+01  -5.5838e+03  3.2663e+00
  1.8478e+00  2.5000e+02  2.0000e-02  4.3202e-01  1.1057e+01  -4.9067e+03  5.0021e+00
  1.8478e+00  2.5000e+02  4.0000e-02  2.0702e+02  9.8082e+00  -3.9694e+03  3.3435e+00
  1.8478e+00  2.5000e+02  6.0000e-02  1.2291e+05  7.5202e+00  -2.4366e+03  2.3250e+00
  1.8478e+00  2.5000e+02  8.0000e-02  4.0897e+06  6.1146e+00  -1.5532e+03  1.8288e+00
  1.8478e+00  2.5000e+02  1.0000e-01  8.3942e+07  5.1055e+00  -9.7423e+02  1.3157e+00
  1.8478e+00  2.5000e+02  1.2000e-01  2.0427e+08  4.1612e+00  -5.2677e+02  1.3915e+00
  1.8478e+00  2.5000e+02  1.4000e-01  2.4604e+10  3.0467e+00  -1.6227e+02  4.9817e-01
  1.8478e+00  2.5000e+02  1.6000e-01  2.9292e+11  2.0630e+00  -1.8777e+01  2.3026e-01
  1.8478e+00  2.5000e+02  1.8000e-01  5.1916e+11  1.7998e+00  -5.9717e+00  1.8282e-01
  1.8478e+00  2.5000e+02  2.0000e-01  1.6296e+12  1.7157e+00  -3.5017e+00  9.7090e-02
  1.8478e+00  2.5000e+02  2.2000e-01  1.7897e+12  1.6682e+00  -2.4126e+00  9.1995e-02
  1.8478e+00  2.5000e+02  2.4000e-01  1.7849e+12  1.6448e+00  -1.8676e+00  9.0976e-02
  1.8478e+00  2.5000e+02  2.6000e-01  1.7825e+12  1.6208e+00  -1.4629e+00  9.0188e-02
  1.8478e+00  2.5000e+02  2.8000e-01  2.0938e+12  1.6055e+00  -1.1940e+00  7.9370e-02
  1.8478e+00  2.5000e+02  3.0000e-01  3.4123e+12  1.5919e+00  -9.8922e-01  5.6058e-02
  1.8478e+00  2.5000e+02  3.2000e-01  1.6405e+12  1.5797e+00  -8.2977e-01  8.4715e-02
  1.8478e+00  2.5000e+02  3.4000e-01  2.5130e+12  1.5656e+00  -6.9277e-01  6.1022e-02
  1.8478e+00  2.5000e+02  3.6000e-01  2.4525e+12  1.5510e+00  -5.8259e-01  5.7846e-02
  1.8478e+00  2.5000e+02  3.8000e-01  1.5906e+12  1.5356e+00  -4.7982e-01  7.0017e-02
  1.8478e+00  2.5000e+02  4.0000e-01  1.6072e+12  1.5184e+00  -3.9993e-01  6.2671e-02
  1.8478e+00  2.5000e+02  4.2000e-01  9.4171e+11  1.4998e+00  -3.4434e-01  7.8459e-02
  1.8478e+00  2.5000e+02  4.4000e-01  1.1853e+12  1.4610e+00  -4.6127e-01  5.2128e-02
  1.8478e+00  2.5000e+02  4.6000e-01  5.7512e+11  1.4349e+00  -5.6905e-01  6.5339e-02
  1.8478e+00  2.5000e+02  4.8000e-01  4.6205e+11  1.3568e+00  -5.6431e-01  4.9238e-02
  1.8478e+00  2.5000e+02  5.0000e-01  3.4502e+08  1.2443e+00  -7.6430e-03  1.2570e-01
  1.8478e+00  2.5000e+02  5.2000e-01  6.6028e+05  1.4233e+00  -1.0301e-01  1.7815e+00
  1.8478e+00  2.5000e+02  5.4000e-01  1.1775e+07  1.1545e+00  1.0755e+00  4.4905e-01
  1.8478e+00  2.5000e+02  5.6000e-01  2.6555e+07  1.0961e+00  1.4276e+00  3.1067e-01
  1.8478e+00  2.5000e+02  5.8000e-01  2.9020e+07  1.0780e+00  1.5269e+00  2.7910e-01
  1.8478e+00  2.5000e+02  6.0000e-01  2.3493e+07  1.0974e+00  1.4017e+00  2.8307e-01
  1.8478e+00  3.0000e+02  1.0000e-02  6.8156e-02  1.2365e+01  -5.8986e+03  4.8706e+00
  1.8478e+00  3.0000e+02  2.0000e-02  1.3863e+03  1.1337e+01  -5.1332e+03  2.3544e+00
  1.8478e+00  3.0000e+02  4.0000e-02  1.0393e+02  1.0326e+01  -4.3609e+03  3.3269e+00
  1.8478e+00  3.0000e+02  6.0000e-02  1.4348e+05  9.3235e+00  -3.6210e+03  1.7833e+00
  1.8478e+00  3.0000e+02  8.0000e-02  3.6251e+05  7.4313e+00  -2.3773e+03  2.0315e+00
  1.8478e+00  3.0000e+02  1.0000e-01  2.1944e+06  6.3503e+00  -1.6994e+03  1.9104e+00
  1.8478e+00  3.0000e+02  1.2000e-01  1.8975e+07  5.6220e+00  -1.2530e+03  1.5387e+00
  1.8478e+00  3.0000e+02  1.4000e-01  6.5421e+07  4.8891e+00  -8.6056e+02  1.4301e+00
  1.8478e+00  3.0000e+02  1.6000e-01  1.0592e+09  4.1591e+00  -5.2353e+02  9.1174e-01
  1.8478e+00  3.0000e+02  1.8000e-01  1.2532e+10  3.1957e+00  -1.9892e+02  5.7475e-01
  1.8478e+00  3.0000e+02  2.0000e-01  3.5190e+11  2.1542e+00  -2.6213e+01  1.9521e-01
  1.8478e+00  3.0000e+02  2.2000e-01  7.0375e+11  1.8146e+00  -7.0967e+00  1.4088e-01
  1.8478e+00  3.0000e+02  2.4000e-01  1.1960e+12  1.7140e+00  -4.0475e+00  1.0414e-01
  1.8478e+00  3.0000e+02  2.6000e-01  1.2403e+12  1.6650e+00  -2.8338e+00  9.9992e-02
  1.8478e+00  3.0000e+02  2.8000e-01  1.9833e+12  1.6282e+00  -2.0967e+00  7.2969e-02
  1.8478e+00  3.0000e+02  3.0000e-01  2.4288e+12  1.5971e+00  -1.6087e+00  6.2079e-02
  1.8478e+00  3.0000e+02  3.2000e-01  2.0453e+12  1.5726e+00  -1.2818e+00  6.5871e-02
  1.8478e+00  3.0000e+02  3.4000e-01  1.9650e+12  1.5531e+00  -1.0719e+00  6.3503e-02
  1.8478e+00  3.0000e+02  3.6000e-01  1.5069e+12  1.5286e+00  -1.1096e+00  6.8051e-02
  1.8478e+00  3.0000e+02  3.8000e-01  1.3654e+12  1.5155e+00  -1.0545e+00  6.5527e-02
  1.8478e+00  3.0000e+02  4.0000e-01  1.2799e+12  1.5072e+00  -1.0489e+00  6.0256e-02
  1.8478e+00  3.0000e+02  4.2000e-01  1.0131e+12  1.4916e+00  -1.0559e+00  6.1027e-02
  1.8478e+00  3.0000e+02  4.4000e-01  4.4854e+11  1.4831e+00  -1.2136e+00  8.8386e-02
  1.8478e+00  3.0000e+02  4.6000e-01  8.9104e+11  1.4376e+00  -1.2431e+00  4.4977e-02
  1.8478e+00  3.0000e+02  4.8000e-01  2.9720e+11  1.3223e+00  -5.9750e-01  6.6741e-02
  1.8478e+00  3.0000e+02  5.0000e-01  8.7993e+08  1.2436e+00  4.5530e-03  3.3320e-02
  1.8478e+00  3.0000e+02  5.2000e-01  6.2656e+07  1.2813e+00  -6.1244e-01  6.7495e-02
  1.8478e+00  3.0000e+02  5.4000e-01  1.0562e+06  1.3599e+00  4.1187e-02  1.0787e+00
  1.8478e+00  3.0000e+02  5.6000e-01  4.1669e+06  1.1956e+00  1.1658e+00  5.9478e-01
  1.8478e+00  3.0000e+02  5.8000e-01  8.1117e+06  1.1557e+00  1.3388e+00  3.9999e-01
  1.8478e+00  3.0000e+02  6.0000e-01  8.8715e+06  1.1502e+00  1.3223e+00  3.7453e-01
  2.5119e+00  3.3246e+00  1.0000e-02  9.9609e+11  1.3481e+00  1.4342e+00  1.3616e-01
  2.5119e+00  3.3246e+00  2.0000e-02  1.0236e+12  1.3461e+00  1.3120e+00  1.3270e-01
  2.5119e+00  3.3246e+00  4.0000e-02  1.1253e+12  1.3434e+00  1.1450e+00  1.2265e-01
  2.5119e+00  3.3246e+00  6.0000e-02  1.0952e+12  1.3498e+00  1.0186e+00  1.2508e-01
  2.5119e+00  3.3246e+00  8.0000e-02  1.3348e+12  1.3402e+00  9.1261e-01  1.0705e-01
  2.5119e+00  3.3246e+00  1.0000e-01  1.1328e+12  1.3592e+00  8.1403e-01  1.2734e-01
  2.5119e+00  3.3246e+00  1.2000e-01  1.1772e+12  1.3689e+00  6.7157e-01  1.2058e-01
  2.5119e+00  3.3246e+00  1.4000e-01  1.8377e+12  1.3419e+00  5.7013e-01  8.1018e-02
  2.5119e+00  3.3246e+00  1.6000e-01  3.1204e+12  1.3038e+00  4.9636e-01  5.3775e-02
  2.5119e+00  3.3246e+00  1.8000e-01  4.5455e+12  1.2772e+00  4.2544e-01  4.2822e-02
  2.5119e+00  3.3246e+00  2.0000e-01  6.2545e+12  1.2592e+00  3.5182e-01  3.6081e-02
  2.5119e+00  3.3246e+00  2.2000e-01  7.4970e+12  1.2558e+00  2.7945e-01  3.1780e-02
  2.5119e+00  3.3246e+00  2.4000e-01  7.7464e+12  1.2713e+00  2.0779e-01  2.9757e-02
  2.5119e+00  3.3246e+00  2.6000e-01  8.5314e+12  1.3045e+00  1.3901e-01  2.5933e-02
  2.5119e+00  3.3246e+00  2.8000e-01  1.2274e+13  1.3177e+00  9.3654e-02  2.1308e-02
  2.5119e+00  3.3246e+00  3.0000e-01  3.0338e+12  1.3043e+00  1.0059e-01  6.9861e-02
  2.5119e+00  3.3246e+00  3.2000e-01  2.9595e+12  1.3124e+00  6.2836e-02  7.6031e-02
  2.5119e+00  3.3246e+00  3.4000e-01  7.4690e+12  1.3329e+00  -5.9937e-03  3.8023e-02
  2.5119e+00  3.3246e+00  3.6000e-01  4.6756e+11  1.3098e+00  1.8059e-01  3.2679e-01
  2.5119e+00  3.3246e+00  3.8000e-01  1.0943e+12  1.6008e+00  -3.3903e+00  1.2038e-01
  2.5119e+00  3.3246e+00  4.0000e-01  5.4510e+08  1.6015e+00  -7.1176e+00  1.1517e+01
  2.5119e+00  3.3246e+00  4.2000e-01  9.3320e+10  1.2936e+00  -3.0056e+01  5.8019e-01
  2.5119e+00  3.3246e+00  4.4000e-01  4.0417e+08  8.8914e-01  9.1354e+01  3.9924e+01
  2.5119e+00  3.3246e+00  4.6000e-01  3.1460e+07  8.2123e-01  -8.0670e+02  1.2435e+00
  2.5119e+00  3.3246e+00  4.8000e-01  2.8122e+10  7.1550e-01  -8.4512e+03  2.4380e+00
  2.5119e+00  3.3246e+00  5.0000e-01  2.6362e+11  9.0149e-01  1.9902e-01  1.3187e-01
  2.5119e+00  3.3246e+00  5.2000e-01  1.8650e+11  1.0576e+00  2.3996e-01  1.0777e-01
  2.5119e+00  3.3246e+00  5.4000e-01  4.7941e+10  1.3857e+00  1.4566e-01  1.6190e-01
  2.5119e+00  3.3246e+00  5.6000e-01  2.7258e+11  1.6876e+00  -2.1179e-01  4.1851e-02
  2.5119e+00  3.3246e+00  5.8000e-01  5.5697e+11  1.7368e+00  -3.3624e-01  3.0876e-02
  2.5119e+00  3.3246e+00  6.0000e-01  4.3768e+11  1.7131e+00  -2.7549e-01  3.6051e-02
  2.5119e+00  4.0616e+00  1.0000e-02  1.0135e+12  1.3542e+00  1.2680e+00  1.3100e-01
  2.5119e+00  4.0616e+00  2.0000e-02  1.0902e+12  1.3526e+00  1.1398e+00  1.2399e-01
  2.5119e+00  4.0616e+00  4.0000e-02  1.2328e+12  1.3524e+00  9.8081e-01  1.1242e-01
  2.5119e+00  4.0616e+00  6.0000e-02  1.2759e+12  1.3578e+00  8.6368e-01  1.0983e-01
  2.5119e+00  4.0616e+00  8.0000e-02  1.6803e+12  1.3399e+00  7.5406e-01  8.5636e-02
  2.5119e+00  4.0616e+00  1.0000e-01  1.5739e+12  1.3559e+00  6.7177e-01  9.5798e-02
  2.5119e+00  4.0616e+00  1.2000e-01  1.4782e+12  1.3699e+00  5.8014e-01  1.0089e-01
  2.5119e+00  4.0616e+00  1.4000e-01  1.9393e+12  1.3574e+00  4.8952e-01  7.8946e-02
  2.5119e+00  4.0616e+00  1.6000e-01  3.1916e+12  1.3201e+00  4.2632e-01  5.2815e-02
  2.5119e+00  4.0616e+00  1.8000e-01  4.8967e+12  1.2873e+00  3.6747e-01  3.9662e-02
  2.5119e+00  4.0616e+00  2.0000e-01  7.6043e+12  1.2586e+00  3.0014e-01  3.1196e-02
  2.5119e+00  4.0616e+00  2.2000e-01  8.6374e+12  1.2545e+00  2.4069e-01  2.8563e-02
  2.5119e+00  4.0616e+00  2.4000e-01  7.9977e+12  1.2865e+00  1.6852e-01  2.6476e-02
  2.5119e+00  4.0616e+00  2.6000e-01  1.1140e+13  1.3368e+00  1.0539e-01  1.8962e-02
  2.5119e+00  4.0616e+00  2.8000e-01  3.2734e+12  1.3120e+00  1.1186e-01  5.7176e-02
  2.5119e+00  4.0616e+00  3.0000e-01  2.8275e+12  1.3002e+00  9.7526e-02  7.4610e-02
  2.5119e+00  4.0616e+00  3.2000e-01  2.5342e+12  1.2908e+00  7.6926e-02  9.0296e-02
  2.5119e+00  4.0616e+00  3.4000e-01  2.3793e+12  1.3315e+00  1.3826e-02  8.7550e-02
  2.5119e+00  4.0616e+00  3.6000e-01  5.2710e+11  1.3064e+00  1.6659e-01  3.0044e-01
  2.5119e+00  4.0616e+00  3.8000e-01  1.0520e+12  1.6119e+00  -3.5210e+00  1.2279e-01
  2.5119e+00  4.0616e+00  4.0000e-01  5.1048e+08  1.5999e+00  -6.5893e+00  1.1904e+01
  2.5119e+00  4.0616e+00  4.2000e-01  8.6477e+08  1.1090e+00  9.6079e+01  4.4344e+01
  2.5119e+00  4.0616e+00  4.4000e-01  5.1300e+08  8.4988e-01  9.2765e+01  3.3629e+01
  2.5119e+00  4.0616e+00  4.6000e-01  1.1755e+07  1.0617e+00  -6.3181e+02  1.8639e+00
  2.5119e+00  4.0616e+00  4.8000e-01  4.4076e+10  7.2432e-01  -8.5228e+03  1.8865e+00
  2.5119e+00  4.0616e+00  5.0000e-01  2.7017e+11  9.0878e-01  1.6863e-01  1.3192e-01
  2.5119e+00  4.0616e+00  5.2000e-01  2.5482e+11  9.7972e-01  2.4787e-01  9.8044e-02
  2.5119e+00  4.0616e+00  5.4000e-01  1.5098e+11  1.1937e+00  1.9687e-01  1.2665e-01
  2.5119e+00  4.0616e+00  5.6000e-01  1.0675e+11  1.4163e+00  6.0663e-02  1.1845e-01
  2.5119e+00  4.0616e+00  5.8000e-01  4.1739e+11  1.6868e+00  -1.6068e-01  2.9448e-02
  2.5119e+00  4.0616e+00  6.0000e-01  4.5043e+11  1.7450e+00  -3.3447e-01  3.2297e-02
  2.5119e+00  4.9619e+00  1.0000e-02  1.1011e+12  1.3559e+00  1.1556e+00  1.2125e-01
  2.5119e+00  4.9619e+00  2.0000e-02  1.1944e+12  1.3582e+00  9.8914e-01  1.1249e-01
  2.5119e+00  4.9619e+00  4.0000e-02  1.3297e+12  1.3617e+00  8.2867e-01  1.0234e-01
  2.5119e+00  4.9619e+00  6.0000e-02  1.3831e+12  1.3697e+00  7.1688e-01  1.0084e-01
  2.5119e+00  4.9619e+00  8.0000e-02  1.8065e+12  1.3607e+00  6.0665e-01  7.6291e-02
  2.5119e+00  4.9619e+00  1.0000e-01  1.8663e+12  1.3637e+00  5.4832e-01  7.9356e-02
  2.5119e+00  4.9619e+00  1.2000e-01  1.9628e+12  1.3685e+00  4.8684e-01  7.9503e-02
  2.5119e+00  4.9619e+00  1.4000e-01  2.2567e+12  1.3623e+00  4.2429e-01  7.1705e-02
  2.5119e+00  4.9619e+00  1.6000e-01  3.0164e+12  1.3397e+00  3.7020e-01  5.6896e-02
  2.5119e+00  4.9619e+00  1.8000e-01  4.4167e+12  1.3030e+00  3.2662e-01  4.2282e-02
  2.5119e+00  4.9619e+00  2.0000e-01  6.1347e+12  1.2690e+00  2.7980e-01  3.4813e-02
  2.5119e+00  4.9619e+00  2.2000e-01  7.6158e+12  1.2454e+00  2.2218e-01  3.2009e-02
  2.5119e+00  4.9619e+00  2.4000e-01  5.9231e+12  1.3238e+00  1.3344e-01  2.6227e-02
  2.5119e+00  4.9619e+00  2.6000e-01  3.1285e+12  1.3507e+00  1.0772e-01  4.5011e-02
  2.5119e+00  4.9619e+00  2.8000e-01  2.5918e+12  1.3196e+00  1.0526e-01  6.7556e-02
  2.5119e+00  4.9619e+00  3.0000e-01  3.1194e+12  1.3032e+00  8.2845e-02  7.0232e-02
  2.5119e+00  4.9619e+00  3.2000e-01  2.3279e+12  1.2947e+00  7.6147e-02  9.4424e-02
  2.5119e+00  4.9619e+00  3.4000e-01  1.2383e+12  1.3193e+00  6.5524e-02  1.4270e-01
  2.5119e+00  4.9619e+00  3.6000e-01  5.5718e+11  1.3122e+00  1.4153e-01  2.8126e-01
  2.5119e+00  4.9619e+00  3.8000e-01  1.3205e+12  1.5982e+00  -3.3805e+00  1.0957e-01
  2.5119e+00  4.9619e+00  4.0000e-01  1.1984e+11  1.6132e+00  -1.0903e+01  3.8473e-01
  2.5119e+00  4.9619e+00  4.2000e-01  8.6676e+10  1.2779e+00  -2.7642e+01  6.4700e-01
  2.5119e+00  4.9619e+00  4.4000e-01  6.6348e+08  8.0324e-01  9.0870e+01  2.7192e+01
  2.5119e+00  4.9619e+00  4.6000e-01  1.3446e+08  1.1765e+00  -5.7281e+02  4.6261e-01
  2.5119e+00  4.9619e+00  4.8000e-01  5.6988e+10  6.5563e-01  -6.0765e+03  1.2353e+00
  2.5119e+00  4.9619e+00  5.0000e-01  2.7917e+11  9.1461e-01  1.4278e-01  1.2970e-01
  2.5119e+00  4.9619e+00  5.2000e-01  2.7629e+11  9.2548e-01  2.8709e-01  9.6547e-02
  2.5119e+00  4.9619e+00  5.4000e-01  2.1042e+11  1.0726e+00  2.1729e-01  1.0780e-01
  2.5119e+00  4.9619e+00  5.6000e-01  1.4747e+11  1.2269e+00  1.7549e-01  1.2885e-01
  2.5119e+00  4.9619e+00  5.8000e-01  1.2572e+11  1.3893e+00  7.0191e-02  1.1875e-01
  2.5119e+00  4.9619e+00  6.0000e-01  1.2746e+12  1.5393e+00  -4.9660e-02  1.9967e-02
  2.5119e+00  6.0619e+00  1.0000e-02  1.1645e+12  1.3575e+00  1.1090e+00  1.1441e-01
  2.5119e+00  6.0619e+00  2.0000e-02  1.3491e+12  1.3626e+00  9.1753e-01  1.0125e-01
  2.5119e+00  6.0619e+00  4.0000e-02  1.5416e+12  1.3668e+00  7.3805e-01  8.9865e-02
  2.5119e+00  6.0619e+00  6.0000e-02  1.7129e+12  1.3749e+00  6.3446e-01  8.4579e-02
  2.5119e+00  6.0619e+00  8.0000e-02  1.9584e+12  1.3731e+00  5.5168e-01  7.2709e-02
  2.5119e+00  6.0619e+00  1.0000e-01  2.1658e+12  1.3679e+00  4.9684e-01  6.6565e-02
  2.5119e+00  6.0619e+00  1.2000e-01  2.2760e+12  1.3648e+00  4.4963e-01  6.5224e-02
  2.5119e+00  6.0619e+00  1.4000e-01  2.3745e+12  1.3578e+00  4.0549e-01  6.3897e-02
  2.5119e+00  6.0619e+00  1.6000e-01  2.6951e+12  1.3412e+00  3.6063e-01  5.7676e-02
  2.5119e+00  6.0619e+00  1.8000e-01  3.7373e+12  1.3063e+00  3.1464e-01  4.5501e-02
  2.5119e+00  6.0619e+00  2.0000e-01  5.4781e+12  1.2691e+00  2.6419e-01  3.7052e-02
  2.5119e+00  6.0619e+00  2.2000e-01  7.1645e+12  1.2426e+00  2.0371e-01  3.3527e-02
  2.5119e+00  6.0619e+00  2.4000e-01  5.4077e+12  1.3363e+00  1.1783e-01  2.8058e-02
  2.5119e+00  6.0619e+00  2.6000e-01  2.1769e+12  1.3445e+00  1.1324e-01  6.3215e-02
  2.5119e+00  6.0619e+00  2.8000e-01  2.6986e+12  1.3217e+00  9.2555e-02  6.8341e-02
  2.5119e+00  6.0619e+00  3.0000e-01  3.4988e+12  1.3093e+00  7.0249e-02  6.3978e-02
  2.5119e+00  6.0619e+00  3.2000e-01  2.7510e+12  1.3137e+00  6.0066e-02  7.7294e-02
  2.5119e+00  6.0619e+00  3.4000e-01  9.6782e+11  1.2957e+00  1.4187e-01  1.8130e-01
  2.5119e+00  6.0619e+00  3.6000e-01  5.8289e+11  1.3003e+00  1.6827e-01  2.8406e-01
  2.5119e+00  6.0619e+00  3.8000e-01  1.6266e+12  1.5750e+00  -3.1213e+00  9.9666e-02
  2.5119e+00  6.0619e+00  4.0000e-01  4.3166e+08  1.5819e+00  -3.8319e+00  1.3281e+01
  2.5119e+00  6.0619e+00  4.2000e-01  1.2869e+11  1.2610e+00  -2.5869e+01  4.9596e-01
  2.5119e+00  6.0619e+00  4.4000e-01  8.8409e+08  7.3587e-01  8.5940e+01  2.1406e+01
  2.5119e+00  6.0619e+00  4.6000e-01  1.1627e+09  1.1493e+00  -5.4467e+02  1.1649e-01
  2.5119e+00  6.0619e+00  4.8000e-01  3.6377e+10  5.9943e-01  -4.0725e+03  2.1065e+00
  2.5119e+00  6.0619e+00  5.0000e-01  2.9787e+11  9.2040e-01  9.7368e-02  1.1950e-01
  2.5119e+00  6.0619e+00  5.2000e-01  2.7178e+11  8.8010e-01  3.5533e-01  9.4094e-02
  2.5119e+00  6.0619e+00  5.4000e-01  2.3639e+11  1.0044e+00  2.4032e-01  1.0138e-01
  2.5119e+00  6.0619e+00  5.6000e-01  1.9551e+11  1.1283e+00  1.9978e-01  1.1295e-01
  2.5119e+00  6.0619e+00  5.8000e-01  1.4487e+11  1.2260e+00  1.6840e-01  1.2787e-01
  2.5119e+00  6.0619e+00  6.0000e-01  1.2705e+11  1.3480e+00  9.5887e-02  1.2570e-01
  2.5119e+00  7.4057e+00  1.0000e-02  1.2744e+12  1.3589e+00  1.0966e+00  1.0460e-01
  2.5119e+00  7.4057e+00  2.0000e-02  1.4246e+12  1.3633e+00  8.8124e-01  9.5387e-02
  2.5119e+00  7.4057e+00  4.0000e-02  1.7469e+12  1.3722e+00  6.9057e-01  8.0582e-02
  2.5119e+00  7.4057e+00  6.0000e-02  1.8840e+12  1.3755e+00  6.0615e-01  7.7115e-02
  2.5119e+00  7.4057e+00  8.0000e-02  1.9299e+12  1.3770e+00  5.3340e-01  7.4437e-02
  2.5119e+00  7.4057e+00  1.0000e-01  2.0461e+12  1.3719e+00  4.8104e-01  6.8723e-02
  2.5119e+00  7.4057e+00  1.2000e-01  2.0168e+12  1.3681e+00  4.4834e-01  7.0150e-02
  2.5119e+00  7.4057e+00  1.4000e-01  2.0432e+12  1.3621e+00  4.0919e-01  7.0429e-02
  2.5119e+00  7.4057e+00  1.6000e-01  2.5728e+12  1.3410e+00  3.5427e-01  5.8889e-02
  2.5119e+00  7.4057e+00  1.8000e-01  4.2805e+12  1.2974e+00  2.9832e-01  4.1814e-02
  2.5119e+00  7.4057e+00  2.0000e-01  6.3191e+12  1.2628e+00  2.4486e-01  3.4664e-02
  2.5119e+00  7.4057e+00  2.2000e-01  7.4624e+12  1.2444e+00  1.9114e-01  3.3891e-02
  2.5119e+00  7.4057e+00  2.4000e-01  6.3216e+12  1.3100e+00  1.1761e-01  3.0386e-02
  2.5119e+00  7.4057e+00  2.6000e-01  2.2167e+12  1.3340e+00  1.1282e-01  6.8521e-02
  2.5119e+00  7.4057e+00  2.8000e-01  3.0749e+12  1.3251e+00  7.9746e-02  6.3254e-02
  2.5119e+00  7.4057e+00  3.0000e-01  3.6475e+12  1.3149e+00  6.4986e-02  6.0609e-02
  2.5119e+00  7.4057e+00  3.2000e-01  2.1629e+12  1.3052e+00  7.9260e-02  9.3417e-02
  2.5119e+00  7.4057e+00  3.4000e-01  1.0536e+12  1.2946e+00  1.3223e-01  1.7026e-01
  2.5119e+00  7.4057e+00  3.6000e-01  6.0933e+11  1.2843e+00  2.0806e-01  2.9288e-01
  2.5119e+00  7.4057e+00  3.8000e-01  1.4052e+12  1.5407e+00  -2.7484e+00  1.1500e-01
  2.5119e+00  7.4057e+00  4.0000e-01  3.9419e+08  1.5696e+00  -1.8429e+00  1.4034e+01
  2.5119e+00  7.4057e+00  4.2000e-01  1.2906e+11  1.2391e+00  -2.4266e+01  5.2280e-01
  2.5119e+00  7.4057e+00  4.4000e-01  9.3979e+08  6.5974e-01  6.1716e+01  1.9422e+01
  2.5119e+00  7.4057e+00  4.6000e-01  7.4703e+07  1.1035e+00  -5.2185e+02  1.5560e+00
  2.5119e+00  7.4057e+00  4.8000e-01  4.9539e+10  5.8389e-01  -2.9729e+03  9.1893e-01
  2.5119e+00  7.4057e+00  5.0000e-01  4.6914e+11  9.2431e-01  3.1725e-02  7.2481e-02
  2.5119e+00  7.4057e+00  5.2000e-01  2.7536e+11  8.6005e-01  4.0309e-01  8.4320e-02
  2.5119e+00  7.4057e+00  5.4000e-01  2.0954e+11  9.3929e-01  2.9712e-01  1.0676e-01
  2.5119e+00  7.4057e+00  5.6000e-01  1.9684e+11  1.0332e+00  2.2871e-01  1.0750e-01
  2.5119e+00  7.4057e+00  5.8000e-01  1.7326e+11  1.1287e+00  1.9371e-01  1.1431e-01
  2.5119e+00  7.4057e+00  6.0000e-01  1.5154e+11  1.2206e+00  1.6019e-01  1.2305e-01
  2.5119e+00  9.0474e+00  1.0000e-02  1.1571e+12  1.3607e+00  1.1263e+00  1.1062e-01
  2.5119e+00  9.0474e+00  2.0000e-02  1.3997e+12  1.3682e+00  8.9050e-01  9.4604e-02
  2.5119e+00  9.0474e+00  4.0000e-02  1.6374e+12  1.3742e+00  7.0277e-01  8.3525e-02
  2.5119e+00  9.0474e+00  6.0000e-02  1.7181e+12  1.3738e+00  6.1879e-01  7.9761e-02
  2.5119e+00  9.0474e+00  8.0000e-02  1.7236e+12  1.3747e+00  5.6437e-01  8.0149e-02
  2.5119e+00  9.0474e+00  1.0000e-01  1.7937e+12  1.3724e+00  5.1426e-01  7.6964e-02
  2.5119e+00  9.0474e+00  1.2000e-01  1.9176e+12  1.3684e+00  4.6370e-01  7.4278e-02
  2.5119e+00  9.0474e+00  1.4000e-01  2.2577e+12  1.3571e+00  4.0408e-01  6.7029e-02
  2.5119e+00  9.0474e+00  1.6000e-01  3.3063e+12  1.3257e+00  3.4328e-01  5.1010e-02
  2.5119e+00  9.0474e+00  1.8000e-01  5.3298e+12  1.2846e+00  2.8791e-01  3.7585e-02
  2.5119e+00  9.0474e+00  2.0000e-01  7.0914e+12  1.2610e+00  2.3542e-01  3.3184e-02
  2.5119e+00  9.0474e+00  2.2000e-01  7.8531e+12  1.2529e+00  1.8339e-01  3.3442e-02
  2.5119e+00  9.0474e+00  2.4000e-01  6.9376e+12  1.2853e+00  1.2247e-01  3.3560e-02
  2.5119e+00  9.0474e+00  2.6000e-01  2.2110e+12  1.3299e+00  1.1191e-01  7.1530e-02
  2.5119e+00  9.0474e+00  2.8000e-01  3.3025e+12  1.3284e+00  7.3595e-02  5.9645e-02
  2.5119e+00  9.0474e+00  3.0000e-01  3.6150e+12  1.3189e+00  6.3852e-02  5.9628e-02
  2.5119e+00  9.0474e+00  3.2000e-01  2.0485e+12  1.2984e+00  9.0569e-02  9.8384e-02
  2.5119e+00  9.0474e+00  3.4000e-01  1.1843e+12  1.2991e+00  1.0907e-01  1.5434e-01
  2.5119e+00  9.0474e+00  3.6000e-01  6.4825e+11  1.2651e+00  2.5724e-01  3.0274e-01
  2.5119e+00  9.0474e+00  3.8000e-01  1.6210e+12  1.5003e+00  -2.2908e+00  1.1020e-01
  2.5119e+00  9.0474e+00  4.0000e-01  3.4845e+08  1.5562e+00  7.8779e-01  1.5085e+01
  2.5119e+00  9.0474e+00  4.2000e-01  2.7449e+09  1.0033e+00  9.5828e+01  3.0403e+01
  2.5119e+00  9.0474e+00  4.4000e-01  4.8978e+08  6.1963e-01  7.8669e+00  2.5466e+01
  2.5119e+00  9.0474e+00  4.6000e-01  3.1680e+08  1.0465e+00  -5.0931e+02  4.3940e-01
  2.5119e+00  9.0474e+00  4.8000e-01  2.8708e+10  5.7821e-01  -2.1474e+03  1.5466e+00
  2.5119e+00  9.0474e+00  5.0000e-01  1.3651e+12  9.2217e-01  -1.6461e-02  2.2681e-02
  2.5119e+00  9.0474e+00  5.2000e-01  2.6235e+11  8.5742e-01  4.5927e-01  7.9143e-02
  2.5119e+00  9.0474e+00  5.4000e-01  1.9419e+11  8.9840e-01  3.7191e-01  1.0352e-01
  2.5119e+00  9.0474e+00  5.6000e-01  1.6986e+11  9.6582e-01  2.8544e-01  1.1275e-01
  2.5119e+00  9.0474e+00  5.8000e-01  1.6269e+11  1.0358e+00  2.3036e-01  1.1187e-01
  2.5119e+00  9.0474e+00  6.0000e-01  1.4923e+11  1.1061e+00  1.9937e-01  1.1632e-01
  2.5119e+00  1.1053e+01  1.0000e-02  9.6413e+11  1.3599e+00  1.2997e+00  1.3323e-01
  2.5119e+00  1.1053e+01  2.0000e-02  1.2160e+12  1.3667e+00  9.9979e-01  1.1005e-01
  2.5119e+00  1.1053e+01  4.0000e-02  1.4180e+12  1.3708e+00  8.0216e-01  9.6920e-02
  2.5119e+00  1.1053e+01  6.0000e-02  1.5364e+12  1.3723e+00  6.9192e-01  9.0229e-02
  2.5119e+00  1.1053e+01  8.0000e-02  1.6338e+12  1.3733e+00  6.0856e-01  8.5867e-02
  2.5119e+00  1.1053e+01  1.0000e-01  1.8094e+12  1.3715e+00  5.3458e-01  7.9316e-02
  2.5119e+00  1.1053e+01  1.2000e-01  2.0412e+12  1.3654e+00  4.6763e-01  7.3785e-02
  2.5119e+00  1.1053e+01  1.4000e-01  2.5742e+12  1.3486e+00  4.0108e-01  6.3080e-02
  2.5119e+00  1.1053e+01  1.6000e-01  3.9048e+12  1.3139e+00  3.4055e-01  4.6840e-02
  2.5119e+00  1.1053e+01  1.8000e-01  5.9050e+12  1.2790e+00  2.8535e-01  3.5945e-02
  2.5119e+00  1.1053e+01  2.0000e-01  7.3881e+12  1.2617e+00  2.3317e-01  3.2735e-02
  2.5119e+00  1.1053e+01  2.2000e-01  7.9684e+12  1.2568e+00  1.8249e-01  3.3333e-02
  2.5119e+00  1.1053e+01  2.4000e-01  7.0017e+12  1.2755e+00  1.2658e-01  3.5534e-02
  2.5119e+00  1.1053e+01  2.6000e-01  2.0695e+12  1.3306e+00  1.1328e-01  7.4456e-02
  2.5119e+00  1.1053e+01  2.8000e-01  3.1730e+12  1.3318e+00  7.3317e-02  5.9886e-02
  2.5119e+00  1.1053e+01  3.0000e-01  3.3559e+12  1.3203e+00  6.6274e-02  6.1910e-02
  2.5119e+00  1.1053e+01  3.2000e-01  2.0766e+12  1.2954e+00  9.3325e-02  9.7759e-02
  2.5119e+00  1.1053e+01  3.4000e-01  1.4615e+12  1.3048e+00  8.0651e-02  1.3050e-01
  2.5119e+00  1.1053e+01  3.6000e-01  7.0812e+11  1.2437e+00  3.1255e-01  3.0982e-01
  2.5119e+00  1.1053e+01  3.8000e-01  1.3549e+12  1.4569e+00  -1.7909e+00  1.2994e-01
  2.5119e+00  1.1053e+01  4.0000e-01  3.0817e+08  1.5444e+00  3.4149e+00  1.6257e+01
  2.5119e+00  1.1053e+01  4.2000e-01  4.4316e+09  9.4202e-01  8.7623e+01  2.8842e+01
  2.5119e+00  1.1053e+01  4.4000e-01  3.2156e+09  7.0022e-01  -6.5754e+01  4.8758e-01
  2.5119e+00  1.1053e+01  4.6000e-01  3.5331e+08  9.6871e-01  -4.7135e+02  3.8448e-01
  2.5119e+00  1.1053e+01  4.8000e-01  2.5344e+10  5.9070e-01  -1.5965e+03  1.0959e+00
  2.5119e+00  1.1053e+01  5.0000e-01  1.6633e+12  9.1806e-01  -8.0048e-02  1.8052e-02
  2.5119e+00  1.1053e+01  5.2000e-01  2.2546e+11  8.7289e-01  4.7695e-01  8.0520e-02
  2.5119e+00  1.1053e+01  5.4000e-01  1.7781e+11  8.8441e-01  4.3763e-01  9.7224e-02
  2.5119e+00  1.1053e+01  5.6000e-01  1.4588e+11  9.2464e-01  3.6989e-01  1.1378e-01
  2.5119e+00  1.1053e+01  5.8000e-01  1.2846e+11  9.7468e-01  3.0632e-01  1.2305e-01
  2.5119e+00  1.1053e+01  6.0000e-01  1.2366e+11  1.0289e+00  2.4869e-01  1.2096e-01
  2.5119e+00  1.3503e+01  1.0000e-02  7.6412e+11  1.3543e+00  1.6531e+00  1.5743e-01
  2.5119e+00  1.3503e+01  2.0000e-02  9.4958e+11  1.3627e+00  1.2443e+00  1.3507e-01
  2.5119e+00  1.3503e+01  4.0000e-02  1.1855e+12  1.3689e+00  9.2948e-01  1.1379e-01
  2.5119e+00  1.3503e+01  6.0000e-02  1.3812e+12  1.3726e+00  7.6021e-01  1.0073e-01
  2.5119e+00  1.3503e+01  8.0000e-02  1.5494e+12  1.3744e+00  6.4341e-01  9.1948e-02
  2.5119e+00  1.3503e+01  1.0000e-01  1.7358e+12  1.3722e+00  5.5507e-01  8.3966e-02
  2.5119e+00  1.3503e+01  1.2000e-01  1.9873e+12  1.3658e+00  4.7948e-01  7.7163e-02
  2.5119e+00  1.3503e+01  1.4000e-01  2.5339e+12  1.3490e+00  4.0741e-01  6.5240e-02
  2.5119e+00  1.3503e+01  1.6000e-01  3.8161e+12  1.3152e+00  3.4519e-01  4.8366e-02
  2.5119e+00  1.3503e+01  1.8000e-01  5.7391e+12  1.2804e+00  2.8978e-01  3.6844e-02
  2.5119e+00  1.3503e+01  2.0000e-01  7.1567e+12  1.2626e+00  2.3749e-01  3.3364e-02
  2.5119e+00  1.3503e+01  2.2000e-01  7.7346e+12  1.2556e+00  1.8736e-01  3.3862e-02
  2.5119e+00  1.3503e+01  2.4000e-01  6.6786e+12  1.2664e+00  1.3356e-01  3.7290e-02
  2.5119e+00  1.3503e+01  2.6000e-01  1.8082e+12  1.3363e+00  1.1698e-01  7.7496e-02
  2.5119e+00  1.3503e+01  2.8000e-01  2.7254e+12  1.3359e+00  7.7647e-02  6.4108e-02
  2.5119e+00  1.3503e+01  3.0000e-01  3.1055e+12  1.3206e+00  6.9645e-02  6.4341e-02
  2.5119e+00  1.3503e+01  3.2000e-01  2.1799e+12  1.2924e+00  9.3306e-02  9.4822e-02
  2.5119e+00  1.3503e+01  3.4000e-01  1.7552e+12  1.3033e+00  6.9708e-02  1.1503e-01
  2.5119e+00  1.3503e+01  3.6000e-01  7.8398e+11  1.2202e+00  3.7788e-01  3.1713e-01
  2.5119e+00  1.3503e+01  3.8000e-01  1.3419e+12  1.4117e+00  -1.3094e+00  1.3580e-01
  2.5119e+00  1.3503e+01  4.0000e-01  2.8609e+08  1.5335e+00  4.9298e+00  1.7784e+01
  2.5119e+00  1.3503e+01  4.2000e-01  4.5848e+09  8.8001e-01  5.4899e+01  4.1910e+01
  2.5119e+00  1.3503e+01  4.4000e-01  6.1620e+08  7.9124e-01  -1.3662e+02  2.3404e+00
  2.5119e+00  1.3503e+01  4.6000e-01  1.0892e+08  9.1830e-01  -4.8337e+02  1.2741e+00
  2.5119e+00  1.3503e+01  4.8000e-01  2.1572e+10  6.3369e-01  -1.2493e+03  6.9733e-01
  2.5119e+00  1.3503e+01  5.0000e-01  1.2382e+12  9.1722e-01  -2.2535e-01  2.4722e-02
  2.5119e+00  1.3503e+01  5.2000e-01  1.8252e+11  8.9211e-01  4.9349e-01  8.3648e-02
  2.5119e+00  1.3503e+01  5.4000e-01  1.4795e+11  8.8866e-01  5.1021e-01  9.5746e-02
  2.5119e+00  1.3503e+01  5.6000e-01  1.2293e+11  9.0734e-01  4.7114e-01  1.1032e-01
  2.5119e+00  1.3503e+01  5.8000e-01  1.0296e+11  9.4171e-01  4.0540e-01  1.2411e-01
  2.5119e+00  1.3503e+01  6.0000e-01  9.1727e+10  9.7722e-01  3.5268e-01  1.3256e-01
  2.5119e+00  1.6496e+01  1.0000e-02  5.5887e+11  1.3533e+00  2.2093e+00  1.8791e-01
  2.5119e+00  1.6496e+01  2.0000e-02  7.5974e+11  1.3580e+00  1.5783e+00  1.5430e-01
  2.5119e+00  1.6496e+01  4.0000e-02  9.8853e+11  1.3662e+00  1.1002e+00  1.3011e-01
  2.5119e+00  1.6496e+01  6.0000e-02  1.1412e+12  1.3691e+00  8.5603e-01  1.1717e-01
  2.5119e+00  1.6496e+01  8.0000e-02  1.3695e+12  1.3741e+00  6.9303e-01  1.0179e-01
  2.5119e+00  1.6496e+01  1.0000e-01  1.5676e+12  1.3726e+00  5.8724e-01  9.1349e-02
  2.5119e+00  1.6496e+01  1.2000e-01  1.7706e+12  1.3691e+00  5.0265e-01  8.4830e-02
  2.5119e+00  1.6496e+01  1.4000e-01  2.1666e+12  1.3576e+00  4.2295e-01  7.3825e-02
  2.5119e+00  1.6496e+01  1.6000e-01  3.1350e+12  1.3287e+00  3.5568e-01  5.5828e-02
  2.5119e+00  1.6496e+01  1.8000e-01  4.8273e+12  1.2907e+00  3.0058e-01  4.1036e-02
  2.5119e+00  1.6496e+01  2.0000e-01  6.3593e+12  1.2657e+00  2.4835e-01  3.5442e-02
  2.5119e+00  1.6496e+01  2.2000e-01  7.0800e+12  1.2516e+00  1.9823e-01  3.5331e-02
  2.5119e+00  1.6496e+01  2.4000e-01  6.0081e+12  1.2528e+00  1.4717e-01  3.9684e-02
  2.5119e+00  1.6496e+01  2.6000e-01  1.3801e+12  1.3484e+00  1.2548e-01  8.3789e-02
  2.5119e+00  1.6496e+01  2.8000e-01  2.1796e+12  1.3433e+00  8.3787e-02  7.0119e-02
  2.5119e+00  1.6496e+01  3.0000e-01  2.7823e+12  1.3210e+00  7.3751e-02  6.7784e-02
  2.5119e+00  1.6496e+01  3.2000e-01  2.2632e+12  1.2892e+00  9.3818e-02  9.2244e-02
  2.5119e+00  1.6496e+01  3.4000e-01  1.7683e+12  1.2849e+00  9.1223e-02  1.2154e-01
  2.5119e+00  1.6496e+01  3.6000e-01  8.9436e+11  1.1947e+00  4.4535e-01  3.1955e-01
  2.5119e+00  1.6496e+01  3.8000e-01  7.3142e+10  1.3480e+00  -3.8867e-01  1.2509e+00
  2.5119e+00  1.6496e+01  4.0000e-01  1.1702e+11  1.5726e+00  -1.2685e+01  3.9624e-01
  2.5119e+00  1.6496e+01  4.2000e-01  1.8370e+09  8.9866e-01  2.8368e+01  6.4251e+01
  2.5119e+00  1.6496e+01  4.4000e-01  4.3732e+08  8.3687e-01  -2.0194e+02  2.2739e+00
  2.5119e+00  1.6496e+01  4.6000e-01  8.7715e+07  8.3940e-01  -4.4378e+02  1.6525e+00
  2.5119e+00  1.6496e+01  4.8000e-01  9.0595e+09  6.9982e-01  -8.8043e+02  9.2583e-01
  2.5119e+00  1.6496e+01  5.0000e-01  6.6728e+11  9.3430e-01  -7.2764e-01  4.8376e-02
  2.5119e+00  1.6496e+01  5.2000e-01  1.3689e+11  9.1346e-01  5.0888e-01  8.8799e-02
  2.5119e+00  1.6496e+01  5.4000e-01  1.0768e+11  9.1007e-01  5.5668e-01  1.0067e-01
  2.5119e+00  1.6496e+01  5.6000e-01  9.2135e+10  9.1483e-01  5.6949e-01  1.0877e-01
  2.5119e+00  1.6496e+01  5.8000e-01  7.6984e+10  9.3211e-01  5.4537e-01  1.2136e-01
  2.5119e+00  1.6496e+01  6.0000e-01  6.4463e+10  9.5726e-01  4.9430e-01  1.3449e-01
  2.5119e+00  2.0153e+01  1.0000e-02  3.5409e+11  1.3600e+00  3.2685e+00  2.4797e-01
  2.5119e+00  2.0153e+01  2.0000e-02  5.8124e+11  1.3613e+00  1.9992e+00  1.7883e-01
  2.5119e+00  2.0153e+01  4.0000e-02  8.6488e+11  1.3650e+00  1.2879e+00  1.3953e-01
  2.5119e+00  2.0153e+01  6.0000e-02  1.0385e+12  1.3689e+00  9.7935e-01  1.2431e-01
  2.5119e+00  2.0153e+01  8.0000e-02  1.1646e+12  1.3725e+00  7.8633e-01  1.1529e-01
  2.5119e+00  2.0153e+01  1.0000e-01  1.3309e+12  1.3721e+00  6.4528e-01  1.0310e-01
  2.5119e+00  2.0153e+01  1.2000e-01  1.4695e+12  1.3731e+00  5.4381e-01  9.7218e-02
  2.5119e+00  2.0153e+01  1.4000e-01  1.6455e+12  1.3708e+00  4.5299e-01  9.0216e-02
  2.5119e+00  2.0153e+01  1.6000e-01  2.1985e+12  1.3515e+00  3.7451e-01  7.1306e-02
  2.5119e+00  2.0153e+01  1.8000e-01  3.3879e+12  1.3138e+00  3.1670e-01  5.1204e-02
  2.5119e+00  2.0153e+01  2.0000e-01  4.9197e+12  1.2768e+00  2.6613e-01  4.0570e-02
  2.5119e+00  2.0153e+01  2.2000e-01  5.8888e+12  1.2506e+00  2.1639e-01  3.8378e-02
  2.5119e+00  2.0153e+01  2.4000e-01  5.3991e+12  1.2235e+00  1.7965e-01  4.1878e-02
  2.5119e+00  2.0153e+01  2.6000e-01  8.6474e+11  1.3725e+00  1.4083e-01  9.4899e-02
  2.5119e+00  2.0153e+01  2.8000e-01  1.5890e+12  1.3566e+00  9.1227e-02  7.8475e-02
  2.5119e+00  2.0153e+01  3.0000e-01  2.4166e+12  1.3238e+00  7.7878e-02  7.1435e-02
  2.5119e+00  2.0153e+01  3.2000e-01  2.2917e+12  1.2871e+00  9.5133e-02  8.9693e-02
  2.5119e+00  2.0153e+01  3.4000e-01  1.8333e+12  1.2637e+00  1.1931e-01  1.2439e-01
  2.5119e+00  2.0153e+01  3.6000e-01  1.0747e+12  1.1622e+00  5.2217e-01  3.1574e-01
  2.5119e+00  2.0153e+01  3.8000e-01  8.9961e+10  1.2315e+00  1.2378e+00  1.6707e+00
  2.5119e+00  2.0153e+01  4.0000e-01  3.2175e+11  1.4374e+00  -1.4823e+01  3.1207e-01
  2.5119e+00  2.0153e+01  4.2000e-01  3.7388e+08  9.6042e-01  7.5807e+01  9.1632e+01
  2.5119e+00  2.0153e+01  4.4000e-01  3.1462e+08  8.4440e-01  -2.7635e+02  2.4407e+00
  2.5119e+00  2.0153e+01  4.6000e-01  7.9994e+07  8.1027e-01  -4.4616e+02  1.6363e+00
  2.5119e+00  2.0153e+01  4.8000e-01  1.7794e+09  8.7014e-01  -5.5923e+02  1.1408e+00
  2.5119e+00  2.0153e+01  5.0000e-01  4.3484e+11  9.7333e-01  -2.1995e+00  7.6377e-02
  2.5119e+00  2.0153e+01  5.2000e-01  9.2264e+10  9.3655e-01  5.2650e-01  9.6937e-02
  2.5119e+00  2.0153e+01  5.4000e-01  6.9683e+10  9.3718e-01  6.0220e-01  1.0701e-01
  2.5119e+00  2.0153e+01  5.6000e-01  5.8334e+10  9.4040e-01  6.3321e-01  1.1418e-01
  2.5119e+00  2.0153e+01  5.8000e-01  5.0429e+10  9.4733e-01  6.4132e-01  1.1939e-01
  2.5119e+00  2.0153e+01  6.0000e-01  4.2836e+10  9.5764e-01  6.4243e-01  1.2787e-01
  2.5119e+00  2.4621e+01  1.0000e-02  5.3011e+10  1.4831e+00  6.0871e+00  7.4498e-01
  2.5119e+00  2.4621e+01  2.0000e-02  3.8331e+11  1.3715e+00  2.7726e+00  2.2953e-01
  2.5119e+00  2.4621e+01  4.0000e-02  7.1383e+11  1.3669e+00  1.5415e+00  1.5397e-01
  2.5119e+00  2.4621e+01  6.0000e-02  9.2268e+11  1.3690e+00  1.1227e+00  1.3187e-01
  2.5119e+00  2.4621e+01  8.0000e-02  1.0669e+12  1.3726e+00  8.8666e-01  1.2147e-01
  2.5119e+00  2.4621e+01  1.0000e-01  1.2171e+12  1.3743e+00  7.2068e-01  1.1020e-01
  2.5119e+00  2.4621e+01  1.2000e-01  1.3723e+12  1.3733e+00  6.0642e-01  1.0083e-01
  2.5119e+00  2.4621e+01  1.4000e-01  1.4494e+12  1.3744e+00  5.1599e-01  9.8756e-02
  2.5119e+00  2.4621e+01  1.6000e-01  1.5853e+12  1.3718e+00  4.2830e-01  9.2317e-02
  2.5119e+00  2.4621e+01  1.8000e-01  2.0638e+12  1.3523e+00  3.5342e-01  7.3432e-02
  2.5119e+00  2.4621e+01  2.0000e-01  3.0753e+12  1.3150e+00  2.9897e-01  5.3762e-02
  2.5119e+00  2.4621e+01  2.2000e-01  4.2986e+12  1.2764e+00  2.5199e-01  4.3976e-02
  2.5119e+00  2.4621e+01  2.4000e-01  4.6780e+12  1.2412e+00  2.1378e-01  4.4369e-02
  2.5119e+00  2.4621e+01  2.6000e-01  1.2149e+12  1.2659e+00  2.6979e-01  7.8237e-02
  2.5119e+00  2.4621e+01  2.8000e-01  5.9586e+11  1.4268e+00  9.5462e-02  1.0173e-01
  2.5119e+00  2.4621e+01  3.0000e-01  1.7225e+12  1.3774e+00  5.8762e-02  6.7392e-02
  2.5119e+00  2.4621e+01  3.2000e-01  2.9409e+12  1.3383e+00  4.9244e-02  5.6371e-02
  2.5119e+00  2.4621e+01  3.4000e-01  2.5635e+12  1.3085e+00  5.1828e-02  7.2649e-02
  2.5119e+00  2.4621e+01  3.6000e-01  1.1733e+12  1.2561e+00  1.1067e-01  1.6870e-01
  2.5119e+00  2.4621e+01  3.8000e-01  4.1591e+11  1.2321e+00  -5.0407e-02  4.9913e-01
  2.5119e+00  2.4621e+01  4.0000e-01  1.8180e+11  1.6013e+00  -2.4395e+01  3.9495e-01
  2.5119e+00  2.4621e+01  4.2000e-01  2.9811e+09  1.4922e+00  -1.9887e+02  2.0211e+00
  2.5119e+00  2.4621e+01  4.4000e-01  2.5753e+08  8.5116e-01  -3.7766e+02  2.2659e+00
  2.5119e+00  2.4621e+01  4.6000e-01  7.5304e+07  7.9631e-01  -4.4883e+02  1.4436e+00
  2.5119e+00  2.4621e+01  4.8000e-01  1.9364e+08  1.0827e+00  -5.8149e+02  2.2663e+00
  2.5119e+00  2.4621e+01  5.0000e-01  1.5000e+11  1.1073e+00  -1.1655e+01  2.0378e-01
  2.5119e+00  2.4621e+01  5.2000e-01  5.7366e+10  9.6150e-01  5.3401e-01  1.0494e-01
  2.5119e+00  2.4621e+01  5.4000e-01  4.0929e+10  9.6557e-01  6.3466e-01  1.1444e-01
  2.5119e+00  2.4621e+01  5.6000e-01  3.4021e+10  9.6783e-01  6.7843e-01  1.1848e-01
  2.5119e+00  2.4621e+01  5.8000e-01  2.9734e+10  9.6923e-01  6.9892e-01  1.2074e-01
  2.5119e+00  2.4621e+01  6.0000e-01  2.5232e+10  9.7726e-01  6.9904e-01  1.2611e-01
  2.5119e+00  3.0079e+01  1.0000e-02  3.0131e+09  1.7221e+00  8.5395e+00  6.2428e+00
  2.5119e+00  3.0079e+01  2.0000e-02  1.0327e+11  1.4526e+00  4.4715e+00  5.0477e-01
  2.5119e+00  3.0079e+01  4.0000e-02  5.0405e+11  1.3768e+00  1.9755e+00  1.8794e-01
  2.5119e+00  3.0079e+01  6.0000e-02  7.6677e+11  1.3710e+00  1.3334e+00  1.4487e-01
  2.5119e+00  3.0079e+01  8.0000e-02  9.4585e+11  1.3724e+00  1.0200e+00  1.2876e-01
  2.5119e+00  3.0079e+01  1.0000e-01  1.0861e+12  1.3757e+00  8.1159e-01  1.1808e-01
  2.5119e+00  3.0079e+01  1.2000e-01  1.2583e+12  1.3746e+00  6.6974e-01  1.0624e-01
  2.5119e+00  3.0079e+01  1.4000e-01  1.3796e+12  1.3751e+00  5.6691e-01  1.0093e-01
  2.5119e+00  3.0079e+01  1.6000e-01  1.4613e+12  1.3761e+00  4.7644e-01  9.8000e-02
  2.5119e+00  3.0079e+01  1.8000e-01  1.6829e+12  1.3692e+00  3.9468e-01  8.6991e-02
  2.5119e+00  3.0079e+01  2.0000e-01  2.2429e+12  1.3467e+00  3.3131e-01  6.8227e-02
  2.5119e+00  3.0079e+01  2.2000e-01  3.1635e+12  1.3135e+00  2.8450e-01  5.2478e-02
  2.5119e+00  3.0079e+01  2.4000e-01  4.1892e+12  1.2798e+00  2.4266e-01  4.4362e-02
  2.5119e+00  3.0079e+01  2.6000e-01  4.5231e+12  1.2486e+00  2.0752e-01  4.4584e-02
  2.5119e+00  3.0079e+01  2.8000e-01  3.7420e+12  1.1786e+00  2.4089e-01  5.7217e-02
  2.5119e+00  3.0079e+01  3.0000e-01  2.5508e+11  1.4297e+00  1.6318e-01  1.5718e-01
  2.5119e+00  3.0079e+01  3.2000e-01  1.1638e+12  1.4025e+00  4.2324e-02  7.7613e-02
  2.5119e+00  3.0079e+01  3.4000e-01  1.3203e+13  1.3820e+00  2.2723e-03  1.5989e-02
  2.5119e+00  3.0079e+01  3.6000e-01  1.2557e+13  1.3245e+00  -1.1333e-02  2.0302e-02
  2.5119e+00  3.0079e+01  3.8000e-01  1.0518e+13  1.2994e+00  -1.0676e-01  2.5361e-02
  2.5119e+00  3.0079e+01  4.0000e-01  3.9958e+10  1.2028e+00  2.1381e+00  2.6119e+00
  2.5119e+00  3.0079e+01  4.2000e-01  3.4931e+11  7.3405e-01  -6.3832e+01  1.6906e+00
  2.5119e+00  3.0079e+01  4.4000e-01  2.0513e+09  8.5911e-01  -3.8641e+02  1.8351e-01
  2.5119e+00  3.0079e+01  4.6000e-01  5.6772e+07  7.9932e-01  -4.5315e+02  1.5321e+00
  2.5119e+00  3.0079e+01  4.8000e-01  5.9891e+07  1.1602e+00  -5.9407e+02  2.8066e+00
  2.5119e+00  3.0079e+01  5.0000e-01  3.4249e+10  1.3053e+00  -4.4850e+01  5.8066e-01
  2.5119e+00  3.0079e+01  5.2000e-01  3.2286e+10  9.8382e-01  5.4113e-01  1.1805e-01
  2.5119e+00  3.0079e+01  5.4000e-01  2.3276e+10  9.8915e-01  6.5053e-01  1.2069e-01
  2.5119e+00  3.0079e+01  5.6000e-01  1.9053e+10  9.9241e-01  6.9973e-01  1.2282e-01
  2.5119e+00  3.0079e+01  5.8000e-01  1.6135e+10  9.9670e-01  7.1157e-01  1.2627e-01
  2.5119e+00  3.0079e+01  6.0000e-01  1.2980e+10  1.0070e+00  7.0964e-01  1.3579e-01
  2.5119e+00  3.6747e+01  1.0000e-02  6.0546e+08  1.9616e+00  -6.2988e+00  1.0565e+01
  2.5119e+00  3.6747e+01  2.0000e-02  4.7249e+09  1.7180e+00  5.9310e+00  3.5300e+00
  2.5119e+00  3.6747e+01  4.0000e-02  2.6870e+11  1.4033e+00  2.8368e+00  2.7967e-01
  2.5119e+00  3.6747e+01  6.0000e-02  5.4647e+11  1.3816e+00  1.6866e+00  1.7495e-01
  2.5119e+00  3.6747e+01  8.0000e-02  8.1281e+11  1.3761e+00  1.2128e+00  1.3690e-01
  2.5119e+00  3.6747e+01  1.0000e-01  9.4365e+11  1.3766e+00  9.4672e-01  1.2677e-01
  2.5119e+00  3.6747e+01  1.2000e-01  1.1166e+12  1.3765e+00  7.5971e-01  1.1320e-01
  2.5119e+00  3.6747e+01  1.4000e-01  1.2668e+12  1.3755e+00  6.3374e-01  1.0507e-01
  2.5119e+00  3.6747e+01  1.6000e-01  1.3378e+12  1.3773e+00  5.3138e-01  1.0292e-01
  2.5119e+00  3.6747e+01  1.8000e-01  1.4772e+12  1.3751e+00  4.3834e-01  9.5437e-02
  2.5119e+00  3.6747e+01  2.0000e-01  1.8415e+12  1.3608e+00  3.6156e-01  7.8962e-02
  2.5119e+00  3.6747e+01  2.2000e-01  2.5472e+12  1.3322e+00  3.0791e-01  6.0675e-02
  2.5119e+00  3.6747e+01  2.4000e-01  3.5215e+12  1.2985e+00  2.6412e-01  4.8420e-02
  2.5119e+00  3.6747e+01  2.6000e-01  4.2871e+12  1.2679e+00  2.2407e-01  4.4048e-02
  2.5119e+00  3.6747e+01  2.8000e-01  3.8810e+12  1.2258e+00  2.1629e-01  5.0896e-02
  2.5119e+00  3.6747e+01  3.0000e-01  4.4345e+11  1.2758e+00  4.6589e-01  1.3392e-01
  2.5119e+00  3.6747e+01  3.2000e-01  3.6333e+11  1.4284e+00  9.8482e-02  1.3631e-01
  2.5119e+00  3.6747e+01  3.4000e-01  6.4103e+12  1.4063e+00  7.5697e-03  2.3029e-02
  2.5119e+00  3.6747e+01  3.6000e-01  1.6351e+13  1.3594e+00  -5.3688e-03  1.4183e-02
  2.5119e+00  3.6747e+01  3.8000e-01  1.0803e+13  1.3616e+00  -8.6272e-02  1.9361e-02
  2.5119e+00  3.6747e+01  4.0000e-01  1.9377e+11  1.1683e+00  6.0711e-01  7.8849e-01
  2.5119e+00  3.6747e+01  4.2000e-01  3.1002e+11  1.2658e+00  -3.2208e+01  5.6764e-01
  2.5119e+00  3.6747e+01  4.4000e-01  2.3601e+08  1.4903e+00  -2.1367e+02  1.6313e+00
  2.5119e+00  3.6747e+01  4.6000e-01  5.9594e+07  8.2684e-01  -4.7052e+02  9.6362e-01
  2.5119e+00  3.6747e+01  4.8000e-01  2.9132e+08  1.0365e+00  -5.5464e+02  4.7328e-01
  2.5119e+00  3.6747e+01  5.0000e-01  1.8835e+10  1.4727e+00  -9.0130e+01  7.1815e-01
  2.5119e+00  3.6747e+01  5.2000e-01  1.8247e+10  1.0001e+00  5.4158e-01  1.2759e-01
  2.5119e+00  3.6747e+01  5.4000e-01  1.3059e+10  1.0087e+00  6.4346e-01  1.2555e-01
  2.5119e+00  3.6747e+01  5.6000e-01  1.0382e+10  1.0155e+00  6.9356e-01  1.2935e-01
  2.5119e+00  3.6747e+01  5.8000e-01  7.9852e+09  1.0300e+00  6.9393e-01  1.4093e-01
  2.5119e+00  3.6747e+01  6.0000e-01  6.5786e+09  1.0374e+00  6.9601e-01  1.4802e-01
  2.5119e+00  4.4893e+01  1.0000e-02  1.7678e+11  2.1632e+00  -2.6151e+01  4.5666e-01
  2.5119e+00  4.4893e+01  2.0000e-02  1.9976e+09  1.7888e+00  3.3922e+00  7.8880e+00
  2.5119e+00  4.4893e+01  4.0000e-02  1.6677e+10  1.6310e+00  4.1524e+00  1.1743e+00
  2.5119e+00  4.4893e+01  6.0000e-02  2.9759e+11  1.4088e+00  2.3776e+00  2.5536e-01
  2.5119e+00  4.4893e+01  8.0000e-02  5.4671e+11  1.3870e+00  1.5585e+00  1.7060e-01
  2.5119e+00  4.4893e+01  1.0000e-01  7.5759e+11  1.3804e+00  1.1599e+00  1.4097e-01
  2.5119e+00  4.4893e+01  1.2000e-01  9.2904e+11  1.3790e+00  9.0388e-01  1.2434e-01
  2.5119e+00  4.4893e+01  1.4000e-01  1.1043e+12  1.3773e+00  7.3335e-01  1.1174e-01
  2.5119e+00  4.4893e+01  1.6000e-01  1.1725e+12  1.3783e+00  6.1077e-01  1.0970e-01
  2.5119e+00  4.4893e+01  1.8000e-01  1.2690e+12  1.3791e+00  5.0118e-01  1.0472e-01
  2.5119e+00  4.4893e+01  2.0000e-01  1.5113e+12  1.3714e+00  4.0710e-01  9.0564e-02
  2.5119e+00  4.4893e+01  2.2000e-01  2.0138e+12  1.3490e+00  3.3940e-01  7.1144e-02
  2.5119e+00  4.4893e+01  2.4000e-01  2.8287e+12  1.3164e+00  2.8998e-01  5.4955e-02
  2.5119e+00  4.4893e+01  2.6000e-01  3.7087e+12  1.2841e+00  2.4716e-01  4.6556e-02
  2.5119e+00  4.4893e+01  2.8000e-01  4.0003e+12  1.2541e+00  2.1147e-01  4.6432e-02
  2.5119e+00  4.4893e+01  3.0000e-01  3.5926e+12  1.1768e+00  2.4988e-01  5.8185e-02
  2.5119e+00  4.4893e+01  3.2000e-01  1.7510e+11  1.4245e+00  2.2152e-01  1.8083e-01
  2.5119e+00  4.4893e+01  3.4000e-01  6.2721e+11  1.4105e+00  5.7722e-02  1.0498e-01
  2.5119e+00  4.4893e+01  3.6000e-01  1.1610e+13  1.3856e+00  -3.0900e-03  1.5929e-02
  2.5119e+00  4.4893e+01  3.8000e-01  1.2596e+13  1.3922e+00  -9.5519e-02  1.5585e-02
  2.5119e+00  4.4893e+01  4.0000e-01  5.4508e+12  1.2420e+00  -7.9695e-02  4.2485e-02
  2.5119e+00  4.4893e+01  4.2000e-01  5.7195e+11  1.3210e+00  -1.7968e+00  1.8898e-01
  2.5119e+00  4.4893e+01  4.4000e-01  2.7596e+11  6.6677e-01  -6.0585e+01  1.2412e+00
  2.5119e+00  4.4893e+01  4.6000e-01  3.8447e+07  7.8638e-01  -4.3434e+02  1.2336e+00
  2.5119e+00  4.4893e+01  4.8000e-01  1.3984e+08  9.1900e-01  -5.2699e+02  5.9468e-01
  2.5119e+00  4.4893e+01  5.0000e-01  4.6752e+09  1.6244e+00  -1.4451e+02  1.3624e+00
  2.5119e+00  4.4893e+01  5.2000e-01  1.0326e+10  1.0116e+00  5.3861e-01  1.3582e-01
  2.5119e+00  4.4893e+01  5.4000e-01  7.2078e+09  1.0246e+00  6.2298e-01  1.3362e-01
  2.5119e+00  4.4893e+01  5.6000e-01  5.3499e+09  1.0428e+00  6.5803e-01  1.4242e-01
  2.5119e+00  4.4893e+01  5.8000e-01  4.0672e+09  1.0598e+00  6.5770e-01  1.5833e-01
  2.5119e+00  4.4893e+01  6.0000e-01  3.6108e+09  1.0580e+00  6.8017e-01  1.5405e-01
  2.5119e+00  5.4844e+01  1.0000e-02  4.4788e+10  2.6822e+00  -1.0285e+02  5.7418e-01
  2.5119e+00  5.4844e+01  2.0000e-02  7.5537e+11  1.9875e+00  -1.1009e+01  2.5452e-01
  2.5119e+00  5.4844e+01  4.0000e-02  6.6045e+09  1.7125e+00  3.8546e+00  3.6239e+00
  2.5119e+00  5.4844e+01  6.0000e-02  2.6369e+10  1.6065e+00  3.3601e+00  9.1690e-01
  2.5119e+00  5.4844e+01  8.0000e-02  2.5736e+11  1.4266e+00  2.2264e+00  2.7137e-01
  2.5119e+00  5.4844e+01  1.0000e-01  4.8825e+11  1.3953e+00  1.5436e+00  1.7893e-01
  2.5119e+00  5.4844e+01  1.2000e-01  6.7848e+11  1.3861e+00  1.1533e+00  1.4646e-01
  2.5119e+00  5.4844e+01  1.4000e-01  8.6720e+11  1.3805e+00  9.0260e-01  1.2573e-01
  2.5119e+00  5.4844e+01  1.6000e-01  1.0001e+12  1.3787e+00  7.3563e-01  1.1675e-01
  2.5119e+00  5.4844e+01  1.8000e-01  1.0666e+12  1.3809e+00  6.0186e-01  1.1421e-01
  2.5119e+00  5.4844e+01  2.0000e-01  1.1922e+12  1.3797e+00  4.8322e-01  1.0532e-01
  2.5119e+00  5.4844e+01  2.2000e-01  1.5077e+12  1.3658e+00  3.9091e-01  8.6481e-02
  2.5119e+00  5.4844e+01  2.4000e-01  2.1039e+12  1.3374e+00  3.2832e-01  6.6069e-02
  2.5119e+00  5.4844e+01  2.6000e-01  2.9134e+12  1.3038e+00  2.7956e-01  5.2473e-02
  2.5119e+00  5.4844e+01  2.8000e-01  3.5823e+12  1.2733e+00  2.3689e-01  4.7069e-02
  2.5119e+00  5.4844e+01  3.0000e-01  3.3499e+12  1.2354e+00  2.1862e-01  5.2441e-02
  2.5119e+00  5.4844e+01  3.2000e-01  1.0774e+12  1.2275e+00  2.9890e-01  9.1631e-02
  2.5119e+00  5.4844e+01  3.4000e-01  2.6346e+11  1.4304e+00  1.1973e-01  1.5046e-01
  2.5119e+00  5.4844e+01  3.6000e-01  3.8472e+12  1.4111e+00  9.0072e-03  2.9268e-02
  2.5119e+00  5.4844e+01  3.8000e-01  1.2457e+13  1.3617e+00  -6.9803e-03  1.5354e-02
  2.5119e+00  5.4844e+01  4.0000e-01  8.2904e+12  1.3604e+00  -8.3292e-02  2.0549e-02
  2.5119e+00  5.4844e+01  4.2000e-01  1.4467e+11  1.1977e+00  4.2851e-01  7.2166e-01
  2.5119e+00  5.4844e+01  4.4000e-01  2.6104e+11  1.3496e+00  -3.0411e+01  4.1807e-01
  2.5119e+00  5.4844e+01  4.6000e-01  1.4193e+08  1.4496e+00  -3.8282e+02  2.7665e+00
  2.5119e+00  5.4844e+01  4.8000e-01  4.4577e+07  8.7240e-01  -5.4446e+02  1.0773e+00
  2.5119e+00  5.4844e+01  5.0000e-01  3.2501e+09  1.6908e+00  -1.5784e+02  1.2776e+00
  2.5119e+00  5.4844e+01  5.2000e-01  5.7945e+09  1.0251e+00  5.1337e-01  1.4730e-01
  2.5119e+00  5.4844e+01  5.4000e-01  3.8225e+09  1.0464e+00  5.7019e-01  1.5185e-01
  2.5119e+00  5.4844e+01  5.6000e-01  2.9236e+09  1.0636e+00  6.1923e-01  1.5586e-01
  2.5119e+00  5.4844e+01  5.8000e-01  2.3412e+09  1.0746e+00  6.5228e-01  1.6213e-01
  2.5119e+00  5.4844e+01  6.0000e-01  2.0521e+09  1.0700e+00  7.1827e-01  1.6155e-01
  2.5119e+00  6.7002e+01  1.0000e-02  2.4829e+09  3.8766e+00  -4.7481e+02  9.2161e-01
  2.5119e+00  6.7002e+01  2.0000e-02  2.3450e+11  2.1559e+00  -2.4420e+01  3.6523e-01
  2.5119e+00  6.7002e+01  4.0000e-02  3.3055e+09  1.8033e+00  -2.4663e-01  5.5522e+00
  2.5119e+00  6.7002e+01  6.0000e-02  8.7565e+09  1.7087e+00  2.9673e+00  2.7938e+00
  2.5119e+00  6.7002e+01  8.0000e-02  1.3945e+10  1.6795e+00  2.8373e+00  1.2040e+00
  2.5119e+00  6.7002e+01  1.0000e-01  1.5593e+11  1.4697e+00  2.2449e+00  3.5520e-01
  2.5119e+00  6.7002e+01  1.2000e-01  3.7454e+11  1.4110e+00  1.6326e+00  2.0582e-01
  2.5119e+00  6.7002e+01  1.4000e-01  5.5693e+11  1.3948e+00  1.2159e+00  1.5876e-01
  2.5119e+00  6.7002e+01  1.6000e-01  7.4176e+11  1.3834e+00  9.5419e-01  1.3350e-01
  2.5119e+00  6.7002e+01  1.8000e-01  8.6309e+11  1.3809e+00  7.7304e-01  1.2390e-01
  2.5119e+00  6.7002e+01  2.0000e-01  9.3075e+11  1.3834e+00  6.2069e-01  1.1996e-01
  2.5119e+00  6.7002e+01  2.2000e-01  1.0739e+12  1.3802e+00  4.8874e-01  1.0751e-01
  2.5119e+00  6.7002e+01  2.4000e-01  1.5294e+12  1.3635e+00  3.8814e-01  8.0736e-02
  2.5119e+00  6.7002e+01  2.6000e-01  1.9887e+12  1.3313e+00  3.3041e-01  6.5385e-02
  2.5119e+00  6.7002e+01  2.8000e-01  2.6943e+12  1.2981e+00  2.8064e-01  5.3233e-02
  2.5119e+00  6.7002e+01  3.0000e-01  3.1629e+12  1.2684e+00  2.3722e-01  4.9397e-02
  2.5119e+00  6.7002e+01  3.2000e-01  2.8707e+12  1.2185e+00  2.3670e-01  5.6873e-02
  2.5119e+00  6.7002e+01  3.4000e-01  2.3305e+11  1.3303e+00  4.0038e-01  1.5665e-01
  2.5119e+00  6.7002e+01  3.6000e-01  3.2695e+11  1.4183e+00  9.5204e-02  1.3361e-01
  2.5119e+00  6.7002e+01  3.8000e-01  8.1569e+12  1.3979e+00  4.4505e-03  1.6817e-02
  2.5119e+00  6.7002e+01  4.0000e-01  1.2984e+13  1.3558e+00  -1.5910e-02  1.3704e-02
  2.5119e+00  6.7002e+01  4.2000e-01  7.9864e+12  1.3261e+00  -9.6826e-02  2.0393e-02
  2.5119e+00  6.7002e+01  4.4000e-01  3.2265e+10  1.2320e+00  1.2717e+00  1.6122e+00
  2.5119e+00  6.7002e+01  4.6000e-01  2.4468e+10  7.3336e-01  3.7074e+01  3.0220e+01
  2.5119e+00  6.7002e+01  4.8000e-01  1.6955e+07  7.6433e-01  -4.1859e+02  1.7456e+00
  2.5119e+00  6.7002e+01  5.0000e-01  2.1144e+09  1.6254e+00  -1.0897e+02  1.2125e+00
  2.5119e+00  6.7002e+01  5.2000e-01  3.1302e+09  1.0490e+00  4.5615e-01  1.6515e-01
  2.5119e+00  6.7002e+01  5.4000e-01  2.5401e+09  1.0474e+00  5.2261e-01  1.5496e-01
  2.5119e+00  6.7002e+01  5.6000e-01  2.0659e+09  1.0487e+00  6.7220e-01  1.5179e-01
  2.5119e+00  6.7002e+01  5.8000e-01  1.9058e+09  1.0449e+00  7.3256e-01  1.4530e-01
  2.5119e+00  6.7002e+01  6.0000e-01  1.4369e+09  1.0632e+00  7.3774e-01  1.5377e-01
  2.5119e+00  8.1855e+01  1.0000e-02  1.2684e+08  5.1806e+00  -1.0900e+03  1.2758e+00
  2.5119e+00  8.1855e+01  2.0000e-02  1.5958e+10  2.7531e+00  -1.1128e+02  7.7000e-01
  2.5119e+00  8.1855e+01  4.0000e-02  6.4278e+11  1.9249e+00  -7.7040e+00  2.6262e-01
  2.5119e+00  8.1855e+01  6.0000e-02  5.7360e+09  1.7644e+00  3.1350e-01  4.1926e+00
  2.5119e+00  8.1855e+01  8.0000e-02  1.0429e+10  1.7044e+00  2.2466e+00  2.6414e+00
  2.5119e+00  8.1855e+01  1.0000e-01  1.0567e+10  1.7169e+00  2.3197e+00  1.6175e+00
  2.5119e+00  8.1855e+01  1.2000e-01  4.3028e+10  1.5865e+00  2.2437e+00  6.6969e-01
  2.5119e+00  8.1855e+01  1.4000e-01  1.9790e+11  1.4563e+00  1.8247e+00  2.9489e-01
  2.5119e+00  8.1855e+01  1.6000e-01  3.7874e+11  1.4137e+00  1.3867e+00  1.9315e-01
  2.5119e+00  8.1855e+01  1.8000e-01  5.5544e+11  1.3931e+00  1.0839e+00  1.5140e-01
  2.5119e+00  8.1855e+01  2.0000e-01  6.8270e+11  1.3847e+00  8.7435e-01  1.3574e-01
  2.5119e+00  8.1855e+01  2.2000e-01  7.6107e+11  1.3868e+00  6.9194e-01  1.2839e-01
  2.5119e+00  8.1855e+01  2.4000e-01  8.6914e+11  1.3836e+00  5.3665e-01  1.1614e-01
  2.5119e+00  8.1855e+01  2.6000e-01  1.1429e+12  1.3660e+00  4.2488e-01  9.2882e-02
  2.5119e+00  8.1855e+01  2.8000e-01  1.6235e+12  1.3346e+00  3.5356e-01  7.0497e-02
  2.5119e+00  8.1855e+01  3.0000e-01  2.1971e+12  1.3014e+00  2.9953e-01  5.7184e-02
  2.5119e+00  8.1855e+01  3.2000e-01  2.5858e+12  1.2715e+00  2.5304e-01  5.2641e-02
  2.5119e+00  8.1855e+01  3.4000e-01  2.4526e+12  1.2261e+00  2.3890e-01  5.7703e-02
  2.5119e+00  8.1855e+01  3.6000e-01  3.1549e+11  1.3058e+00  3.3281e-01  1.3204e-01
  2.5119e+00  8.1855e+01  3.8000e-01  2.6639e+11  1.4193e+00  1.0147e-01  1.3564e-01
  2.5119e+00  8.1855e+01  4.0000e-01  3.6552e+12  1.3978e+00  8.8410e-03  2.5857e-02
  2.5119e+00  8.1855e+01  4.2000e-01  8.7576e+12  1.3540e+00  -1.1146e-02  1.5602e-02
  2.5119e+00  8.1855e+01  4.4000e-01  3.4698e+12  1.3260e+00  -9.5463e-02  3.0862e-02
  2.5119e+00  8.1855e+01  4.6000e-01  1.8673e+10  1.2357e+00  1.2391e+00  1.8374e+00
  2.5119e+00  8.1855e+01  4.8000e-01  1.3060e+11  6.2745e-01  -1.5436e+01  9.7861e-01
  2.5119e+00  8.1855e+01  5.0000e-01  1.0186e+09  1.4702e+00  -5.7361e+01  1.3812e+00
  2.5119e+00  8.1855e+01  5.2000e-01  2.0522e+09  1.0505e+00  4.1233e-01  1.8154e-01
  2.5119e+00  8.1855e+01  5.4000e-01  1.7378e+09  1.0336e+00  5.7228e-01  1.6428e-01
  2.5119e+00  8.1855e+01  5.6000e-01  1.5842e+09  1.0324e+00  6.5591e-01  1.4615e-01
  2.5119e+00  8.1855e+01  5.8000e-01  1.1789e+09  1.0460e+00  7.6037e-01  1.5296e-01
  2.5119e+00  8.1855e+01  6.0000e-01  9.1452e+08  1.0591e+00  8.2203e-01  1.6227e-01
  2.5119e+00  1.0000e+02  1.0000e-02  1.0625e+06  6.3097e+00  -1.7119e+03  2.2352e+00
  2.5119e+00  1.0000e+02  2.0000e-02  1.1012e+09  4.0325e+00  -5.1926e+02  1.0556e+00
  2.5119e+00  1.0000e+02  4.0000e-02  3.3316e+11  2.0583e+00  -1.6060e+01  3.0174e-01
  2.5119e+00  1.0000e+02  6.0000e-02  1.0013e+12  1.8650e+00  -5.1678e+00  2.0816e-01
  2.5119e+00  1.0000e+02  8.0000e-02  8.2706e+09  1.7664e+00  -6.9288e-01  3.2772e+00
  2.5119e+00  1.0000e+02  1.0000e-01  1.1493e+10  1.7050e+00  1.4195e+00  2.6736e+00
  2.5119e+00  1.0000e+02  1.2000e-01  1.3141e+10  1.6999e+00  1.8199e+00  1.9132e+00
  2.5119e+00  1.0000e+02  1.4000e-01  1.2855e+10  1.7087e+00  1.8580e+00  1.3415e+00
  2.5119e+00  1.0000e+02  1.6000e-01  3.3774e+10  1.6169e+00  1.8320e+00  7.1768e-01
  2.5119e+00  1.0000e+02  1.8000e-01  1.3953e+11  1.4873e+00  1.6350e+00  3.3866e-01
  2.5119e+00  1.0000e+02  2.0000e-01  3.0526e+11  1.4242e+00  1.3436e+00  2.0752e-01
  2.5119e+00  1.0000e+02  2.2000e-01  4.4301e+11  1.3999e+00  1.0887e+00  1.6416e-01
  2.5119e+00  1.0000e+02  2.4000e-01  5.3238e+11  1.3926e+00  8.7285e-01  1.4768e-01
  2.5119e+00  1.0000e+02  2.6000e-01  5.9748e+11  1.3915e+00  6.7448e-01  1.3636e-01
  2.5119e+00  1.0000e+02  2.8000e-01  7.5809e+11  1.3799e+00  5.1504e-01  1.1279e-01
  2.5119e+00  1.0000e+02  3.0000e-01  1.0667e+12  1.3520e+00  4.1582e-01  8.6001e-02
  2.5119e+00  1.0000e+02  3.2000e-01  1.4781e+12  1.3182e+00  3.4999e-01  6.7310e-02
  2.5119e+00  1.0000e+02  3.4000e-01  1.8277e+12  1.2873e+00  2.9644e-01  5.8786e-02
  2.5119e+00  1.0000e+02  3.6000e-01  1.9226e+12  1.2558e+00  2.5375e-01  5.7967e-02
  2.5119e+00  1.0000e+02  3.8000e-01  2.0611e+12  1.1854e+00  2.3401e-01  5.9796e-02
  2.5119e+00  1.0000e+02  4.0000e-01  1.3461e+11  1.4136e+00  1.8708e-01  1.6485e-01
  2.5119e+00  1.0000e+02  4.2000e-01  4.1611e+11  1.4045e+00  4.9386e-02  9.1235e-02
  2.5119e+00  1.0000e+02  4.4000e-01  5.8866e+12  1.3564e+00  5.7533e-03  1.5918e-02
  2.5119e+00  1.0000e+02  4.6000e-01  2.3835e+12  1.3653e+00  -8.5854e-02  2.6100e-02
  2.5119e+00  1.0000e+02  4.8000e-01  1.2702e+10  1.2049e+00  1.5326e+00  1.6320e+00
  2.5119e+00  1.0000e+02  5.0000e-01  2.2486e+09  1.2416e+00  -2.4722e+01  6.1537e-01
  2.5119e+00  1.0000e+02  5.2000e-01  1.2497e+09  1.0571e+00  3.7875e-01  1.9545e-01
  2.5119e+00  1.0000e+02  5.4000e-01  9.9724e+08  1.0373e+00  6.2101e-01  1.8426e-01
  2.5119e+00  1.0000e+02  5.6000e-01  9.2265e+08  1.0360e+00  6.9347e-01  1.5790e-01
  2.5119e+00  1.0000e+02  5.8000e-01  8.1462e+08  1.0212e+00  1.0400e+00  1.4968e-01
  2.5119e+00  1.0000e+02  6.0000e-01  7.0135e+08  1.0271e+00  1.0417e+00  1.4950e-01
  2.5119e+00  1.5000e+02  1.0000e-02  4.7375e+04  9.4660e+00  -3.7055e+03  1.9930e+00
  2.5119e+00  1.5000e+02  2.0000e-02  4.1085e+05  6.5105e+00  -1.8250e+03  2.4591e+00
  2.5119e+00  1.5000e+02  4.0000e-02  2.8360e+09  3.9767e+00  -4.7838e+02  8.2177e-01
  2.5119e+00  1.5000e+02  6.0000e-02  1.0296e+11  2.2428e+00  -3.1518e+01  4.2534e-01
  2.5119e+00  1.5000e+02  8.0000e-02  1.3240e+12  1.9264e+00  -8.6600e+00  1.4677e-01
  2.5119e+00  1.5000e+02  1.0000e-01  8.6586e+11  1.8313e+00  -4.5514e+00  1.9999e-01
  2.5119e+00  1.5000e+02  1.2000e-01  1.2662e+12  1.7836e+00  -2.8893e+00  1.6932e-01
  2.5119e+00  1.5000e+02  1.4000e-01  2.3800e+11  1.7577e+00  -1.9737e+00  4.3622e-01
  2.5119e+00  1.5000e+02  1.6000e-01  1.7025e+10  1.7105e+00  -2.4788e-01  2.0175e+00
  2.5119e+00  1.5000e+02  1.8000e-01  1.7570e+10  1.6870e+00  4.8846e-01  1.8924e+00
  2.5119e+00  1.5000e+02  2.0000e-01  1.9074e+10  1.6760e+00  8.1829e-01  1.6362e+00
  2.5119e+00  1.5000e+02  2.2000e-01  1.9777e+10  1.6728e+00  9.7096e-01  1.3924e+00
  2.5119e+00  1.5000e+02  2.4000e-01  1.9262e+10  1.6760e+00  1.0324e+00  1.1765e+00
  2.5119e+00  1.5000e+02  2.6000e-01  1.8519e+10  1.6767e+00  1.0877e+00  9.8115e-01
  2.5119e+00  1.5000e+02  2.8000e-01  2.2548e+10  1.6498e+00  1.1582e+00  7.5896e-01
  2.5119e+00  1.5000e+02  3.0000e-01  4.1029e+10  1.5840e+00  1.1802e+00  5.3153e-01
  2.5119e+00  1.5000e+02  3.2000e-01  7.5656e+10  1.5242e+00  1.0778e+00  3.7322e-01
  2.5119e+00  1.5000e+02  3.4000e-01  1.1841e+11  1.4737e+00  9.6304e-01  2.7694e-01
  2.5119e+00  1.5000e+02  3.6000e-01  1.7571e+11  1.4334e+00  8.1211e-01  1.9972e-01
  2.5119e+00  1.5000e+02  3.8000e-01  2.4466e+11  1.4008e+00  6.5686e-01  1.4939e-01
  2.5119e+00  1.5000e+02  4.0000e-01  3.4065e+11  1.3608e+00  5.5017e-01  1.1325e-01
  2.5119e+00  1.5000e+02  4.2000e-01  4.0618e+11  1.3247e+00  4.7851e-01  9.4782e-02
  2.5119e+00  1.5000e+02  4.4000e-01  3.9107e+11  1.2944e+00  4.2239e-01  9.0080e-02
  2.5119e+00  1.5000e+02  4.6000e-01  4.4340e+11  1.2297e+00  3.3202e-01  7.4085e-02
  2.5119e+00  1.5000e+02  4.8000e-01  4.7369e+10  1.3897e+00  1.5993e-01  1.2717e-01
  2.5119e+00  1.5000e+02  5.0000e-01  1.0141e+10  5.6763e-01  -1.1970e-01  4.4256e-02
  2.5119e+00  1.5000e+02  5.2000e-01  2.0257e+08  1.0911e+00  6.9453e-01  3.2397e-01
  2.5119e+00  1.5000e+02  5.4000e-01  1.4264e+08  1.1001e+00  9.0098e-01  2.9297e-01
  2.5119e+00  1.5000e+02  5.6000e-01  1.7078e+08  1.0894e+00  9.8036e-01  2.3457e-01
  2.5119e+00  1.5000e+02  5.8000e-01  1.2924e+08  1.0979e+00  1.2580e+00  2.2751e-01
  2.5119e+00  1.5000e+02  6.0000e-01  9.5334e+07  1.1286e+00  1.1623e+00  2.4231e-01
  2.5119e+00  2.0000e+02  1.0000e-02  9.7617e+01  1.0335e+01  -4.3262e+03  3.3403e+00
  2.5119e+00  2.0000e+02  2.0000e-02  3.2753e+01  9.1231e+00  -3.4727e+03  4.5953e+00
  2.5119e+00  2.0000e+02  4.0000e-02  3.5484e+06  5.9339e+00  -1.4673e+03  1.9827e+00
  2.5119e+00  2.0000e+02  6.0000e-02  3.8122e+08  4.1982e+00  -5.5625e+02  1.2356e+00
  2.5119e+00  2.0000e+02  8.0000e-02  1.7789e+10  2.6772e+00  -8.8144e+01  6.7631e-01
  2.5119e+00  2.0000e+02  1.0000e-01  2.3095e+11  2.0262e+00  -1.4745e+01  3.0652e-01
  2.5119e+00  2.0000e+02  1.2000e-01  9.0498e+11  1.8720e+00  -6.8351e+00  1.6677e-01
  2.5119e+00  2.0000e+02  1.4000e-01  1.1562e+12  1.8061e+00  -4.2629e+00  1.5219e-01
  2.5119e+00  2.0000e+02  1.6000e-01  1.5919e+12  1.7639e+00  -2.9462e+00  1.3050e-01
  2.5119e+00  2.0000e+02  1.8000e-01  2.4917e+12  1.7391e+00  -2.2058e+00  1.0119e-01
  2.5119e+00  2.0000e+02  2.0000e-01  2.0825e+12  1.7219e+00  -1.7158e+00  1.1053e-01
  2.5119e+00  2.0000e+02  2.2000e-01  7.0500e+11  1.7096e+00  -1.3557e+00  2.0141e-01
  2.5119e+00  2.0000e+02  2.4000e-01  3.3777e+10  1.6844e+00  -6.3293e-01  1.1769e+00
  2.5119e+00  2.0000e+02  2.6000e-01  2.5833e+10  1.6671e+00  -1.3715e-01  1.3209e+00
  2.5119e+00  2.0000e+02  2.8000e-01  2.4265e+10  1.6540e+00  1.7800e-01  1.2914e+00
  2.5119e+00  2.0000e+02  3.0000e-01  2.3400e+10  1.6472e+00  3.6172e-01  1.2119e+00
  2.5119e+00  2.0000e+02  3.2000e-01  2.2396e+10  1.6461e+00  4.4225e-01  1.1249e+00
  2.5119e+00  2.0000e+02  3.4000e-01  2.1042e+10  1.6495e+00  4.5065e-01  1.0382e+00
  2.5119e+00  2.0000e+02  3.6000e-01  2.0473e+10  1.6491e+00  4.2946e-01  9.4424e-01
  2.5119e+00  2.0000e+02  3.8000e-01  2.1258e+10  1.6404e+00  4.0149e-01  8.3360e-01
  2.5119e+00  2.0000e+02  4.0000e-01  2.3497e+10  1.6191e+00  4.0013e-01  7.1516e-01
  2.5119e+00  2.0000e+02  4.2000e-01  2.5528e+10  1.5895e+00  4.3429e-01  6.0552e-01
  2.5119e+00  2.0000e+02  4.4000e-01  2.3902e+10  1.5633e+00  4.7599e-01  5.3349e-01
  2.5119e+00  2.0000e+02  4.6000e-01  1.7311e+10  1.5518e+00  4.7299e-01  5.1522e-01
  2.5119e+00  2.0000e+02  4.8000e-01  1.1703e+10  1.5343e+00  2.7967e-01  5.1963e-01
  2.5119e+00  2.0000e+02  5.0000e-01  4.0192e+09  1.2608e+00  -7.1208e-02  5.4868e-02
  2.5119e+00  2.0000e+02  5.2000e-01  1.3133e+08  9.8604e-01  1.5018e+00  3.1607e-01
  2.5119e+00  2.0000e+02  5.4000e-01  5.8648e+07  1.1012e+00  1.1267e+00  3.3605e-01
  2.5119e+00  2.0000e+02  5.6000e-01  5.0063e+07  1.1148e+00  1.2198e+00  2.7983e-01
  2.5119e+00  2.0000e+02  5.8000e-01  4.5525e+07  1.1202e+00  1.2885e+00  2.7689e-01
  2.5119e+00  2.0000e+02  6.0000e-01  3.0737e+07  1.1618e+00  1.1629e+00  3.0610e-01
  2.5119e+00  2.5000e+02  1.0000e-02  1.9874e+02  1.0833e+01  -4.6908e+03  2.9321e+00
  2.5119e+00  2.5000e+02  2.0000e-02  4.7437e+03  9.7868e+00  -3.9373e+03  2.4380e+00
  2.5119e+00  2.5000e+02  4.0000e-02  1.7460e+04  7.2225e+00  -2.2350e+03  3.2371e+00
  2.5119e+00  2.5000e+02  6.0000e-02  1.1395e+07  5.6052e+00  -1.2692e+03  1.7356e+00
  2.5119e+00  2.5000e+02  8.0000e-02  1.0058e+08  4.4431e+00  -6.5600e+02  1.5341e+00
  2.5119e+00  2.5000e+02  1.0000e-01  7.1450e+09  3.1465e+00  -1.8945e+02  7.5701e-01
  2.5119e+00  2.5000e+02  1.2000e-01  1.5768e+11  2.2755e+00  -3.4694e+01  3.1276e-01
  2.5119e+00  2.5000e+02  1.4000e-01  4.9521e+11  1.9439e+00  -1.0592e+01  2.0121e-01
  2.5119e+00  2.5000e+02  1.6000e-01  9.2622e+11  1.8314e+00  -5.8470e+00  1.5182e-01
  2.5119e+00  2.5000e+02  1.8000e-01  1.4047e+12  1.7797e+00  -4.0013e+00  1.2238e-01
  2.5119e+00  2.5000e+02  2.0000e-01  1.4755e+12  1.7383e+00  -2.8691e+00  1.2039e-01
  2.5119e+00  2.5000e+02  2.2000e-01  1.9884e+12  1.7152e+00  -2.2315e+00  1.0034e-01
  2.5119e+00  2.5000e+02  2.4000e-01  2.1997e+12  1.6969e+00  -1.7853e+00  9.2835e-02
  2.5119e+00  2.5000e+02  2.6000e-01  1.8720e+12  1.6820e+00  -1.4506e+00  9.9015e-02
  2.5119e+00  2.5000e+02  2.8000e-01  2.0498e+12  1.6719e+00  -1.2127e+00  8.9874e-02
  2.5119e+00  2.5000e+02  3.0000e-01  9.4151e+11  1.6645e+00  -1.0236e+00  1.3537e-01
  2.5119e+00  2.5000e+02  3.2000e-01  6.1498e+11  1.6568e+00  -8.6561e-01  1.6432e-01
  2.5119e+00  2.5000e+02  3.4000e-01  8.9133e+10  1.6468e+00  -6.5231e-01  4.9419e-01
  2.5119e+00  2.5000e+02  3.6000e-01  5.0102e+10  1.6343e+00  -4.4824e-01  6.5710e-01
  2.5119e+00  2.5000e+02  3.8000e-01  4.5428e+10  1.6239e+00  -3.5399e-01  6.4440e-01
  2.5119e+00  2.5000e+02  4.0000e-01  4.2811e+10  1.6104e+00  -2.7543e-01  6.0938e-01
  2.5119e+00  2.5000e+02  4.2000e-01  4.0124e+10  1.5852e+00  -1.7280e-01  5.7839e-01
  2.5119e+00  2.5000e+02  4.4000e-01  3.6347e+10  1.5513e+00  -6.8307e-02  5.4386e-01
  2.5119e+00  2.5000e+02  4.6000e-01  8.6924e+11  1.5017e+00  -4.2794e-01  5.2046e-02
  2.5119e+00  2.5000e+02  4.8000e-01  3.8929e+11  1.4210e+00  -4.5363e-01  5.8485e-02
  2.5119e+00  2.5000e+02  5.0000e-01  4.2837e+08  1.2438e+00  5.5133e-03  1.5969e-01
  2.5119e+00  2.5000e+02  5.2000e-01  1.7318e+06  1.3253e+00  4.3214e-01  1.2333e+00
  2.5119e+00  2.5000e+02  5.4000e-01  3.9970e+07  1.0837e+00  1.3658e+00  3.2062e-01
  2.5119e+00  2.5000e+02  5.6000e-01  4.0540e+07  1.0780e+00  1.3757e+00  3.0919e-01
  2.5119e+00  2.5000e+02  5.8000e-01  2.7940e+07  1.1163e+00  1.2483e+00  2.9978e-01
  2.5119e+00  2.5000e+02  6.0000e-01  1.4319e+07  1.1797e+00  1.1685e+00  3.4962e-01
  2.5119e+00  3.0000e+02  1.0000e-02  2.8775e+02  1.1178e+01  -4.9701e+03  2.7389e+00
  2.5119e+00  3.0000e+02  2.0000e-02  1.7167e+02  1.0260e+01  -4.2918e+03  3.1982e+00
  2.5119e+00  3.0000e+02  4.0000e-02  6.6874e+01  8.9222e+00  -3.3252e+03  4.4043e+00
  2.5119e+00  3.0000e+02  6.0000e-02  1.7801e+06  6.6355e+00  -1.8765e+03  1.8844e+00
  2.5119e+00  3.0000e+02  8.0000e-02  1.4313e+08  5.5367e+00  -1.2255e+03  1.1083e+00
  2.5119e+00  3.0000e+02  1.0000e-01  1.6915e+08  4.5740e+00  -7.1978e+02  1.3036e+00
  2.5119e+00  3.0000e+02  1.2000e-01  1.8640e+09  3.6698e+00  -3.4368e+02  9.3269e-01
  2.5119e+00  3.0000e+02  1.4000e-01  2.8926e+10  2.7119e+00  -9.5000e+01  5.2520e-01
  2.5119e+00  3.0000e+02  1.6000e-01  2.2921e+11  2.1174e+00  -2.1718e+01  2.6245e-01
  2.5119e+00  3.0000e+02  1.8000e-01  6.4414e+11  1.9090e+00  -9.3781e+00  1.6404e-01
  2.5119e+00  3.0000e+02  2.0000e-01  1.1354e+12  1.8054e+00  -5.4000e+00  1.2294e-01
  2.5119e+00  3.0000e+02  2.2000e-01  1.0161e+12  1.7510e+00  -3.7126e+00  1.3090e-01
  2.5119e+00  3.0000e+02  2.4000e-01  1.4837e+12  1.7169e+00  -2.8130e+00  1.0461e-01
  2.5119e+00  3.0000e+02  2.6000e-01  1.2501e+12  1.6919e+00  -2.2203e+00  1.1352e-01
  2.5119e+00  3.0000e+02  2.8000e-01  2.3606e+12  1.6719e+00  -1.8117e+00  7.5777e-02
  2.5119e+00  3.0000e+02  3.0000e-01  2.1326e+12  1.6543e+00  -1.4964e+00  7.7484e-02
  2.5119e+00  3.0000e+02  3.2000e-01  1.8484e+12  1.6420e+00  -1.2671e+00  7.9949e-02
  2.5119e+00  3.0000e+02  3.4000e-01  1.9968e+12  1.6293e+00  -1.0842e+00  7.1658e-02
  2.5119e+00  3.0000e+02  3.6000e-01  1.3865e+12  1.6187e+00  -9.4288e-01  8.3004e-02
  2.5119e+00  3.0000e+02  3.8000e-01  1.3777e+12  1.6024e+00  -8.1058e-01  7.6468e-02
  2.5119e+00  3.0000e+02  4.0000e-01  1.4721e+12  1.5829e+00  -7.1464e-01  6.5887e-02
  2.5119e+00  3.0000e+02  4.2000e-01  1.9251e+12  1.5302e+00  -7.6888e-01  4.5115e-02
  2.5119e+00  3.0000e+02  4.4000e-01  6.1258e+11  1.5125e+00  -7.6310e-01  7.6789e-02
  2.5119e+00  3.0000e+02  4.6000e-01  7.5938e+11  1.4835e+00  -8.2243e-01  5.0952e-02
  2.5119e+00  3.0000e+02  4.8000e-01  3.6791e+11  1.3845e+00  -5.7702e-01  5.7354e-02
  2.5119e+00  3.0000e+02  5.0000e-01  3.5894e+08  1.2631e+00  -1.8018e-02  9.4904e-02
  2.5119e+00  3.0000e+02  5.2000e-01  1.4967e+06  1.3797e+00  -7.1729e-01  1.0908e+00
  2.5119e+00  3.0000e+02  5.4000e-01  3.6238e+06  1.2197e+00  1.0755e+00  7.4512e-01
  2.5119e+00  3.0000e+02  5.6000e-01  1.9057e+07  1.1208e+00  1.2492e+00  3.1020e-01
  2.5119e+00  3.0000e+02  5.8000e-01  1.3232e+07  1.1601e+00  1.1314e+00  3.8095e-01
  2.5119e+00  3.0000e+02  6.0000e-01  2.1516e+07  1.1034e+00  1.2688e+00  2.6127e-01
  3.4145e+00  3.3246e+00  1.0000e-02  8.5900e+11  1.3415e+00  1.7113e+00  1.5637e-01
  3.4145e+00  3.3246e+00  2.0000e-02  9.1594e+11  1.3422e+00  1.5649e+00  1.4891e-01
  3.4145e+00  3.3246e+00  4.0000e-02  9.4252e+11  1.3398e+00  1.3866e+00  1.4532e-01
  3.4145e+00  3.3246e+00  6.0000e-02  9.4124e+11  1.3481e+00  1.2103e+00  1.4456e-01
  3.4145e+00  3.3246e+00  8.0000e-02  1.2244e+12  1.3331e+00  1.0654e+00  1.1575e-01
  3.4145e+00  3.3246e+00  1.0000e-01  9.8717e+11  1.3558e+00  9.6744e-01  1.4181e-01
  3.4145e+00  3.3246e+00  1.2000e-01  9.5918e+11  1.3742e+00  7.8563e-01  1.4242e-01
  3.4145e+00  3.3246e+00  1.4000e-01  1.6799e+12  1.3343e+00  6.6827e-01  8.5869e-02
  3.4145e+00  3.3246e+00  1.6000e-01  2.7667e+12  1.2965e+00  5.8180e-01  5.8196e-02
  3.4145e+00  3.3246e+00  1.8000e-01  3.9458e+12  1.2748e+00  4.9445e-01  4.7839e-02
  3.4145e+00  3.3246e+00  2.0000e-01  5.5684e+12  1.2563e+00  4.0773e-01  3.9839e-02
  3.4145e+00  3.3246e+00  2.2000e-01  7.2522e+12  1.2469e+00  3.2018e-01  3.3323e-02
  3.4145e+00  3.3246e+00  2.4000e-01  7.5292e+12  1.2636e+00  2.3661e-01  3.0494e-02
  3.4145e+00  3.3246e+00  2.6000e-01  8.0280e+12  1.2921e+00  1.6430e-01  2.8373e-02
  3.4145e+00  3.3246e+00  2.8000e-01  1.1375e+13  1.3047e+00  1.1482e-01  2.3469e-02
  3.4145e+00  3.3246e+00  3.0000e-01  7.4321e+12  1.3007e+00  9.0380e-02  3.6398e-02
  3.4145e+00  3.3246e+00  3.2000e-01  2.6030e+12  1.2957e+00  9.3037e-02  8.9106e-02
  3.4145e+00  3.3246e+00  3.4000e-01  1.5486e+12  1.3222e+00  4.3055e-02  1.2812e-01
  3.4145e+00  3.3246e+00  3.6000e-01  4.4479e+11  1.3208e+00  1.5524e-01  3.2538e-01
  3.4145e+00  3.3246e+00  3.8000e-01  1.0496e+12  1.6015e+00  -3.3875e+00  1.2324e-01
  3.4145e+00  3.3246e+00  4.0000e-01  9.9289e+10  1.6196e+00  -1.1459e+01  4.4067e-01
  3.4145e+00  3.3246e+00  4.2000e-01  7.4283e+08  1.1182e+00  9.6674e+01  4.6840e+01
  3.4145e+00  3.3246e+00  4.4000e-01  3.8418e+08  8.9301e-01  9.1316e+01  4.1282e+01
  3.4145e+00  3.3246e+00  4.6000e-01  1.7326e+07  8.2150e-01  -9.2955e+02  2.6715e+00
  3.4145e+00  3.3246e+00  4.8000e-01  1.8746e+10  7.5174e-01  -9.8116e+03  3.8175e+00
  3.4145e+00  3.3246e+00  5.0000e-01  2.6324e+11  8.9797e-01  2.0971e-01  1.3095e-01
  3.4145e+00  3.3246e+00  5.2000e-01  1.8484e+11  1.0816e+00  2.3697e-01  1.0977e-01
  3.4145e+00  3.3246e+00  5.4000e-01  6.0372e+10  1.4319e+00  7.7200e-02  1.3500e-01
  3.4145e+00  3.3246e+00  5.6000e-01  4.9473e+11  1.6680e+00  -1.9937e-01  3.2990e-02
  3.4145e+00  3.3246e+00  5.8000e-01  1.3668e+12  1.6829e+00  -2.4052e-01  2.1081e-02
  3.4145e+00  3.3246e+00  6.0000e-01  1.3531e+12  1.6567e+00  -1.9661e-01  2.1609e-02
  3.4145e+00  4.0616e+00  1.0000e-02  9.6175e+11  1.3461e+00  1.4844e+00  1.4008e-01
  3.4145e+00  4.0616e+00  2.0000e-02  1.0074e+12  1.3459e+00  1.3485e+00  1.3455e-01
  3.4145e+00  4.0616e+00  4.0000e-02  1.1030e+12  1.3433e+00  1.1786e+00  1.2461e-01
  3.4145e+00  4.0616e+00  6.0000e-02  1.0601e+12  1.3517e+00  1.0454e+00  1.2895e-01
  3.4145e+00  4.0616e+00  8.0000e-02  1.3795e+12  1.3381e+00  9.2708e-01  1.0338e-01
  3.4145e+00  4.0616e+00  1.0000e-01  1.2116e+12  1.3560e+00  8.3022e-01  1.2045e-01
  3.4145e+00  4.0616e+00  1.2000e-01  1.1618e+12  1.3710e+00  6.8998e-01  1.2284e-01
  3.4145e+00  4.0616e+00  1.4000e-01  1.7265e+12  1.3509e+00  5.7281e-01  8.5268e-02
  3.4145e+00  4.0616e+00  1.6000e-01  2.8941e+12  1.3137e+00  4.9352e-01  5.6120e-02
  3.4145e+00  4.0616e+00  1.8000e-01  4.3148e+12  1.2859e+00  4.2050e-01  4.3362e-02
  3.4145e+00  4.0616e+00  2.0000e-01  6.6716e+12  1.2590e+00  3.4456e-01  3.4481e-02
  3.4145e+00  4.0616e+00  2.2000e-01  7.7302e+12  1.2539e+00  2.7610e-01  3.1212e-02
  3.4145e+00  4.0616e+00  2.4000e-01  7.8158e+12  1.2785e+00  1.9363e-01  2.7860e-02
  3.4145e+00  4.0616e+00  2.6000e-01  8.9723e+12  1.3236e+00  1.2651e-01  2.3009e-02
  3.4145e+00  4.0616e+00  2.8000e-01  1.0800e+13  1.3231e+00  9.3576e-02  2.2930e-02
  3.4145e+00  4.0616e+00  3.0000e-01  3.5386e+12  1.3066e+00  9.6204e-02  6.1777e-02
  3.4145e+00  4.0616e+00  3.2000e-01  3.0219e+12  1.3049e+00  6.8151e-02  7.5495e-02
  3.4145e+00  4.0616e+00  3.4000e-01  1.0855e+12  1.3161e+00  8.3227e-02  1.6460e-01
  3.4145e+00  4.0616e+00  3.6000e-01  5.0772e+11  1.3202e+00  1.3324e-01  2.9428e-01
  3.4145e+00  4.0616e+00  3.8000e-01  1.8937e+12  1.6134e+00  -3.5528e+00  8.5092e-02
  3.4145e+00  4.0616e+00  4.0000e-01  4.8754e+08  1.6023e+00  -6.5399e+00  1.2133e+01
  3.4145e+00  4.0616e+00  4.2000e-01  8.3989e+08  1.1091e+00  9.7357e+01  4.4641e+01
  3.4145e+00  4.0616e+00  4.4000e-01  4.8030e+08  8.5809e-01  9.1726e+01  3.4926e+01
  3.4145e+00  4.0616e+00  4.6000e-01  1.5240e+07  9.5867e-01  -6.4659e+02  1.4922e+00
  3.4145e+00  4.0616e+00  4.8000e-01  2.2407e+10  7.8075e-01  -1.0690e+04  4.5388e+00
  3.4145e+00  4.0616e+00  5.0000e-01  2.6689e+11  9.0556e-01  1.8551e-01  1.3240e-01
  3.4145e+00  4.0616e+00  5.2000e-01  2.5940e+11  9.9992e-01  2.4562e-01  9.5905e-02
  3.4145e+00  4.0616e+00  5.4000e-01  1.5104e+11  1.2212e+00  1.8604e-01  1.2706e-01
  3.4145e+00  4.0616e+00  5.6000e-01  9.7400e+10  1.4382e+00  4.8134e-02  1.1281e-01
  3.4145e+00  4.0616e+00  5.8000e-01  3.5173e+11  1.7048e+00  -2.1883e-01  3.4274e-02
  3.4145e+00  4.0616e+00  6.0000e-01  8.6484e+11  1.7027e+00  -2.6794e-01  2.5167e-02
  3.4145e+00  4.9619e+00  1.0000e-02  1.0021e+12  1.3536e+00  1.2724e+00  1.3215e-01
  3.4145e+00  4.9619e+00  2.0000e-02  1.0776e+12  1.3531e+00  1.1434e+00  1.2494e-01
  3.4145e+00  4.9619e+00  4.0000e-02  1.2118e+12  1.3527e+00  9.8195e-01  1.1349e-01
  3.4145e+00  4.9619e+00  6.0000e-02  1.2761e+12  1.3598e+00  8.5814e-01  1.0964e-01
  3.4145e+00  4.9619e+00  8.0000e-02  1.5878e+12  1.3477e+00  7.4011e-01  8.9086e-02
  3.4145e+00  4.9619e+00  1.0000e-01  1.6482e+12  1.3594e+00  6.4633e-01  8.9791e-02
  3.4145e+00  4.9619e+00  1.2000e-01  1.6213e+12  1.3691e+00  5.6368e-01  9.1961e-02
  3.4145e+00  4.9619e+00  1.4000e-01  1.9323e+12  1.3630e+00  4.8200e-01  7.9032e-02
  3.4145e+00  4.9619e+00  1.6000e-01  2.7937e+12  1.3358e+00  4.1448e-01  5.8341e-02
  3.4145e+00  4.9619e+00  1.8000e-01  4.3080e+12  1.2986e+00  3.5899e-01  4.2451e-02
  3.4145e+00  4.9619e+00  2.0000e-01  6.0014e+12  1.2687e+00  3.0564e-01  3.5519e-02
  3.4145e+00  4.9619e+00  2.2000e-01  7.7028e+12  1.2480e+00  2.4381e-01  3.1660e-02
  3.4145e+00  4.9619e+00  2.4000e-01  6.6884e+12  1.3139e+00  1.5331e-01  2.5241e-02
  3.4145e+00  4.9619e+00  2.6000e-01  1.1633e+13  1.3455e+00  1.0331e-01  1.7795e-02
  3.4145e+00  4.9619e+00  2.8000e-01  3.9303e+12  1.3150e+00  1.0641e-01  5.0307e-02
  3.4145e+00  4.9619e+00  3.0000e-01  2.9730e+12  1.3011e+00  9.1218e-02  7.1796e-02
  3.4145e+00  4.9619e+00  3.2000e-01  3.3861e+12  1.3109e+00  5.6339e-02  6.8209e-02
  3.4145e+00  4.9619e+00  3.4000e-01  9.3392e+11  1.3024e+00  1.3326e-01  1.8570e-01
  3.4145e+00  4.9619e+00  3.6000e-01  5.4656e+11  1.3283e+00  1.0107e-01  2.6922e-01
  3.4145e+00  4.9619e+00  3.8000e-01  1.1111e+12  1.6029e+00  -3.4147e+00  1.2110e-01
  3.4145e+00  4.9619e+00  4.0000e-01  9.7296e+10  1.6172e+00  -1.1071e+01  4.3591e-01
  3.4145e+00  4.9619e+00  4.2000e-01  1.0089e+09  1.0946e+00  9.8196e+01  4.1720e+01
  3.4145e+00  4.9619e+00  4.4000e-01  6.1976e+08  8.1344e-01  9.1613e+01  2.8545e+01
  3.4145e+00  4.9619e+00  4.6000e-01  3.4371e+07  1.1584e+00  -5.6417e+02  1.0605e+00
  3.4145e+00  4.9619e+00  4.8000e-01  5.6977e+10  7.0931e-01  -7.8833e+03  1.3244e+00
  3.4145e+00  4.9619e+00  5.0000e-01  2.7218e+11  9.1059e-01  1.6790e-01  1.3210e-01
  3.4145e+00  4.9619e+00  5.2000e-01  2.6711e+11  9.2581e-01  2.8936e-01  9.5244e-02
  3.4145e+00  4.9619e+00  5.4000e-01  2.0927e+11  1.0961e+00  2.1846e-01  1.0820e-01
  3.4145e+00  4.9619e+00  5.6000e-01  1.4912e+11  1.2611e+00  1.5257e-01  1.2691e-01
  3.4145e+00  4.9619e+00  5.8000e-01  3.3920e+11  1.4216e+00  1.8260e-02  6.0175e-02
  3.4145e+00  4.9619e+00  6.0000e-01  9.5733e+11  1.5559e+00  -7.2651e-02  2.5471e-02
  3.4145e+00  6.0619e+00  1.0000e-02  1.1157e+12  1.3566e+00  1.1484e+00  1.1982e-01
  3.4145e+00  6.0619e+00  2.0000e-02  1.2433e+12  1.3590e+00  9.7635e-01  1.0889e-01
  3.4145e+00  6.0619e+00  4.0000e-02  1.3707e+12  1.3625e+00  8.1062e-01  9.9706e-02
  3.4145e+00  6.0619e+00  6.0000e-02  1.5235e+12  1.3711e+00  6.9577e-01  9.3677e-02
  3.4145e+00  6.0619e+00  8.0000e-02  1.8777e+12  1.3693e+00  5.9083e-01  7.5476e-02
  3.4145e+00  6.0619e+00  1.0000e-01  2.0700e+12  1.3652e+00  5.2708e-01  7.0948e-02
  3.4145e+00  6.0619e+00  1.2000e-01  2.1524e+12  1.3653e+00  4.7288e-01  7.1484e-02
  3.4145e+00  6.0619e+00  1.4000e-01  2.2815e+12  1.3601e+00  4.2311e-01  6.9160e-02
  3.4145e+00  6.0619e+00  1.6000e-01  2.6995e+12  1.3432e+00  3.7507e-01  5.9694e-02
  3.4145e+00  6.0619e+00  1.8000e-01  3.8633e+12  1.3075e+00  3.3209e-01  4.5045e-02
  3.4145e+00  6.0619e+00  2.0000e-01  5.6548e+12  1.2712e+00  2.8369e-01  3.6348e-02
  3.4145e+00  6.0619e+00  2.2000e-01  8.0397e+12  1.2444e+00  2.1948e-01  3.0960e-02
  3.4145e+00  6.0619e+00  2.4000e-01  6.7709e+12  1.3241e+00  1.3476e-01  2.5267e-02
  3.4145e+00  6.0619e+00  2.6000e-01  1.3243e+13  1.3488e+00  9.0991e-02  1.6964e-02
  3.4145e+00  6.0619e+00  2.8000e-01  3.4453e+12  1.3184e+00  9.9017e-02  5.7481e-02
  3.4145e+00  6.0619e+00  3.0000e-01  3.5035e+12  1.3066e+00  8.2428e-02  6.4622e-02
  3.4145e+00  6.0619e+00  3.2000e-01  3.4511e+12  1.3189e+00  5.3921e-02  6.5644e-02
  3.4145e+00  6.0619e+00  3.4000e-01  9.5266e+11  1.2978e+00  1.4539e-01  1.8504e-01
  3.4145e+00  6.0619e+00  3.6000e-01  5.6790e+11  1.3179e+00  1.2482e-01  2.7175e-01
  3.4145e+00  6.0619e+00  3.8000e-01  1.9547e+12  1.5841e+00  -3.2146e+00  8.7612e-02
  3.4145e+00  6.0619e+00  4.0000e-01  4.1903e+08  1.5867e+00  -4.0770e+00  1.3363e+01
  3.4145e+00  6.0619e+00  4.2000e-01  1.2578e+09  1.0767e+00  9.8584e+01  3.8406e+01
  3.4145e+00  6.0619e+00  4.4000e-01  8.2094e+08  7.5442e-01  8.7684e+01  2.2446e+01
  3.4145e+00  6.0619e+00  4.6000e-01  2.8567e+07  1.1580e+00  -5.5381e+02  2.4757e+00
  3.4145e+00  6.0619e+00  4.8000e-01  4.2348e+10  6.2844e-01  -5.1043e+03  1.7578e+00
  3.4145e+00  6.0619e+00  5.0000e-01  2.7411e+11  9.1649e-01  1.3278e-01  1.2978e-01
  3.4145e+00  6.0619e+00  5.2000e-01  2.8094e+11  8.9113e-01  3.4029e-01  9.1427e-02
  3.4145e+00  6.0619e+00  5.4000e-01  2.4575e+11  1.0244e+00  2.4018e-01  9.8474e-02
  3.4145e+00  6.0619e+00  5.6000e-01  2.0068e+11  1.1527e+00  1.9712e-01  1.1213e-01
  3.4145e+00  6.0619e+00  5.8000e-01  1.5061e+11  1.2553e+00  1.5073e-01  1.2542e-01
  3.4145e+00  6.0619e+00  6.0000e-01  1.7820e+11  1.3787e+00  5.6931e-02  9.9849e-02
  3.4145e+00  7.4057e+00  1.0000e-02  1.2571e+12  1.3596e+00  1.0952e+00  1.0704e-01
  3.4145e+00  7.4057e+00  2.0000e-02  1.3813e+12  1.3638e+00  9.0826e-01  9.8761e-02
  3.4145e+00  7.4057e+00  4.0000e-02  1.6472e+12  1.3713e+00  7.2825e-01  8.5236e-02
  3.4145e+00  7.4057e+00  6.0000e-02  1.8008e+12  1.3753e+00  6.3535e-01  8.0564e-02
  3.4145e+00  7.4057e+00  8.0000e-02  1.9119e+12  1.3755e+00  5.5278e-01  7.4677e-02
  3.4145e+00  7.4057e+00  1.0000e-01  2.1146e+12  1.3691e+00  4.9405e-01  6.6735e-02
  3.4145e+00  7.4057e+00  1.2000e-01  2.0982e+12  1.3652e+00  4.5643e-01  6.8428e-02
  3.4145e+00  7.4057e+00  1.4000e-01  2.1058e+12  1.3594e+00  4.1841e-01  6.9150e-02
  3.4145e+00  7.4057e+00  1.6000e-01  2.5599e+12  1.3393e+00  3.6892e-01  5.9171e-02
  3.4145e+00  7.4057e+00  1.8000e-01  4.2159e+12  1.2969e+00  3.1522e-01  4.2185e-02
  3.4145e+00  7.4057e+00  2.0000e-01  6.4387e+12  1.2631e+00  2.6096e-01  3.4143e-02
  3.4145e+00  7.4057e+00  2.2000e-01  8.2459e+12  1.2448e+00  2.0247e-01  3.1307e-02
  3.4145e+00  7.4057e+00  2.4000e-01  7.8468e+12  1.3141e+00  1.2663e-01  2.5765e-02
  3.4145e+00  7.4057e+00  2.6000e-01  4.3933e+12  1.3351e+00  1.0149e-01  4.1828e-02
  3.4145e+00  7.4057e+00  2.8000e-01  3.5424e+12  1.3219e+00  8.9044e-02  5.7499e-02
  3.4145e+00  7.4057e+00  3.0000e-01  3.6654e+12  1.3101e+00  7.6719e-02  6.1690e-02
  3.4145e+00  7.4057e+00  3.2000e-01  3.4200e+12  1.3225e+00  5.4057e-02  6.4146e-02
  3.4145e+00  7.4057e+00  3.4000e-01  9.9314e+11  1.2862e+00  1.6416e-01  1.8529e-01
  3.4145e+00  7.4057e+00  3.6000e-01  5.8474e+11  1.3018e+00  1.6447e-01  2.8345e-01
  3.4145e+00  7.4057e+00  3.8000e-01  1.2757e+12  1.5536e+00  -2.8832e+00  1.2017e-01
  3.4145e+00  7.4057e+00  4.0000e-01  3.8499e+08  1.5742e+00  -2.1148e+00  1.4107e+01
  3.4145e+00  7.4057e+00  4.2000e-01  1.0865e+11  1.2448e+00  -2.4734e+01  5.8648e-01
  3.4145e+00  7.4057e+00  4.4000e-01  9.6024e+08  6.8249e-01  7.1451e+01  1.9162e+01
  3.4145e+00  7.4057e+00  4.6000e-01  2.1173e+08  1.1204e+00  -5.4015e+02  5.4878e-01
  3.4145e+00  7.4057e+00  4.8000e-01  4.8566e+10  5.8199e-01  -3.3231e+03  1.0702e+00
  3.4145e+00  7.4057e+00  5.0000e-01  3.1953e+11  9.2138e-01  7.8440e-02  1.0872e-01
  3.4145e+00  7.4057e+00  5.2000e-01  2.8212e+11  8.6417e-01  3.9140e-01  8.3728e-02
  3.4145e+00  7.4057e+00  5.4000e-01  2.2240e+11  9.5402e-01  2.8753e-01  1.0154e-01
  3.4145e+00  7.4057e+00  5.6000e-01  2.0530e+11  1.0528e+00  2.3042e-01  1.0467e-01
  3.4145e+00  7.4057e+00  5.8000e-01  1.7809e+11  1.1527e+00  1.9126e-01  1.1366e-01
  3.4145e+00  7.4057e+00  6.0000e-01  1.6015e+11  1.2478e+00  1.4761e-01  1.2028e-01
  3.4145e+00  9.0474e+00  1.0000e-02  1.2079e+12  1.3596e+00  1.1106e+00  1.0756e-01
  3.4145e+00  9.0474e+00  2.0000e-02  1.4575e+12  1.3665e+00  8.8900e-01  9.2806e-02
  3.4145e+00  9.0474e+00  4.0000e-02  1.6673e+12  1.3716e+00  7.0431e-01  8.3157e-02
  3.4145e+00  9.0474e+00  6.0000e-02  1.7916e+12  1.3737e+00  6.1834e-01  7.9121e-02
  3.4145e+00  9.0474e+00  8.0000e-02  1.7990e+12  1.3757e+00  5.5721e-01  7.8378e-02
  3.4145e+00  9.0474e+00  1.0000e-01  1.8516e+12  1.3711e+00  5.1239e-01  7.4706e-02
  3.4145e+00  9.0474e+00  1.2000e-01  1.9381e+12  1.3666e+00  4.6971e-01  7.2943e-02
  3.4145e+00  9.0474e+00  1.4000e-01  2.2303e+12  1.3558e+00  4.1557e-01  6.6808e-02
  3.4145e+00  9.0474e+00  1.6000e-01  3.2985e+12  1.3244e+00  3.5468e-01  5.0423e-02
  3.4145e+00  9.0474e+00  1.8000e-01  5.3856e+12  1.2833e+00  2.9877e-01  3.7012e-02
  3.4145e+00  9.0474e+00  2.0000e-01  7.2809e+12  1.2601e+00  2.4598e-01  3.2455e-02
  3.4145e+00  9.0474e+00  2.2000e-01  8.4320e+12  1.2537e+00  1.9153e-01  3.1550e-02
  3.4145e+00  9.0474e+00  2.4000e-01  8.3945e+12  1.2993e+00  1.2675e-01  2.7629e-02
  3.4145e+00  9.0474e+00  2.6000e-01  3.5342e+12  1.3295e+00  1.0535e-01  5.1452e-02
  3.4145e+00  9.0474e+00  2.8000e-01  3.6411e+12  1.3246e+00  8.3595e-02  5.6373e-02
  3.4145e+00  9.0474e+00  3.0000e-01  3.6542e+12  1.3127e+00  7.5238e-02  6.0779e-02
  3.4145e+00  9.0474e+00  3.2000e-01  3.0538e+12  1.3192e+00  6.1985e-02  6.9521e-02
  3.4145e+00  9.0474e+00  3.4000e-01  1.0737e+12  1.2774e+00  1.7023e-01  1.8014e-01
  3.4145e+00  9.0474e+00  3.6000e-01  6.2102e+11  1.2814e+00  2.1409e-01  2.9466e-01
  3.4145e+00  9.0474e+00  3.8000e-01  1.5033e+12  1.5142e+00  -2.4374e+00  1.1386e-01
  3.4145e+00  9.0474e+00  4.0000e-01  3.4644e+08  1.5617e+00  2.3590e-01  1.4974e+01
  3.4145e+00  9.0474e+00  4.2000e-01  2.4271e+09  1.0154e+00  9.7833e+01  3.1098e+01
  3.4145e+00  9.0474e+00  4.4000e-01  6.6057e+08  6.1239e-01  3.0068e+01  2.2350e+01
  3.4145e+00  9.0474e+00  4.6000e-01  2.7643e+08  1.0654e+00  -5.1794e+02  4.6561e-01
  3.4145e+00  9.0474e+00  4.8000e-01  3.6790e+10  5.6822e-01  -2.3592e+03  1.1905e+00
  3.4145e+00  9.0474e+00  5.0000e-01  1.0767e+12  9.2429e-01  1.0443e-02  2.8803e-02
  3.4145e+00  9.0474e+00  5.2000e-01  2.7160e+11  8.5693e-01  4.4694e-01  7.8617e-02
  3.4145e+00  9.0474e+00  5.4000e-01  2.0523e+11  9.0728e-01  3.5660e-01  1.0068e-01
  3.4145e+00  9.0474e+00  5.6000e-01  1.8169e+11  9.8079e-01  2.7733e-01  1.0767e-01
  3.4145e+00  9.0474e+00  5.8000e-01  1.7235e+11  1.0549e+00  2.2864e-01  1.0849e-01
  3.4145e+00  9.0474e+00  6.0000e-01  1.5521e+11  1.1274e+00  2.0112e-01  1.1477e-01
  3.4145e+00  1.1053e+01  1.0000e-02  1.1052e+12  1.3591e+00  1.1751e+00  1.1618e-01
  3.4145e+00  1.1053e+01  2.0000e-02  1.3144e+12  1.3662e+00  9.3669e-01  1.0006e-01
  3.4145e+00  1.1053e+01  4.0000e-02  1.5261e+12  1.3720e+00  7.5398e-01  8.8706e-02
  3.4145e+00  1.1053e+01  6.0000e-02  1.6076e+12  1.3719e+00  6.6412e-01  8.4102e-02
  3.4145e+00  1.1053e+01  8.0000e-02  1.6772e+12  1.3726e+00  5.9706e-01  8.1654e-02
  3.4145e+00  1.1053e+01  1.0000e-01  1.8297e+12  1.3701e+00  5.3238e-01  7.6112e-02
  3.4145e+00  1.1053e+01  1.2000e-01  2.0742e+12  1.3634e+00  4.7179e-01  7.0597e-02
  3.4145e+00  1.1053e+01  1.4000e-01  2.6104e+12  1.3462e+00  4.0940e-01  6.0872e-02
  3.4145e+00  1.1053e+01  1.6000e-01  4.0131e+12  1.3110e+00  3.4832e-01  4.5177e-02
  3.4145e+00  1.1053e+01  1.8000e-01  6.0915e+12  1.2768e+00  2.9255e-01  3.4973e-02
  3.4145e+00  1.1053e+01  2.0000e-01  7.6003e+12  1.2608e+00  2.4102e-01  3.2063e-02
  3.4145e+00  1.1053e+01  2.2000e-01  8.3201e+12  1.2577e+00  1.8988e-01  3.2209e-02
  3.4145e+00  1.1053e+01  2.4000e-01  8.4846e+12  1.2892e+00  1.2843e-01  2.9271e-02
  3.4145e+00  1.1053e+01  2.6000e-01  3.2011e+12  1.3296e+00  1.0685e-01  5.5279e-02
  3.4145e+00  1.1053e+01  2.8000e-01  3.4934e+12  1.3277e+00  8.2717e-02  5.7021e-02
  3.4145e+00  1.1053e+01  3.0000e-01  3.5780e+12  1.3143e+00  7.5513e-02  6.0735e-02
  3.4145e+00  1.1053e+01  3.2000e-01  2.5963e+12  1.3054e+00  8.0531e-02  8.1103e-02
  3.4145e+00  1.1053e+01  3.4000e-01  1.1924e+12  1.2814e+00  1.4536e-01  1.6524e-01
  3.4145e+00  1.1053e+01  3.6000e-01  6.6930e+11  1.2582e+00  2.7569e-01  3.0685e-01
  3.4145e+00  1.1053e+01  3.8000e-01  1.6022e+12  1.4720e+00  -1.9496e+00  1.1411e-01
  3.4145e+00  1.1053e+01  4.0000e-01  3.0804e+08  1.5491e+00  2.9532e+00  1.6041e+01
  3.4145e+00  1.1053e+01  4.2000e-01  3.8535e+09  9.6245e-01  9.2691e+01  2.8426e+01
  3.4145e+00  1.1053e+01  4.4000e-01  2.5434e+09  6.6921e-01  -4.5558e+01  8.2253e-01
  3.4145e+00  1.1053e+01  4.6000e-01  3.9872e+07  1.0023e+00  -4.9584e+02  3.2327e+00
  3.4145e+00  1.1053e+01  4.8000e-01  2.2363e+10  5.7254e-01  -1.7251e+03  1.7209e+00
  3.4145e+00  1.1053e+01  5.0000e-01  1.0705e+12  9.1963e-01  -2.9735e-02  2.8680e-02
  3.4145e+00  1.1053e+01  5.2000e-01  2.4156e+11  8.6715e-01  4.7496e-01  7.8104e-02
  3.4145e+00  1.1053e+01  5.4000e-01  1.8798e+11  8.8731e-01  4.1962e-01  9.5906e-02
  3.4145e+00  1.1053e+01  5.6000e-01  1.5666e+11  9.3442e-01  3.5238e-01  1.1042e-01
  3.4145e+00  1.1053e+01  5.8000e-01  1.4288e+11  9.8995e-01  2.8752e-01  1.1474e-01
  3.4145e+00  1.1053e+01  6.0000e-01  1.3602e+11  1.0463e+00  2.4143e-01  1.1442e-01
  3.4145e+00  1.3503e+01  1.0000e-02  9.0710e+11  1.3576e+00  1.3599e+00  1.3997e-01
  3.4145e+00  1.3503e+01  2.0000e-02  1.1187e+12  1.3638e+00  1.0718e+00  1.1778e-01
  3.4145e+00  1.3503e+01  4.0000e-02  1.3358e+12  1.3682e+00  8.4707e-01  1.0123e-01
  3.4145e+00  1.3503e+01  6.0000e-02  1.4782e+12  1.3704e+00  7.2108e-01  9.2526e-02
  3.4145e+00  1.3503e+01  8.0000e-02  1.6174e+12  1.3719e+00  6.2579e-01  8.5714e-02
  3.4145e+00  1.3503e+01  1.0000e-01  1.8172e+12  1.3697e+00  5.4707e-01  7.8131e-02
  3.4145e+00  1.3503e+01  1.2000e-01  2.0912e+12  1.3625e+00  4.7863e-01  7.1571e-02
  3.4145e+00  1.3503e+01  1.4000e-01  2.6879e+12  1.3444e+00  4.1223e-01  6.0568e-02
  3.4145e+00  1.3503e+01  1.6000e-01  4.0932e+12  1.3097e+00  3.5073e-01  4.5125e-02
  3.4145e+00  1.3503e+01  1.8000e-01  6.0525e+12  1.2774e+00  2.9469e-01  3.5344e-02
  3.4145e+00  1.3503e+01  2.0000e-01  7.4587e+12  1.2618e+00  2.4323e-01  3.2494e-02
  3.4145e+00  1.3503e+01  2.2000e-01  8.1286e+12  1.2570e+00  1.9299e-01  3.2703e-02
  3.4145e+00  1.3503e+01  2.4000e-01  8.1487e+12  1.2799e+00  1.3247e-01  3.0933e-02
  3.4145e+00  1.3503e+01  2.6000e-01  2.8603e+12  1.3343e+00  1.0891e-01  5.7400e-02
  3.4145e+00  1.3503e+01  2.8000e-01  3.1323e+12  1.3312e+00  8.5234e-02  5.9578e-02
  3.4145e+00  1.3503e+01  3.0000e-01  3.4207e+12  1.3147e+00  7.8025e-02  6.1736e-02
  3.4145e+00  1.3503e+01  3.2000e-01  2.4402e+12  1.2920e+00  9.6414e-02  8.7947e-02
  3.4145e+00  1.3503e+01  3.4000e-01  1.4873e+12  1.2944e+00  9.9712e-02  1.3495e-01
  3.4145e+00  1.3503e+01  3.6000e-01  7.4232e+11  1.2329e+00  3.4442e-01  3.1538e-01
  3.4145e+00  1.3503e+01  3.8000e-01  1.8365e+12  1.4290e+00  -1.4708e+00  1.0706e-01
  3.4145e+00  1.3503e+01  4.0000e-01  2.7794e+08  1.5380e+00  5.2089e+00  1.7474e+01
  3.4145e+00  1.3503e+01  4.2000e-01  5.1647e+09  8.9257e-01  7.0536e+01  3.4761e+01
  3.4145e+00  1.3503e+01  4.4000e-01  7.5991e+08  7.6178e-01  -1.1601e+02  2.0635e+00
  3.4145e+00  1.3503e+01  4.6000e-01  8.4889e+07  9.2057e-01  -4.6254e+02  1.6366e+00
  3.4145e+00  1.3503e+01  4.8000e-01  2.5856e+10  6.0523e-01  -1.3433e+03  6.9736e-01
  3.4145e+00  1.3503e+01  5.0000e-01  1.0700e+12  9.1570e-01  -1.0968e-01  2.8329e-02
  3.4145e+00  1.3503e+01  5.2000e-01  1.9848e+11  8.8614e-01  4.9078e-01  8.1826e-02
  3.4145e+00  1.3503e+01  5.4000e-01  1.6260e+11  8.8573e-01  4.9466e-01  9.3207e-02
  3.4145e+00  1.3503e+01  5.6000e-01  1.3405e+11  9.1346e-01  4.3331e-01  1.0770e-01
  3.4145e+00  1.3503e+01  5.8000e-01  1.1517e+11  9.5054e-01  3.7654e-01  1.1875e-01
  3.4145e+00  1.3503e+01  6.0000e-01  1.0410e+11  9.9024e-01  3.2513e-01  1.2501e-01
  3.4145e+00  1.6496e+01  1.0000e-02  7.3838e+11  1.3512e+00  1.6739e+00  1.6289e-01
  3.4145e+00  1.6496e+01  2.0000e-02  9.0919e+11  1.3602e+00  1.2776e+00  1.3978e-01
  3.4145e+00  1.6496e+01  4.0000e-02  1.1377e+12  1.3660e+00  9.4910e-01  1.1709e-01
  3.4145e+00  1.6496e+01  6.0000e-02  1.3298e+12  1.3693e+00  7.7470e-01  1.0300e-01
  3.4145e+00  1.6496e+01  8.0000e-02  1.5034e+12  1.3723e+00  6.5558e-01  9.2982e-02
  3.4145e+00  1.6496e+01  1.0000e-01  1.7040e+12  1.3710e+00  5.6627e-01  8.3687e-02
  3.4145e+00  1.6496e+01  1.2000e-01  1.9376e+12  1.3653e+00  4.9289e-01  7.7117e-02
  3.4145e+00  1.6496e+01  1.4000e-01  2.3875e+12  1.3514e+00  4.2270e-01  6.6801e-02
  3.4145e+00  1.6496e+01  1.6000e-01  3.4932e+12  1.3204e+00  3.5943e-01  5.0541e-02
  3.4145e+00  1.6496e+01  1.8000e-01  5.3218e+12  1.2845e+00  3.0336e-01  3.8122e-02
  3.4145e+00  1.6496e+01  2.0000e-01  6.8492e+12  1.2636e+00  2.5128e-01  3.3865e-02
  3.4145e+00  1.6496e+01  2.2000e-01  7.6708e+12  1.2532e+00  2.0078e-01  3.3540e-02
  3.4145e+00  1.6496e+01  2.4000e-01  7.2499e+12  1.2676e+00  1.4142e-01  3.3586e-02
  3.4145e+00  1.6496e+01  2.6000e-01  2.3281e+12  1.3444e+00  1.1314e-01  6.0623e-02
  3.4145e+00  1.6496e+01  2.8000e-01  2.6615e+12  1.3382e+00  8.8535e-02  6.2894e-02
  3.4145e+00  1.6496e+01  3.0000e-01  3.0999e+12  1.3162e+00  8.1964e-02  6.4387e-02
  3.4145e+00  1.6496e+01  3.2000e-01  2.4625e+12  1.2871e+00  1.0006e-01  8.7796e-02
  3.4145e+00  1.6496e+01  3.4000e-01  2.0273e+12  1.3012e+00  7.0654e-02  1.0475e-01
  3.4145e+00  1.6496e+01  3.6000e-01  8.4370e+11  1.2067e+00  4.1403e-01  3.1983e-01
  3.4145e+00  1.6496e+01  3.8000e-01  1.4017e+11  1.3772e+00  -8.9622e-01  7.2048e-01
  3.4145e+00  1.6496e+01  4.0000e-01  2.8488e+08  1.5272e+00  4.1382e+00  1.9282e+01
  3.4145e+00  1.6496e+01  4.2000e-01  2.6546e+09  8.8645e-01  2.8709e+01  5.7512e+01
  3.4145e+00  1.6496e+01  4.4000e-01  5.8636e+08  8.2500e-01  -1.8298e+02  1.6948e+00
  3.4145e+00  1.6496e+01  4.6000e-01  8.3472e+07  8.6216e-01  -4.5219e+02  1.6351e+00
  3.4145e+00  1.6496e+01  4.8000e-01  1.3651e+10  6.5492e-01  -9.9676e+02  8.2344e-01
  3.4145e+00  1.6496e+01  5.0000e-01  8.6831e+11  9.2097e-01  -3.4740e-01  3.5372e-02
  3.4145e+00  1.6496e+01  5.2000e-01  1.5536e+11  9.0686e-01  5.0496e-01  8.6106e-02
  3.4145e+00  1.6496e+01  5.4000e-01  1.2538e+11  9.0207e-01  5.4462e-01  9.6255e-02
  3.4145e+00  1.6496e+01  5.6000e-01  1.0617e+11  9.1089e-01  5.4452e-01  1.0578e-01
  3.4145e+00  1.6496e+01  5.8000e-01  8.8485e+10  9.3429e-01  4.9813e-01  1.1878e-01
  3.4145e+00  1.6496e+01  6.0000e-01  7.6789e+10  9.6366e-01  4.3560e-01  1.2748e-01
  3.4145e+00  2.0153e+01  1.0000e-02  5.9858e+11  1.3480e+00  2.0850e+00  1.8319e-01
  3.4145e+00  2.0153e+01  2.0000e-02  7.9000e+11  1.3561e+00  1.4978e+00  1.5333e-01
  3.4145e+00  2.0153e+01  4.0000e-02  1.0242e+12  1.3653e+00  1.0547e+00  1.2749e-01
  3.4145e+00  2.0153e+01  6.0000e-02  1.1920e+12  1.3683e+00  8.4375e-01  1.1307e-01
  3.4145e+00  2.0153e+01  8.0000e-02  1.2927e+12  1.3705e+00  7.0825e-01  1.0601e-01
  3.4145e+00  2.0153e+01  1.0000e-01  1.4708e+12  1.3707e+00  6.0042e-01  9.4709e-02
  3.4145e+00  2.0153e+01  1.2000e-01  1.6415e+12  1.3705e+00  5.1826e-01  8.8170e-02
  3.4145e+00  2.0153e+01  1.4000e-01  1.8917e+12  1.3643e+00  4.4133e-01  7.9929e-02
  3.4145e+00  2.0153e+01  1.6000e-01  2.5684e+12  1.3417e+00  3.7223e-01  6.2658e-02
  3.4145e+00  2.0153e+01  1.8000e-01  3.9978e+12  1.3026e+00  3.1669e-01  4.5219e-02
  3.4145e+00  2.0153e+01  2.0000e-01  5.6417e+12  1.2707e+00  2.6501e-01  3.7246e-02
  3.4145e+00  2.0153e+01  2.2000e-01  6.7313e+12  1.2502e+00  2.1419e-01  3.5408e-02
  3.4145e+00  2.0153e+01  2.4000e-01  6.0413e+12  1.2445e+00  1.6470e-01  3.7790e-02
  3.4145e+00  2.0153e+01  2.6000e-01  1.6189e+12  1.3651e+00  1.1952e-01  6.6307e-02
  3.4145e+00  2.0153e+01  2.8000e-01  2.0918e+12  1.3505e+00  9.2938e-02  6.7448e-02
  3.4145e+00  2.0153e+01  3.0000e-01  2.7001e+12  1.3189e+00  8.6657e-02  6.7917e-02
  3.4145e+00  2.0153e+01  3.2000e-01  2.4713e+12  1.2849e+00  1.0076e-01  8.6492e-02
  3.4145e+00  2.0153e+01  3.4000e-01  2.1323e+12  1.2875e+00  8.5133e-02  1.0405e-01
  3.4145e+00  2.0153e+01  3.6000e-01  9.9103e+11  1.1767e+00  4.9257e-01  3.1984e-01
  3.4145e+00  2.0153e+01  3.8000e-01  7.0150e+10  1.2769e+00  7.0702e-01  1.6384e+00
  3.4145e+00  2.0153e+01  4.0000e-01  1.8065e+11  1.5238e+00  -1.5630e+01  3.7072e-01
  3.4145e+00  2.0153e+01  4.2000e-01  7.3692e+08  9.2655e-01  5.2319e+01  8.1309e+01
  3.4145e+00  2.0153e+01  4.4000e-01  3.1084e+08  8.4548e-01  -2.5931e+02  2.5360e+00
  3.4145e+00  2.0153e+01  4.6000e-01  6.7510e+07  8.2425e-01  -4.5233e+02  1.9300e+00
  3.4145e+00  2.0153e+01  4.8000e-01  2.3878e+09  7.6898e-01  -6.5844e+02  2.0951e+00
  3.4145e+00  2.0153e+01  5.0000e-01  5.7659e+11  9.4204e-01  -1.0594e+00  5.5401e-02
  3.4145e+00  2.0153e+01  5.2000e-01  1.1051e+11  9.2805e-01  5.2887e-01  9.2172e-02
  3.4145e+00  2.0153e+01  5.4000e-01  8.4750e+10  9.2905e-01  5.8740e-01  1.0283e-01
  3.4145e+00  2.0153e+01  5.6000e-01  7.3647e+10  9.3081e-01  6.1219e-01  1.0750e-01
  3.4145e+00  2.0153e+01  5.8000e-01  6.2705e+10  9.3982e-01  6.1931e-01  1.1511e-01
  3.4145e+00  2.0153e+01  6.0000e-01  5.2868e+10  9.5596e-01  5.9754e-01  1.2470e-01
  3.4145e+00  2.4621e+01  1.0000e-02  4.3564e+11  1.3512e+00  2.8081e+00  2.2094e-01
  3.4145e+00  2.4621e+01  2.0000e-02  6.7235e+11  1.3548e+00  1.7910e+00  1.6654e-01
  3.4145e+00  2.4621e+01  4.0000e-02  9.2047e+11  1.3634e+00  1.1901e+00  1.3678e-01
  3.4145e+00  2.4621e+01  6.0000e-02  1.0989e+12  1.3680e+00  9.2123e-01  1.2038e-01
  3.4145e+00  2.4621e+01  8.0000e-02  1.2370e+12  1.3713e+00  7.6014e-01  1.1034e-01
  3.4145e+00  2.4621e+01  1.0000e-01  1.3687e+12  1.3722e+00  6.4470e-01  1.0117e-01
  3.4145e+00  2.4621e+01  1.2000e-01  1.4868e+12  1.3707e+00  5.6031e-01  9.4806e-02
  3.4145e+00  2.4621e+01  1.4000e-01  1.5473e+12  1.3707e+00  4.8634e-01  9.3491e-02
  3.4145e+00  2.4621e+01  1.6000e-01  1.7447e+12  1.3648e+00  4.0755e-01  8.4400e-02
  3.4145e+00  2.4621e+01  1.8000e-01  2.4272e+12  1.3379e+00  3.4123e-01  6.3367e-02
  3.4145e+00  2.4621e+01  2.0000e-01  3.7466e+12  1.2959e+00  2.8991e-01  4.6374e-02
  3.4145e+00  2.4621e+01  2.2000e-01  5.0603e+12  1.2608e+00  2.4041e-01  4.0241e-02
  3.4145e+00  2.4621e+01  2.4000e-01  5.4054e+12  1.2087e+00  2.2153e-01  4.2809e-02
  3.4145e+00  2.4621e+01  2.6000e-01  6.1611e+11  1.4272e+00  1.3468e-01  8.4744e-02
  3.4145e+00  2.4621e+01  2.8000e-01  1.4003e+12  1.3971e+00  8.1818e-02  6.8940e-02
  3.4145e+00  2.4621e+01  3.0000e-01  2.3186e+12  1.3453e+00  7.6948e-02  6.3916e-02
  3.4145e+00  2.4621e+01  3.2000e-01  2.0933e+12  1.3078e+00  9.3565e-02  8.1981e-02
  3.4145e+00  2.4621e+01  3.4000e-01  2.6171e+12  1.2751e+00  8.2343e-02  8.6395e-02
  3.4145e+00  2.4621e+01  3.6000e-01  1.2556e+12  1.2469e+00  1.2328e-01  1.7619e-01
  3.4145e+00  2.4621e+01  3.8000e-01  1.7908e+11  1.2075e+00  5.7646e-01  1.1726e+00
  3.4145e+00  2.4621e+01  4.0000e-01  2.5014e+11  1.6183e+00  -3.7349e+01  3.4861e-01
  3.4145e+00  2.4621e+01  4.2000e-01  5.8405e+07  1.0885e+00  1.0062e+02  1.2452e+02
  3.4145e+00  2.4621e+01  4.4000e-01  2.9247e+08  8.4783e-01  -3.6018e+02  1.9795e+00
  3.4145e+00  2.4621e+01  4.6000e-01  7.8695e+07  7.9969e-01  -4.5001e+02  1.3696e+00
  3.4145e+00  2.4621e+01  4.8000e-01  1.9251e+09  9.9217e-01  -5.2914e+02  3.8973e-01
  3.4145e+00  2.4621e+01  5.0000e-01  3.1675e+11  1.0139e+00  -4.1629e+00  1.0143e-01
  3.4145e+00  2.4621e+01  5.2000e-01  7.0896e+10  9.5349e-01  5.3752e-01  1.0107e-01
  3.4145e+00  2.4621e+01  5.4000e-01  5.3855e+10  9.5318e-01  6.3203e-01  1.0778e-01
  3.4145e+00  2.4621e+01  5.6000e-01  4.4983e+10  9.5696e-01  6.6384e-01  1.1236e-01
  3.4145e+00  2.4621e+01  5.8000e-01  3.8290e+10  9.6216e-01  6.7931e-01  1.1742e-01
  3.4145e+00  2.4621e+01  6.0000e-01  3.2610e+10  9.7069e-01  6.7962e-01  1.2283e-01
  3.4145e+00  3.0079e+01  1.0000e-02  2.3945e+11  1.3610e+00  4.5559e+00  3.2503e-01
  3.4145e+00  3.0079e+01  2.0000e-02  5.0857e+11  1.3584e+00  2.2949e+00  1.9543e-01
  3.4145e+00  3.0079e+01  4.0000e-02  8.1425e+11  1.3616e+00  1.3786e+00  1.4550e-01
  3.4145e+00  3.0079e+01  6.0000e-02  9.9209e+11  1.3670e+00  1.0315e+00  1.2855e-01
  3.4145e+00  3.0079e+01  8.0000e-02  1.1462e+12  1.3708e+00  8.3003e-01  1.1644e-01
  3.4145e+00  3.0079e+01  1.0000e-01  1.2883e+12  1.3733e+00  6.9073e-01  1.0620e-01
  3.4145e+00  3.0079e+01  1.2000e-01  1.4362e+12  1.3725e+00  5.9246e-01  9.7110e-02
  3.4145e+00  3.0079e+01  1.4000e-01  1.5195e+12  1.3726e+00  5.1749e-01  9.4243e-02
  3.4145e+00  3.0079e+01  1.6000e-01  1.6106e+12  1.3720e+00  4.4596e-01  9.1138e-02
  3.4145e+00  3.0079e+01  1.8000e-01  1.8659e+12  1.3629e+00  3.7728e-01  8.0007e-02
  3.4145e+00  3.0079e+01  2.0000e-01  2.4991e+12  1.3378e+00  3.2246e-01  6.2164e-02
  3.4145e+00  3.0079e+01  2.2000e-01  3.5781e+12  1.3016e+00  2.7872e-01  4.7713e-02
  3.4145e+00  3.0079e+01  2.4000e-01  4.6795e+12  1.2688e+00  2.3671e-01  4.1647e-02
  3.4145e+00  3.0079e+01  2.6000e-01  4.7570e+12  1.2352e+00  2.0867e-01  4.4130e-02
  3.4145e+00  3.0079e+01  2.8000e-01  9.7057e+11  1.2774e+00  2.8575e-01  8.6135e-02
  3.4145e+00  3.0079e+01  3.0000e-01  4.6812e+11  1.4189e+00  1.1294e-01  1.2025e-01
  3.4145e+00  3.0079e+01  3.2000e-01  1.6732e+12  1.3903e+00  4.4148e-02  6.4850e-02
  3.4145e+00  3.0079e+01  3.4000e-01  1.5017e+13  1.3624e+00  1.7845e-02  1.5535e-02
  3.4145e+00  3.0079e+01  3.6000e-01  1.2429e+13  1.3193e+00  -2.9900e-02  2.1838e-02
  3.4145e+00  3.0079e+01  3.8000e-01  1.0067e+13  1.2656e+00  -1.1620e-01  3.0222e-02
  3.4145e+00  3.0079e+01  4.0000e-01  2.2404e+10  1.2991e+00  -1.0912e+00  3.0487e+00
  3.4145e+00  3.0079e+01  4.2000e-01  1.5464e+11  8.7261e-01  -1.4456e+02  1.7336e+00
  3.4145e+00  3.0079e+01  4.4000e-01  2.5517e+08  8.4526e-01  -4.5225e+02  1.8390e+00
  3.4145e+00  3.0079e+01  4.6000e-01  7.0798e+07  8.1003e-01  -4.7775e+02  1.1680e+00
  3.4145e+00  3.0079e+01  4.8000e-01  1.0303e+09  1.1153e+00  -5.6720e+02  3.0991e-01
  3.4145e+00  3.0079e+01  5.0000e-01  8.8145e+10  1.1972e+00  -2.3376e+01  2.9692e-01
  3.4145e+00  3.0079e+01  5.2000e-01  4.2238e+10  9.7699e-01  5.4565e-01  1.1085e-01
  3.4145e+00  3.0079e+01  5.4000e-01  3.1033e+10  9.8059e-01  6.5049e-01  1.1523e-01
  3.4145e+00  3.0079e+01  5.6000e-01  2.5947e+10  9.8230e-01  6.9531e-01  1.1653e-01
  3.4145e+00  3.0079e+01  5.8000e-01  2.2489e+10  9.8372e-01  7.1619e-01  1.1787e-01
  3.4145e+00  3.0079e+01  6.0000e-01  1.8124e+10  9.9471e-01  7.1134e-01  1.2757e-01
  3.4145e+00  3.6747e+01  1.0000e-02  3.5018e+09  1.6948e+00  1.0058e+01  3.0532e+00
  3.4145e+00  3.6747e+01  2.0000e-02  3.1715e+11  1.3638e+00  3.3924e+00  2.6304e-01
  3.4145e+00  3.6747e+01  4.0000e-02  6.5910e+11  1.3622e+00  1.6771e+00  1.6266e-01
  3.4145e+00  3.6747e+01  6.0000e-02  9.2230e+11  1.3668e+00  1.1844e+00  1.3185e-01
  3.4145e+00  3.6747e+01  8.0000e-02  1.0438e+12  1.3700e+00  9.3270e-01  1.2280e-01
  3.4145e+00  3.6747e+01  1.0000e-01  1.1823e+12  1.3737e+00  7.5993e-01  1.1267e-01
  3.4145e+00  3.6747e+01  1.2000e-01  1.3351e+12  1.3733e+00  6.3931e-01  1.0203e-01
  3.4145e+00  3.6747e+01  1.4000e-01  1.4465e+12  1.3732e+00  5.5152e-01  9.6723e-02
  3.4145e+00  3.6747e+01  1.6000e-01  1.5295e+12  1.3736e+00  4.7681e-01  9.4253e-02
  3.4145e+00  3.6747e+01  1.8000e-01  1.6824e+12  1.3700e+00  4.0499e-01  8.7215e-02
  3.4145e+00  3.6747e+01  2.0000e-01  2.1058e+12  1.3531e+00  3.4345e-01  7.1541e-02
  3.4145e+00  3.6747e+01  2.2000e-01  2.9075e+12  1.3226e+00  2.9722e-01  5.4863e-02
  3.4145e+00  3.6747e+01  2.4000e-01  3.9703e+12  1.2887e+00  2.5695e-01  4.4590e-02
  3.4145e+00  3.6747e+01  2.6000e-01  4.7349e+12  1.2597e+00  2.1835e-01  4.1755e-02
  3.4145e+00  3.6747e+01  2.8000e-01  4.2613e+12  1.2117e+00  2.2361e-01  4.9043e-02
  3.4145e+00  3.6747e+01  3.0000e-01  2.5514e+11  1.3753e+00  3.0595e-01  1.5166e-01
  3.4145e+00  3.6747e+01  3.2000e-01  4.9891e+11  1.4173e+00  8.8718e-02  1.1947e-01
  3.4145e+00  3.6747e+01  3.4000e-01  9.5117e+12  1.3967e+00  1.1879e-02  1.8440e-02
  3.4145e+00  3.6747e+01  3.6000e-01  1.7642e+13  1.3494e+00  -2.6019e-03  1.4029e-02
  3.4145e+00  3.6747e+01  3.8000e-01  9.1964e+12  1.3310e+00  -8.2213e-02  2.4385e-02
  3.4145e+00  3.6747e+01  4.0000e-01  8.4136e+10  1.1676e+00  2.0341e+00  1.4776e+00
  3.4145e+00  3.6747e+01  4.2000e-01  1.8256e+10  8.6909e-01  2.2287e+01  4.1347e+01
  3.4145e+00  3.6747e+01  4.4000e-01  8.3274e+08  1.0334e+00  -1.5421e+02  5.2263e-01
  3.4145e+00  3.6747e+01  4.6000e-01  1.3607e+08  8.1729e-01  -4.7265e+02  3.7625e-01
  3.4145e+00  3.6747e+01  4.8000e-01  4.7965e+07  1.1133e+00  -5.5670e+02  2.6082e+00
  3.4145e+00  3.6747e+01  5.0000e-01  1.9221e+10  1.3910e+00  -6.5887e+01  7.7973e-01
  3.4145e+00  3.6747e+01  5.2000e-01  2.4270e+10  9.9457e-01  5.5130e-01  1.2146e-01
  3.4145e+00  3.6747e+01  5.4000e-01  1.7930e+10  9.9937e-01  6.6103e-01  1.1971e-01
  3.4145e+00  3.6747e+01  5.6000e-01  1.4820e+10  1.0034e+00  7.0674e-01  1.2042e-01
  3.4145e+00  3.6747e+01  5.8000e-01  1.1601e+10  1.0145e+00  7.1187e-01  1.3058e-01
  3.4145e+00  3.6747e+01  6.0000e-01  9.8534e+09  1.0213e+00  7.0300e-01  1.3374e-01
  3.4145e+00  4.4893e+01  1.0000e-02  6.1654e+08  1.8189e+00  1.0531e+01  1.4953e+01
  3.4145e+00  4.4893e+01  2.0000e-02  3.2479e+10  1.5201e+00  6.4681e+00  9.4445e-01
  3.4145e+00  4.4893e+01  4.0000e-02  4.6044e+11  1.3708e+00  2.2372e+00  1.9979e-01
  3.4145e+00  4.4893e+01  6.0000e-02  7.4752e+11  1.3682e+00  1.4391e+00  1.4673e-01
  3.4145e+00  4.4893e+01  8.0000e-02  9.3281e+11  1.3694e+00  1.0854e+00  1.2868e-01
  3.4145e+00  4.4893e+01  1.0000e-01  1.0903e+12  1.3727e+00  8.6641e-01  1.1742e-01
  3.4145e+00  4.4893e+01  1.2000e-01  1.1959e+12  1.3743e+00  7.1300e-01  1.0936e-01
  3.4145e+00  4.4893e+01  1.4000e-01  1.3344e+12  1.3733e+00  6.0582e-01  1.0091e-01
  3.4145e+00  4.4893e+01  1.6000e-01  1.4154e+12  1.3742e+00  5.2088e-01  9.8095e-02
  3.4145e+00  4.4893e+01  1.8000e-01  1.5295e+12  1.3734e+00  4.4123e-01  9.3193e-02
  3.4145e+00  4.4893e+01  2.0000e-01  1.8014e+12  1.3638e+00  3.7143e-01  8.0610e-02
  3.4145e+00  4.4893e+01  2.2000e-01  2.4148e+12  1.3387e+00  3.1782e-01  6.2641e-02
  3.4145e+00  4.4893e+01  2.4000e-01  3.3381e+12  1.3054e+00  2.7609e-01  4.8968e-02
  3.4145e+00  4.4893e+01  2.6000e-01  4.2533e+12  1.2745e+00  2.3671e-01  4.2915e-02
  3.4145e+00  4.4893e+01  2.8000e-01  4.4045e+12  1.2447e+00  2.0615e-01  4.4405e-02
  3.4145e+00  4.4893e+01  3.0000e-01  3.4996e+12  1.1890e+00  2.3065e-01  5.5366e-02
  3.4145e+00  4.4893e+01  3.2000e-01  2.3721e+11  1.4315e+00  1.6136e-01  1.5808e-01
  3.4145e+00  4.4893e+01  3.4000e-01  1.0784e+12  1.4147e+00  3.6407e-02  7.3684e-02
  3.4145e+00  4.4893e+01  3.6000e-01  1.6590e+13  1.3622e+00  5.1180e-03  1.3462e-02
  3.4145e+00  4.4893e+01  3.8000e-01  6.7743e+12  1.3833e+00  -7.8872e-02  2.4918e-02
  3.4145e+00  4.4893e+01  4.0000e-01  6.5986e+11  1.1918e+00  5.6209e-02  2.7503e-01
  3.4145e+00  4.4893e+01  4.2000e-01  4.1567e+11  1.4573e+00  -1.0223e+01  2.2574e-01
  3.4145e+00  4.4893e+01  4.4000e-01  6.0118e+10  1.0747e+00  -2.9335e+02  5.6464e-01
  3.4145e+00  4.4893e+01  4.6000e-01  4.1113e+07  8.2486e-01  -4.5366e+02  1.0806e+00
  3.4145e+00  4.4893e+01  4.8000e-01  7.0822e+07  9.4487e-01  -5.1920e+02  1.5383e+00
  3.4145e+00  4.4893e+01  5.0000e-01  5.5080e+09  1.5534e+00  -1.1849e+02  1.4045e+00
  3.4145e+00  4.4893e+01  5.2000e-01  1.3751e+10  1.0078e+00  5.5322e-01  1.3075e-01
  3.4145e+00  4.4893e+01  5.4000e-01  9.9709e+09  1.0198e+00  6.4040e-01  1.2594e-01
  3.4145e+00  4.4893e+01  5.6000e-01  7.4325e+09  1.0381e+00  6.5879e-01  1.3675e-01
  3.4145e+00  4.4893e+01  5.8000e-01  5.9114e+09  1.0474e+00  6.7173e-01  1.4747e-01
  3.4145e+00  4.4893e+01  6.0000e-01  5.1993e+09  1.0478e+00  6.8610e-01  1.4242e-01
  3.4145e+00  5.4844e+01  1.0000e-02  3.0393e+11  2.1544e+00  -2.6122e+01  3.9800e-01
  3.4145e+00  5.4844e+01  2.0000e-02  2.6584e+09  1.7215e+00  9.1671e+00  6.8841e+00
  3.4145e+00  5.4844e+01  4.0000e-02  2.1289e+11  1.4013e+00  3.5513e+00  3.2520e-01
  3.4145e+00  5.4844e+01  6.0000e-02  5.0669e+11  1.3768e+00  1.9191e+00  1.8267e-01
  3.4145e+00  5.4844e+01  8.0000e-02  7.3736e+11  1.3710e+00  1.3438e+00  1.4459e-01
  3.4145e+00  5.4844e+01  1.0000e-01  9.2505e+11  1.3725e+00  1.0365e+00  1.2667e-01
  3.4145e+00  5.4844e+01  1.2000e-01  1.0179e+12  1.3750e+00  8.3438e-01  1.1986e-01
  3.4145e+00  5.4844e+01  1.4000e-01  1.1704e+12  1.3740e+00  6.9054e-01  1.0832e-01
  3.4145e+00  5.4844e+01  1.6000e-01  1.2820e+12  1.3740e+00  5.8723e-01  1.0244e-01
  3.4145e+00  5.4844e+01  1.8000e-01  1.3556e+12  1.3755e+00  4.9797e-01  9.9660e-02
  3.4145e+00  5.4844e+01  2.0000e-01  1.5184e+12  1.3718e+00  4.1570e-01  9.0825e-02
  3.4145e+00  5.4844e+01  2.2000e-01  1.9197e+12  1.3546e+00  3.4958e-01  7.3857e-02
  3.4145e+00  5.4844e+01  2.4000e-01  2.6549e+12  1.3241e+00  3.0147e-01  5.6470e-02
  3.4145e+00  5.4844e+01  2.6000e-01  3.5741e+12  1.2911e+00  2.6071e-01  4.6047e-02
  3.4145e+00  5.4844e+01  2.8000e-01  4.1953e+12  1.2626e+00  2.2210e-01  4.3236e-02
  3.4145e+00  5.4844e+01  3.0000e-01  3.6792e+12  1.2159e+00  2.2742e-01  5.1343e-02
  3.4145e+00  5.4844e+01  3.2000e-01  2.6929e+11  1.3456e+00  3.5282e-01  1.4771e-01
  3.4145e+00  5.4844e+01  3.4000e-01  3.8225e+11  1.4172e+00  1.0239e-01  1.3083e-01
  3.4145e+00  5.4844e+01  3.6000e-01  6.8757e+12  1.3953e+00  1.2258e-02  2.1282e-02
  3.4145e+00  5.4844e+01  3.8000e-01  1.2192e+13  1.3614e+00  -2.3837e-02  1.6247e-02
  3.4145e+00  5.4844e+01  4.0000e-01  7.2157e+12  1.3169e+00  -8.9579e-02  2.6757e-02
  3.4145e+00  5.4844e+01  4.2000e-01  4.1461e+10  1.2336e+00  1.3291e+00  1.6284e+00
  3.4145e+00  5.4844e+01  4.4000e-01  2.3940e+10  7.9292e-01  3.2289e+01  3.5223e+01
  3.4145e+00  5.4844e+01  4.6000e-01  2.6978e+07  7.7038e-01  -7.7989e+02  3.7136e+00
  3.4145e+00  5.4844e+01  4.8000e-01  3.2655e+07  8.7460e-01  -5.2171e+02  2.1143e+00
  3.4145e+00  5.4844e+01  5.0000e-01  3.7480e+09  1.6641e+00  -1.5570e+02  1.3626e+00
  3.4145e+00  5.4844e+01  5.2000e-01  7.8397e+09  1.0198e+00  5.4069e-01  1.3840e-01
  3.4145e+00  5.4844e+01  5.4000e-01  5.6902e+09  1.0324e+00  6.1255e-01  1.3383e-01
  3.4145e+00  5.4844e+01  5.6000e-01  4.1371e+09  1.0578e+00  6.2863e-01  1.4623e-01
  3.4145e+00  5.4844e+01  5.8000e-01  3.2853e+09  1.0702e+00  6.3781e-01  1.5292e-01
  3.4145e+00  5.4844e+01  6.0000e-01  2.7294e+09  1.0748e+00  6.5499e-01  1.5710e-01
  3.4145e+00  6.7002e+01  1.0000e-02  1.0920e+11  2.4188e+00  -6.1088e+01  4.9406e-01
  3.4145e+00  6.7002e+01  2.0000e-02  4.1336e+08  1.9510e+00  -4.2636e+00  1.3077e+01
  3.4145e+00  6.7002e+01  4.0000e-02  4.7345e+09  1.7185e+00  5.7207e+00  2.4479e+00
  3.4145e+00  6.7002e+01  6.0000e-02  2.3440e+11  1.4075e+00  3.0246e+00  2.9610e-01
  3.4145e+00  6.7002e+01  8.0000e-02  4.7252e+11  1.3837e+00  1.8548e+00  1.8529e-01
  3.4145e+00  6.7002e+01  1.0000e-01  6.8852e+11  1.3748e+00  1.3367e+00  1.4637e-01
  3.4145e+00  6.7002e+01  1.2000e-01  8.4627e+11  1.3751e+00  1.0404e+00  1.3015e-01
  3.4145e+00  6.7002e+01  1.4000e-01  9.5531e+11  1.3757e+00  8.3681e-01  1.2048e-01
  3.4145e+00  6.7002e+01  1.6000e-01  1.1002e+12  1.3742e+00  6.9420e-01  1.0956e-01
  3.4145e+00  6.7002e+01  1.8000e-01  1.1864e+12  1.3750e+00  5.8708e-01  1.0542e-01
  3.4145e+00  6.7002e+01  2.0000e-01  1.2616e+12  1.3759e+00  4.9090e-01  1.0157e-01
  3.4145e+00  6.7002e+01  2.2000e-01  1.4593e+12  1.3692e+00  4.0493e-01  8.9375e-02
  3.4145e+00  6.7002e+01  2.4000e-01  1.9282e+12  1.3467e+00  3.4121e-01  7.0091e-02
  3.4145e+00  6.7002e+01  2.6000e-01  2.6835e+12  1.3138e+00  2.9483e-01  5.3855e-02
  3.4145e+00  6.7002e+01  2.8000e-01  3.4809e+12  1.2822e+00  2.5350e-01  4.5765e-02
  3.4145e+00  6.7002e+01  3.0000e-01  3.8030e+12  1.2543e+00  2.1704e-01  4.5126e-02
  3.4145e+00  6.7002e+01  3.2000e-01  3.5790e+12  1.1871e+00  2.3861e-01  5.3326e-02
  3.4145e+00  6.7002e+01  3.4000e-01  1.7274e+11  1.4181e+00  2.2954e-01  1.6981e-01
  3.4145e+00  6.7002e+01  3.6000e-01  5.0708e+11  1.4171e+00  6.5578e-02  1.0633e-01
  3.4145e+00  6.7002e+01  3.8000e-01  1.0209e+13  1.3749e+00  6.5428e-03  1.6124e-02
  3.4145e+00  6.7002e+01  4.0000e-01  6.2779e+12  1.3897e+00  -8.1877e-02  2.2597e-02
  3.4145e+00  6.7002e+01  4.2000e-01  1.0940e+12  1.2289e+00  -4.0810e-02  1.3341e-01
  3.4145e+00  6.7002e+01  4.4000e-01  5.8989e+11  1.3271e+00  -2.1237e+00  1.4873e-01
  3.4145e+00  6.7002e+01  4.6000e-01  1.7291e+11  6.5306e-01  -5.5184e+01  1.1659e+00
  3.4145e+00  6.7002e+01  4.8000e-01  2.9016e+07  8.6726e-01  -5.4118e+02  1.0861e+00
  3.4145e+00  6.7002e+01  5.0000e-01  2.4791e+09  1.6858e+00  -1.4453e+02  1.2808e+00
  3.4145e+00  6.7002e+01  5.2000e-01  4.5882e+09  1.0317e+00  5.0451e-01  1.4832e-01
  3.4145e+00  6.7002e+01  5.4000e-01  3.4793e+09  1.0398e+00  5.7204e-01  1.3835e-01
  3.4145e+00  6.7002e+01  5.6000e-01  2.6552e+09  1.0537e+00  6.5699e-01  1.4546e-01
  3.4145e+00  6.7002e+01  5.8000e-01  2.1068e+09  1.0660e+00  6.8793e-01  1.5334e-01
  3.4145e+00  6.7002e+01  6.0000e-01  1.9641e+09  1.0593e+00  7.3218e-01  1.5110e-01
  3.4145e+00  8.1855e+01  1.0000e-02  1.7602e+10  3.0589e+00  -1.9983e+02  7.0185e-01
  3.4145e+00  8.1855e+01  2.0000e-02  2.4353e+11  2.1423e+00  -2.4181e+01  4.0549e-01
  3.4145e+00  8.1855e+01  4.0000e-02  3.2491e+09  1.7683e+00  3.6068e+00  5.8974e+00
  3.4145e+00  8.1855e+01  6.0000e-02  5.9317e+09  1.7159e+00  4.6136e+00  1.9983e+00
  3.4145e+00  8.1855e+01  8.0000e-02  1.6097e+11  1.4394e+00  3.0540e+00  3.5964e-01
  3.4145e+00  8.1855e+01  1.0000e-01  3.7868e+11  1.3946e+00  1.9788e+00  2.0611e-01
  3.4145e+00  8.1855e+01  1.2000e-01  5.6809e+11  1.3815e+00  1.4336e+00  1.5887e-01
  3.4145e+00  8.1855e+01  1.4000e-01  7.1669e+11  1.3782e+00  1.1124e+00  1.3846e-01
  3.4145e+00  8.1855e+01  1.6000e-01  8.3943e+11  1.3768e+00  8.8986e-01  1.2502e-01
  3.4145e+00  8.1855e+01  1.8000e-01  9.5547e+11  1.3753e+00  7.3524e-01  1.1524e-01
  3.4145e+00  8.1855e+01  2.0000e-01  1.0279e+12  1.3766e+00  6.1610e-01  1.1129e-01
  3.4145e+00  8.1855e+01  2.2000e-01  1.1004e+12  1.3774e+00  5.0874e-01  1.0637e-01
  3.4145e+00  8.1855e+01  2.4000e-01  1.3056e+12  1.3687e+00  4.1681e-01  9.1598e-02
  3.4145e+00  8.1855e+01  2.6000e-01  1.7437e+12  1.3450e+00  3.4901e-01  7.1111e-02
  3.4145e+00  8.1855e+01  2.8000e-01  2.4252e+12  1.3115e+00  3.0077e-01  5.4755e-02
  3.4145e+00  8.1855e+01  3.0000e-01  3.0851e+12  1.2808e+00  2.5801e-01  4.7137e-02
  3.4145e+00  8.1855e+01  3.2000e-01  3.2983e+12  1.2526e+00  2.2149e-01  4.6915e-02
  3.4145e+00  8.1855e+01  3.4000e-01  3.2383e+12  1.1844e+00  2.3426e-01  5.3165e-02
  3.4145e+00  8.1855e+01  3.6000e-01  1.6746e+11  1.4216e+00  2.0183e-01  1.6477e-01
  3.4145e+00  8.1855e+01  3.8000e-01  5.1389e+11  1.4147e+00  5.7541e-02  9.7699e-02
  3.4145e+00  8.1855e+01  4.0000e-01  8.7864e+12  1.3633e+00  8.7257e-03  1.6561e-02
  3.4145e+00  8.1855e+01  4.2000e-01  7.2432e+12  1.3855e+00  -8.0989e-02  1.7711e-02
  3.4145e+00  8.1855e+01  4.4000e-01  4.4883e+11  1.2044e+00  1.8965e-02  2.3626e-01
  3.4145e+00  8.1855e+01  4.6000e-01  2.3584e+11  1.4602e+00  -1.2994e+01  2.1843e-01
  3.4145e+00  8.1855e+01  4.8000e-01  5.0833e+08  1.2052e+00  -1.7030e+02  1.8716e+00
  3.4145e+00  8.1855e+01  5.0000e-01  1.5454e+09  1.5784e+00  -8.6443e+01  1.2163e+00
  3.4145e+00  8.1855e+01  5.2000e-01  2.5652e+09  1.0526e+00  4.4395e-01  1.7138e-01
  3.4145e+00  8.1855e+01  5.4000e-01  2.3166e+09  1.0359e+00  5.5158e-01  1.4959e-01
  3.4145e+00  8.1855e+01  5.6000e-01  1.8382e+09  1.0460e+00  6.6056e-01  1.4600e-01
  3.4145e+00  8.1855e+01  5.8000e-01  1.7083e+09  1.0400e+00  7.6559e-01  1.3591e-01
  3.4145e+00  8.1855e+01  6.0000e-01  1.2502e+09  1.0634e+00  7.4645e-01  1.5418e-01
  3.4145e+00  1.0000e+02  1.0000e-02  5.7081e+09  4.0097e+00  -5.3883e+02  7.2807e-01
  3.4145e+00  1.0000e+02  2.0000e-02  7.9386e+10  2.4373e+00  -6.0178e+01  5.1791e-01
  3.4145e+00  1.0000e+02  4.0000e-02  2.6070e+11  1.9635e+00  -9.2477e+00  4.4792e-01
  3.4145e+00  1.0000e+02  6.0000e-02  4.0920e+09  1.7377e+00  3.8501e+00  5.1509e+00
  3.4145e+00  1.0000e+02  8.0000e-02  6.3948e+09  1.7302e+00  3.6628e+00  2.3184e+00
  3.4145e+00  1.0000e+02  1.0000e-01  4.5870e+10  1.5482e+00  3.2984e+00  6.7323e-01
  3.4145e+00  1.0000e+02  1.2000e-01  2.3372e+11  1.4357e+00  2.2596e+00  2.6598e-01
  3.4145e+00  1.0000e+02  1.4000e-01  3.9420e+11  1.3967e+00  1.6902e+00  1.9031e-01
  3.4145e+00  1.0000e+02  1.6000e-01  5.3743e+11  1.3866e+00  1.2944e+00  1.5633e-01
  3.4145e+00  1.0000e+02  1.8000e-01  6.6557e+11  1.3810e+00  1.0247e+00  1.3602e-01
  3.4145e+00  1.0000e+02  2.0000e-01  7.8192e+11  1.3770e+00  8.3839e-01  1.2286e-01
  3.4145e+00  1.0000e+02  2.2000e-01  8.4934e+11  1.3776e+00  6.9788e-01  1.1790e-01
  3.4145e+00  1.0000e+02  2.4000e-01  8.9061e+11  1.3796e+00  5.7398e-01  1.1469e-01
  3.4145e+00  1.0000e+02  2.6000e-01  1.0237e+12  1.3742e+00  4.6349e-01  1.0152e-01
  3.4145e+00  1.0000e+02  2.8000e-01  1.3331e+12  1.3537e+00  3.8314e-01  8.0208e-02
  3.4145e+00  1.0000e+02  3.0000e-01  1.8520e+12  1.3210e+00  3.2772e-01  6.1097e-02
  3.4145e+00  1.0000e+02  3.2000e-01  2.4029e+12  1.2893e+00  2.8160e-01  5.0908e-02
  3.4145e+00  1.0000e+02  3.4000e-01  2.6880e+12  1.2622e+00  2.3992e-01  4.8397e-02
  3.4145e+00  1.0000e+02  3.6000e-01  2.5650e+12  1.2071e+00  2.3963e-01  5.3675e-02
  3.4145e+00  1.0000e+02  3.8000e-01  1.7199e+11  1.3789e+00  2.6970e-01  1.5174e-01
  3.4145e+00  1.0000e+02  4.0000e-01  3.0720e+11  1.4120e+00  8.8132e-02  1.1698e-01
  3.4145e+00  1.0000e+02  4.2000e-01  2.9706e+12  1.3814e+00  1.6373e-02  2.8057e-02
  3.4145e+00  1.0000e+02  4.4000e-01  5.4930e+12  1.3744e+00  -7.4194e-02  1.8142e-02
  3.4145e+00  1.0000e+02  4.6000e-01  5.1598e+11  1.2259e+00  -4.0896e-02  1.4308e-01
  3.4145e+00  1.0000e+02  4.8000e-01  4.8771e+10  1.4441e+00  -2.6816e+01  4.9385e-01
  3.4145e+00  1.0000e+02  5.0000e-01  5.8283e+06  1.2830e+00  5.4291e+01  7.1957e+01
  3.4145e+00  1.0000e+02  5.2000e-01  1.8360e+09  1.0443e+00  4.1638e-01  1.7513e-01
  3.4145e+00  1.0000e+02  5.4000e-01  1.3502e+09  1.0414e+00  6.0412e-01  1.7188e-01
  3.4145e+00  1.0000e+02  5.6000e-01  1.3398e+09  1.0310e+00  6.9875e-01  1.4562e-01
  3.4145e+00  1.0000e+02  5.8000e-01  9.8031e+08  1.0422e+00  7.8861e-01  1.5542e-01
  3.4145e+00  1.0000e+02  6.0000e-01  8.6993e+08  1.0668e+00  7.3447e-01  1.5288e-01
  3.4145e+00  1.5000e+02  1.0000e-02  6.5468e+06  5.9355e+00  -1.4979e+03  1.8185e+00
  3.4145e+00  1.5000e+02  2.0000e-02  3.3956e+08  4.2098e+00  -6.0581e+02  1.3414e+00
  3.4145e+00  1.5000e+02  4.0000e-02  5.9972e+10  2.3583e+00  -4.6346e+01  5.6581e-01
  3.4145e+00  1.5000e+02  6.0000e-02  4.6798e+11  2.0045e+00  -1.2282e+01  2.8282e-01
  3.4145e+00  1.5000e+02  8.0000e-02  5.6726e+11  1.8930e+00  -5.9587e+00  2.8565e-01
  3.4145e+00  1.5000e+02  1.0000e-01  4.1005e+09  1.7862e+00  -1.7371e-01  4.6622e+00
  3.4145e+00  1.5000e+02  1.2000e-01  6.6087e+09  1.7229e+00  2.0096e+00  3.6115e+00
  3.4145e+00  1.5000e+02  1.4000e-01  8.5855e+09  1.7057e+00  2.4475e+00  2.5858e+00
  3.4145e+00  1.5000e+02  1.6000e-01  8.3963e+09  1.7161e+00  2.4363e+00  1.8761e+00
  3.4145e+00  1.5000e+02  1.8000e-01  1.0636e+10  1.6958e+00  2.3782e+00  1.2222e+00
  3.4145e+00  1.5000e+02  2.0000e-01  4.1629e+10  1.5689e+00  2.2175e+00  6.0652e-01
  3.4145e+00  1.5000e+02  2.2000e-01  1.2126e+11  1.4769e+00  1.8922e+00  3.3729e-01
  3.4145e+00  1.5000e+02  2.4000e-01  2.2147e+11  1.4311e+00  1.5512e+00  2.2664e-01
  3.4145e+00  1.5000e+02  2.6000e-01  3.1083e+11  1.4072e+00  1.2751e+00  1.7770e-01
  3.4145e+00  1.5000e+02  2.8000e-01  3.8883e+11  1.3918e+00  1.0686e+00  1.5267e-01
  3.4145e+00  1.5000e+02  3.0000e-01  4.2813e+11  1.3868e+00  8.9713e-01  1.4289e-01
  3.4145e+00  1.5000e+02  3.2000e-01  4.4298e+11  1.3879e+00  7.3076e-01  1.3705e-01
  3.4145e+00  1.5000e+02  3.4000e-01  4.9432e+11  1.3827e+00  5.7839e-01  1.2126e-01
  3.4145e+00  1.5000e+02  3.6000e-01  6.2440e+11  1.3613e+00  4.7164e-01  9.6352e-02
  3.4145e+00  1.5000e+02  3.8000e-01  8.1796e+11  1.3287e+00  4.0378e-01  7.4571e-02
  3.4145e+00  1.5000e+02  4.0000e-01  9.6637e+11  1.2981e+00  3.5111e-01  6.3217e-02
  3.4145e+00  1.5000e+02  4.2000e-01  9.7315e+11  1.2707e+00  3.0486e-01  6.0284e-02
  3.4145e+00  1.5000e+02  4.4000e-01  1.0719e+12  1.2155e+00  2.5291e-01  5.4600e-02
  3.4145e+00  1.5000e+02  4.6000e-01  9.2228e+10  1.3870e+00  1.7883e-01  1.2262e-01
  3.4145e+00  1.5000e+02  4.8000e-01  1.7113e+11  1.3856e+00  5.2686e-02  7.2697e-02
  3.4145e+00  1.5000e+02  5.0000e-01  6.2983e+09  8.4526e-01  -4.3400e+00  2.2391e-01
  3.4145e+00  1.5000e+02  5.2000e-01  3.9663e+08  1.0830e+00  4.6062e-01  2.3583e-01
  3.4145e+00  1.5000e+02  5.4000e-01  2.6379e+08  1.0875e+00  9.2336e-01  2.3931e-01
  3.4145e+00  1.5000e+02  5.6000e-01  1.8867e+08  1.1098e+00  1.0084e+00  2.5924e-01
  3.4145e+00  1.5000e+02  5.8000e-01  1.8586e+08  1.0968e+00  1.2494e+00  2.2789e-01
  3.4145e+00  1.5000e+02  6.0000e-01  1.2741e+08  1.1119e+00  1.5507e+00  2.6471e-01
  3.4145e+00  2.0000e+02  1.0000e-02  1.2623e+04  8.4187e+00  -2.9988e+03  2.6671e+00
  3.4145e+00  2.0000e+02  2.0000e-02  3.4232e+07  5.6501e+00  -1.3308e+03  1.4533e+00
  3.4145e+00  2.0000e+02  4.0000e-02  4.9594e+09  3.6088e+00  -3.5108e+02  7.9431e-01
  3.4145e+00  2.0000e+02  6.0000e-02  5.9780e+10  2.3831e+00  -4.8135e+01  5.2568e-01
  3.4145e+00  2.0000e+02  8.0000e-02  4.5376e+11  2.0447e+00  -1.5143e+01  2.5302e-01
  3.4145e+00  2.0000e+02  1.0000e-01  8.0942e+11  1.9233e+00  -7.9392e+00  2.0670e-01
  3.4145e+00  2.0000e+02  1.2000e-01  1.2878e+12  1.8599e+00  -5.0211e+00  1.6929e-01
  3.4145e+00  2.0000e+02  1.4000e-01  5.6443e+11  1.8230e+00  -3.4705e+00  2.6747e-01
  3.4145e+00  2.0000e+02  1.6000e-01  7.3813e+09  1.7639e+00  -7.7495e-01  3.1024e+00
  3.4145e+00  2.0000e+02  1.8000e-01  8.1934e+09  1.7227e+00  6.2937e-01  2.9493e+00
  3.4145e+00  2.0000e+02  2.0000e-01  9.6442e+09  1.7004e+00  1.2483e+00  2.5188e+00
  3.4145e+00  2.0000e+02  2.2000e-01  1.0534e+10  1.6926e+00  1.4911e+00  2.1151e+00
  3.4145e+00  2.0000e+02  2.4000e-01  1.0651e+10  1.6935e+00  1.5602e+00  1.7850e+00
  3.4145e+00  2.0000e+02  2.6000e-01  1.0249e+10  1.6997e+00  1.5270e+00  1.5116e+00
  3.4145e+00  2.0000e+02  2.8000e-01  1.0482e+10  1.6980e+00  1.4733e+00  1.2478e+00
  3.4145e+00  2.0000e+02  3.0000e-01  1.2102e+10  1.6817e+00  1.4317e+00  9.8703e-01
  3.4145e+00  2.0000e+02  3.2000e-01  1.7923e+10  1.6375e+00  1.4235e+00  7.2756e-01
  3.4145e+00  2.0000e+02  3.4000e-01  3.4654e+10  1.5663e+00  1.4134e+00  4.9714e-01
  3.4145e+00  2.0000e+02  3.6000e-01  5.7689e+10  1.5083e+00  1.3513e+00  3.6514e-01
  3.4145e+00  2.0000e+02  3.8000e-01  7.3774e+10  1.4783e+00  1.2153e+00  2.9986e-01
  3.4145e+00  2.0000e+02  4.0000e-01  8.2067e+10  1.4604e+00  1.0486e+00  2.5910e-01
  3.4145e+00  2.0000e+02  4.2000e-01  8.9037e+10  1.4411e+00  8.8656e-01  2.1479e-01
  3.4145e+00  2.0000e+02  4.4000e-01  9.5899e+10  1.4155e+00  7.4724e-01  1.7300e-01
  3.4145e+00  2.0000e+02  4.6000e-01  8.8941e+10  1.3857e+00  6.7904e-01  1.4708e-01
  3.4145e+00  2.0000e+02  4.8000e-01  3.4606e+10  1.4002e+00  6.8143e-01  1.9121e-01
  3.4145e+00  2.0000e+02  5.0000e-01  6.9648e+09  1.3070e+00  -1.0098e-01  5.5284e-02
  3.4145e+00  2.0000e+02  5.2000e-01  2.7471e+08  9.9910e-01  7.6444e-01  2.9018e-01
  3.4145e+00  2.0000e+02  5.4000e-01  9.9660e+07  1.0723e+00  1.5843e+00  2.4470e-01
  3.4145e+00  2.0000e+02  5.6000e-01  7.0008e+07  1.1158e+00  1.1998e+00  2.8289e-01
  3.4145e+00  2.0000e+02  5.8000e-01  7.8781e+07  1.0884e+00  1.5701e+00  2.4249e-01
  3.4145e+00  2.0000e+02  6.0000e-01  5.0917e+07  1.1367e+00  1.5631e+00  2.7764e-01
  3.4145e+00  2.5000e+02  1.0000e-02  4.4789e+02  9.3430e+00  -3.6154e+03  3.3235e+00
  3.4145e+00  2.5000e+02  2.0000e-02  1.6985e+06  6.6095e+00  -1.8811e+03  1.9361e+00
  3.4145e+00  2.5000e+02  4.0000e-02  2.9406e+08  4.7576e+00  -8.4144e+02  1.1573e+00
  3.4145e+00  2.5000e+02  6.0000e-02  3.5059e+09  3.4712e+00  -2.9642e+02  8.9068e-01
  3.4145e+00  2.5000e+02  8.0000e-02  6.2064e+10  2.4533e+00  -5.6319e+01  4.7776e-01
  3.4145e+00  2.5000e+02  1.0000e-01  2.5950e+11  2.0903e+00  -1.8525e+01  2.9979e-01
  3.4145e+00  2.5000e+02  1.2000e-01  6.2574e+11  1.9532e+00  -9.8386e+00  2.0968e-01
  3.4145e+00  2.5000e+02  1.4000e-01  9.1501e+11  1.8805e+00  -6.3567e+00  1.8006e-01
  3.4145e+00  2.5000e+02  1.6000e-01  1.4328e+12  1.8336e+00  -4.4887e+00  1.4469e-01
  3.4145e+00  2.5000e+02  1.8000e-01  1.3272e+12  1.8037e+00  -3.3938e+00  1.5100e-01
  3.4145e+00  2.5000e+02  2.0000e-01  1.0077e+12  1.7826e+00  -2.6483e+00  1.7288e-01
  3.4145e+00  2.5000e+02  2.2000e-01  1.9074e+10  1.7557e+00  -1.6379e+00  1.6063e+00
  3.4145e+00  2.5000e+02  2.4000e-01  1.1186e+10  1.7235e+00  -5.0338e-01  2.1785e+00
  3.4145e+00  2.5000e+02  2.6000e-01  1.0989e+10  1.7017e+00  1.1997e-01  2.1356e+00
  3.4145e+00  2.5000e+02  2.8000e-01  1.1498e+10  1.6881e+00  4.5212e-01  1.9577e+00
  3.4145e+00  2.5000e+02  3.0000e-01  1.2151e+10  1.6765e+00  6.5293e-01  1.7629e+00
  3.4145e+00  2.5000e+02  3.2000e-01  1.2569e+10  1.6694e+00  7.4559e-01  1.5731e+00
  3.4145e+00  2.5000e+02  3.4000e-01  1.2721e+10  1.6632e+00  7.9667e-01  1.4039e+00
  3.4145e+00  2.5000e+02  3.6000e-01  1.2543e+10  1.6582e+00  8.1630e-01  1.2591e+00
  3.4145e+00  2.5000e+02  3.8000e-01  1.1431e+10  1.6604e+00  7.8560e-01  1.1531e+00
  3.4145e+00  2.5000e+02  4.0000e-01  1.0197e+10  1.6636e+00  7.1205e-01  1.0655e+00
  3.4145e+00  2.5000e+02  4.2000e-01  9.8089e+09  1.6578e+00  5.9068e-01  9.7249e-01
  3.4145e+00  2.5000e+02  4.4000e-01  1.0513e+10  1.6382e+00  4.4356e-01  8.4415e-01
  3.4145e+00  2.5000e+02  4.6000e-01  1.2384e+10  1.5908e+00  3.5313e-01  6.9542e-01
  3.4145e+00  2.5000e+02  4.8000e-01  4.3190e+11  1.5219e+00  -4.4793e-01  5.5322e-02
  3.4145e+00  2.5000e+02  5.0000e-01  1.9304e+09  1.2555e+00  -3.9047e-02  6.9440e-02
  3.4145e+00  2.5000e+02  5.2000e-01  3.2763e+07  1.0703e+00  1.3885e+00  4.4699e-01
  3.4145e+00  2.5000e+02  5.4000e-01  7.0162e+07  1.0774e+00  9.5275e-01  3.0186e-01
  3.4145e+00  2.5000e+02  5.6000e-01  3.6510e+07  1.1299e+00  1.0975e+00  3.0322e-01
  3.4145e+00  2.5000e+02  5.8000e-01  4.1183e+07  1.1251e+00  9.9363e-01  2.5713e-01
  3.4145e+00  2.5000e+02  6.0000e-01  3.6637e+07  1.1344e+00  9.9669e-01  2.4719e-01
  3.4145e+00  3.0000e+02  1.0000e-02  9.5647e+03  9.7991e+00  -3.9337e+03  2.2634e+00
  3.4145e+00  3.0000e+02  2.0000e-02  1.8397e+03  8.7030e+00  -3.1811e+03  3.1716e+00
  3.4145e+00  3.0000e+02  4.0000e-02  9.8461e+06  5.6163e+00  -1.2858e+03  1.7989e+00
  3.4145e+00  3.0000e+02  6.0000e-02  3.7472e+08  4.5094e+00  -7.1056e+02  1.1483e+00
  3.4145e+00  3.0000e+02  8.0000e-02  2.6784e+09  3.4352e+00  -2.7991e+02  9.5329e-01
  3.4145e+00  3.0000e+02  1.0000e-01  3.4707e+10  2.5415e+00  -6.8435e+01  5.5887e-01
  3.4145e+00  3.0000e+02  1.2000e-01  1.4497e+11  2.1459e+00  -2.3089e+01  3.6199e-01
  3.4145e+00  3.0000e+02  1.4000e-01  3.6160e+11  1.9834e+00  -1.1929e+01  2.5216e-01
  3.4145e+00  3.0000e+02  1.6000e-01  6.7338e+11  1.8977e+00  -7.6065e+00  1.9113e-01
  3.4145e+00  3.0000e+02  1.8000e-01  9.7260e+11  1.8462e+00  -5.4225e+00  1.5989e-01
  3.4145e+00  3.0000e+02  2.0000e-01  1.3392e+12  1.8089e+00  -4.0870e+00  1.3466e-01
  3.4145e+00  3.0000e+02  2.2000e-01  1.1968e+12  1.7820e+00  -3.2198e+00  1.4223e-01
  3.4145e+00  3.0000e+02  2.4000e-01  1.2906e+12  1.7617e+00  -2.6083e+00  1.3339e-01
  3.4145e+00  3.0000e+02  2.6000e-01  1.0923e+12  1.7454e+00  -2.1518e+00  1.4209e-01
  3.4145e+00  3.0000e+02  2.8000e-01  1.0806e+12  1.7331e+00  -1.8007e+00  1.3640e-01
  3.4145e+00  3.0000e+02  3.0000e-01  1.9356e+11  1.7199e+00  -1.4920e+00  3.5202e-01
  3.4145e+00  3.0000e+02  3.2000e-01  2.5384e+10  1.7002e+00  -9.4659e-01  1.0997e+00
  3.4145e+00  3.0000e+02  3.4000e-01  1.8555e+10  1.6805e+00  -5.4881e-01  1.2619e+00
  3.4145e+00  3.0000e+02  3.6000e-01  1.6142e+10  1.6657e+00  -2.7730e-01  1.2742e+00
  3.4145e+00  3.0000e+02  3.8000e-01  1.5106e+10  1.6529e+00  -1.1217e-01  1.2141e+00
  3.4145e+00  3.0000e+02  4.0000e-01  1.4406e+10  1.6415e+00  -2.9739e-02  1.1249e+00
  3.4145e+00  3.0000e+02  4.2000e-01  1.4767e+10  1.6319e+00  -8.5266e-02  9.8761e-01
  3.4145e+00  3.0000e+02  4.4000e-01  8.6282e+11  1.5869e+00  -7.0166e-01  6.9589e-02
  3.4145e+00  3.0000e+02  4.6000e-01  5.0499e+11  1.5414e+00  -6.5961e-01  7.3000e-02
  3.4145e+00  3.0000e+02  4.8000e-01  6.6771e+11  1.4485e+00  -5.0866e-01  3.9394e-02
  3.4145e+00  3.0000e+02  5.0000e-01  3.7428e+08  1.2553e+00  9.1397e-03  1.3747e-01
  3.4145e+00  3.0000e+02  5.2000e-01  1.4477e+06  1.4002e+00  -5.4453e-02  1.1727e+00
  3.4145e+00  3.0000e+02  5.4000e-01  2.6965e+07  1.1087e+00  1.2712e+00  3.2173e-01
  3.4145e+00  3.0000e+02  5.6000e-01  3.4032e+07  1.1004e+00  1.1133e+00  2.9456e-01
  3.4145e+00  3.0000e+02  5.8000e-01  3.3910e+07  1.1016e+00  1.0393e+00  2.6984e-01
  3.4145e+00  3.0000e+02  6.0000e-01  2.6245e+07  1.1213e+00  1.0459e+00  2.6133e-01
  4.6416e+00  3.3246e+00  1.0000e-02  8.9058e+11  1.3273e+00  2.0161e+00  1.5189e-01
  4.6416e+00  3.3246e+00  2.0000e-02  8.8941e+11  1.3330e+00  1.8251e+00  1.5187e-01
  4.6416e+00  3.3246e+00  4.0000e-02  8.8848e+11  1.3363e+00  1.6133e+00  1.5258e-01
  4.6416e+00  3.3246e+00  6.0000e-02  8.2032e+11  1.3454e+00  1.4370e+00  1.6136e-01
  4.6416e+00  3.3246e+00  8.0000e-02  1.0375e+12  1.3315e+00  1.2838e+00  1.3262e-01
  4.6416e+00  3.3246e+00  1.0000e-01  8.3698e+11  1.3542e+00  1.1698e+00  1.6442e-01
  4.6416e+00  3.3246e+00  1.2000e-01  7.9584e+11  1.3731e+00  9.4846e-01  1.6113e-01
  4.6416e+00  3.3246e+00  1.4000e-01  1.4900e+12  1.3247e+00  8.1468e-01  8.9326e-02
  4.6416e+00  3.3246e+00  1.6000e-01  2.1219e+12  1.3010e+00  7.0233e-01  6.8526e-02
  4.6416e+00  3.3246e+00  1.8000e-01  3.0772e+12  1.2790e+00  5.9702e-01  5.6662e-02
  4.6416e+00  3.3246e+00  2.0000e-01  4.5876e+12  1.2556e+00  4.9538e-01  4.6234e-02
  4.6416e+00  3.3246e+00  2.2000e-01  6.6818e+12  1.2381e+00  3.7722e-01  3.5836e-02
  4.6416e+00  3.3246e+00  2.4000e-01  7.3846e+12  1.2476e+00  2.8344e-01  3.3085e-02
  4.6416e+00  3.3246e+00  2.6000e-01  7.3768e+12  1.2745e+00  2.0402e-01  3.2382e-02
  4.6416e+00  3.3246e+00  2.8000e-01  8.5613e+12  1.2900e+00  1.4825e-01  3.0277e-02
  4.6416e+00  3.3246e+00  3.0000e-01  1.4018e+13  1.2899e+00  1.0460e-01  2.3321e-02
  4.6416e+00  3.3246e+00  3.2000e-01  2.8606e+12  1.2887e+00  1.0076e-01  8.2973e-02
  4.6416e+00  3.3246e+00  3.4000e-01  1.0869e+12  1.3041e+00  1.1081e-01  1.7758e-01
  4.6416e+00  3.3246e+00  3.6000e-01  4.3060e+11  1.3324e+00  1.2196e-01  3.1815e-01
  4.6416e+00  3.3246e+00  3.8000e-01  1.2575e+12  1.6022e+00  -3.3926e+00  1.0982e-01
  4.6416e+00  3.3246e+00  4.0000e-01  4.6830e+08  1.6034e+00  -6.4444e+00  1.2422e+01
  4.6416e+00  3.3246e+00  4.2000e-01  8.5133e+10  1.2942e+00  -3.0823e+01  6.0774e-01
  4.6416e+00  3.3246e+00  4.4000e-01  3.7117e+08  8.9568e-01  9.0140e+01  4.2136e+01
  4.6416e+00  3.3246e+00  4.6000e-01  3.0954e+07  8.1626e-01  -9.7520e+02  1.3811e+00
  4.6416e+00  3.3246e+00  4.8000e-01  4.8195e+10  7.9330e-01  -1.1383e+04  1.0076e+00
  4.6416e+00  3.3246e+00  5.0000e-01  2.6389e+11  8.9417e-01  2.2074e-01  1.2927e-01
  4.6416e+00  3.3246e+00  5.2000e-01  1.8207e+11  1.1081e+00  2.3389e-01  1.1142e-01
  4.6416e+00  3.3246e+00  5.4000e-01  1.4578e+11  1.4661e+00  1.7883e-02  7.6228e-02
  4.6416e+00  3.3246e+00  5.6000e-01  8.6767e+11  1.6333e+00  -1.5863e-01  2.7323e-02
  4.6416e+00  3.3246e+00  5.8000e-01  3.2012e+12  1.6046e+00  -1.4134e-01  1.5387e-02
  4.6416e+00  3.3246e+00  6.0000e-01  4.6831e+12  1.5690e+00  -9.7322e-02  1.2551e-02
  4.6416e+00  4.0616e+00  1.0000e-02  8.7018e+11  1.3396e+00  1.7679e+00  1.5564e-01
  4.6416e+00  4.0616e+00  2.0000e-02  8.9345e+11  1.3399e+00  1.6232e+00  1.5227e-01
  4.6416e+00  4.0616e+00  4.0000e-02  9.4496e+11  1.3383e+00  1.4276e+00  1.4505e-01
  4.6416e+00  4.0616e+00  6.0000e-02  9.3315e+11  1.3483e+00  1.2494e+00  1.4611e-01
  4.6416e+00  4.0616e+00  8.0000e-02  1.1963e+12  1.3348e+00  1.0927e+00  1.1767e-01
  4.6416e+00  4.0616e+00  1.0000e-01  1.0576e+12  1.3515e+00  9.8196e-01  1.3371e-01
  4.6416e+00  4.0616e+00  1.2000e-01  9.8560e+11  1.3741e+00  8.0760e-01  1.4014e-01
  4.6416e+00  4.0616e+00  1.4000e-01  1.4623e+12  1.3527e+00  6.6470e-01  9.7491e-02
  4.6416e+00  4.0616e+00  1.6000e-01  2.6133e+12  1.3081e+00  5.7369e-01  6.0422e-02
  4.6416e+00  4.0616e+00  1.8000e-01  3.8477e+12  1.2823e+00  4.8532e-01  4.7564e-02
  4.6416e+00  4.0616e+00  2.0000e-01  5.9922e+12  1.2563e+00  3.9572e-01  3.7832e-02
  4.6416e+00  4.0616e+00  2.2000e-01  7.3418e+12  1.2496e+00  3.1584e-01  3.3064e-02
  4.6416e+00  4.0616e+00  2.4000e-01  7.8427e+12  1.2712e+00  2.2098e-01  2.7771e-02
  4.6416e+00  4.0616e+00  2.6000e-01  8.2790e+12  1.3043e+00  1.5447e-01  2.6112e-02
  4.6416e+00  4.0616e+00  2.8000e-01  1.1997e+13  1.3069e+00  1.1421e-01  2.2272e-02
  4.6416e+00  4.0616e+00  3.0000e-01  1.0361e+13  1.2995e+00  9.0279e-02  2.8494e-02
  4.6416e+00  4.0616e+00  3.2000e-01  2.8262e+12  1.3002e+00  8.3713e-02  8.1329e-02
  4.6416e+00  4.0616e+00  3.4000e-01  9.1580e+11  1.3009e+00  1.4177e-01  1.9758e-01
  4.6416e+00  4.0616e+00  3.6000e-01  5.0326e+11  1.3351e+00  9.1045e-02  2.8011e-01
  4.6416e+00  4.0616e+00  3.8000e-01  2.2018e+12  1.6145e+00  -3.5387e+00  7.7275e-02
  4.6416e+00  4.0616e+00  4.0000e-01  4.5209e+08  1.6043e+00  -6.2838e+00  1.2589e+01
  4.6416e+00  4.0616e+00  4.2000e-01  8.1853e+08  1.1087e+00  9.8649e+01  4.4994e+01
  4.6416e+00  4.0616e+00  4.4000e-01  4.4820e+08  8.6623e-01  9.0513e+01  3.6444e+01
  4.6416e+00  4.0616e+00  4.6000e-01  2.1999e+07  9.1403e-01  -7.6206e+02  1.1006e+00
  4.6416e+00  4.0616e+00  4.8000e-01  1.1539e+11  6.0360e-01  -6.7157e+03  3.3387e-01
  4.6416e+00  4.0616e+00  5.0000e-01  2.6599e+11  9.0177e-01  2.0262e-01  1.3162e-01
  4.6416e+00  4.0616e+00  5.2000e-01  2.6239e+11  1.0225e+00  2.4621e-01  9.4868e-02
  4.6416e+00  4.0616e+00  5.4000e-01  1.5791e+11  1.2529e+00  1.6583e-01  1.2438e-01
  4.6416e+00  4.0616e+00  5.6000e-01  4.4869e+11  1.4676e+00  -1.5908e-03  4.1507e-02
  4.6416e+00  4.0616e+00  5.8000e-01  5.0641e+11  1.6702e+00  -1.9169e-01  3.2656e-02
  4.6416e+00  4.0616e+00  6.0000e-01  3.3495e+12  1.6349e+00  -1.6845e-01  1.3292e-02
  4.6416e+00  4.9619e+00  1.0000e-02  9.6217e+11  1.3462e+00  1.4891e+00  1.4008e-01
  4.6416e+00  4.9619e+00  2.0000e-02  1.0062e+12  1.3460e+00  1.3561e+00  1.3474e-01
  4.6416e+00  4.9619e+00  4.0000e-02  1.0983e+12  1.3439e+00  1.1778e+00  1.2476e-01
  4.6416e+00  4.9619e+00  6.0000e-02  1.0658e+12  1.3541e+00  1.0401e+00  1.2867e-01
  4.6416e+00  4.9619e+00  8.0000e-02  1.5180e+12  1.3341e+00  9.0745e-01  9.3962e-02
  4.6416e+00  4.9619e+00  1.0000e-01  1.3899e+12  1.3506e+00  8.1035e-01  1.0707e-01
  4.6416e+00  4.9619e+00  1.2000e-01  1.2378e+12  1.3730e+00  6.7962e-01  1.1796e-01
  4.6416e+00  4.9619e+00  1.4000e-01  1.5885e+12  1.3632e+00  5.5852e-01  9.2684e-02
  4.6416e+00  4.9619e+00  1.6000e-01  2.5592e+12  1.3302e+00  4.7589e-01  6.1564e-02
  4.6416e+00  4.9619e+00  1.8000e-01  3.9953e+12  1.2956e+00  4.0578e-01  4.4508e-02
  4.6416e+00  4.9619e+00  2.0000e-01  5.6656e+12  1.2688e+00  3.4095e-01  3.7044e-02
  4.6416e+00  4.9619e+00  2.2000e-01  7.3792e+12  1.2497e+00  2.7257e-01  3.2754e-02
  4.6416e+00  4.9619e+00  2.4000e-01  6.8447e+12  1.3016e+00  1.7543e-01  2.5979e-02
  4.6416e+00  4.9619e+00  2.6000e-01  8.9410e+12  1.3332e+00  1.2461e-01  2.2191e-02
  4.6416e+00  4.9619e+00  2.8000e-01  1.6357e+13  1.3251e+00  9.3427e-02  1.7073e-02
  4.6416e+00  4.9619e+00  3.0000e-01  3.3058e+12  1.3043e+00  9.7029e-02  6.5602e-02
  4.6416e+00  4.9619e+00  3.2000e-01  3.1822e+12  1.3084e+00  6.5749e-02  7.3391e-02
  4.6416e+00  4.9619e+00  3.4000e-01  9.2072e+11  1.3046e+00  1.3529e-01  1.8900e-01
  4.6416e+00  4.9619e+00  3.6000e-01  6.2416e+11  1.3508e+00  3.0344e-02  2.2426e-01
  4.6416e+00  4.9619e+00  3.8000e-01  1.0185e+12  1.6084e+00  -3.4589e+00  1.2664e-01
  4.6416e+00  4.9619e+00  4.0000e-01  4.3022e+08  1.5991e+00  -5.4838e+00  1.3009e+01
  4.6416e+00  4.9619e+00  4.2000e-01  9.5896e+08  1.0970e+00  9.9005e+01  4.2263e+01
  4.6416e+00  4.9619e+00  4.4000e-01  5.7456e+08  8.2399e-01  9.1638e+01  3.0134e+01
  4.6416e+00  4.9619e+00  4.6000e-01  1.2612e+07  9.0039e-01  -1.0564e+02  2.3268e+00
  4.6416e+00  4.9619e+00  4.8000e-01  2.7665e+10  7.6302e-01  -9.8342e+03  3.6183e+00
  4.6416e+00  4.9619e+00  5.0000e-01  2.7034e+11  9.0635e-01  1.9122e-01  1.3245e-01
  4.6416e+00  4.9619e+00  5.2000e-01  2.7722e+11  9.4199e-01  2.8454e-01  9.1552e-02
  4.6416e+00  4.9619e+00  5.4000e-01  2.1144e+11  1.1216e+00  2.1786e-01  1.0790e-01
  4.6416e+00  4.9619e+00  5.6000e-01  1.6195e+11  1.2919e+00  1.3057e-01  1.2148e-01
  4.6416e+00  4.9619e+00  5.8000e-01  1.7187e+12  1.4436e+00  -1.7905e-03  2.0707e-02
  4.6416e+00  4.9619e+00  6.0000e-01  1.9381e+12  1.5582e+00  -7.9500e-02  1.7761e-02
  4.6416e+00  6.0619e+00  1.0000e-02  9.9120e+11  1.3522e+00  1.2518e+00  1.3237e-01
  4.6416e+00  6.0619e+00  2.0000e-02  1.0175e+12  1.3532e+00  1.1257e+00  1.2951e-01
  4.6416e+00  6.0619e+00  4.0000e-02  1.2848e+12  1.3592e+00  9.3510e-01  1.0689e-01
  4.6416e+00  6.0619e+00  6.0000e-02  1.3819e+12  1.3683e+00  8.1328e-01  1.0240e-01
  4.6416e+00  6.0619e+00  8.0000e-02  1.5732e+12  1.3562e+00  7.0224e-01  8.7752e-02
  4.6416e+00  6.0619e+00  1.0000e-01  1.7013e+12  1.3632e+00  6.1509e-01  8.5541e-02
  4.6416e+00  6.0619e+00  1.2000e-01  1.7289e+12  1.3715e+00  5.3782e-01  8.7865e-02
  4.6416e+00  6.0619e+00  1.4000e-01  1.8623e+12  1.3697e+00  4.6114e-01  8.3153e-02
  4.6416e+00  6.0619e+00  1.6000e-01  2.5079e+12  1.3461e+00  3.9873e-01  6.3916e-02
  4.6416e+00  6.0619e+00  1.8000e-01  3.8430e+12  1.3067e+00  3.5642e-01  4.5589e-02
  4.6416e+00  6.0619e+00  2.0000e-01  5.6804e+12  1.2718e+00  3.0795e-01  3.6522e-02
  4.6416e+00  6.0619e+00  2.2000e-01  8.1615e+12  1.2468e+00  2.4199e-01  3.0538e-02
  4.6416e+00  6.0619e+00  2.4000e-01  7.1444e+12  1.3145e+00  1.5758e-01  2.5304e-02
  4.6416e+00  6.0619e+00  2.6000e-01  1.1428e+13  1.3357e+00  1.1136e-01  1.9562e-02
  4.6416e+00  6.0619e+00  2.8000e-01  6.6067e+12  1.3173e+00  9.7150e-02  3.5689e-02
  4.6416e+00  6.0619e+00  3.0000e-01  4.1321e+12  1.3083e+00  8.8118e-02  5.7508e-02
  4.6416e+00  6.0619e+00  3.2000e-01  2.7584e+12  1.3024e+00  8.0042e-02  8.3867e-02
  4.6416e+00  6.0619e+00  3.4000e-01  1.3103e+12  1.3175e+00  8.0251e-02  1.3818e-01
  4.6416e+00  6.0619e+00  3.6000e-01  6.2137e+11  1.3407e+00  5.5787e-02  2.3317e-01
  4.6416e+00  6.0619e+00  3.8000e-01  1.3253e+12  1.5909e+00  -3.2640e+00  1.1078e-01
  4.6416e+00  6.0619e+00  4.0000e-01  4.1054e+08  1.5905e+00  -4.2840e+00  1.3412e+01
  4.6416e+00  6.0619e+00  4.2000e-01  1.1890e+09  1.0796e+00  9.9755e+01  3.9042e+01
  4.6416e+00  6.0619e+00  4.4000e-01  7.4624e+08  7.7234e-01  8.8235e+01  2.4041e+01
  4.6416e+00  6.0619e+00  4.6000e-01  3.9211e+07  1.1594e+00  -5.5630e+02  1.5437e+00
  4.6416e+00  6.0619e+00  4.8000e-01  3.9015e+10  6.5416e-01  -6.1629e+03  2.1214e+00
  4.6416e+00  6.0619e+00  5.0000e-01  2.6365e+11  9.1301e-01  1.6447e-01  1.3385e-01
  4.6416e+00  6.0619e+00  5.2000e-01  2.9831e+11  9.0342e-01  3.2857e-01  8.6028e-02
  4.6416e+00  6.0619e+00  5.4000e-01  2.5602e+11  1.0452e+00  2.4625e-01  9.5752e-02
  4.6416e+00  6.0619e+00  5.6000e-01  2.0981e+11  1.1788e+00  1.9428e-01  1.1042e-01
  4.6416e+00  6.0619e+00  5.8000e-01  1.6402e+11  1.2859e+00  1.2943e-01  1.1992e-01
  4.6416e+00  6.0619e+00  6.0000e-01  7.9696e+11  1.4072e+00  1.5932e-02  3.5812e-02
  4.6416e+00  7.4057e+00  1.0000e-02  1.1744e+12  1.3581e+00  1.1318e+00  1.1463e-01
  4.6416e+00  7.4057e+00  2.0000e-02  1.3710e+12  1.3642e+00  9.5092e-01  1.0063e-01
  4.6416e+00  7.4057e+00  4.0000e-02  1.5896e+12  1.3694e+00  7.8074e-01  8.8832e-02
  4.6416e+00  7.4057e+00  6.0000e-02  1.6925e+12  1.3731e+00  6.8156e-01  8.5864e-02
  4.6416e+00  7.4057e+00  8.0000e-02  1.8266e+12  1.3725e+00  5.8671e-01  7.7756e-02
  4.6416e+00  7.4057e+00  1.0000e-01  2.0496e+12  1.3659e+00  5.2138e-01  6.9754e-02
  4.6416e+00  7.4057e+00  1.2000e-01  2.0697e+12  1.3642e+00  4.7686e-01  7.1276e-02
  4.6416e+00  7.4057e+00  1.4000e-01  2.1332e+12  1.3598e+00  4.3370e-01  7.0313e-02
  4.6416e+00  7.4057e+00  1.6000e-01  2.6464e+12  1.3409e+00  3.8518e-01  5.8746e-02
  4.6416e+00  7.4057e+00  1.8000e-01  4.3578e+12  1.2990e+00  3.3579e-01  4.1408e-02
  4.6416e+00  7.4057e+00  2.0000e-01  6.7113e+12  1.2646e+00  2.8202e-01  3.3197e-02
  4.6416e+00  7.4057e+00  2.2000e-01  9.0157e+12  1.2481e+00  2.1827e-01  2.8845e-02
  4.6416e+00  7.4057e+00  2.4000e-01  8.2524e+12  1.3109e+00  1.4466e-01  2.5212e-02
  4.6416e+00  7.4057e+00  2.6000e-01  1.5145e+13  1.3369e+00  1.0082e-01  1.6809e-02
  4.6416e+00  7.4057e+00  2.8000e-01  4.6107e+12  1.3174e+00  9.7717e-02  4.8039e-02
  4.6416e+00  7.4057e+00  3.0000e-01  4.2151e+12  1.3128e+00  8.0997e-02  5.6067e-02
  4.6416e+00  7.4057e+00  3.2000e-01  2.7691e+12  1.3082e+00  7.6831e-02  8.0422e-02
  4.6416e+00  7.4057e+00  3.4000e-01  1.1728e+12  1.3056e+00  1.0949e-01  1.5576e-01
  4.6416e+00  7.4057e+00  3.6000e-01  6.0204e+11  1.3240e+00  9.9387e-02  2.5467e-01
  4.6416e+00  7.4057e+00  3.8000e-01  1.5229e+12  1.5638e+00  -2.9791e+00  1.0573e-01
  4.6416e+00  7.4057e+00  4.0000e-01  3.7557e+08  1.5797e+00  -2.4663e+00  1.4142e+01
  4.6416e+00  7.4057e+00  4.2000e-01  1.5581e+09  1.0564e+00  1.0007e+02  3.5469e+01
  4.6416e+00  7.4057e+00  4.4000e-01  9.3840e+08  7.0402e-01  7.8800e+01  1.9430e+01
  4.6416e+00  7.4057e+00  4.6000e-01  9.6573e+07  1.1334e+00  -5.5086e+02  9.8066e-01
  4.6416e+00  7.4057e+00  4.8000e-01  4.7032e+10  5.7803e-01  -3.6437e+03  1.2576e+00
  4.6416e+00  7.4057e+00  5.0000e-01  2.6907e+11  9.1791e-01  1.2514e-01  1.2917e-01
  4.6416e+00  7.4057e+00  5.2000e-01  2.9476e+11  8.6943e-01  3.8323e-01  8.1236e-02
  4.6416e+00  7.4057e+00  5.4000e-01  2.3978e+11  9.7049e-01  2.8305e-01  9.5116e-02
  4.6416e+00  7.4057e+00  5.6000e-01  2.1725e+11  1.0750e+00  2.3155e-01  1.0118e-01
  4.6416e+00  7.4057e+00  5.8000e-01  1.8671e+11  1.1781e+00  1.8925e-01  1.1201e-01
  4.6416e+00  7.4057e+00  6.0000e-01  1.7553e+11  1.2775e+00  1.3134e-01  1.1512e-01
  4.6416e+00  9.0474e+00  1.0000e-02  1.2619e+12  1.3582e+00  1.1132e+00  1.0603e-01
  4.6416e+00  9.0474e+00  2.0000e-02  1.4487e+12  1.3651e+00  9.0384e-01  9.4536e-02
  4.6416e+00  9.0474e+00  4.0000e-02  1.6509e+12  1.3712e+00  7.3244e-01  8.4780e-02
  4.6416e+00  9.0474e+00  6.0000e-02  1.7818e+12  1.3737e+00  6.4070e-01  8.0863e-02
  4.6416e+00  9.0474e+00  8.0000e-02  1.8114e+12  1.3744e+00  5.6614e-01  7.7935e-02
  4.6416e+00  9.0474e+00  1.0000e-01  1.9326e+12  1.3682e+00  5.1708e-01  7.1992e-02
  4.6416e+00  9.0474e+00  1.2000e-01  1.9950e+12  1.3639e+00  4.7868e-01  7.1526e-02
  4.6416e+00  9.0474e+00  1.4000e-01  2.2345e+12  1.3542e+00  4.3005e-01  6.6689e-02
  4.6416e+00  9.0474e+00  1.6000e-01  3.2754e+12  1.3239e+00  3.7171e-01  5.0363e-02
  4.6416e+00  9.0474e+00  1.8000e-01  5.5156e+12  1.2831e+00  3.1571e-01  3.6269e-02
  4.6416e+00  9.0474e+00  2.0000e-01  7.6339e+12  1.2597e+00  2.6235e-01  3.1329e-02
  4.6416e+00  9.0474e+00  2.2000e-01  9.0086e+12  1.2558e+00  2.0524e-01  2.9466e-02
  4.6416e+00  9.0474e+00  2.4000e-01  8.8734e+12  1.3020e+00  1.4072e-01  2.6373e-02
  4.6416e+00  9.0474e+00  2.6000e-01  2.1222e+13  1.3358e+00  9.3211e-02  1.3599e-02
  4.6416e+00  9.0474e+00  2.8000e-01  4.3666e+12  1.3209e+00  9.3291e-02  5.0042e-02
  4.6416e+00  9.0474e+00  3.0000e-01  4.1181e+12  1.3143e+00  8.0577e-02  5.6218e-02
  4.6416e+00  9.0474e+00  3.2000e-01  3.0185e+12  1.3128e+00  7.2270e-02  7.3295e-02
  4.6416e+00  9.0474e+00  3.4000e-01  1.1483e+12  1.2885e+00  1.4253e-01  1.6818e-01
  4.6416e+00  9.0474e+00  3.6000e-01  6.0296e+11  1.3019e+00  1.5699e-01  2.7842e-01
  4.6416e+00  9.0474e+00  3.8000e-01  1.6010e+12  1.5270e+00  -2.5758e+00  1.0753e-01
  4.6416e+00  9.0474e+00  4.0000e-01  3.4067e+08  1.5672e+00  -1.9544e-01  1.4947e+01
  4.6416e+00  9.0474e+00  4.2000e-01  2.1877e+09  1.0251e+00  9.9311e+01  3.1740e+01
  4.6416e+00  9.0474e+00  4.4000e-01  8.0506e+08  6.2719e-01  4.6787e+01  1.9991e+01
  4.6416e+00  9.0474e+00  4.6000e-01  4.5387e+07  1.0818e+00  -5.2119e+02  2.2878e+00
  4.6416e+00  9.0474e+00  4.8000e-01  4.1008e+10  5.5512e-01  -2.5081e+03  1.1445e+00
  4.6416e+00  9.0474e+00  5.0000e-01  3.1362e+11  9.2162e-01  6.8664e-02  1.0805e-01
  4.6416e+00  9.0474e+00  5.2000e-01  2.8889e+11  8.5952e-01  4.2056e-01  7.5294e-02
  4.6416e+00  9.0474e+00  5.4000e-01  2.2081e+11  9.1890e-01  3.4206e-01  9.5229e-02
  4.6416e+00  9.0474e+00  5.6000e-01  2.0102e+11  9.9589e-01  2.7416e-01  1.0035e-01
  4.6416e+00  9.0474e+00  5.8000e-01  1.8445e+11  1.0751e+00  2.3118e-01  1.0442e-01
  4.6416e+00  9.0474e+00  6.0000e-01  1.6563e+11  1.1507e+00  2.0003e-01  1.1180e-01
  4.6416e+00  1.1053e+01  1.0000e-02  1.1439e+12  1.3592e+00  1.1404e+00  1.1151e-01
  4.6416e+00  1.1053e+01  2.0000e-02  1.3652e+12  1.3658e+00  9.2496e-01  9.7044e-02
  4.6416e+00  1.1053e+01  4.0000e-02  1.5769e+12  1.3710e+00  7.4232e-01  8.6713e-02
  4.6416e+00  1.1053e+01  6.0000e-02  1.6880e+12  1.3716e+00  6.6071e-01  8.1986e-02
  4.6416e+00  1.1053e+01  8.0000e-02  1.7059e+12  1.3723e+00  5.9716e-01  8.1347e-02
  4.6416e+00  1.1053e+01  1.0000e-01  1.8542e+12  1.3683e+00  5.3775e-01  7.5207e-02
  4.6416e+00  1.1053e+01  1.2000e-01  2.0791e+12  1.3618e+00  4.8303e-01  7.0093e-02
  4.6416e+00  1.1053e+01  1.4000e-01  2.6159e+12  1.3454e+00  4.2210e-01  6.0248e-02
  4.6416e+00  1.1053e+01  1.6000e-01  4.1314e+12  1.3093e+00  3.6039e-01  4.3766e-02
  4.6416e+00  1.1053e+01  1.8000e-01  6.2992e+12  1.2756e+00  3.0488e-01  3.3990e-02
  4.6416e+00  1.1053e+01  2.0000e-01  7.9644e+12  1.2605e+00  2.5339e-01  3.0940e-02
  4.6416e+00  1.1053e+01  2.2000e-01  8.9096e+12  1.2593e+00  2.0097e-01  3.0336e-02
  4.6416e+00  1.1053e+01  2.4000e-01  8.9611e+12  1.2955e+00  1.4068e-01  2.7580e-02
  4.6416e+00  1.1053e+01  2.6000e-01  2.5497e+13  1.3364e+00  8.9292e-02  1.1934e-02
  4.6416e+00  1.1053e+01  2.8000e-01  4.2698e+12  1.3241e+00  9.1341e-02  5.0075e-02
  4.6416e+00  1.1053e+01  3.0000e-01  3.8395e+12  1.3114e+00  8.5705e-02  5.8879e-02
  4.6416e+00  1.1053e+01  3.2000e-01  3.5224e+12  1.3165e+00  6.7374e-02  6.3916e-02
  4.6416e+00  1.1053e+01  3.4000e-01  1.1916e+12  1.2704e+00  1.7362e-01  1.7452e-01
  4.6416e+00  1.1053e+01  3.6000e-01  6.4020e+11  1.2766e+00  2.2201e-01  2.9582e-01
  4.6416e+00  1.1053e+01  3.8000e-01  1.4327e+12  1.4866e+00  -2.1073e+00  1.2114e-01
  4.6416e+00  1.1053e+01  4.0000e-01  3.0530e+08  1.5556e+00  2.3268e+00  1.5835e+01
  4.6416e+00  1.1053e+01  4.2000e-01  3.3195e+09  9.8052e-01  9.6085e+01  2.8691e+01
  4.6416e+00  1.1053e+01  4.4000e-01  5.1557e+09  6.3688e-01  -2.6145e+01  3.5662e-01
  4.6416e+00  1.1053e+01  4.6000e-01  4.3628e+07  1.0237e+00  -5.0378e+02  2.6771e+00
  4.6416e+00  1.1053e+01  4.8000e-01  3.5600e+10  5.5008e-01  -1.7666e+03  9.3376e-01
  4.6416e+00  1.1053e+01  5.0000e-01  1.0698e+12  9.2300e-01  1.0870e-05  2.8241e-02
  4.6416e+00  1.1053e+01  5.2000e-01  2.6551e+11  8.6463e-01  4.5918e-01  7.3379e-02
  4.6416e+00  1.1053e+01  5.4000e-01  2.0703e+11  8.9488e-01  3.9312e-01  8.9633e-02
  4.6416e+00  1.1053e+01  5.6000e-01  1.7384e+11  9.4815e-01  3.3020e-01  1.0258e-01
  4.6416e+00  1.1053e+01  5.8000e-01  1.6100e+11  1.0072e+00  2.7429e-01  1.0553e-01
  4.6416e+00  1.1053e+01  6.0000e-01  1.4781e+11  1.0652e+00  2.3990e-01  1.1004e-01
  4.6416e+00  1.3503e+01  1.0000e-02  1.0320e+12  1.3566e+00  1.2347e+00  1.2310e-01
  4.6416e+00  1.3503e+01  2.0000e-02  1.2274e+12  1.3632e+00  1.0030e+00  1.0601e-01
  4.6416e+00  1.3503e+01  4.0000e-02  1.4052e+12  1.3686e+00  8.0967e-01  9.4575e-02
  4.6416e+00  1.3503e+01  6.0000e-02  1.5237e+12  1.3699e+00  7.0366e-01  8.7794e-02
  4.6416e+00  1.3503e+01  8.0000e-02  1.6391e+12  1.3712e+00  6.2199e-01  8.3007e-02
  4.6416e+00  1.3503e+01  1.0000e-01  1.8253e+12  1.3685e+00  5.5105e-01  7.6200e-02
  4.6416e+00  1.3503e+01  1.2000e-01  2.1101e+12  1.3608e+00  4.8748e-01  6.9736e-02
  4.6416e+00  1.3503e+01  1.4000e-01  2.7396e+12  1.3417e+00  4.2297e-01  5.8819e-02
  4.6416e+00  1.3503e+01  1.6000e-01  4.2891e+12  1.3058e+00  3.6065e-01  4.3196e-02
  4.6416e+00  1.3503e+01  1.8000e-01  6.3552e+12  1.2749e+00  3.0443e-01  3.4072e-02
  4.6416e+00  1.3503e+01  2.0000e-01  7.8466e+12  1.2614e+00  2.5333e-01  3.1338e-02
  4.6416e+00  1.3503e+01  2.2000e-01  8.8136e+12  1.2594e+00  2.0178e-01  3.0699e-02
  4.6416e+00  1.3503e+01  2.4000e-01  8.8252e+12  1.2906e+00  1.4224e-01  2.8236e-02
  4.6416e+00  1.3503e+01  2.6000e-01  2.2359e+13  1.3406e+00  8.8313e-02  1.2770e-02
  4.6416e+00  1.3503e+01  2.8000e-01  4.0987e+12  1.3275e+00  9.2031e-02  5.0045e-02
  4.6416e+00  1.3503e+01  3.0000e-01  3.7522e+12  1.3101e+00  8.8895e-02  5.9133e-02
  4.6416e+00  1.3503e+01  3.2000e-01  3.3937e+12  1.3116e+00  7.5072e-02  6.5931e-02
  4.6416e+00  1.3503e+01  3.4000e-01  1.3288e+12  1.2645e+00  1.6926e-01  1.6485e-01
  4.6416e+00  1.3503e+01  3.6000e-01  7.0204e+11  1.2486e+00  2.9904e-01  3.1034e-01
  4.6416e+00  1.3503e+01  3.8000e-01  1.7651e+12  1.4446e+00  -1.6249e+00  1.0872e-01
  4.6416e+00  1.3503e+01  4.0000e-01  2.7270e+08  1.5428e+00  5.1103e+00  1.7188e+01
  4.6416e+00  1.3503e+01  4.2000e-01  5.0995e+09  9.1350e-01  8.2552e+01  3.0114e+01
  4.6416e+00  1.3503e+01  4.4000e-01  1.3913e+09  7.2201e-01  -9.0436e+01  1.1126e+00
  4.6416e+00  1.3503e+01  4.6000e-01  6.9633e+07  9.3968e-01  -4.3846e+02  1.8657e+00
  4.6416e+00  1.3503e+01  4.8000e-01  1.9792e+10  5.7484e-01  -1.3583e+03  1.4491e+00
  4.6416e+00  1.3503e+01  5.0000e-01  1.2587e+12  9.1677e-01  -4.3894e-02  2.3361e-02
  4.6416e+00  1.3503e+01  5.2000e-01  2.2266e+11  8.8127e-01  4.7920e-01  7.6968e-02
  4.6416e+00  1.3503e+01  5.4000e-01  1.8105e+11  8.8768e-01  4.6001e-01  8.8220e-02
  4.6416e+00  1.3503e+01  5.6000e-01  1.5149e+11  9.2069e-01  4.0196e-01  1.0076e-01
  4.6416e+00  1.3503e+01  5.8000e-01  1.3279e+11  9.6333e-01  3.4478e-01  1.0876e-01
  4.6416e+00  1.3503e+01  6.0000e-01  1.2016e+11  1.0073e+00  2.9913e-01  1.1378e-01
  4.6416e+00  1.6496e+01  1.0000e-02  8.4962e+11  1.3534e+00  1.4264e+00  1.4708e-01
  4.6416e+00  1.6496e+01  2.0000e-02  1.0572e+12  1.3604e+00  1.1260e+00  1.2252e-01
  4.6416e+00  1.6496e+01  4.0000e-02  1.2506e+12  1.3644e+00  8.8168e-01  1.0561e-01
  4.6416e+00  1.6496e+01  6.0000e-02  1.4012e+12  1.3677e+00  7.4597e-01  9.5237e-02
  4.6416e+00  1.6496e+01  8.0000e-02  1.5460e+12  1.3700e+00  6.4642e-01  8.7570e-02
  4.6416e+00  1.6496e+01  1.0000e-01  1.7483e+12  1.3687e+00  5.6583e-01  7.9221e-02
  4.6416e+00  1.6496e+01  1.2000e-01  2.0010e+12  1.3623e+00  4.9833e-01  7.2923e-02
  4.6416e+00  1.6496e+01  1.4000e-01  2.5057e+12  1.3465e+00  4.3192e-01  6.3005e-02
  4.6416e+00  1.6496e+01  1.6000e-01  3.7883e+12  1.3136e+00  3.6825e-01  4.7083e-02
  4.6416e+00  1.6496e+01  1.8000e-01  5.7607e+12  1.2801e+00  3.1117e-01  3.6049e-02
  4.6416e+00  1.6496e+01  2.0000e-01  7.3599e+12  1.2628e+00  2.5926e-01  3.2296e-02
  4.6416e+00  1.6496e+01  2.2000e-01  8.5328e+12  1.2562e+00  2.0703e-01  3.1064e-02
  4.6416e+00  1.6496e+01  2.4000e-01  8.6292e+12  1.2836e+00  1.4497e-01  2.8316e-02
  4.6416e+00  1.6496e+01  2.6000e-01  1.3918e+13  1.3493e+00  8.9495e-02  1.6871e-02
  4.6416e+00  1.6496e+01  2.8000e-01  3.6407e+12  1.3328e+00  9.4309e-02  5.1751e-02
  4.6416e+00  1.6496e+01  3.0000e-01  3.6509e+12  1.3111e+00  8.9958e-02  5.8793e-02
  4.6416e+00  1.6496e+01  3.2000e-01  2.9084e+12  1.2931e+00  9.7264e-02  7.7043e-02
  4.6416e+00  1.6496e+01  3.4000e-01  1.6517e+12  1.2818e+00  1.1575e-01  1.3191e-01
  4.6416e+00  1.6496e+01  3.6000e-01  7.9824e+11  1.2197e+00  3.7782e-01  3.1763e-01
  4.6416e+00  1.6496e+01  3.8000e-01  1.0711e+12  1.3995e+00  -1.1793e+00  1.6013e-01
  4.6416e+00  1.6496e+01  4.0000e-01  2.6163e+08  1.5340e+00  5.4859e+00  1.8903e+01
  4.6416e+00  1.6496e+01  4.2000e-01  3.5959e+09  8.7764e-01  3.9702e+01  5.1118e+01
  4.6416e+00  1.6496e+01  4.4000e-01  4.8207e+08  8.0189e-01  -1.5967e+02  2.3836e+00
  4.6416e+00  1.6496e+01  4.6000e-01  8.3040e+07  8.6860e-01  -3.9443e+02  1.5619e+00
  4.6416e+00  1.6496e+01  4.8000e-01  1.2655e+10  6.1317e-01  -1.0199e+03  1.4007e+00
  4.6416e+00  1.6496e+01  5.0000e-01  1.1504e+12  9.1433e-01  -1.4975e-01  2.5423e-02
  4.6416e+00  1.6496e+01  5.2000e-01  1.7570e+11  9.0113e-01  4.9936e-01  8.2089e-02
  4.6416e+00  1.6496e+01  5.4000e-01  1.4726e+11  8.9623e-01  5.2430e-01  8.9433e-02
  4.6416e+00  1.6496e+01  5.6000e-01  1.2359e+11  9.1296e-01  4.9382e-01  9.9797e-02
  4.6416e+00  1.6496e+01  5.8000e-01  1.0596e+11  9.4079e-01  4.3824e-01  1.0930e-01
  4.6416e+00  1.6496e+01  6.0000e-01  9.2514e+10  9.7258e-01  3.9101e-01  1.1714e-01
  4.6416e+00  2.0153e+01  1.0000e-02  7.2259e+11  1.3478e+00  1.6703e+00  1.6711e-01
  4.6416e+00  2.0153e+01  2.0000e-02  9.1172e+11  1.3580e+00  1.2608e+00  1.3943e-01
  4.6416e+00  2.0153e+01  4.0000e-02  1.1543e+12  1.3642e+00  9.4525e-01  1.1464e-01
  4.6416e+00  2.0153e+01  6.0000e-02  1.2857e+12  1.3660e+00  7.8975e-01  1.0408e-01
  4.6416e+00  2.0153e+01  8.0000e-02  1.3577e+12  1.3675e+00  6.8278e-01  9.8774e-02
  4.6416e+00  2.0153e+01  1.0000e-01  1.5604e+12  1.3685e+00  5.8936e-01  8.7302e-02
  4.6416e+00  2.0153e+01  1.2000e-01  1.7564e+12  1.3664e+00  5.1649e-01  8.0803e-02
  4.6416e+00  2.0153e+01  1.4000e-01  2.0732e+12  1.3576e+00  4.4663e-01  7.2407e-02
  4.6416e+00  2.0153e+01  1.6000e-01  2.9069e+12  1.3318e+00  3.8030e-01  5.6180e-02
  4.6416e+00  2.0153e+01  1.8000e-01  4.5800e+12  1.2938e+00  3.2258e-01  4.1056e-02
  4.6416e+00  2.0153e+01  2.0000e-01  6.3432e+12  1.2676e+00  2.6996e-01  3.4648e-02
  4.6416e+00  2.0153e+01  2.2000e-01  7.8156e+12  1.2526e+00  2.1686e-01  3.2076e-02
  4.6416e+00  2.0153e+01  2.4000e-01  8.4120e+12  1.2699e+00  1.5090e-01  2.8246e-02
  4.6416e+00  2.0153e+01  2.6000e-01  8.3858e+12  1.3659e+00  9.1437e-02  2.1505e-02
  4.6416e+00  2.0153e+01  2.8000e-01  3.0007e+12  1.3432e+00  9.6785e-02  5.4474e-02
  4.6416e+00  2.0153e+01  3.0000e-01  3.3328e+12  1.3135e+00  9.3341e-02  6.0201e-02
  4.6416e+00  2.0153e+01  3.2000e-01  2.8715e+12  1.2841e+00  1.0671e-01  7.8217e-02
  4.6416e+00  2.0153e+01  3.4000e-01  2.2338e+12  1.2946e+00  8.2326e-02  9.9592e-02
  4.6416e+00  2.0153e+01  3.6000e-01  9.3109e+11  1.1908e+00  4.5241e-01  3.1887e-01
  4.6416e+00  2.0153e+01  3.8000e-01  6.5464e+10  1.3208e+00  6.3967e-02  1.4691e+00
  4.6416e+00  2.0153e+01  4.0000e-01  1.4291e+11  1.5629e+00  -1.4304e+01  3.7350e-01
  4.6416e+00  2.0153e+01  4.2000e-01  1.2506e+09  9.0628e-01  3.5157e+01  7.2990e+01
  4.6416e+00  2.0153e+01  4.4000e-01  3.4483e+08  8.3812e-01  -2.3340e+02  2.3604e+00
  4.6416e+00  2.0153e+01  4.6000e-01  7.1641e+07  8.3861e-01  -4.5201e+02  1.7249e+00
  4.6416e+00  2.0153e+01  4.8000e-01  6.2338e+09  6.8816e-01  -7.1514e+02  1.2747e+00
  4.6416e+00  2.0153e+01  5.0000e-01  7.1560e+11  9.2423e-01  -4.9139e-01  4.2439e-02
  4.6416e+00  2.0153e+01  5.2000e-01  1.3164e+11  9.2196e-01  5.1796e-01  8.7003e-02
  4.6416e+00  2.0153e+01  5.4000e-01  1.0387e+11  9.2219e-01  5.5677e-01  9.6806e-02
  4.6416e+00  2.0153e+01  5.6000e-01  8.9814e+10  9.2607e-01  5.7688e-01  1.0149e-01
  4.6416e+00  2.0153e+01  5.8000e-01  7.6742e+10  9.4067e-01  5.6124e-01  1.0883e-01
  4.6416e+00  2.0153e+01  6.0000e-01  6.5078e+10  9.5946e-01  5.2935e-01  1.1858e-01
  4.6416e+00  2.4621e+01  1.0000e-02  6.1831e+11  1.3425e+00  2.0185e+00  1.8379e-01
  4.6416e+00  2.4621e+01  2.0000e-02  8.2409e+11  1.3544e+00  1.4325e+00  1.5065e-01
  4.6416e+00  2.4621e+01  4.0000e-02  1.0586e+12  1.3639e+00  1.0207e+00  1.2392e-01
  4.6416e+00  2.4621e+01  6.0000e-02  1.2235e+12  1.3668e+00  8.3307e-01  1.0976e-01
  4.6416e+00  2.4621e+01  8.0000e-02  1.3341e+12  1.3688e+00  7.1395e-01  1.0219e-01
  4.6416e+00  2.4621e+01  1.0000e-01  1.4236e+12  1.3690e+00  6.2216e-01  9.5611e-02
  4.6416e+00  2.4621e+01  1.2000e-01  1.5134e+12  1.3675e+00  5.4977e-01  9.0639e-02
  4.6416e+00  2.4621e+01  1.4000e-01  1.5970e+12  1.3663e+00  4.8119e-01  8.8235e-02
  4.6416e+00  2.4621e+01  1.6000e-01  1.9164e+12  1.3565e+00  4.0472e-01  7.5265e-02
  4.6416e+00  2.4621e+01  1.8000e-01  2.9714e+12  1.3225e+00  3.4071e-01  5.3000e-02
  4.6416e+00  2.4621e+01  2.0000e-01  4.6954e+12  1.2828e+00  2.8743e-01  4.0112e-02
  4.6416e+00  2.4621e+01  2.2000e-01  6.2418e+12  1.2554e+00  2.3518e-01  3.5407e-02
  4.6416e+00  2.4621e+01  2.4000e-01  7.6957e+12  1.2332e+00  1.7716e-01  3.1193e-02
  4.6416e+00  2.4621e+01  2.6000e-01  3.2875e+12  1.4022e+00  9.7145e-02  3.2743e-02
  4.6416e+00  2.4621e+01  2.8000e-01  2.2234e+12  1.3671e+00  9.6711e-02  5.7434e-02
  4.6416e+00  2.4621e+01  3.0000e-01  2.8645e+12  1.3244e+00  9.4374e-02  6.1195e-02
  4.6416e+00  2.4621e+01  3.2000e-01  2.6711e+12  1.2877e+00  1.0931e-01  7.7366e-02
  4.6416e+00  2.4621e+01  3.4000e-01  2.5030e+12  1.2852e+00  9.1743e-02  8.9693e-02
  4.6416e+00  2.4621e+01  3.6000e-01  1.2018e+12  1.1667e+00  4.0929e-01  2.8242e-01
  4.6416e+00  2.4621e+01  3.8000e-01  1.3009e+11  1.2012e+00  1.2147e+00  1.5257e+00
  4.6416e+00  2.4621e+01  4.0000e-01  2.9880e+11  1.4534e+00  -1.9761e+01  3.4905e-01
  4.6416e+00  2.4621e+01  4.2000e-01  1.9467e+08  9.8888e-01  9.8326e+01  1.0038e+02
  4.6416e+00  2.4621e+01  4.4000e-01  1.2435e+09  8.5024e-01  -3.4120e+02  3.6987e-01
  4.6416e+00  2.4621e+01  4.6000e-01  7.3104e+07  7.8545e-01  -3.6216e+02  1.5107e+00
  4.6416e+00  2.4621e+01  4.8000e-01  8.5132e+08  8.8128e-01  -4.6360e+02  1.8648e+00
  4.6416e+00  2.4621e+01  5.0000e-01  5.8217e+11  9.6033e-01  -1.7033e+00  5.3447e-02
  4.6416e+00  2.4621e+01  5.2000e-01  8.9798e+10  9.4614e-01  5.2914e-01  9.4044e-02
  4.6416e+00  2.4621e+01  5.4000e-01  6.8895e+10  9.4653e-01  6.0520e-01  1.0138e-01
  4.6416e+00  2.4621e+01  5.6000e-01  5.7475e+10  9.5191e-01  6.2677e-01  1.0717e-01
  4.6416e+00  2.4621e+01  5.8000e-01  4.9773e+10  9.5824e-01  6.3642e-01  1.1050e-01
  4.6416e+00  2.4621e+01  6.0000e-01  4.3630e+10  9.6496e-01  6.4115e-01  1.1410e-01
  4.6416e+00  3.0079e+01  1.0000e-02  4.8969e+11  1.3421e+00  2.5778e+00  2.0970e-01
  4.6416e+00  3.0079e+01  2.0000e-02  7.4826e+11  1.3516e+00  1.6718e+00  1.5868e-01
  4.6416e+00  3.0079e+01  4.0000e-02  9.5545e+11  1.3620e+00  1.1308e+00  1.3411e-01
  4.6416e+00  3.0079e+01  6.0000e-02  1.1405e+12  1.3666e+00  8.9139e-01  1.1665e-01
  4.6416e+00  3.0079e+01  8.0000e-02  1.2753e+12  1.3691e+00  7.5138e-01  1.0679e-01
  4.6416e+00  3.0079e+01  1.0000e-01  1.3879e+12  1.3708e+00  6.4813e-01  9.9107e-02
  4.6416e+00  3.0079e+01  1.2000e-01  1.5073e+12  1.3698e+00  5.7010e-01  9.1899e-02
  4.6416e+00  3.0079e+01  1.4000e-01  1.5824e+12  1.3693e+00  5.0665e-01  8.9223e-02
  4.6416e+00  3.0079e+01  1.6000e-01  1.6738e+12  1.3676e+00  4.4346e-01  8.5890e-02
  4.6416e+00  3.0079e+01  1.8000e-01  1.9616e+12  1.3558e+00  3.7994e-01  7.4257e-02
  4.6416e+00  3.0079e+01  2.0000e-01  2.7655e+12  1.3252e+00  3.2575e-01  5.5878e-02
  4.6416e+00  3.0079e+01  2.2000e-01  4.0835e+12  1.2877e+00  2.7852e-01  4.3639e-02
  4.6416e+00  3.0079e+01  2.4000e-01  5.2018e+12  1.2578e+00  2.3416e-01  3.9587e-02
  4.6416e+00  3.0079e+01  2.6000e-01  5.4592e+12  1.2159e+00  2.1322e-01  4.2182e-02
  4.6416e+00  3.0079e+01  2.8000e-01  5.2629e+11  1.4094e+00  1.5982e-01  9.6586e-02
  4.6416e+00  3.0079e+01  3.0000e-01  9.4857e+11  1.4000e+00  8.9056e-02  8.6410e-02
  4.6416e+00  3.0079e+01  3.2000e-01  2.6159e+12  1.3705e+00  5.2007e-02  5.2710e-02
  4.6416e+00  3.0079e+01  3.4000e-01  2.4477e+12  1.3259e+00  5.8401e-02  6.8050e-02
  4.6416e+00  3.0079e+01  3.6000e-01  5.7439e+12  1.2975e+00  -1.9919e-02  4.4011e-02
  4.6416e+00  3.0079e+01  3.8000e-01  1.3238e+12  1.2319e+00  -1.0504e-01  1.8271e-01
  4.6416e+00  3.0079e+01  4.0000e-01  2.9342e+11  1.4722e+00  -9.8052e+00  3.2072e-01
  4.6416e+00  3.0079e+01  4.2000e-01  1.9533e+10  1.3596e+00  -3.0919e+02  1.4970e+00
  4.6416e+00  3.0079e+01  4.4000e-01  2.0325e+08  8.6269e-01  -4.9189e+02  2.2295e+00
  4.6416e+00  3.0079e+01  4.6000e-01  6.9772e+07  7.6828e-01  -3.4559e+02  1.2766e+00
  4.6416e+00  3.0079e+01  4.8000e-01  1.3584e+08  1.0760e+00  -5.7841e+02  2.7499e+00
  4.6416e+00  3.0079e+01  5.0000e-01  1.5536e+11  1.0823e+00  -9.0582e+00  1.9023e-01
  4.6416e+00  3.0079e+01  5.2000e-01  5.5947e+10  9.6763e-01  5.4939e-01  1.0271e-01
  4.6416e+00  3.0079e+01  5.4000e-01  4.1759e+10  9.7143e-01  6.4196e-01  1.0757e-01
  4.6416e+00  3.0079e+01  5.6000e-01  3.5155e+10  9.7491e-01  6.7175e-01  1.0928e-01
  4.6416e+00  3.0079e+01  5.8000e-01  3.0769e+10  9.7694e-01  6.8922e-01  1.1025e-01
  4.6416e+00  3.0079e+01  6.0000e-01  2.5813e+10  9.8529e-01  6.8993e-01  1.1514e-01
  4.6416e+00  3.6747e+01  1.0000e-02  3.3527e+11  1.3409e+00  3.7686e+00  2.6595e-01
  4.6416e+00  3.6747e+01  2.0000e-02  5.7256e+11  1.3479e+00  2.0803e+00  1.8633e-01
  4.6416e+00  3.6747e+01  4.0000e-02  8.4655e+11  1.3588e+00  1.2937e+00  1.4503e-01
  4.6416e+00  3.6747e+01  6.0000e-02  1.0413e+12  1.3660e+00  9.7954e-01  1.2475e-01
  4.6416e+00  3.6747e+01  8.0000e-02  1.2023e+12  1.3691e+00  8.0455e-01  1.1179e-01
  4.6416e+00  3.6747e+01  1.0000e-01  1.3156e+12  1.3715e+00  6.8556e-01  1.0394e-01
  4.6416e+00  3.6747e+01  1.2000e-01  1.4460e+12  1.3710e+00  5.9627e-01  9.5426e-02
  4.6416e+00  3.6747e+01  1.4000e-01  1.5421e+12  1.3703e+00  5.2806e-01  9.1186e-02
  4.6416e+00  3.6747e+01  1.6000e-01  1.6095e+12  1.3701e+00  4.6549e-01  8.9233e-02
  4.6416e+00  3.6747e+01  1.8000e-01  1.7724e+12  1.3650e+00  4.0212e-01  8.1850e-02
  4.6416e+00  3.6747e+01  2.0000e-01  2.2246e+12  1.3459e+00  3.4612e-01  6.6472e-02
  4.6416e+00  3.6747e+01  2.2000e-01  3.1497e+12  1.3126e+00  3.0056e-01  5.0687e-02
  4.6416e+00  3.6747e+01  2.4000e-01  4.2993e+12  1.2798e+00  2.5856e-01  4.2544e-02
  4.6416e+00  3.6747e+01  2.6000e-01  5.0367e+12  1.2530e+00  2.2026e-01  4.0645e-02
  4.6416e+00  3.6747e+01  2.8000e-01  5.0391e+12  1.2021e+00  2.2114e-01  4.5298e-02
  4.6416e+00  3.6747e+01  3.0000e-01  3.0505e+11  1.4089e+00  2.0374e-01  1.3439e-01
  4.6416e+00  3.6747e+01  3.2000e-01  7.0259e+11  1.4069e+00  8.3681e-02  1.0161e-01
  4.6416e+00  3.6747e+01  3.4000e-01  1.0899e+13  1.3837e+00  2.2332e-02  1.7618e-02
  4.6416e+00  3.6747e+01  3.6000e-01  1.6584e+13  1.3479e+00  -2.3396e-02  1.5430e-02
  4.6416e+00  3.6747e+01  3.8000e-01  8.9351e+12  1.2991e+00  -8.1188e-02  2.8138e-02
  4.6416e+00  3.6747e+01  4.0000e-01  5.1098e+10  1.1952e+00  2.1805e+00  2.0707e+00
  4.6416e+00  3.6747e+01  4.2000e-01  4.8150e+10  6.7444e-01  1.5181e+01  4.8494e+01
  4.6416e+00  3.6747e+01  4.4000e-01  3.1504e+08  8.6089e-01  -3.8503e+02  1.3295e+00
  4.6416e+00  3.6747e+01  4.6000e-01  2.7821e+07  8.0379e-01  -4.5643e+02  2.8486e+00
  4.6416e+00  3.6747e+01  4.8000e-01  6.4997e+07  1.1115e+00  -5.4605e+02  2.5502e+00
  4.6416e+00  3.6747e+01  5.0000e-01  4.3487e+10  1.2848e+00  -3.9281e+01  4.7205e-01
  4.6416e+00  3.6747e+01  5.2000e-01  3.2760e+10  9.8791e-01  5.5743e-01  1.1297e-01
  4.6416e+00  3.6747e+01  5.4000e-01  2.4688e+10  9.9412e-01  6.5218e-01  1.1235e-01
  4.6416e+00  3.6747e+01  5.6000e-01  2.0541e+10  9.9535e-01  7.0070e-01  1.1260e-01
  4.6416e+00  3.6747e+01  5.8000e-01  1.7344e+10  1.0009e+00  7.0616e-01  1.1561e-01
  4.6416e+00  3.6747e+01  6.0000e-01  1.3921e+10  1.0133e+00  6.8987e-01  1.2410e-01
  4.6416e+00  4.4893e+01  1.0000e-02  1.1031e+11  1.3756e+00  7.2801e+00  5.4464e-01
  4.6416e+00  4.4893e+01  2.0000e-02  4.0763e+11  1.3483e+00  2.8399e+00  2.2941e-01
  4.6416e+00  4.4893e+01  4.0000e-02  7.6986e+11  1.3569e+00  1.5264e+00  1.5058e-01
  4.6416e+00  4.4893e+01  6.0000e-02  9.1754e+11  1.3636e+00  1.1194e+00  1.3543e-01
  4.6416e+00  4.4893e+01  8.0000e-02  1.0870e+12  1.3679e+00  8.9006e-01  1.1956e-01
  4.6416e+00  4.4893e+01  1.0000e-01  1.2062e+12  1.3712e+00  7.4353e-01  1.1079e-01
  4.6416e+00  4.4893e+01  1.2000e-01  1.3408e+12  1.3718e+00  6.3724e-01  1.0092e-01
  4.6416e+00  4.4893e+01  1.4000e-01  1.4683e+12  1.3707e+00  5.5883e-01  9.4033e-02
  4.6416e+00  4.4893e+01  1.6000e-01  1.5348e+12  1.3713e+00  4.9289e-01  9.2134e-02
  4.6416e+00  4.4893e+01  1.8000e-01  1.6347e+12  1.3696e+00  4.2752e-01  8.7759e-02
  4.6416e+00  4.4893e+01  2.0000e-01  1.9304e+12  1.3571e+00  3.6676e-01  7.4913e-02
  4.6416e+00  4.4893e+01  2.2000e-01  2.6110e+12  1.3289e+00  3.1858e-01  5.7595e-02
  4.6416e+00  4.4893e+01  2.4000e-01  3.6514e+12  1.2952e+00  2.7633e-01  4.5773e-02
  4.6416e+00  4.4893e+01  2.6000e-01  4.5921e+12  1.2666e+00  2.3670e-01  4.1425e-02
  4.6416e+00  4.4893e+01  2.8000e-01  4.7231e+12  1.2387e+00  2.0782e-01  4.3017e-02
  4.6416e+00  4.4893e+01  3.0000e-01  2.1052e+12  1.2545e+00  2.0431e-01  5.8265e-02
  4.6416e+00  4.4893e+01  3.2000e-01  3.6369e+11  1.4215e+00  1.3232e-01  1.3125e-01
  4.6416e+00  4.4893e+01  3.4000e-01  2.5172e+12  1.4055e+00  3.0288e-02  4.3647e-02
  4.6416e+00  4.4893e+01  3.6000e-01  1.0359e+13  1.3617e+00  9.9400e-03  1.9343e-02
  4.6416e+00  4.4893e+01  3.8000e-01  1.0864e+13  1.3525e+00  -6.3762e-02  1.9549e-02
  4.6416e+00  4.4893e+01  4.0000e-01  3.0341e+11  1.1836e+00  2.3962e-01  5.1531e-01
  4.6416e+00  4.4893e+01  4.2000e-01  3.2660e+11  1.4625e+00  -3.7606e+01  3.5792e-01
  4.6416e+00  4.4893e+01  4.4000e-01  1.1945e+08  1.6245e+00  -4.3642e+02  2.7991e+00
  4.6416e+00  4.4893e+01  4.6000e-01  4.1288e+07  7.6717e-01  -2.8130e+02  1.2054e+00
  4.6416e+00  4.4893e+01  4.8000e-01  1.0211e+08  9.9022e-01  -4.8756e+02  1.2135e+00
  4.6416e+00  4.4893e+01  5.0000e-01  1.3399e+10  1.4660e+00  -8.7339e+01  8.8502e-01
  4.6416e+00  4.4893e+01  5.2000e-01  1.8889e+10  1.0014e+00  5.6605e-01  1.2278e-01
  4.6416e+00  4.4893e+01  5.4000e-01  1.4261e+10  1.0109e+00  6.5507e-01  1.1690e-01
  4.6416e+00  4.4893e+01  5.6000e-01  1.1677e+10  1.0185e+00  6.8969e-01  1.1761e-01
  4.6416e+00  4.4893e+01  5.8000e-01  9.0434e+09  1.0328e+00  6.8278e-01  1.2799e-01
  4.6416e+00  4.4893e+01  6.0000e-01  7.6187e+09  1.0377e+00  6.8520e-01  1.3036e-01
  4.6416e+00  5.4844e+01  1.0000e-02  1.9603e+09  1.6879e+00  1.7642e+01  7.7033e+00
  4.6416e+00  5.4844e+01  2.0000e-02  2.2595e+11  1.3556e+00  4.6593e+00  3.3695e-01
  4.6416e+00  5.4844e+01  4.0000e-02  5.6628e+11  1.3558e+00  1.9593e+00  1.8010e-01
  4.6416e+00  5.4844e+01  6.0000e-02  7.9703e+11  1.3603e+00  1.3355e+00  1.4532e-01
  4.6416e+00  5.4844e+01  8.0000e-02  9.5886e+11  1.3654e+00  1.0275e+00  1.2877e-01
  4.6416e+00  5.4844e+01  1.0000e-01  1.0804e+12  1.3696e+00  8.3821e-01  1.1871e-01
  4.6416e+00  5.4844e+01  1.2000e-01  1.2053e+12  1.3721e+00  7.0217e-01  1.0862e-01
  4.6416e+00  5.4844e+01  1.4000e-01  1.3502e+12  1.3713e+00  6.0527e-01  9.8682e-02
  4.6416e+00  5.4844e+01  1.6000e-01  1.4476e+12  1.3713e+00  5.3143e-01  9.4654e-02
  4.6416e+00  5.4844e+01  1.8000e-01  1.5080e+12  1.3721e+00  4.6326e-01  9.2728e-02
  4.6416e+00  5.4844e+01  2.0000e-01  1.6867e+12  1.3662e+00  3.9593e-01  8.3668e-02
  4.6416e+00  5.4844e+01  2.2000e-01  2.1590e+12  1.3450e+00  3.4106e-01  6.6376e-02
  4.6416e+00  5.4844e+01  2.4000e-01  3.0065e+12  1.3121e+00  2.9758e-01  5.0798e-02
  4.6416e+00  5.4844e+01  2.6000e-01  4.0061e+12  1.2810e+00  2.5627e-01  4.3125e-02
  4.6416e+00  5.4844e+01  2.8000e-01  4.5752e+12  1.2544e+00  2.1993e-01  4.1740e-02
  4.6416e+00  5.4844e+01  3.0000e-01  4.3159e+12  1.2018e+00  2.3096e-01  4.8022e-02
  4.6416e+00  5.4844e+01  3.2000e-01  2.2424e+11  1.4106e+00  2.3480e-01  1.4982e-01
  4.6416e+00  5.4844e+01  3.4000e-01  5.4692e+11  1.4142e+00  8.2981e-02  1.0881e-01
  4.6416e+00  5.4844e+01  3.6000e-01  1.1867e+13  1.3805e+00  1.5134e-02  1.5546e-02
  4.6416e+00  5.4844e+01  3.8000e-01  1.6694e+13  1.3831e+00  -6.5999e-02  1.2775e-02
  4.6416e+00  5.4844e+01  4.0000e-01  6.7670e+12  1.2546e+00  -7.3297e-02  3.4248e-02
  4.6416e+00  5.4844e+01  4.2000e-01  3.1445e+10  1.2984e+00  -4.5474e-01  1.7320e+00
  4.6416e+00  5.4844e+01  4.4000e-01  4.5810e+10  6.0699e-01  9.2810e+00  4.3733e+01
  4.6416e+00  5.4844e+01  4.6000e-01  4.5645e+07  6.6277e-01  -1.8518e+02  8.4683e-01
  4.6416e+00  5.4844e+01  4.8000e-01  7.5858e+07  8.7742e-01  -4.1034e+02  1.0338e+00
  4.6416e+00  5.4844e+01  5.0000e-01  5.7757e+09  1.6301e+00  -1.5176e+02  1.1749e+00
  4.6416e+00  5.4844e+01  5.2000e-01  1.0789e+10  1.0132e+00  5.6279e-01  1.3095e-01
  4.6416e+00  5.4844e+01  5.4000e-01  8.0563e+09  1.0264e+00  6.3535e-01  1.2454e-01
  4.6416e+00  5.4844e+01  5.6000e-01  6.2413e+09  1.0429e+00  6.5895e-01  1.2939e-01
  4.6416e+00  5.4844e+01  5.8000e-01  4.7922e+09  1.0600e+00  6.4336e-01  1.4372e-01
  4.6416e+00  5.4844e+01  6.0000e-01  4.0789e+09  1.0633e+00  6.5060e-01  1.4475e-01
  4.6416e+00  6.7002e+01  1.0000e-02  1.4195e+08  1.9141e+00  1.2038e+01  2.6379e+01
  4.6416e+00  6.7002e+01  2.0000e-02  5.1268e+09  1.6396e+00  1.0700e+01  2.4785e+00
  4.6416e+00  6.7002e+01  4.0000e-02  3.6556e+11  1.3583e+00  2.8622e+00  2.3519e-01
  4.6416e+00  6.7002e+01  6.0000e-02  6.3384e+11  1.3608e+00  1.7041e+00  1.6252e-01
  4.6416e+00  6.7002e+01  8.0000e-02  8.1851e+11  1.3634e+00  1.2500e+00  1.3896e-01
  4.6416e+00  6.7002e+01  1.0000e-01  9.6077e+11  1.3660e+00  9.9089e-01  1.2572e-01
  4.6416e+00  6.7002e+01  1.2000e-01  1.0445e+12  1.3710e+00  8.1392e-01  1.1887e-01
  4.6416e+00  6.7002e+01  1.4000e-01  1.1744e+12  1.3721e+00  6.8315e-01  1.0755e-01
  4.6416e+00  6.7002e+01  1.6000e-01  1.3018e+12  1.3713e+00  5.9095e-01  9.9308e-02
  4.6416e+00  6.7002e+01  1.8000e-01  1.3697e+12  1.3724e+00  5.1627e-01  9.7109e-02
  4.6416e+00  6.7002e+01  2.0000e-01  1.4600e+12  1.3717e+00  4.4304e-01  9.2746e-02
  4.6416e+00  6.7002e+01  2.2000e-01  1.7283e+12  1.3605e+00  3.7615e-01  7.8876e-02
  4.6416e+00  6.7002e+01  2.4000e-01  2.3270e+12  1.3327e+00  3.2657e-01  6.0150e-02
  4.6416e+00  6.7002e+01  2.6000e-01  3.2226e+12  1.2994e+00  2.8399e-01  4.7300e-02
  4.6416e+00  6.7002e+01  2.8000e-01  4.0499e+12  1.2712e+00  2.4324e-01  4.2383e-02
  4.6416e+00  6.7002e+01  3.0000e-01  4.1387e+12  1.2432e+00  2.1424e-01  4.4066e-02
  4.6416e+00  6.7002e+01  3.2000e-01  2.9243e+12  1.2104e+00  2.1891e-01  5.5049e-02
  4.6416e+00  6.7002e+01  3.4000e-01  2.8345e+11  1.4225e+00  1.4971e-01  1.3780e-01
  4.6416e+00  6.7002e+01  3.6000e-01  1.1864e+12  1.4071e+00  4.0586e-02  6.6175e-02
  4.6416e+00  6.7002e+01  3.8000e-01  8.4434e+12  1.3639e+00  9.9540e-03  1.9844e-02
  4.6416e+00  6.7002e+01  4.0000e-01  7.9904e+12  1.3550e+00  -6.1795e-02  2.1202e-02
  4.6416e+00  6.7002e+01  4.2000e-01  2.5542e+11  1.2020e+00  1.5523e-01  4.5514e-01
  4.6416e+00  6.7002e+01  4.4000e-01  2.0852e+11  1.5171e+00  -3.0829e+01  3.3728e-01
  4.6416e+00  6.7002e+01  4.6000e-01  3.6621e+09  1.3166e+00  -3.0519e+02  6.1738e-01
  4.6416e+00  6.7002e+01  4.8000e-01  1.2241e+08  8.1525e-01  -3.4046e+02  2.7536e-01
  4.6416e+00  6.7002e+01  5.0000e-01  3.0652e+09  1.6893e+00  -1.5700e+02  1.3234e+00
  4.6416e+00  6.7002e+01  5.2000e-01  6.4436e+09  1.0217e+00  5.4495e-01  1.3647e-01
  4.6416e+00  6.7002e+01  5.4000e-01  4.5233e+09  1.0406e+00  6.0087e-01  1.3645e-01
  4.6416e+00  6.7002e+01  5.6000e-01  3.4804e+09  1.0585e+00  6.3887e-01  1.4444e-01
  4.6416e+00  6.7002e+01  5.8000e-01  2.8550e+09  1.0673e+00  6.6245e-01  1.4646e-01
  4.6416e+00  6.7002e+01  6.0000e-01  2.4307e+09  1.0699e+00  6.8720e-01  1.4937e-01
  4.6416e+00  8.1855e+01  1.0000e-02  1.3545e+11  2.2567e+00  -4.1122e+01  5.6424e-01
  4.6416e+00  8.1855e+01  2.0000e-02  9.9791e+08  1.7612e+00  1.3978e+01  1.2638e+01
  4.6416e+00  8.1855e+01  4.0000e-02  1.1113e+11  1.4169e+00  5.2042e+00  4.8887e-01
  4.6416e+00  8.1855e+01  6.0000e-02  3.8628e+11  1.3654e+00  2.5121e+00  2.1921e-01
  4.6416e+00  8.1855e+01  8.0000e-02  5.9611e+11  1.3641e+00  1.6617e+00  1.6421e-01
  4.6416e+00  8.1855e+01  1.0000e-01  1.0269e+12  1.3694e+00  1.2138e+00  1.1293e-01
  4.6416e+00  8.1855e+01  1.2000e-01  8.7662e+11  1.3680e+00  1.0037e+00  1.2936e-01
  4.6416e+00  8.1855e+01  1.4000e-01  9.6556e+11  1.3720e+00  8.2416e-01  1.2119e-01
  4.6416e+00  8.1855e+01  1.6000e-01  1.0986e+12  1.3717e+00  6.9198e-01  1.0888e-01
  4.6416e+00  8.1855e+01  1.8000e-01  1.2003e+12  1.3715e+00  5.9713e-01  1.0216e-01
  4.6416e+00  8.1855e+01  2.0000e-01  1.2633e+12  1.3729e+00  5.1623e-01  9.9844e-02
  4.6416e+00  8.1855e+01  2.2000e-01  1.3578e+12  1.3715e+00  4.3896e-01  9.3867e-02
  4.6416e+00  8.1855e+01  2.4000e-01  1.6602e+12  1.3566e+00  3.7200e-01  7.7314e-02
  4.6416e+00  8.1855e+01  2.6000e-01  2.2903e+12  1.3259e+00  3.2362e-01  5.7910e-02
  4.6416e+00  8.1855e+01  2.8000e-01  3.0987e+12  1.2935e+00  2.8073e-01  4.6806e-02
  4.6416e+00  8.1855e+01  3.0000e-01  3.7537e+12  1.2664e+00  2.4030e-01  4.3004e-02
  4.6416e+00  8.1855e+01  3.2000e-01  3.5861e+12  1.2348e+00  2.1993e-01  4.6727e-02
  4.6416e+00  8.1855e+01  3.4000e-01  1.0864e+12  1.2811e+00  2.1863e-01  7.2113e-02
  4.6416e+00  8.1855e+01  3.6000e-01  3.1127e+11  1.4165e+00  1.2876e-01  1.2891e-01
  4.6416e+00  8.1855e+01  3.8000e-01  1.4321e+12  1.3956e+00  3.5480e-02  5.6319e-02
  4.6416e+00  8.1855e+01  4.0000e-01  1.0447e+13  1.3591e+00  -1.8978e-03  1.5639e-02
  4.6416e+00  8.1855e+01  4.2000e-01  7.3068e+12  1.3259e+00  -7.2312e-02  2.1564e-02
  4.6416e+00  8.1855e+01  4.4000e-01  4.3337e+10  1.2260e+00  1.0549e+00  1.2833e+00
  4.6416e+00  8.1855e+01  4.6000e-01  1.9847e+12  9.4828e-01  -1.8634e+01  8.7242e-02
  4.6416e+00  8.1855e+01  4.8000e-01  3.5129e+08  2.3615e-01  1.1800e-01  6.9403e-04
  4.6416e+00  8.1855e+01  5.0000e-01  2.0210e+09  1.6484e+00  -1.1822e+02  1.2371e+00
  4.6416e+00  8.1855e+01  5.2000e-01  3.6200e+09  1.0434e+00  4.8275e-01  1.5294e-01
  4.6416e+00  8.1855e+01  5.4000e-01  2.8624e+09  1.0480e+00  5.4524e-01  1.4371e-01
  4.6416e+00  8.1855e+01  5.6000e-01  2.4508e+09  1.0438e+00  7.0120e-01  1.3921e-01
  4.6416e+00  8.1855e+01  5.8000e-01  2.0595e+09  1.0540e+00  7.1889e-01  1.4040e-01
  4.6416e+00  8.1855e+01  6.0000e-01  1.8119e+09  1.0524e+00  7.5226e-01  1.4243e-01
  4.6416e+00  1.0000e+02  1.0000e-02  5.8294e+10  2.4831e+00  -7.5659e+01  6.4724e-01
  4.6416e+00  1.0000e+02  2.0000e-02  1.2302e+08  2.0734e+00  -1.3913e+01  1.8400e+01
  4.6416e+00  1.0000e+02  4.0000e-02  3.1552e+09  1.7087e+00  9.0434e+00  4.7010e+00
  4.6416e+00  1.0000e+02  6.0000e-02  1.1727e+11  1.4237e+00  4.5487e+00  4.5621e-01
  4.6416e+00  1.0000e+02  8.0000e-02  3.4199e+11  1.3738e+00  2.5787e+00  2.2835e-01
  4.6416e+00  1.0000e+02  1.0000e-01  5.0689e+11  1.3695e+00  1.7694e+00  1.7507e-01
  4.6416e+00  1.0000e+02  1.2000e-01  6.5934e+11  1.3672e+00  1.3439e+00  1.4745e-01
  4.6416e+00  1.0000e+02  1.4000e-01  7.6653e+11  1.3690e+00  1.0797e+00  1.3466e-01
  4.6416e+00  1.0000e+02  1.6000e-01  8.7136e+11  1.3721e+00  8.8392e-01  1.2365e-01
  4.6416e+00  1.0000e+02  1.8000e-01  9.7369e+11  1.3718e+00  7.3973e-01  1.1292e-01
  4.6416e+00  1.0000e+02  2.0000e-01  1.0575e+12  1.3716e+00  6.3515e-01  1.0631e-01
  4.6416e+00  1.0000e+02  2.2000e-01  1.0978e+12  1.3737e+00  5.4764e-01  1.0464e-01
  4.6416e+00  1.0000e+02  2.4000e-01  1.1697e+12  1.3731e+00  4.6212e-01  9.9026e-02
  4.6416e+00  1.0000e+02  2.6000e-01  1.4261e+12  1.3591e+00  3.8788e-01  8.1710e-02
  4.6416e+00  1.0000e+02  2.8000e-01  1.9612e+12  1.3287e+00  3.3632e-01  6.0965e-02
  4.6416e+00  1.0000e+02  3.0000e-01  2.6411e+12  1.2963e+00  2.9244e-01  4.8728e-02
  4.6416e+00  1.0000e+02  3.2000e-01  3.2020e+12  1.2695e+00  2.5044e-01  4.4251e-02
  4.6416e+00  1.0000e+02  3.4000e-01  3.1700e+12  1.2409e+00  2.2238e-01  4.6284e-02
  4.6416e+00  1.0000e+02  3.6000e-01  1.5820e+12  1.2513e+00  2.0227e-01  5.9414e-02
  4.6416e+00  1.0000e+02  3.8000e-01  2.6139e+11  1.4158e+00  1.3589e-01  1.2824e-01
  4.6416e+00  1.0000e+02  4.0000e-01  9.9581e+11  1.3966e+00  4.1290e-02  6.3076e-02
  4.6416e+00  1.0000e+02  4.2000e-01  6.2496e+12  1.3561e+00  6.3996e-03  1.9408e-02
  4.6416e+00  1.0000e+02  4.4000e-01  7.2651e+12  1.3297e+00  -7.0637e-02  1.7263e-02
  4.6416e+00  1.0000e+02  4.6000e-01  2.6172e+10  1.2265e+00  1.1187e+00  1.4151e+00
  4.6416e+00  1.0000e+02  4.8000e-01  2.3565e+10  6.2315e-01  1.6401e+01  2.1875e+01
  4.6416e+00  1.0000e+02  5.0000e-01  8.2145e+08  1.5088e+00  -6.4306e+01  1.5430e+00
  4.6416e+00  1.0000e+02  5.2000e-01  2.4557e+09  1.0413e+00  4.4576e-01  1.6291e-01
  4.6416e+00  1.0000e+02  5.4000e-01  2.0615e+09  1.0310e+00  5.9825e-01  1.4831e-01
  4.6416e+00  1.0000e+02  5.6000e-01  1.7205e+09  1.0394e+00  6.5793e-01  1.4080e-01
  4.6416e+00  1.0000e+02  5.8000e-01  1.3749e+09  1.0465e+00  7.6858e-01  1.4294e-01
  4.6416e+00  1.0000e+02  6.0000e-01  1.1003e+09  1.0555e+00  8.3330e-01  1.5038e-01
  4.6416e+00  1.5000e+02  1.0000e-02  5.5881e+09  3.5159e+00  -3.4581e+02  8.4357e-01
  4.6416e+00  1.5000e+02  2.0000e-02  4.4123e+10  2.5100e+00  -7.4915e+01  6.6057e-01
  4.6416e+00  1.5000e+02  4.0000e-02  6.9906e+11  1.9822e+00  -8.5218e+00  2.6949e-01
  4.6416e+00  1.5000e+02  6.0000e-02  1.1926e+09  1.8008e+00  5.0149e+00  9.9382e+00
  4.6416e+00  1.5000e+02  8.0000e-02  3.7478e+09  1.7129e+00  6.4031e+00  4.7858e+00
  4.6416e+00  1.5000e+02  1.0000e-01  4.7507e+09  1.7124e+00  5.2187e+00  2.1809e+00
  4.6416e+00  1.5000e+02  1.2000e-01  5.5220e+10  1.5033e+00  3.9421e+00  6.1104e-01
  4.6416e+00  1.5000e+02  1.4000e-01  2.0761e+11  1.4277e+00  2.7102e+00  2.7546e-01
  4.6416e+00  1.5000e+02  1.6000e-01  3.0235e+11  1.3922e+00  2.1060e+00  2.1546e-01
  4.6416e+00  1.5000e+02  1.8000e-01  4.0256e+11  1.3832e+00  1.6392e+00  1.7535e-01
  4.6416e+00  1.5000e+02  2.0000e-01  4.9339e+11  1.3780e+00  1.3325e+00  1.5286e-01
  4.6416e+00  1.5000e+02  2.2000e-01  5.5641e+11  1.3772e+00  1.1023e+00  1.4003e-01
  4.6416e+00  1.5000e+02  2.4000e-01  6.2790e+11  1.3755e+00  9.2237e-01  1.2675e-01
  4.6416e+00  1.5000e+02  2.6000e-01  6.8099e+11  1.3733e+00  7.9114e-01  1.1869e-01
  4.6416e+00  1.5000e+02  2.8000e-01  6.9508e+11  1.3745e+00  6.8398e-01  1.1691e-01
  4.6416e+00  1.5000e+02  3.0000e-01  6.9801e+11  1.3772e+00  5.7787e-01  1.1517e-01
  4.6416e+00  1.5000e+02  3.2000e-01  7.7404e+11  1.3715e+00  4.7696e-01  1.0189e-01
  4.6416e+00  1.5000e+02  3.4000e-01  9.7843e+11  1.3490e+00  4.0328e-01  7.9498e-02
  4.6416e+00  1.5000e+02  3.6000e-01  1.3085e+12  1.3155e+00  3.5294e-01  6.0187e-02
  4.6416e+00  1.5000e+02  3.8000e-01  1.5804e+12  1.2874e+00  3.0696e-01  5.1336e-02
  4.6416e+00  1.5000e+02  4.0000e-01  1.6675e+12  1.2626e+00  2.6532e-01  4.8792e-02
  4.6416e+00  1.5000e+02  4.2000e-01  1.7333e+12  1.2139e+00  2.3301e-01  4.7842e-02
  4.6416e+00  1.5000e+02  4.4000e-01  1.6481e+11  1.3897e+00  1.6726e-01  1.0525e-01
  4.6416e+00  1.5000e+02  4.6000e-01  2.1743e+11  1.3942e+00  7.9050e-02  9.0108e-02
  4.6416e+00  1.5000e+02  4.8000e-01  1.9108e+12  1.3366e+00  1.5932e-02  1.8048e-02
  4.6416e+00  1.5000e+02  5.0000e-01  3.5809e+09  1.0001e+00  -8.7782e+00  4.0518e-01
  4.6416e+00  1.5000e+02  5.2000e-01  8.7026e+08  1.0461e+00  4.5666e-01  1.9288e-01
  4.6416e+00  1.5000e+02  5.4000e-01  7.7160e+08  1.0308e+00  6.0558e-01  1.6914e-01
  4.6416e+00  1.5000e+02  5.6000e-01  7.2248e+08  1.0308e+00  8.2140e-01  1.4992e-01
  4.6416e+00  1.5000e+02  5.8000e-01  8.3103e+08  9.9706e-01  1.4912e+00  1.0984e-01
  4.6416e+00  1.5000e+02  6.0000e-01  2.6912e+08  1.0903e+00  1.2841e+00  1.9266e-01
  4.6416e+00  2.0000e+02  1.0000e-02  3.2987e+08  4.5469e+00  -7.6457e+02  1.2289e+00
  4.6416e+00  2.0000e+02  2.0000e-02  4.7825e+09  3.2296e+00  -2.3895e+02  9.6024e-01
  4.6416e+00  2.0000e+02  4.0000e-02  1.4788e+11  2.2950e+00  -4.0624e+01  4.3022e-01
  4.6416e+00  2.0000e+02  6.0000e-02  2.9390e+11  2.0637e+00  -1.6556e+01  3.7308e-01
  4.6416e+00  2.0000e+02  8.0000e-02  1.5868e+09  1.9436e+00  -7.2007e+00  6.0505e+00
  4.6416e+00  2.0000e+02  1.0000e-01  1.7069e+09  1.7947e+00  2.5391e+00  7.6817e+00
  4.6416e+00  2.0000e+02  1.2000e-01  3.5249e+09  1.7291e+00  4.3072e+00  5.2053e+00
  4.6416e+00  2.0000e+02  1.4000e-01  4.9253e+09  1.7098e+00  4.3101e+00  3.5240e+00
  4.6416e+00  2.0000e+02  1.6000e-01  4.9954e+09  1.7206e+00  3.8991e+00  2.4038e+00
  4.6416e+00  2.0000e+02  1.8000e-01  7.6781e+09  1.6872e+00  3.5598e+00  1.4115e+00
  4.6416e+00  2.0000e+02  2.0000e-01  3.2445e+10  1.5593e+00  3.1122e+00  6.8880e-01
  4.6416e+00  2.0000e+02  2.2000e-01  8.9537e+10  1.4758e+00  2.5847e+00  3.9508e-01
  4.6416e+00  2.0000e+02  2.4000e-01  1.6270e+11  1.4285e+00  2.1553e+00  2.6914e-01
  4.6416e+00  2.0000e+02  2.6000e-01  2.1928e+11  1.4091e+00  1.7992e+00  2.1558e-01
  4.6416e+00  2.0000e+02  2.8000e-01  2.6244e+11  1.4015e+00  1.5034e+00  1.8447e-01
  4.6416e+00  2.0000e+02  3.0000e-01  3.0247e+11  1.3946e+00  1.2673e+00  1.6133e-01
  4.6416e+00  2.0000e+02  3.2000e-01  3.3636e+11  1.3848e+00  1.0965e+00  1.4535e-01
  4.6416e+00  2.0000e+02  3.4000e-01  3.5477e+11  1.3797e+00  9.6294e-01  1.3623e-01
  4.6416e+00  2.0000e+02  3.6000e-01  3.4254e+11  1.3807e+00  8.4283e-01  1.3479e-01
  4.6416e+00  2.0000e+02  3.8000e-01  3.1746e+11  1.3844e+00  7.1376e-01  1.3362e-01
  4.6416e+00  2.0000e+02  4.0000e-01  3.2140e+11  1.3794e+00  5.8724e-01  1.1945e-01
  4.6416e+00  2.0000e+02  4.2000e-01  3.6698e+11  1.3563e+00  4.9909e-01  9.4665e-02
  4.6416e+00  2.0000e+02  4.4000e-01  4.1329e+11  1.3227e+00  4.4484e-01  7.4255e-02
  4.6416e+00  2.0000e+02  4.6000e-01  3.6896e+11  1.2937e+00  4.0341e-01  6.7118e-02
  4.6416e+00  2.0000e+02  4.8000e-01  2.1807e+11  1.2687e+00  3.6066e-01  6.9309e-02
  4.6416e+00  2.0000e+02  5.0000e-01  3.6264e+09  5.3740e-01  1.0805e-01  1.6383e-01
  4.6416e+00  2.0000e+02  5.2000e-01  1.3866e+08  1.0885e+00  9.5245e-01  2.9352e-01
  4.6416e+00  2.0000e+02  5.4000e-01  1.0144e+08  1.1206e+00  1.0170e+00  3.0067e-01
  4.6416e+00  2.0000e+02  5.6000e-01  1.1018e+08  1.1084e+00  1.1692e+00  2.6429e-01
  4.6416e+00  2.0000e+02  5.8000e-01  6.5202e+07  1.1671e+00  1.0184e+00  3.2696e-01
  4.6416e+00  2.0000e+02  6.0000e-01  1.1701e+08  1.1143e+00  1.0021e+00  2.0472e-01
  4.6416e+00  2.5000e+02  1.0000e-02  1.3103e+07  5.4702e+00  -1.2131e+03  1.8004e+00
  4.6416e+00  2.5000e+02  2.0000e-02  6.7536e+08  3.9840e+00  -4.9898e+02  1.2175e+00
  4.6416e+00  2.5000e+02  4.0000e-02  2.1954e+10  2.6829e+00  -9.8450e+01  7.1520e-01
  4.6416e+00  2.5000e+02  6.0000e-02  1.7666e+11  2.2232e+00  -3.1274e+01  3.9115e-01
  4.6416e+00  2.5000e+02  8.0000e-02  2.3395e+11  2.0619e+00  -1.6383e+01  3.8715e-01
  4.6416e+00  2.5000e+02  1.0000e-01  3.5891e+11  1.9725e+00  -1.0140e+01  3.3871e-01
  4.6416e+00  2.5000e+02  1.2000e-01  1.0690e+10  1.9122e+00  -6.4809e+00  2.2089e+00
  4.6416e+00  2.5000e+02  1.4000e-01  2.1008e+09  1.8097e+00  -7.5090e-02  6.1978e+00
  4.6416e+00  2.5000e+02  1.6000e-01  3.1307e+09  1.7537e+00  2.0941e+00  5.2333e+00
  4.6416e+00  2.5000e+02  1.8000e-01  4.5257e+09  1.7217e+00  2.7790e+00  4.0838e+00
  4.6416e+00  2.5000e+02  2.0000e-01  5.9751e+09  1.7118e+00  2.6895e+00  3.0628e+00
  4.6416e+00  2.5000e+02  2.2000e-01  5.9288e+09  1.7069e+00  2.8750e+00  2.5865e+00
  4.6416e+00  2.5000e+02  2.4000e-01  7.8042e+09  1.7278e+00  2.1258e+00  1.7211e+00
  4.6416e+00  2.5000e+02  2.6000e-01  6.2581e+09  1.7266e+00  2.3223e+00  1.5662e+00
  4.6416e+00  2.5000e+02  2.8000e-01  6.6033e+09  1.7039e+00  2.4131e+00  1.2985e+00
  4.6416e+00  2.5000e+02  3.0000e-01  1.1187e+10  1.6496e+00  2.3077e+00  9.3524e-01
  4.6416e+00  2.5000e+02  3.2000e-01  2.0068e+10  1.5928e+00  2.1253e+00  6.7465e-01
  4.6416e+00  2.5000e+02  3.4000e-01  3.1313e+10  1.5495e+00  1.9116e+00  5.1300e-01
  4.6416e+00  2.5000e+02  3.6000e-01  4.5963e+10  1.5101e+00  1.7256e+00  3.9222e-01
  4.6416e+00  2.5000e+02  3.8000e-01  6.2919e+10  1.4743e+00  1.5777e+00  3.0507e-01
  4.6416e+00  2.5000e+02  4.0000e-01  7.3555e+10  1.4504e+00  1.4526e+00  2.5631e-01
  4.6416e+00  2.5000e+02  4.2000e-01  6.9026e+10  1.4427e+00  1.3353e+00  2.4111e-01
  4.6416e+00  2.5000e+02  4.4000e-01  4.7650e+10  1.4583e+00  1.1952e+00  2.6216e-01
  4.6416e+00  2.5000e+02  4.6000e-01  2.3275e+10  1.4999e+00  9.8577e-01  3.2090e-01
  4.6416e+00  2.5000e+02  4.8000e-01  8.0862e+09  1.5523e+00  7.2232e-01  4.4871e-01
  4.6416e+00  2.5000e+02  5.0000e-01  6.1492e+09  1.2755e+00  -7.3642e-02  4.0031e-02
  4.6416e+00  2.5000e+02  5.2000e-01  1.3728e+08  1.0352e+00  8.2682e-01  3.1205e-01
  4.6416e+00  2.5000e+02  5.4000e-01  5.9533e+07  1.1052e+00  1.2153e+00  3.0637e-01
  4.6416e+00  2.5000e+02  5.6000e-01  6.1025e+07  1.1084e+00  1.1819e+00  2.5108e-01
  4.6416e+00  2.5000e+02  5.8000e-01  5.2648e+07  1.1197e+00  1.2471e+00  2.5912e-01
  4.6416e+00  2.5000e+02  6.0000e-01  6.2532e+07  1.1020e+00  1.5183e+00  2.0361e-01
  4.6416e+00  3.0000e+02  1.0000e-02  1.2806e+06  6.1064e+00  -1.5541e+03  2.2629e+00
  4.6416e+00  3.0000e+02  2.0000e-02  3.7762e+08  4.6989e+00  -8.0740e+02  1.1262e+00
  4.6416e+00  3.0000e+02  4.0000e-02  6.1531e+09  3.2193e+00  -2.2264e+02  8.4962e-01
  4.6416e+00  3.0000e+02  6.0000e-02  3.8050e+10  2.4949e+00  -6.4180e+01  6.1401e-01
  4.6416e+00  3.0000e+02  8.0000e-02  1.9643e+11  2.1931e+00  -2.7457e+01  3.5894e-01
  4.6416e+00  3.0000e+02  1.0000e-01  5.7562e+11  2.0594e+00  -1.6168e+01  2.3370e-01
  4.6416e+00  3.0000e+02  1.2000e-01  5.4619e+11  1.9796e+00  -1.0776e+01  2.5192e-01
  4.6416e+00  3.0000e+02  1.4000e-01  4.6572e+11  1.9248e+00  -7.6862e+00  2.8250e-01
  4.6416e+00  3.0000e+02  1.6000e-01  3.3833e+11  1.8871e+00  -5.7687e+00  3.3796e-01
  4.6416e+00  3.0000e+02  1.8000e-01  3.4536e+09  1.8314e+00  -2.6455e+00  4.1633e+00
  4.6416e+00  3.0000e+02  2.0000e-01  3.2372e+09  1.7792e+00  -2.0735e-01  4.5798e+00
  4.6416e+00  3.0000e+02  2.2000e-01  3.9795e+09  1.7448e+00  9.4878e-01  4.1066e+00
  4.6416e+00  3.0000e+02  2.4000e-01  4.8561e+09  1.7209e+00  1.5227e+00  3.5486e+00
  4.6416e+00  3.0000e+02  2.6000e-01  5.5771e+09  1.7066e+00  1.7689e+00  3.0579e+00
  4.6416e+00  3.0000e+02  2.8000e-01  6.0996e+09  1.6984e+00  1.8452e+00  2.6387e+00
  4.6416e+00  3.0000e+02  3.0000e-01  6.3583e+09  1.6943e+00  1.8395e+00  2.2960e+00
  4.6416e+00  3.0000e+02  3.2000e-01  6.3202e+09  1.6940e+00  1.7780e+00  2.0241e+00
  4.6416e+00  3.0000e+02  3.4000e-01  6.1740e+09  1.6948e+00  1.6702e+00  1.7997e+00
  4.6416e+00  3.0000e+02  3.6000e-01  6.0113e+09  1.6950e+00  1.5295e+00  1.6094e+00
  4.6416e+00  3.0000e+02  3.8000e-01  6.0558e+09  1.6903e+00  1.3733e+00  1.4352e+00
  4.6416e+00  3.0000e+02  4.0000e-01  6.0591e+09  1.6830e+00  1.2225e+00  1.2921e+00
  4.6416e+00  3.0000e+02  4.2000e-01  5.7435e+09  1.6761e+00  1.0880e+00  1.1809e+00
  4.6416e+00  3.0000e+02  4.4000e-01  5.0754e+09  1.6710e+00  9.0816e-01  1.1231e+00
  4.6416e+00  3.0000e+02  4.6000e-01  7.3454e+09  1.6279e+00  3.1933e-02  1.0249e+00
  4.6416e+00  3.0000e+02  4.8000e-01  2.2617e+11  1.5588e+00  -6.6379e-01  8.4656e-02
  4.6416e+00  3.0000e+02  5.0000e-01  1.5557e+09  1.2622e+00  -2.0709e-02  6.5386e-02
  4.6416e+00  3.0000e+02  5.2000e-01  9.8690e+06  1.1532e+00  1.0821e+00  7.3904e-01
  4.6416e+00  3.0000e+02  5.4000e-01  5.3013e+07  1.0865e+00  1.0655e+00  3.0576e-01
  4.6416e+00  3.0000e+02  5.6000e-01  4.7424e+07  1.1025e+00  9.8036e-01  2.7691e-01
  4.6416e+00  3.0000e+02  5.8000e-01  4.2949e+07  1.0911e+00  1.5914e+00  2.2572e-01
  4.6416e+00  3.0000e+02  6.0000e-01  3.8696e+07  1.1004e+00  1.5781e+00  2.1363e-01
  6.3096e+00  3.3246e+00  1.0000e-02  8.3095e+11  1.3237e+00  2.3774e+00  1.5456e-01
  6.3096e+00  3.3246e+00  2.0000e-02  8.8624e+11  1.3200e+00  2.1874e+00  1.4380e-01
  6.3096e+00  3.3246e+00  4.0000e-02  9.2444e+11  1.3179e+00  1.9369e+00  1.3785e-01
  6.3096e+00  3.3246e+00  6.0000e-02  8.5746e+11  1.3278e+00  1.7387e+00  1.4523e-01
  6.3096e+00  3.3246e+00  8.0000e-02  1.0976e+12  1.3087e+00  1.5769e+00  1.2043e-01
  6.3096e+00  3.3246e+00  1.0000e-01  7.9750e+11  1.3424e+00  1.4568e+00  1.6658e-01
  6.3096e+00  3.3246e+00  1.2000e-01  7.2618e+11  1.3601e+00  1.1984e+00  1.6309e-01
  6.3096e+00  3.3246e+00  1.4000e-01  1.2322e+12  1.3229e+00  1.0071e+00  9.8360e-02
  6.3096e+00  3.3246e+00  1.6000e-01  1.6983e+12  1.3040e+00  8.6716e-01  7.8120e-02
  6.3096e+00  3.3246e+00  1.8000e-01  2.1334e+12  1.2930e+00  7.4027e-01  7.0124e-02
  6.3096e+00  3.3246e+00  2.0000e-01  3.5051e+12  1.2607e+00  5.9185e-01  5.4272e-02
  6.3096e+00  3.3246e+00  2.2000e-01  5.6096e+12  1.2322e+00  4.5776e-01  4.1849e-02
  6.3096e+00  3.3246e+00  2.4000e-01  6.4595e+12  1.2375e+00  3.5084e-01  3.8345e-02
  6.3096e+00  3.3246e+00  2.6000e-01  6.5348e+12  1.2586e+00  2.5935e-01  3.7649e-02
  6.3096e+00  3.3246e+00  2.8000e-01  6.6719e+12  1.2830e+00  1.9079e-01  3.6728e-02
  6.3096e+00  3.3246e+00  3.0000e-01  8.5660e+12  1.2844e+00  1.4121e-01  3.3799e-02
  6.3096e+00  3.3246e+00  3.2000e-01  1.7245e+13  1.2806e+00  9.1833e-02  2.2601e-02
  6.3096e+00  3.3246e+00  3.4000e-01  1.1658e+12  1.2977e+00  1.2431e-01  1.7459e-01
  6.3096e+00  3.3246e+00  3.6000e-01  4.5330e+11  1.3516e+00  5.2768e-02  2.8407e-01
  6.3096e+00  3.3246e+00  3.8000e-01  1.6494e+12  1.6017e+00  -3.3574e+00  9.2493e-02
  6.3096e+00  3.3246e+00  4.0000e-01  1.1708e+11  1.6243e+00  -1.1521e+01  3.9166e-01
  6.3096e+00  3.3246e+00  4.2000e-01  7.3009e+08  1.1150e+00  9.9144e+01  4.6878e+01
  6.3096e+00  3.3246e+00  4.4000e-01  3.5768e+08  8.9826e-01  8.9230e+01  4.2979e+01
  6.3096e+00  3.3246e+00  4.6000e-01  2.5781e+07  8.6338e-01  -1.1577e+03  1.6740e+00
  6.3096e+00  3.3246e+00  4.8000e-01  5.7014e+10  7.7021e-01  -1.1209e+04  6.6807e-01
  6.3096e+00  3.3246e+00  5.0000e-01  2.6347e+11  8.9026e-01  2.3356e-01  1.2789e-01
  6.3096e+00  3.3246e+00  5.2000e-01  1.8419e+11  1.1363e+00  2.2774e-01  1.1088e-01
  6.3096e+00  3.3246e+00  5.4000e-01  5.5367e+11  1.4884e+00  -7.3600e-03  3.3424e-02
  6.3096e+00  3.3246e+00  5.6000e-01  2.3634e+12  1.5839e+00  -1.0550e-01  1.7759e-02
  6.3096e+00  3.3246e+00  5.8000e-01  5.6269e+12  1.4949e+00  -3.3166e-02  1.4133e-02
  6.3096e+00  3.3246e+00  6.0000e-01  3.5957e+12  1.4513e+00  -1.7723e-06  2.0874e-02
  6.3096e+00  4.0616e+00  1.0000e-02  8.7662e+11  1.3267e+00  2.0784e+00  1.5373e-01
  6.3096e+00  4.0616e+00  2.0000e-02  8.5652e+11  1.3349e+00  1.8874e+00  1.5668e-01
  6.3096e+00  4.0616e+00  4.0000e-02  8.7009e+11  1.3357e+00  1.6713e+00  1.5476e-01
  6.3096e+00  4.0616e+00  6.0000e-02  8.0674e+11  1.3465e+00  1.4875e+00  1.6423e-01
  6.3096e+00  4.0616e+00  8.0000e-02  1.0583e+12  1.3308e+00  1.3164e+00  1.2978e-01
  6.3096e+00  4.0616e+00  1.0000e-01  8.9713e+11  1.3521e+00  1.1880e+00  1.5633e-01
  6.3096e+00  4.0616e+00  1.2000e-01  7.9577e+11  1.3760e+00  9.6373e-01  1.6678e-01
  6.3096e+00  4.0616e+00  1.4000e-01  1.2770e+12  1.3445e+00  7.9777e-01  1.0469e-01
  6.3096e+00  4.0616e+00  1.6000e-01  2.2090e+12  1.3050e+00  6.8451e-01  6.6420e-02
  6.3096e+00  4.0616e+00  1.8000e-01  3.2055e+12  1.2827e+00  5.7594e-01  5.4111e-02
  6.3096e+00  4.0616e+00  2.0000e-01  5.1899e+12  1.2541e+00  4.7323e-01  4.2437e-02
  6.3096e+00  4.0616e+00  2.2000e-01  7.0060e+12  1.2414e+00  3.7195e-01  3.4553e-02
  6.3096e+00  4.0616e+00  2.4000e-01  7.9000e+12  1.2535e+00  2.6722e-01  2.9698e-02
  6.3096e+00  4.0616e+00  2.6000e-01  7.4489e+12  1.2866e+00  1.9390e-01  3.0008e-02
  6.3096e+00  4.0616e+00  2.8000e-01  9.0854e+12  1.2932e+00  1.4790e-01  2.8412e-02
  6.3096e+00  4.0616e+00  3.0000e-01  1.2838e+13  1.2846e+00  1.1351e-01  2.5380e-02
  6.3096e+00  4.0616e+00  3.2000e-01  3.8499e+12  1.2828e+00  9.6519e-02  6.9379e-02
  6.3096e+00  4.0616e+00  3.4000e-01  1.2287e+12  1.3094e+00  9.4368e-02  1.5645e-01
  6.3096e+00  4.0616e+00  3.6000e-01  5.9380e+11  1.3577e+00  1.3694e-02  2.2770e-01
  6.3096e+00  4.0616e+00  3.8000e-01  1.1677e+12  1.6153e+00  -3.5345e+00  1.1421e-01
  6.3096e+00  4.0616e+00  4.0000e-01  4.3833e+08  1.6069e+00  -6.2833e+00  1.2700e+01
  6.3096e+00  4.0616e+00  4.2000e-01  8.0504e+08  1.1079e+00  9.9729e+01  4.5083e+01
  6.3096e+00  4.0616e+00  4.4000e-01  4.3208e+08  8.6929e-01  9.0410e+01  3.7352e+01
  6.3096e+00  4.0616e+00  4.6000e-01  1.0972e+07  7.8240e-01  -6.9575e+02  3.3986e+00
  6.3096e+00  4.0616e+00  4.8000e-01  2.0549e+10  9.0546e-01  -1.4899e+04  4.0023e+00
  6.3096e+00  4.0616e+00  5.0000e-01  2.6685e+11  8.9809e-01  2.1828e-01  1.2986e-01
  6.3096e+00  4.0616e+00  5.2000e-01  2.6975e+11  1.0460e+00  2.5027e-01  9.2618e-02
  6.3096e+00  4.0616e+00  5.4000e-01  1.4477e+11  1.2597e+00  1.6604e-01  1.2579e-01
  6.3096e+00  4.0616e+00  5.6000e-01  1.1996e+12  1.4843e+00  -1.5411e-02  2.3338e-02
  6.3096e+00  4.0616e+00  5.8000e-01  1.3522e+12  1.6129e+00  -1.2962e-01  2.2331e-02
  6.3096e+00  4.0616e+00  6.0000e-01  4.8540e+12  1.5456e+00  -7.4086e-02  1.3186e-02
  6.3096e+00  4.9619e+00  1.0000e-02  8.5414e+11  1.3395e+00  1.7799e+00  1.5777e-01
  6.3096e+00  4.9619e+00  2.0000e-02  8.9544e+11  1.3410e+00  1.6310e+00  1.5192e-01
  6.3096e+00  4.9619e+00  4.0000e-02  9.2103e+11  1.3400e+00  1.4402e+00  1.4794e-01
  6.3096e+00  4.9619e+00  6.0000e-02  9.2032e+11  1.3515e+00  1.2617e+00  1.4845e-01
  6.3096e+00  4.9619e+00  8.0000e-02  1.1531e+12  1.3401e+00  1.0949e+00  1.2122e-01
  6.3096e+00  4.9619e+00  1.0000e-01  1.0943e+12  1.3524e+00  9.6843e-01  1.2996e-01
  6.3096e+00  4.9619e+00  1.2000e-01  1.0586e+12  1.3726e+00  7.9533e-01  1.3397e-01
  6.3096e+00  4.9619e+00  1.4000e-01  1.4006e+12  1.3617e+00  6.4859e-01  1.0163e-01
  6.3096e+00  4.9619e+00  1.6000e-01  2.3460e+12  1.3239e+00  5.5319e-01  6.5174e-02
  6.3096e+00  4.9619e+00  1.8000e-01  3.6203e+12  1.2932e+00  4.6799e-01  4.7758e-02
  6.3096e+00  4.9619e+00  2.0000e-01  5.2026e+12  1.2712e+00  3.8817e-01  3.9613e-02
  6.3096e+00  4.9619e+00  2.2000e-01  7.3666e+12  1.2518e+00  3.0867e-01  3.2992e-02
  6.3096e+00  4.9619e+00  2.4000e-01  7.7029e+12  1.2848e+00  2.0611e-01  2.4776e-02
  6.3096e+00  4.9619e+00  2.6000e-01  8.4097e+12  1.3133e+00  1.5253e-01  2.4795e-02
  6.3096e+00  4.9619e+00  2.8000e-01  1.4629e+13  1.3240e+00  1.0012e-01  1.8109e-02
  6.3096e+00  4.9619e+00  3.0000e-01  5.9350e+12  1.3027e+00  9.5263e-02  4.2999e-02
  6.3096e+00  4.9619e+00  3.2000e-01  2.9836e+12  1.2907e+00  9.1333e-02  8.3435e-02
  6.3096e+00  4.9619e+00  3.4000e-01  1.4364e+12  1.3235e+00  6.2770e-02  1.2836e-01
  6.3096e+00  4.9619e+00  3.6000e-01  7.2857e+12  1.3838e+00  -7.3268e-02  3.3721e-02
  6.3096e+00  4.9619e+00  3.8000e-01  1.1452e+12  1.6115e+00  -3.4422e+00  1.1702e-01
  6.3096e+00  4.9619e+00  4.0000e-01  9.6465e+10  1.6243e+00  -1.1382e+01  4.3550e-01
  6.3096e+00  4.9619e+00  4.2000e-01  9.4214e+08  1.0963e+00  1.0017e+02  4.2345e+01
  6.3096e+00  4.9619e+00  4.4000e-01  5.3064e+08  8.3479e-01  9.0452e+01  3.1692e+01
  6.3096e+00  4.9619e+00  4.6000e-01  3.7022e+06  1.0382e+00  -5.5826e+02  4.7257e+00
  6.3096e+00  4.9619e+00  4.8000e-01  5.8467e+10  6.1308e-01  -6.3042e+03  1.2462e+00
  6.3096e+00  4.9619e+00  5.0000e-01  2.7156e+11  9.0240e-01  2.1367e-01  1.3061e-01
  6.3096e+00  4.9619e+00  5.2000e-01  2.9189e+11  9.5952e-01  2.8570e-01  8.6894e-02
  6.3096e+00  4.9619e+00  5.4000e-01  2.1966e+11  1.1493e+00  2.1421e-01  1.0622e-01
  6.3096e+00  4.9619e+00  5.6000e-01  1.8980e+11  1.3198e+00  1.1045e-01  1.1262e-01
  6.3096e+00  4.9619e+00  5.8000e-01  2.4638e+12  1.4519e+00  -3.4998e-03  1.7989e-02
  6.3096e+00  4.9619e+00  6.0000e-01  1.6240e+12  1.5744e+00  -9.1738e-02  1.9194e-02
  6.3096e+00  6.0619e+00  1.0000e-02  9.8691e+11  1.3482e+00  1.4420e+00  1.3709e-01
  6.3096e+00  6.0619e+00  2.0000e-02  1.0082e+12  1.3467e+00  1.3209e+00  1.3430e-01
  6.3096e+00  6.0619e+00  4.0000e-02  1.1375e+12  1.3467e+00  1.1403e+00  1.2099e-01
  6.3096e+00  6.0619e+00  6.0000e-02  1.1636e+12  1.3551e+00  9.9860e-01  1.2017e-01
  6.3096e+00  6.0619e+00  8.0000e-02  1.5686e+12  1.3424e+00  8.4994e-01  9.0598e-02
  6.3096e+00  6.0619e+00  1.0000e-01  1.6154e+12  1.3472e+00  7.4599e-01  9.2261e-02
  6.3096e+00  6.0619e+00  1.2000e-01  1.4750e+12  1.3666e+00  6.3939e-01  1.0158e-01
  6.3096e+00  6.0619e+00  1.4000e-01  1.6017e+12  1.3692e+00  5.3030e-01  9.2360e-02
  6.3096e+00  6.0619e+00  1.6000e-01  2.3679e+12  1.3408e+00  4.5296e-01  6.4060e-02
  6.3096e+00  6.0619e+00  1.8000e-01  3.7980e+12  1.3025e+00  3.9496e-01  4.4848e-02
  6.3096e+00  6.0619e+00  2.0000e-01  5.5169e+12  1.2719e+00  3.3944e-01  3.7269e-02
  6.3096e+00  6.0619e+00  2.2000e-01  7.8967e+12  1.2490e+00  2.7122e-01  3.1265e-02
  6.3096e+00  6.0619e+00  2.4000e-01  7.4470e+12  1.3023e+00  1.8127e-01  2.5648e-02
  6.3096e+00  6.0619e+00  2.6000e-01  9.3896e+12  1.3265e+00  1.3349e-01  2.3123e-02
  6.3096e+00  6.0619e+00  2.8000e-01  1.4729e+13  1.3169e+00  1.0514e-01  1.9790e-02
  6.3096e+00  6.0619e+00  3.0000e-01  9.8313e+12  1.2991e+00  8.9097e-02  3.1485e-02
  6.3096e+00  6.0619e+00  3.2000e-01  3.7459e+12  1.2988e+00  8.1369e-02  6.8978e-02
  6.3096e+00  6.0619e+00  3.4000e-01  1.4726e+13  1.3407e+00  1.9305e-02  2.1044e-02
  6.3096e+00  6.0619e+00  3.6000e-01  5.2321e+12  1.3789e+00  -6.4727e-02  4.3369e-02
  6.3096e+00  6.0619e+00  3.8000e-01  7.5228e+11  1.5971e+00  -3.2937e+00  1.5635e-01
  6.3096e+00  6.0619e+00  4.0000e-01  3.9796e+08  1.5951e+00  -4.4947e+00  1.3496e+01
  6.3096e+00  6.0619e+00  4.2000e-01  1.1336e+09  1.0818e+00  1.0068e+02  3.9518e+01
  6.3096e+00  6.0619e+00  4.4000e-01  6.8890e+08  7.8702e-01  8.9299e+01  2.5459e+01
  6.3096e+00  6.0619e+00  4.6000e-01  1.3103e+07  1.1676e+00  -5.6757e+02  2.9499e+00
  6.3096e+00  6.0619e+00  4.8000e-01  5.7924e+10  5.3284e-01  -3.7738e+03  1.1396e+00
  6.3096e+00  6.0619e+00  5.0000e-01  2.6039e+11  9.0945e-01  1.9371e-01  1.3424e-01
  6.3096e+00  6.0619e+00  5.2000e-01  3.3593e+11  9.2077e-01  3.1077e-01  7.6005e-02
  6.3096e+00  6.0619e+00  5.4000e-01  2.8206e+11  1.0699e+00  2.4610e-01  8.8902e-02
  6.3096e+00  6.0619e+00  5.6000e-01  2.0076e+11  1.1859e+00  1.9354e-01  1.1041e-01
  6.3096e+00  6.0619e+00  5.8000e-01  1.8946e+11  1.3135e+00  1.1161e-01  1.1223e-01
  6.3096e+00  6.0619e+00  6.0000e-01  1.5055e+12  1.4231e+00  9.2270e-03  2.4969e-02
  6.3096e+00  7.4057e+00  1.0000e-02  1.0571e+12  1.3545e+00  1.2027e+00  1.2530e-01
  6.3096e+00  7.4057e+00  2.0000e-02  1.0977e+12  1.3560e+00  1.0604e+00  1.2051e-01
  6.3096e+00  7.4057e+00  4.0000e-02  1.2342e+12  1.3605e+00  8.9527e-01  1.0909e-01
  6.3096e+00  7.4057e+00  6.0000e-02  1.4151e+12  1.3682e+00  7.6585e-01  9.9571e-02
  6.3096e+00  7.4057e+00  8.0000e-02  1.6674e+12  1.3662e+00  6.4255e-01  8.2912e-02
  6.3096e+00  7.4057e+00  1.0000e-01  1.8829e+12  1.3621e+00  5.6809e-01  7.6318e-02
  6.3096e+00  7.4057e+00  1.2000e-01  1.8753e+12  1.3665e+00  5.1417e-01  8.1141e-02
  6.3096e+00  7.4057e+00  1.4000e-01  1.9343e+12  1.3669e+00  4.5773e-01  7.9841e-02
  6.3096e+00  7.4057e+00  1.6000e-01  2.5563e+12  1.3447e+00  4.0663e-01  6.2232e-02
  6.3096e+00  7.4057e+00  1.8000e-01  4.3238e+12  1.2997e+00  3.6309e-01  4.2144e-02
  6.3096e+00  7.4057e+00  2.0000e-01  6.6614e+12  1.2649e+00  3.0962e-01  3.3555e-02
  6.3096e+00  7.4057e+00  2.2000e-01  9.1016e+12  1.2508e+00  2.4163e-01  2.8303e-02
  6.3096e+00  7.4057e+00  2.4000e-01  7.9454e+12  1.3053e+00  1.6930e-01  2.6463e-02
  6.3096e+00  7.4057e+00  2.6000e-01  1.0489e+13  1.3243e+00  1.2443e-01  2.2799e-02
  6.3096e+00  7.4057e+00  2.8000e-01  2.1052e+13  1.3213e+00  9.3109e-02  1.5513e-02
  6.3096e+00  7.4057e+00  3.0000e-01  5.7267e+12  1.3017e+00  9.2065e-02  4.7246e-02
  6.3096e+00  7.4057e+00  3.2000e-01  3.5164e+12  1.3044e+00  8.0560e-02  6.9503e-02
  6.3096e+00  7.4057e+00  3.4000e-01  3.4923e+12  1.3298e+00  3.7608e-02  6.3400e-02
  6.3096e+00  7.4057e+00  3.6000e-01  1.4479e+12  1.3656e+00  -3.5020e-02  1.1512e-01
  6.3096e+00  7.4057e+00  3.8000e-01  1.1245e+12  1.5721e+00  -3.0279e+00  1.2657e-01
  6.3096e+00  7.4057e+00  4.0000e-01  3.7000e+08  1.5851e+00  -2.8772e+00  1.4093e+01
  6.3096e+00  7.4057e+00  4.2000e-01  1.4556e+09  1.0610e+00  1.0109e+02  3.6084e+01
  6.3096e+00  7.4057e+00  4.4000e-01  8.8215e+08  7.2565e-01  8.2139e+01  2.0146e+01
  6.3096e+00  7.4057e+00  4.6000e-01  1.3766e+08  1.1340e+00  -5.3314e+02  6.2882e-01
  6.3096e+00  7.4057e+00  4.8000e-01  7.8734e+10  5.0686e-01  -2.6526e+03  5.0064e-01
  6.3096e+00  7.4057e+00  5.0000e-01  2.5448e+11  9.1490e-01  1.6405e-01  1.3557e-01
  6.3096e+00  7.4057e+00  5.2000e-01  3.2122e+11  8.8005e-01  3.6545e-01  7.4601e-02
  6.3096e+00  7.4057e+00  5.4000e-01  2.6758e+11  9.9038e-01  2.7817e-01  8.6363e-02
  6.3096e+00  7.4057e+00  5.6000e-01  2.3577e+11  1.0986e+00  2.3480e-01  9.6150e-02
  6.3096e+00  7.4057e+00  5.8000e-01  2.0482e+11  1.2048e+00  1.8537e-01  1.0796e-01
  6.3096e+00  7.4057e+00  6.0000e-01  2.0303e+11  1.3021e+00  1.2275e-01  1.0939e-01
  6.3096e+00  9.0474e+00  1.0000e-02  1.1875e+12  1.3583e+00  1.1261e+00  1.1249e-01
  6.3096e+00  9.0474e+00  2.0000e-02  1.4069e+12  1.3658e+00  9.4489e-01  9.7985e-02
  6.3096e+00  9.0474e+00  4.0000e-02  1.5643e+12  1.3703e+00  7.7661e-01  8.9520e-02
  6.3096e+00  9.0474e+00  6.0000e-02  1.6464e+12  1.3725e+00  6.8308e-01  8.7190e-02
  6.3096e+00  9.0474e+00  8.0000e-02  1.7204e+12  1.3712e+00  5.9773e-01  8.1116e-02
  6.3096e+00  9.0474e+00  1.0000e-01  1.9033e+12  1.3651e+00  5.4063e-01  7.3441e-02
  6.3096e+00  9.0474e+00  1.2000e-01  2.0113e+12  1.3631e+00  4.9707e-01  7.2218e-02
  6.3096e+00  9.0474e+00  1.4000e-01  2.2801e+12  1.3553e+00  4.4838e-01  6.6503e-02
  6.3096e+00  9.0474e+00  1.6000e-01  3.3433e+12  1.3260e+00  3.9312e-01  5.0048e-02
  6.3096e+00  9.0474e+00  1.8000e-01  5.6539e+12  1.2837e+00  3.4033e-01  3.5858e-02
  6.3096e+00  9.0474e+00  2.0000e-01  7.9096e+12  1.2590e+00  2.8565e-01  3.0647e-02
  6.3096e+00  9.0474e+00  2.2000e-01  9.2524e+12  1.2600e+00  2.2338e-01  2.8243e-02
  6.3096e+00  9.0474e+00  2.4000e-01  8.6324e+12  1.3023e+00  1.6099e-01  2.6890e-02
  6.3096e+00  9.0474e+00  2.6000e-01  1.1059e+13  1.3259e+00  1.1802e-01  2.2631e-02
  6.3096e+00  9.0474e+00  2.8000e-01  1.8456e+13  1.3228e+00  8.8217e-02  1.7275e-02
  6.3096e+00  9.0474e+00  3.0000e-01  5.1574e+12  1.3073e+00  8.9919e-02  4.9864e-02
  6.3096e+00  9.0474e+00  3.2000e-01  3.2963e+12  1.3026e+00  8.5387e-02  7.2507e-02
  6.3096e+00  9.0474e+00  3.4000e-01  2.1573e+12  1.3120e+00  6.6694e-02  9.6885e-02
  6.3096e+00  9.0474e+00  3.6000e-01  8.1747e+11  1.3416e+00  2.6209e-02  1.9127e-01
  6.3096e+00  9.0474e+00  3.8000e-01  1.6550e+12  1.5387e+00  -2.6752e+00  1.0358e-01
  6.3096e+00  9.0474e+00  4.0000e-01  3.3804e+08  1.5726e+00  -6.8639e-01  1.4868e+01
  6.3096e+00  9.0474e+00  4.2000e-01  1.9882e+09  1.0333e+00  1.0061e+02  3.2448e+01
  6.3096e+00  9.0474e+00  4.4000e-01  8.9019e+08  6.5370e-01  5.8911e+01  1.8872e+01
  6.3096e+00  9.0474e+00  4.6000e-01  9.0552e+07  1.0694e+00  -4.4242e+02  1.0990e+00
  6.3096e+00  9.0474e+00  4.8000e-01  5.9642e+10  4.6327e-01  -1.5158e+03  6.1462e-01
  6.3096e+00  9.0474e+00  5.0000e-01  2.6339e+11  9.1925e-01  1.1945e-01  1.2872e-01
  6.3096e+00  9.0474e+00  5.2000e-01  3.1129e+11  8.6427e-01  4.0167e-01  7.0386e-02
  6.3096e+00  9.0474e+00  5.4000e-01  2.4755e+11  9.3422e-01  3.2503e-01  8.6127e-02
  6.3096e+00  9.0474e+00  5.6000e-01  2.2528e+11  1.0159e+00  2.7041e-01  9.1769e-02
  6.3096e+00  9.0474e+00  5.8000e-01  1.9939e+11  1.0973e+00  2.3529e-01  1.0032e-01
  6.3096e+00  9.0474e+00  6.0000e-01  1.8110e+11  1.1762e+00  1.9757e-01  1.0797e-01
  6.3096e+00  1.1053e+01  1.0000e-02  1.1920e+12  1.3561e+00  1.1477e+00  1.0999e-01
  6.3096e+00  1.1053e+01  2.0000e-02  1.4062e+12  1.3635e+00  9.3629e-01  9.6534e-02
  6.3096e+00  1.1053e+01  4.0000e-02  1.6017e+12  1.3696e+00  7.5927e-01  8.6614e-02
  6.3096e+00  1.1053e+01  6.0000e-02  1.6725e+12  1.3701e+00  6.7966e-01  8.4661e-02
  6.3096e+00  1.1053e+01  8.0000e-02  1.7208e+12  1.3713e+00  6.0519e-01  8.1529e-02
  6.3096e+00  1.1053e+01  1.0000e-01  1.9125e+12  1.3663e+00  5.4731e-01  7.3464e-02
  6.3096e+00  1.1053e+01  1.2000e-01  2.1260e+12  1.3606e+00  4.9742e-01  6.9013e-02
  6.3096e+00  1.1053e+01  1.4000e-01  2.6593e+12  1.3453e+00  4.3917e-01  5.9254e-02
  6.3096e+00  1.1053e+01  1.6000e-01  4.2636e+12  1.3090e+00  3.7903e-01  4.2481e-02
  6.3096e+00  1.1053e+01  1.8000e-01  6.6500e+12  1.2750e+00  3.2425e-01  3.2744e-02
  6.3096e+00  1.1053e+01  2.0000e-01  8.3930e+12  1.2588e+00  2.7291e-01  2.9866e-02
  6.3096e+00  1.1053e+01  2.2000e-01  9.1265e+12  1.2644e+00  2.1701e-01  2.8994e-02
  6.3096e+00  1.1053e+01  2.4000e-01  8.9973e+12  1.2985e+00  1.5746e-01  2.7323e-02
  6.3096e+00  1.1053e+01  2.6000e-01  1.1415e+13  1.3286e+00  1.1401e-01  2.2155e-02
  6.3096e+00  1.1053e+01  2.8000e-01  1.0868e+13  1.3231e+00  9.0568e-02  2.5496e-02
  6.3096e+00  1.1053e+01  3.0000e-01  4.9786e+12  1.3124e+00  8.9085e-02  4.9657e-02
  6.3096e+00  1.1053e+01  3.2000e-01  3.3632e+12  1.3003e+00  8.7936e-02  7.1418e-02
  6.3096e+00  1.1053e+01  3.4000e-01  1.7928e+12  1.2899e+00  1.0214e-01  1.2154e-01
  6.3096e+00  1.1053e+01  3.6000e-01  6.8355e+11  1.3107e+00  1.0720e-01  2.4719e-01
  6.3096e+00  1.1053e+01  3.8000e-01  1.5353e+12  1.5010e+00  -2.2496e+00  1.1366e-01
  6.3096e+00  1.1053e+01  4.0000e-01  3.0422e+08  1.5602e+00  1.8688e+00  1.5725e+01
  6.3096e+00  1.1053e+01  4.2000e-01  2.8989e+09  9.9505e-01  9.8658e+01  2.9232e+01
  6.3096e+00  1.1053e+01  4.4000e-01  4.6766e+08  6.0592e-01  8.1575e+00  2.4944e+01
  6.3096e+00  1.1053e+01  4.6000e-01  8.3283e+08  9.9934e-01  -3.7345e+02  1.3310e-01
  6.3096e+00  1.1053e+01  4.8000e-01  2.7262e+10  4.6454e-01  -1.0657e+03  2.0906e+00
  6.3096e+00  1.1053e+01  5.0000e-01  3.3338e+11  9.2182e-01  5.6937e-02  9.8619e-02
  6.3096e+00  1.1053e+01  5.2000e-01  2.8844e+11  8.6421e-01  4.4225e-01  6.9363e-02
  6.3096e+00  1.1053e+01  5.4000e-01  2.2829e+11  9.0311e-01  3.7714e-01  8.3619e-02
  6.3096e+00  1.1053e+01  5.6000e-01  1.9665e+11  9.6304e-01  3.1682e-01  9.3235e-02
  6.3096e+00  1.1053e+01  5.8000e-01  1.7925e+11  1.0243e+00  2.7490e-01  9.8469e-02
  6.3096e+00  1.1053e+01  6.0000e-01  1.6525e+11  1.0857e+00  2.4112e-01  1.0321e-01
  6.3096e+00  1.3503e+01  1.0000e-02  1.0731e+12  1.3566e+00  1.2004e+00  1.1725e-01
  6.3096e+00  1.3503e+01  2.0000e-02  1.2657e+12  1.3629e+00  9.8552e-01  1.0305e-01
  6.3096e+00  1.3503e+01  4.0000e-02  1.4402e+12  1.3674e+00  8.0620e-01  9.3272e-02
  6.3096e+00  1.3503e+01  6.0000e-02  1.5685e+12  1.3683e+00  7.0751e-01  8.6930e-02
  6.3096e+00  1.3503e+01  8.0000e-02  1.6624e+12  1.3700e+00  6.3009e-01  8.3216e-02
  6.3096e+00  1.3503e+01  1.0000e-01  1.8649e+12  1.3667e+00  5.6240e-01  7.5336e-02
  6.3096e+00  1.3503e+01  1.2000e-01  2.1554e+12  1.3595e+00  5.0184e-01  6.8702e-02
  6.3096e+00  1.3503e+01  1.4000e-01  2.8275e+12  1.3408e+00  4.3738e-01  5.7144e-02
  6.3096e+00  1.3503e+01  1.6000e-01  4.5676e+12  1.3033e+00  3.7526e-01  4.0920e-02
  6.3096e+00  1.3503e+01  1.8000e-01  6.8005e+12  1.2735e+00  3.1997e-01  3.2457e-02
  6.3096e+00  1.3503e+01  2.0000e-01  8.3768e+12  1.2607e+00  2.6946e-01  2.9962e-02
  6.3096e+00  1.3503e+01  2.2000e-01  9.1432e+12  1.2630e+00  2.1711e-01  2.9368e-02
  6.3096e+00  1.3503e+01  2.4000e-01  9.1248e+12  1.2950e+00  1.5704e-01  2.7379e-02
  6.3096e+00  1.3503e+01  2.6000e-01  1.1883e+13  1.3319e+00  1.1155e-01  2.1037e-02
  6.3096e+00  1.3503e+01  2.8000e-01  9.1493e+12  1.3261e+00  9.1974e-02  2.8228e-02
  6.3096e+00  1.3503e+01  3.0000e-01  4.6517e+12  1.3119e+00  9.3784e-02  5.1212e-02
  6.3096e+00  1.3503e+01  3.2000e-01  3.7158e+12  1.3032e+00  8.5023e-02  6.5072e-02
  6.3096e+00  1.3503e+01  3.4000e-01  1.7577e+12  1.2674e+00  1.3613e-01  1.3497e-01
  6.3096e+00  1.3503e+01  3.6000e-01  6.7556e+11  1.2755e+00  2.0811e-01  2.8803e-01
  6.3096e+00  1.3503e+01  3.8000e-01  1.4236e+12  1.4604e+00  -1.7744e+00  1.2408e-01
  6.3096e+00  1.3503e+01  4.0000e-01  2.7055e+08  1.5490e+00  4.5662e+00  1.6853e+01
  6.3096e+00  1.3503e+01  4.2000e-01  4.5896e+09  9.3611e-01  9.0377e+01  2.8103e+01
  6.3096e+00  1.3503e+01  4.4000e-01  1.6523e+09  6.7801e-01  -6.4059e+01  1.0992e+00
  6.3096e+00  1.3503e+01  4.6000e-01  5.9372e+07  9.5146e-01  -3.9026e+02  2.0154e+00
  6.3096e+00  1.3503e+01  4.8000e-01  2.8097e+10  4.9286e-01  -8.4378e+02  1.0390e+00
  6.3096e+00  1.3503e+01  5.0000e-01  1.0555e+12  9.1980e-01  -2.5988e-03  2.7933e-02
  6.3096e+00  1.3503e+01  5.2000e-01  2.5098e+11  8.7638e-01  4.6980e-01  7.1157e-02
  6.3096e+00  1.3503e+01  5.4000e-01  2.0370e+11  8.9206e-01  4.2729e-01  8.2055e-02
  6.3096e+00  1.3503e+01  5.6000e-01  1.7449e+11  9.3039e-01  3.7614e-01  9.1387e-02
  6.3096e+00  1.3503e+01  5.8000e-01  1.5330e+11  9.7652e-01  3.2765e-01  9.9093e-02
  6.3096e+00  1.3503e+01  6.0000e-01  1.4079e+11  1.0243e+00  2.8485e-01  1.0315e-01
  6.3096e+00  1.6496e+01  1.0000e-02  9.3913e+11  1.3511e+00  1.3196e+00  1.3224e-01
  6.3096e+00  1.6496e+01  2.0000e-02  1.1228e+12  1.3591e+00  1.0684e+00  1.1340e-01
  6.3096e+00  1.6496e+01  4.0000e-02  1.2695e+12  1.3640e+00  8.5963e-01  1.0228e-01
  6.3096e+00  1.6496e+01  6.0000e-02  1.4348e+12  1.3673e+00  7.3884e-01  9.2082e-02
  6.3096e+00  1.6496e+01  8.0000e-02  1.5703e+12  1.3693e+00  6.5115e-01  8.6029e-02
  6.3096e+00  1.6496e+01  1.0000e-01  1.7662e+12  1.3672e+00  5.7675e-01  7.8218e-02
  6.3096e+00  1.6496e+01  1.2000e-01  2.0464e+12  1.3608e+00  5.1158e-01  7.1357e-02
  6.3096e+00  1.6496e+01  1.4000e-01  2.6448e+12  1.3439e+00  4.4454e-01  6.0167e-02
  6.3096e+00  1.6496e+01  1.6000e-01  4.1622e+12  1.3089e+00  3.8055e-01  4.3683e-02
  6.3096e+00  1.6496e+01  1.8000e-01  6.2848e+12  1.2773e+00  3.2416e-01  3.3943e-02
  6.3096e+00  1.6496e+01  2.0000e-01  7.9643e+12  1.2621e+00  2.7308e-01  3.0676e-02
  6.3096e+00  1.6496e+01  2.2000e-01  9.1164e+12  1.2585e+00  2.2083e-01  2.9524e-02
  6.3096e+00  1.6496e+01  2.4000e-01  9.1121e+12  1.2909e+00  1.5815e-01  2.6987e-02
  6.3096e+00  1.6496e+01  2.6000e-01  1.2146e+13  1.3396e+00  1.0894e-01  1.9519e-02
  6.3096e+00  1.6496e+01  2.8000e-01  8.0422e+12  1.3316e+00  9.3246e-02  2.9590e-02
  6.3096e+00  1.6496e+01  3.0000e-01  4.3393e+12  1.3081e+00  1.0029e-01  5.3022e-02
  6.3096e+00  1.6496e+01  3.2000e-01  3.9187e+12  1.3071e+00  8.4453e-02  6.0637e-02
  6.3096e+00  1.6496e+01  3.4000e-01  1.8352e+12  1.2566e+00  1.5012e-01  1.3577e-01
  6.3096e+00  1.6496e+01  3.6000e-01  7.4726e+11  1.2389e+00  3.1720e-01  3.1045e-01
  6.3096e+00  1.6496e+01  3.8000e-01  1.1887e+12  1.4173e+00  -1.3252e+00  1.4562e-01
  6.3096e+00  1.6496e+01  4.0000e-01  2.5094e+08  1.5397e+00  5.9835e+00  1.8407e+01
  6.3096e+00  1.6496e+01  4.2000e-01  4.5775e+09  8.7794e-01  5.6555e+01  4.2717e+01
  6.3096e+00  1.6496e+01  4.4000e-01  5.4358e+08  7.7355e-01  -1.3692e+02  2.3524e+00
  6.3096e+00  1.6496e+01  4.6000e-01  2.1062e+08  8.5355e-01  -2.5993e+02  4.9200e-01
  6.3096e+00  1.6496e+01  4.8000e-01  1.8311e+10  5.2149e-01  -6.0854e+02  1.1343e+00
  6.3096e+00  1.6496e+01  5.0000e-01  1.2385e+12  9.1395e-01  -5.5024e-02  2.3058e-02
  6.3096e+00  1.6496e+01  5.2000e-01  2.0250e+11  8.9667e-01  4.8493e-01  7.6310e-02
  6.3096e+00  1.6496e+01  5.4000e-01  1.7181e+11  8.9616e-01  4.8734e-01  8.2059e-02
  6.3096e+00  1.6496e+01  5.6000e-01  1.4846e+11  9.1855e-01  4.3893e-01  8.9517e-02
  6.3096e+00  1.6496e+01  5.8000e-01  1.2678e+11  9.5065e-01  3.9600e-01  9.8304e-02
  6.3096e+00  1.6496e+01  6.0000e-01  1.1285e+11  9.8351e-01  3.5837e-01  1.0469e-01
  6.3096e+00  2.0153e+01  1.0000e-02  8.0723e+11  1.3480e+00  1.4738e+00  1.5210e-01
  6.3096e+00  2.0153e+01  2.0000e-02  1.0230e+12  1.3567e+00  1.1546e+00  1.2427e-01
  6.3096e+00  2.0153e+01  4.0000e-02  1.2267e+12  1.3628e+00  9.0193e-01  1.0596e-01
  6.3096e+00  2.0153e+01  6.0000e-02  1.2970e+12  1.3642e+00  7.7422e-01  9.9919e-02
  6.3096e+00  2.0153e+01  8.0000e-02  1.4253e+12  1.3676e+00  6.7617e-01  9.2541e-02
  6.3096e+00  2.0153e+01  1.0000e-01  1.6176e+12  1.3676e+00  5.9370e-01  8.3162e-02
  6.3096e+00  2.0153e+01  1.2000e-01  1.8324e+12  1.3644e+00  5.2621e-01  7.7036e-02
  6.3096e+00  2.0153e+01  1.4000e-01  2.2189e+12  1.3538e+00  4.5839e-01  6.8112e-02
  6.3096e+00  2.0153e+01  1.6000e-01  3.3024e+12  1.3243e+00  3.9161e-01  5.0862e-02
  6.3096e+00  2.0153e+01  1.8000e-01  5.2535e+12  1.2881e+00  3.3338e-01  3.7373e-02
  6.3096e+00  2.0153e+01  2.0000e-01  7.1606e+12  1.2660e+00  2.8109e-01  3.2078e-02
  6.3096e+00  2.0153e+01  2.2000e-01  8.7020e+12  1.2548e+00  2.2812e-01  2.9895e-02
  6.3096e+00  2.0153e+01  2.4000e-01  9.0341e+12  1.2826e+00  1.6175e-01  2.6273e-02
  6.3096e+00  2.0153e+01  2.6000e-01  1.1547e+13  1.3549e+00  1.0641e-01  1.8127e-02
  6.3096e+00  2.0153e+01  2.8000e-01  7.2881e+12  1.3404e+00  9.4101e-02  2.9500e-02
  6.3096e+00  2.0153e+01  3.0000e-01  4.2290e+12  1.3103e+00  1.0160e-01  5.1830e-02
  6.3096e+00  2.0153e+01  3.2000e-01  3.4838e+12  1.2959e+00  1.0115e-01  6.6485e-02
  6.3096e+00  2.0153e+01  3.4000e-01  2.0703e+12  1.2704e+00  1.2330e-01  1.1683e-01
  6.3096e+00  2.0153e+01  3.6000e-01  8.9061e+11  1.2054e+00  4.0461e-01  3.1201e-01
  6.3096e+00  2.0153e+01  3.8000e-01  7.8959e+10  1.3563e+00  -5.0335e-01  1.1455e+00
  6.3096e+00  2.0153e+01  4.0000e-01  1.1520e+11  1.5865e+00  -1.3075e+01  3.8511e-01
  6.3096e+00  2.0153e+01  4.2000e-01  1.8996e+09  8.9481e-01  2.4943e+01  6.5458e+01
  6.3096e+00  2.0153e+01  4.4000e-01  2.6093e+09  8.2412e-01  -2.0409e+02  2.1811e-01
  6.3096e+00  2.0153e+01  4.6000e-01  8.2623e+07  8.0224e-01  -2.6972e+02  1.4373e+00
  6.3096e+00  2.0153e+01  4.8000e-01  9.6789e+09  5.9582e-01  -4.9013e+02  1.2202e+00
  6.3096e+00  2.0153e+01  5.0000e-01  1.1709e+12  9.1205e-01  -1.8278e-01  2.4146e-02
  6.3096e+00  2.0153e+01  5.2000e-01  1.5929e+11  9.1491e-01  5.0750e-01  7.9673e-02
  6.3096e+00  2.0153e+01  5.4000e-01  1.3110e+11  9.1643e-01  5.2172e-01  8.5824e-02
  6.3096e+00  2.0153e+01  5.6000e-01  1.1365e+11  9.2447e-01  5.2153e-01  9.0433e-02
  6.3096e+00  2.0153e+01  5.8000e-01  9.6251e+10  9.4523e-01  4.8462e-01  9.8529e-02
  6.3096e+00  2.0153e+01  6.0000e-01  8.3404e+10  9.7011e-01  4.4046e-01  1.0481e-01
  6.3096e+00  2.4621e+01  1.0000e-02  7.0721e+11  1.3443e+00  1.6862e+00  1.7026e-01
  6.3096e+00  2.4621e+01  2.0000e-02  9.0836e+11  1.3546e+00  1.2625e+00  1.3858e-01
  6.3096e+00  2.4621e+01  4.0000e-02  1.1571e+12  1.3617e+00  9.5337e-01  1.1261e-01
  6.3096e+00  2.4621e+01  6.0000e-02  1.2696e+12  1.3640e+00  8.0490e-01  1.0306e-01
  6.3096e+00  2.4621e+01  8.0000e-02  1.3355e+12  1.3657e+00  7.0627e-01  9.8427e-02
  6.3096e+00  2.4621e+01  1.0000e-01  1.4159e+12  1.3662e+00  6.2313e-01  9.2461e-02
  6.3096e+00  2.4621e+01  1.2000e-01  1.5401e+12  1.3659e+00  5.5350e-01  8.6957e-02
  6.3096e+00  2.4621e+01  1.4000e-01  1.7301e+12  1.3657e+00  4.8200e-01  8.0913e-02
  6.3096e+00  2.4621e+01  1.6000e-01  2.2766e+12  1.3492e+00  4.0965e-01  6.4967e-02
  6.3096e+00  2.4621e+01  1.8000e-01  3.7265e+12  1.3111e+00  3.4844e-01  4.5187e-02
  6.3096e+00  2.4621e+01  2.0000e-01  5.7621e+12  1.2775e+00  2.9466e-01  3.5315e-02
  6.3096e+00  2.4621e+01  2.2000e-01  7.6655e+12  1.2566e+00  2.4111e-01  3.1023e-02
  6.3096e+00  2.4621e+01  2.4000e-01  9.2021e+12  1.2600e+00  1.7309e-01  2.5682e-02
  6.3096e+00  2.4621e+01  2.6000e-01  9.4218e+12  1.3836e+00  1.0451e-01  1.7369e-02
  6.3096e+00  2.4621e+01  2.8000e-01  6.1281e+12  1.3567e+00  9.4674e-02  2.9629e-02
  6.3096e+00  2.4621e+01  3.0000e-01  4.1262e+12  1.3183e+00  1.0055e-01  4.8885e-02
  6.3096e+00  2.4621e+01  3.2000e-01  3.3217e+12  1.2879e+00  1.1322e-01  6.7551e-02
  6.3096e+00  2.4621e+01  3.4000e-01  2.4487e+12  1.2827e+00  1.0400e-01  9.5428e-02
  6.3096e+00  2.4621e+01  3.6000e-01  1.1168e+12  1.1714e+00  4.6838e-01  3.0155e-01
  6.3096e+00  2.4621e+01  3.8000e-01  8.8248e+10  1.2365e+00  1.1833e+00  1.6469e+00
  6.3096e+00  2.4621e+01  4.0000e-01  2.3343e+11  1.4710e+00  -1.6225e+01  3.6414e-01
  6.3096e+00  2.4621e+01  4.2000e-01  4.5915e+08  9.3833e-01  7.2737e+01  8.8511e+01
  6.3096e+00  2.4621e+01  4.4000e-01  2.6960e+08  8.3346e-01  -2.9233e+02  2.4258e+00
  6.3096e+00  2.4621e+01  4.6000e-01  7.7191e+07  7.5608e-01  -2.3463e+02  1.4141e+00
  6.3096e+00  2.4621e+01  4.8000e-01  3.6312e+09  7.3073e-01  -3.4064e+02  9.2893e-01
  6.3096e+00  2.4621e+01  5.0000e-01  6.3424e+11  9.2892e-01  -6.7211e-01  4.6993e-02
  6.3096e+00  2.4621e+01  5.2000e-01  1.1139e+11  9.3939e-01  5.2078e-01  8.7205e-02
  6.3096e+00  2.4621e+01  5.4000e-01  9.0717e+10  9.3910e-01  5.6792e-01  9.1098e-02
  6.3096e+00  2.4621e+01  5.6000e-01  7.6833e+10  9.4605e-01  5.7905e-01  9.5733e-02
  6.3096e+00  2.4621e+01  5.8000e-01  6.6735e+10  9.5540e-01  5.7566e-01  9.9052e-02
  6.3096e+00  2.4621e+01  6.0000e-01  5.6819e+10  9.7012e-01  5.5872e-01  1.0484e-01
  6.3096e+00  3.0079e+01  1.0000e-02  6.8175e+11  1.3377e+00  1.9864e+00  1.7481e-01
  6.3096e+00  3.0079e+01  2.0000e-02  7.9690e+11  1.3516e+00  1.4195e+00  1.5449e-01
  6.3096e+00  3.0079e+01  4.0000e-02  1.0541e+12  1.3604e+00  1.0221e+00  1.2274e-01
  6.3096e+00  3.0079e+01  6.0000e-02  1.1968e+12  1.3633e+00  8.4575e-01  1.0962e-01
  6.3096e+00  3.0079e+01  8.0000e-02  1.2919e+12  1.3651e+00  7.3420e-01  1.0241e-01
  6.3096e+00  3.0079e+01  1.0000e-01  1.3672e+12  1.3666e+00  6.4655e-01  9.6532e-02
  6.3096e+00  3.0079e+01  1.2000e-01  1.4626e+12  1.3658e+00  5.7679e-01  9.0492e-02
  6.3096e+00  3.0079e+01  1.4000e-01  1.5392e+12  1.3655e+00  5.1815e-01  8.8123e-02
  6.3096e+00  3.0079e+01  1.6000e-01  1.6482e+12  1.3630e+00  4.5588e-01  8.4168e-02
  6.3096e+00  3.0079e+01  1.8000e-01  2.0799e+12  1.3465e+00  3.8828e-01  6.8720e-02
  6.3096e+00  3.0079e+01  2.0000e-01  3.2645e+12  1.3098e+00  3.3007e-01  4.9084e-02
  6.3096e+00  3.0079e+01  2.2000e-01  4.9627e+12  1.2752e+00  2.7887e-01  3.8993e-02
  6.3096e+00  3.0079e+01  2.4000e-01  6.2127e+12  1.2512e+00  2.2778e-01  3.5538e-02
  6.3096e+00  3.0079e+01  2.6000e-01  3.3630e+12  1.2984e+00  1.6542e-01  3.8399e-02
  6.3096e+00  3.0079e+01  2.8000e-01  1.8728e+12  1.4073e+00  1.0011e-01  4.8586e-02
  6.3096e+00  3.0079e+01  3.0000e-01  1.9167e+12  1.3680e+00  9.5834e-02  6.2725e-02
  6.3096e+00  3.0079e+01  3.2000e-01  2.8041e+12  1.3428e+00  7.7319e-02  5.7604e-02
  6.3096e+00  3.0079e+01  3.4000e-01  2.1631e+12  1.2733e+00  1.1516e-01  9.5083e-02
  6.3096e+00  3.0079e+01  3.6000e-01  1.2652e+12  1.2623e+00  9.2100e-02  1.6257e-01
  6.3096e+00  3.0079e+01  3.8000e-01  4.7239e+11  1.2102e+00  1.0243e-04  5.0247e-01
  6.3096e+00  3.0079e+01  4.0000e-01  1.3535e+11  1.6339e+00  -3.0258e+01  4.6498e-01
  6.3096e+00  3.0079e+01  4.2000e-01  1.3401e+07  1.2537e+00  1.9620e+01  1.6060e+02
  6.3096e+00  3.0079e+01  4.4000e-01  2.1374e+08  8.5566e-01  -4.5237e+02  2.1528e+00
  6.3096e+00  3.0079e+01  4.6000e-01  9.2784e+07  7.4251e-01  -2.5370e+02  9.0432e-01
  6.3096e+00  3.0079e+01  4.8000e-01  1.7397e+09  9.3057e-01  -2.6501e+02  3.4054e-01
  6.3096e+00  3.0079e+01  5.0000e-01  4.1833e+11  9.8358e-01  -2.6931e+00  7.3355e-02
  6.3096e+00  3.0079e+01  5.2000e-01  7.2774e+10  9.6271e-01  5.3484e-01  9.4936e-02
  6.3096e+00  3.0079e+01  5.4000e-01  5.6822e+10  9.6562e-01  6.0305e-01  9.8427e-02
  6.3096e+00  3.0079e+01  5.6000e-01  4.7968e+10  9.6835e-01  6.3252e-01  1.0088e-01
  6.3096e+00  3.0079e+01  5.8000e-01  4.1316e+10  9.7591e-01  6.3478e-01  1.0294e-01
  6.3096e+00  3.0079e+01  6.0000e-01  3.5286e+10  9.8266e-01  6.4160e-01  1.0645e-01
  6.3096e+00  3.6747e+01  1.0000e-02  5.0786e+11  1.3287e+00  2.5322e+00  2.1202e-01
  6.3096e+00  3.6747e+01  2.0000e-02  6.8847e+11  1.3456e+00  1.6600e+00  1.7194e-01
  6.3096e+00  3.6747e+01  4.0000e-02  9.4093e+11  1.3585e+00  1.1208e+00  1.3485e-01
  6.3096e+00  3.6747e+01  6.0000e-02  1.0964e+12  1.3623e+00  9.0329e-01  1.1851e-01
  6.3096e+00  3.6747e+01  8.0000e-02  1.2180e+12  1.3644e+00  7.7196e-01  1.0842e-01
  6.3096e+00  3.6747e+01  1.0000e-01  1.3048e+12  1.3665e+00  6.7433e-01  1.0161e-01
  6.3096e+00  3.6747e+01  1.2000e-01  1.4104e+12  1.3662e+00  5.9727e-01  9.3884e-02
  6.3096e+00  3.6747e+01  1.4000e-01  1.4938e+12  1.3656e+00  5.3698e-01  9.0270e-02
  6.3096e+00  3.6747e+01  1.6000e-01  1.5534e+12  1.3653e+00  4.8003e-01  8.8600e-02
  6.3096e+00  3.6747e+01  1.8000e-01  1.7239e+12  1.3590e+00  4.1798e-01  8.0824e-02
  6.3096e+00  3.6747e+01  2.0000e-01  2.2639e+12  1.3368e+00  3.5930e-01  6.3831e-02
  6.3096e+00  3.6747e+01  2.2000e-01  3.3136e+12  1.3028e+00  3.1026e-01  4.8802e-02
  6.3096e+00  3.6747e+01  2.4000e-01  4.5319e+12  1.2720e+00  2.6730e-01  4.1740e-02
  6.3096e+00  3.6747e+01  2.6000e-01  5.2808e+12  1.2484e+00  2.2735e-01  3.9889e-02
  6.3096e+00  3.6747e+01  2.8000e-01  4.7427e+12  1.2060e+00  2.1659e-01  4.6161e-02
  6.3096e+00  3.6747e+01  3.0000e-01  5.0502e+11  1.4194e+00  1.3972e-01  1.0263e-01
  6.3096e+00  3.6747e+01  3.2000e-01  1.2849e+12  1.3997e+00  7.0353e-02  7.2061e-02
  6.3096e+00  3.6747e+01  3.4000e-01  6.6470e+12  1.3685e+00  3.5985e-02  2.6940e-02
  6.3096e+00  3.6747e+01  3.6000e-01  1.8933e+13  1.3559e+00  -5.2955e-02  1.4421e-02
  6.3096e+00  3.6747e+01  3.8000e-01  8.6372e+12  1.2618e+00  -7.6268e-02  3.3307e-02
  6.3096e+00  3.6747e+01  4.0000e-01  2.9248e+10  1.2525e+00  8.2083e-01  2.7718e+00
  6.3096e+00  3.6747e+01  4.2000e-01  3.2519e+11  7.5373e-01  -9.3149e+01  1.4448e+00
  6.3096e+00  3.6747e+01  4.4000e-01  1.8286e+08  8.5356e-01  -5.3948e+02  2.0351e+00
  6.3096e+00  3.6747e+01  4.6000e-01  1.4637e+09  2.9102e-01  1.0964e-01  2.9311e-04
  6.3096e+00  3.6747e+01  4.8000e-01  1.3516e+09  1.0496e+00  -4.0465e+02  2.0486e-01
  6.3096e+00  3.6747e+01  5.0000e-01  1.0162e+11  1.1658e+00  -1.8258e+01  2.5635e-01
  6.3096e+00  3.6747e+01  5.2000e-01  4.3997e+10  9.8246e-01  5.5348e-01  1.0450e-01
  6.3096e+00  3.6747e+01  5.4000e-01  3.3871e+10  9.8792e-01  6.3608e-01  1.0484e-01
  6.3096e+00  3.6747e+01  5.6000e-01  2.9116e+10  9.8917e-01  6.7155e-01  1.0289e-01
  6.3096e+00  3.6747e+01  5.8000e-01  2.5127e+10  9.9055e-01  6.9303e-01  1.0415e-01
  6.3096e+00  3.6747e+01  6.0000e-01  2.0339e+10  1.0031e+00  6.7695e-01  1.1125e-01
  6.3096e+00  4.4893e+01  1.0000e-02  3.6291e+11  1.3242e+00  3.4348e+00  2.6372e-01
  6.3096e+00  4.4893e+01  2.0000e-02  5.8708e+11  1.3384e+00  2.0232e+00  1.8951e-01
  6.3096e+00  4.4893e+01  4.0000e-02  8.1662e+11  1.3551e+00  1.2720e+00  1.4986e-01
  6.3096e+00  4.4893e+01  6.0000e-02  9.8488e+11  1.3608e+00  9.8674e-01  1.2925e-01
  6.3096e+00  4.4893e+01  8.0000e-02  1.1263e+12  1.3634e+00  8.2562e-01  1.1556e-01
  6.3096e+00  4.4893e+01  1.0000e-01  1.2223e+12  1.3662e+00  7.1408e-01  1.0799e-01
  6.3096e+00  4.4893e+01  1.2000e-01  1.3303e+12  1.3666e+00  6.2630e-01  9.9069e-02
  6.3096e+00  4.4893e+01  1.4000e-01  1.4337e+12  1.3657e+00  5.6028e-01  9.3146e-02
  6.3096e+00  4.4893e+01  1.6000e-01  1.4866e+12  1.3662e+00  5.0290e-01  9.1767e-02
  6.3096e+00  4.4893e+01  1.8000e-01  1.5811e+12  1.3637e+00  4.4186e-01  8.7129e-02
  6.3096e+00  4.4893e+01  2.0000e-01  1.9213e+12  1.3491e+00  3.8049e-01  7.2641e-02
  6.3096e+00  4.4893e+01  2.2000e-01  2.7094e+12  1.3188e+00  3.2890e-01  5.5155e-02
  6.3096e+00  4.4893e+01  2.4000e-01  3.7862e+12  1.2868e+00  2.8504e-01  4.5230e-02
  6.3096e+00  4.4893e+01  2.6000e-01  4.7468e+12  1.2601e+00  2.4611e-01  4.1286e-02
  6.3096e+00  4.4893e+01  2.8000e-01  4.8090e+12  1.2343e+00  2.1963e-01  4.3434e-02
  6.3096e+00  4.4893e+01  3.0000e-01  1.1665e+12  1.3473e+00  1.6367e-01  6.1612e-02
  6.3096e+00  4.4893e+01  3.2000e-01  5.8557e+11  1.4075e+00  1.1702e-01  1.0490e-01
  6.3096e+00  4.4893e+01  3.4000e-01  2.3324e+12  1.3942e+00  4.2248e-02  4.8845e-02
  6.3096e+00  4.4893e+01  3.6000e-01  8.6335e+12  1.3567e+00  1.8704e-03  2.3191e-02
  6.3096e+00  4.4893e+01  3.8000e-01  1.1197e+13  1.3197e+00  -5.5714e-02  2.1459e-02
  6.3096e+00  4.4893e+01  4.0000e-01  1.0133e+11  1.1865e+00  1.2466e+00  1.1649e+00
  6.3096e+00  4.4893e+01  4.2000e-01  1.3401e+12  1.0296e+00  -1.2284e+01  2.3725e-01
  6.3096e+00  4.4893e+01  4.4000e-01  6.7618e+05  1.1955e+00  1.2074e+02  1.8055e+02
  6.3096e+00  4.4893e+01  4.6000e-01  1.1870e+08  6.8460e-01  -1.2527e+02  3.0586e-01
  6.3096e+00  4.4893e+01  4.8000e-01  6.1073e+08  8.8244e-01  -1.2803e+02  2.0142e-01
  6.3096e+00  4.4893e+01  5.0000e-01  2.3334e+10  1.3664e+00  -5.8869e+01  6.7417e-01
  6.3096e+00  4.4893e+01  5.2000e-01  2.6205e+10  9.9788e-01  5.6287e-01  1.1299e-01
  6.3096e+00  4.4893e+01  5.4000e-01  2.0334e+10  1.0051e+00  6.4941e-01  1.0787e-01
  6.3096e+00  4.4893e+01  5.6000e-01  1.6224e+10  1.0139e+00  6.7776e-01  1.1135e-01
  6.3096e+00  4.4893e+01  5.8000e-01  1.3670e+10  1.0176e+00  6.8879e-01  1.1389e-01
  6.3096e+00  4.4893e+01  6.0000e-01  1.0681e+10  1.0335e+00  6.5751e-01  1.2748e-01
  6.3096e+00  5.4844e+01  1.0000e-02  2.4302e+11  1.3176e+00  5.1531e+00  3.4515e-01
  6.3096e+00  5.4844e+01  2.0000e-02  4.8956e+11  1.3400e+00  2.5766e+00  2.0768e-01
  6.3096e+00  5.4844e+01  4.0000e-02  6.9764e+11  1.3491e+00  1.5114e+00  1.6624e-01
  6.3096e+00  5.4844e+01  6.0000e-02  8.5907e+11  1.3583e+00  1.1169e+00  1.4264e-01
  6.3096e+00  5.4844e+01  8.0000e-02  1.0148e+12  1.3620e+00  9.0418e-01  1.2470e-01
  6.3096e+00  5.4844e+01  1.0000e-01  1.1225e+12  1.3653e+00  7.7208e-01  1.1530e-01
  6.3096e+00  5.4844e+01  1.2000e-01  1.2279e+12  1.3670e+00  6.6931e-01  1.0598e-01
  6.3096e+00  5.4844e+01  1.4000e-01  1.3471e+12  1.3662e+00  5.9258e-01  9.7271e-02
  6.3096e+00  5.4844e+01  1.6000e-01  1.4146e+12  1.3666e+00  5.3208e-01  9.4667e-02
  6.3096e+00  5.4844e+01  1.8000e-01  1.4666e+12  1.3667e+00  4.7125e-01  9.2530e-02
  6.3096e+00  5.4844e+01  2.0000e-01  1.6643e+12  1.3585e+00  4.0709e-01  8.1648e-02
  6.3096e+00  5.4844e+01  2.2000e-01  2.2322e+12  1.3338e+00  3.5088e-01  6.2834e-02
  6.3096e+00  5.4844e+01  2.4000e-01  3.1793e+12  1.3014e+00  3.0395e-01  4.8989e-02
  6.3096e+00  5.4844e+01  2.6000e-01  4.1746e+12  1.2725e+00  2.6345e-01  4.2986e-02
  6.3096e+00  5.4844e+01  2.8000e-01  4.7337e+12  1.2484e+00  2.2825e-01  4.1670e-02
  6.3096e+00  5.4844e+01  3.0000e-01  4.5131e+12  1.1956e+00  2.3288e-01  4.8692e-02
  6.3096e+00  5.4844e+01  3.2000e-01  3.6611e+11  1.4168e+00  1.6317e-01  1.1822e-01
  6.3096e+00  5.4844e+01  3.4000e-01  8.9037e+11  1.4049e+00  7.1573e-02  8.4646e-02
  6.3096e+00  5.4844e+01  3.6000e-01  3.5119e+12  1.3679e+00  2.8312e-02  4.0063e-02
  6.3096e+00  5.4844e+01  3.8000e-01  1.0136e+13  1.3656e+00  -4.7089e-02  1.9299e-02
  6.3096e+00  5.4844e+01  4.0000e-01  7.2622e+11  1.2031e+00  4.4604e-02  2.4185e-01
  6.3096e+00  5.4844e+01  4.2000e-01  1.1035e+12  1.3767e+00  -4.3250e+00  1.1437e-01
  6.3096e+00  5.4844e+01  4.4000e-01  1.2167e+11  7.7745e-01  -1.5154e+02  1.2335e+00
  6.3096e+00  5.4844e+01  4.6000e-01  1.3263e+09  2.7287e-01  1.1419e-01  6.0580e-05
  6.3096e+00  5.4844e+01  4.8000e-01  1.3704e+08  7.8811e-01  -1.4355e+02  6.8463e-01
  6.3096e+00  5.4844e+01  5.0000e-01  6.2857e+09  1.5413e+00  -1.1491e+02  1.2834e+00
  6.3096e+00  5.4844e+01  5.2000e-01  1.5414e+10  1.0085e+00  5.6798e-01  1.2016e-01
  6.3096e+00  5.4844e+01  5.4000e-01  1.1494e+10  1.0219e+00  6.4395e-01  1.1554e-01
  6.3096e+00  5.4844e+01  5.6000e-01  8.9957e+09  1.0366e+00  6.5740e-01  1.2130e-01
  6.3096e+00  5.4844e+01  5.8000e-01  7.6038e+09  1.0389e+00  6.8215e-01  1.2185e-01
  6.3096e+00  5.4844e+01  6.0000e-01  6.1299e+09  1.0511e+00  6.5685e-01  1.3044e-01
  6.3096e+00  6.7002e+01  1.0000e-02  7.2385e+10  1.3706e+00  9.7774e+00  7.3310e-01
  6.3096e+00  6.7002e+01  2.0000e-02  3.0610e+11  1.3292e+00  3.7722e+00  2.8654e-01
  6.3096e+00  6.7002e+01  4.0000e-02  6.2554e+11  1.3453e+00  1.8596e+00  1.7378e-01
  6.3096e+00  6.7002e+01  6.0000e-02  7.4232e+11  1.3528e+00  1.3268e+00  1.5634e-01
  6.3096e+00  6.7002e+01  8.0000e-02  8.7370e+11  1.3602e+00  1.0351e+00  1.3817e-01
  6.3096e+00  6.7002e+01  1.0000e-01  1.0021e+12  1.3632e+00  8.5976e-01  1.2424e-01
  6.3096e+00  6.7002e+01  1.2000e-01  1.0962e+12  1.3668e+00  7.3687e-01  1.1539e-01
  6.3096e+00  6.7002e+01  1.4000e-01  1.2244e+12  1.3667e+00  6.4161e-01  1.0387e-01
  6.3096e+00  6.7002e+01  1.6000e-01  1.3234e+12  1.3663e+00  5.7229e-01  9.7920e-02
  6.3096e+00  6.7002e+01  1.8000e-01  1.3629e+12  1.3679e+00  5.1086e-01  9.7048e-02
  6.3096e+00  6.7002e+01  2.0000e-01  1.4534e+12  1.3657e+00  4.4460e-01  9.1168e-02
  6.3096e+00  6.7002e+01  2.2000e-01  1.7908e+12  1.3495e+00  3.8161e-01  7.4033e-02
  6.3096e+00  6.7002e+01  2.4000e-01  2.5338e+12  1.3187e+00  3.3021e-01  5.5534e-02
  6.3096e+00  6.7002e+01  2.6000e-01  3.4649e+12  1.2880e+00  2.8620e-01  4.6009e-02
  6.3096e+00  6.7002e+01  2.8000e-01  4.2953e+12  1.2618e+00  2.4774e-01  4.2106e-02
  6.3096e+00  6.7002e+01  3.0000e-01  4.2442e+12  1.2342e+00  2.2594e-01  4.4883e-02
  6.3096e+00  6.7002e+01  3.2000e-01  1.2872e+12  1.3216e+00  1.7229e-01  5.9880e-02
  6.3096e+00  6.7002e+01  3.4000e-01  4.7395e+11  1.4089e+00  1.2305e-01  1.1053e-01
  6.3096e+00  6.7002e+01  3.6000e-01  1.7743e+12  1.3937e+00  4.1671e-02  5.4465e-02
  6.3096e+00  6.7002e+01  3.8000e-01  1.2138e+13  1.3739e+00  -1.9951e-02  1.5631e-02
  6.3096e+00  6.7002e+01  4.0000e-01  1.0127e+13  1.3089e+00  -6.3007e-02  2.0975e-02
  6.3096e+00  6.7002e+01  4.2000e-01  4.9853e+10  1.2351e+00  1.1182e+00  1.3699e+00
  6.3096e+00  6.7002e+01  4.4000e-01  9.1757e+09  9.5866e-01  6.9625e+00  3.4683e+01
  6.3096e+00  6.7002e+01  4.6000e-01  4.2817e+07  1.2740e+00  -1.3649e+02  2.2796e+00
  6.3096e+00  6.7002e+01  4.8000e-01  1.5935e+09  3.2738e-01  1.1740e-01  2.8628e-04
  6.3096e+00  6.7002e+01  5.0000e-01  3.8701e+09  1.6629e+00  -1.5526e+02  1.3245e+00
  6.3096e+00  6.7002e+01  5.2000e-01  8.8278e+09  1.0207e+00  5.5741e-01  1.2827e-01
  6.3096e+00  6.7002e+01  5.4000e-01  6.5786e+09  1.0346e+00  6.2418e-01  1.2277e-01
  6.3096e+00  6.7002e+01  5.6000e-01  4.9959e+09  1.0575e+00  6.2454e-01  1.3328e-01
  6.3096e+00  6.7002e+01  5.8000e-01  4.2202e+09  1.0607e+00  6.5359e-01  1.3188e-01
  6.3096e+00  6.7002e+01  6.0000e-01  3.4712e+09  1.0694e+00  6.4592e-01  1.3752e-01
  6.3096e+00  8.1855e+01  1.0000e-02  1.7160e+09  1.6642e+00  2.2936e+01  8.0361e+00
  6.3096e+00  8.1855e+01  2.0000e-02  1.6096e+11  1.3409e+00  6.3161e+00  4.3890e-01
  6.3096e+00  8.1855e+01  4.0000e-02  4.1129e+11  1.3406e+00  2.5558e+00  2.2699e-01
  6.3096e+00  8.1855e+01  6.0000e-02  6.2122e+11  1.3483e+00  1.6606e+00  1.7125e-01
  6.3096e+00  8.1855e+01  8.0000e-02  7.3467e+11  1.3554e+00  1.2576e+00  1.5371e-01
  6.3096e+00  8.1855e+01  1.0000e-01  8.6008e+11  1.3606e+00  1.0072e+00  1.3624e-01
  6.3096e+00  8.1855e+01  1.2000e-01  9.5573e+11  1.3649e+00  8.4521e-01  1.2592e-01
  6.3096e+00  8.1855e+01  1.4000e-01  1.0648e+12  1.3672e+00  7.2103e-01  1.1449e-01
  6.3096e+00  8.1855e+01  1.6000e-01  1.1902e+12  1.3662e+00  6.3204e-01  1.0332e-01
  6.3096e+00  8.1855e+01  1.8000e-01  1.2559e+12  1.3670e+00  5.6529e-01  1.0025e-01
  6.3096e+00  8.1855e+01  2.0000e-01  1.2852e+12  1.3690e+00  4.9938e-01  9.9428e-02
  6.3096e+00  8.1855e+01  2.2000e-01  1.4197e+12  1.3640e+00  4.2886e-01  8.9163e-02
  6.3096e+00  8.1855e+01  2.4000e-01  1.8631e+12  1.3411e+00  3.6896e-01  6.8447e-02
  6.3096e+00  8.1855e+01  2.6000e-01  2.6301e+12  1.3090e+00  3.1986e-01  5.2242e-02
  6.3096e+00  8.1855e+01  2.8000e-01  3.4957e+12  1.2802e+00  2.7673e-01  4.4725e-02
  6.3096e+00  8.1855e+01  3.0000e-01  4.0776e+12  1.2553e+00  2.4054e-01  4.2386e-02
  6.3096e+00  8.1855e+01  3.2000e-01  3.9494e+12  1.2111e+00  2.4127e-01  4.7311e-02
  6.3096e+00  8.1855e+01  3.4000e-01  3.1047e+11  1.4039e+00  1.9764e-01  1.1377e-01
  6.3096e+00  8.1855e+01  3.6000e-01  5.5428e+11  1.4087e+00  9.3662e-02  9.9649e-02
  6.3096e+00  8.1855e+01  3.8000e-01  3.3140e+12  1.3726e+00  3.1957e-02  3.5767e-02
  6.3096e+00  8.1855e+01  4.0000e-01  9.3512e+12  1.3763e+00  -4.6902e-02  1.7240e-02
  6.3096e+00  8.1855e+01  4.2000e-01  1.8826e+12  1.2430e+00  -4.8819e-02  8.2064e-02
  6.3096e+00  8.1855e+01  4.4000e-01  3.7401e+10  1.3120e+00  -1.0674e+00  1.1768e+00
  6.3096e+00  8.1855e+01  4.6000e-01  2.9055e+11  6.0879e-01  -2.2057e+01  9.3851e-01
  6.3096e+00  8.1855e+01  4.8000e-01  1.2300e+09  2.9720e-01  1.2051e-01  8.0050e-05
  6.3096e+00  8.1855e+01  5.0000e-01  2.2753e+09  1.6958e+00  -1.5076e+02  1.3520e+00
  6.3096e+00  8.1855e+01  5.2000e-01  5.3212e+09  1.0286e+00  5.3209e-01  1.3456e-01
  6.3096e+00  8.1855e+01  5.4000e-01  3.8306e+09  1.0488e+00  5.7617e-01  1.3441e-01
  6.3096e+00  8.1855e+01  5.6000e-01  3.0235e+09  1.0625e+00  6.3689e-01  1.3664e-01
  6.3096e+00  8.1855e+01  5.8000e-01  2.4776e+09  1.0682e+00  6.7934e-01  1.4109e-01
  6.3096e+00  8.1855e+01  6.0000e-01  2.2640e+09  1.0607e+00  7.2111e-01  1.4247e-01
  6.3096e+00  1.0000e+02  1.0000e-02  2.3490e+08  1.8210e+00  2.6886e+01  2.5885e+01
  6.3096e+00  1.0000e+02  2.0000e-02  4.2162e+09  1.6148e+00  1.4760e+01  3.0272e+00
  6.3096e+00  1.0000e+02  4.0000e-02  2.7666e+11  1.3401e+00  3.8942e+00  2.9060e-01
  6.3096e+00  1.0000e+02  6.0000e-02  4.4631e+11  1.3475e+00  2.2651e+00  2.0693e-01
  6.3096e+00  1.0000e+02  8.0000e-02  6.4284e+11  1.3518e+00  1.6027e+00  1.6091e-01
  6.3096e+00  1.0000e+02  1.0000e-01  7.0118e+11  1.3565e+00  1.2643e+00  1.5305e-01
  6.3096e+00  1.0000e+02  1.2000e-01  8.1599e+11  1.3605e+00  1.0290e+00  1.3673e-01
  6.3096e+00  1.0000e+02  1.4000e-01  8.8526e+11  1.3660e+00  8.6537e-01  1.2862e-01
  6.3096e+00  1.0000e+02  1.6000e-01  9.8572e+11  1.3680e+00  7.3632e-01  1.1648e-01
  6.3096e+00  1.0000e+02  1.8000e-01  1.1018e+12  1.3666e+00  6.4570e-01  1.0532e-01
  6.3096e+00  1.0000e+02  2.0000e-01  1.1503e+12  1.3680e+00  5.7641e-01  1.0327e-01
  6.3096e+00  1.0000e+02  2.2000e-01  1.1750e+12  1.3704e+00  5.0502e-01  1.0232e-01
  6.3096e+00  1.0000e+02  2.4000e-01  1.3142e+12  1.3641e+00  4.3126e-01  9.0166e-02
  6.3096e+00  1.0000e+02  2.6000e-01  1.7479e+12  1.3389e+00  3.7177e-01  6.7999e-02
  6.3096e+00  1.0000e+02  2.8000e-01  2.4525e+12  1.3071e+00  3.2237e-01  5.2025e-02
  6.3096e+00  1.0000e+02  3.0000e-01  3.1961e+12  1.2791e+00  2.7903e-01  4.4960e-02
  6.3096e+00  1.0000e+02  3.2000e-01  3.6442e+12  1.2546e+00  2.4319e-01  4.2971e-02
  6.3096e+00  1.0000e+02  3.4000e-01  3.5820e+12  1.2074e+00  2.4260e-01  4.7534e-02
  6.3096e+00  1.0000e+02  3.6000e-01  3.0644e+11  1.4047e+00  1.8119e-01  1.0883e-01
  6.3096e+00  1.0000e+02  3.8000e-01  5.2482e+11  1.4071e+00  8.9082e-02  9.5228e-02
  6.3096e+00  1.0000e+02  4.0000e-01  2.8032e+12  1.3663e+00  3.3307e-02  3.6654e-02
  6.3096e+00  1.0000e+02  4.2000e-01  8.3698e+12  1.3737e+00  -4.9724e-02  1.6201e-02
  6.3096e+00  1.0000e+02  4.4000e-01  5.7679e+11  1.2194e+00  5.8926e-04  1.8258e-01
  6.3096e+00  1.0000e+02  4.6000e-01  5.6849e+11  1.3593e+00  -4.0704e+00  1.1578e-01
  6.3096e+00  1.0000e+02  4.8000e-01  2.1999e+09  1.0879e+00  -1.5203e+02  2.0662e+00
  6.3096e+00  1.0000e+02  5.0000e-01  1.4416e+09  1.6030e+00  -9.4175e+01  1.2754e+00
  6.3096e+00  1.0000e+02  5.2000e-01  2.8997e+09  1.0555e+00  4.5840e-01  1.5624e-01
  6.3096e+00  1.0000e+02  5.4000e-01  2.6926e+09  1.0380e+00  5.6537e-01  1.4060e-01
  6.3096e+00  1.0000e+02  5.6000e-01  2.1530e+09  1.0458e+00  6.8127e-01  1.3559e-01
  6.3096e+00  1.0000e+02  5.8000e-01  2.0135e+09  1.0410e+00  7.6374e-01  1.2948e-01
  6.3096e+00  1.0000e+02  6.0000e-01  1.4902e+09  1.0592e+00  7.7797e-01  1.4304e-01
  6.3096e+00  1.5000e+02  1.0000e-02  6.3273e+10  2.3854e+00  -6.4116e+01  7.2829e-01
  6.3096e+00  1.5000e+02  2.0000e-02  7.4660e+07  1.9695e+00  7.8462e+00  3.1287e+01
  6.3096e+00  1.5000e+02  4.0000e-02  2.2188e+09  1.6889e+00  1.4337e+01  6.7079e+00
  6.3096e+00  1.5000e+02  6.0000e-02  4.7411e+10  1.4539e+00  6.9990e+00  7.8313e-01
  6.3096e+00  1.5000e+02  8.0000e-02  2.2574e+11  1.3601e+00  3.8643e+00  3.0713e-01
  6.3096e+00  1.5000e+02  1.0000e-01  3.3445e+11  1.3579e+00  2.6284e+00  2.2939e-01
  6.3096e+00  1.5000e+02  1.2000e-01  4.4300e+11  1.3595e+00  1.9600e+00  1.8648e-01
  6.3096e+00  1.5000e+02  1.4000e-01  5.3951e+11  1.3594e+00  1.5616e+00  1.6215e-01
  6.3096e+00  1.5000e+02  1.6000e-01  7.2375e+11  1.3617e+00  1.2671e+00  1.3065e-01
  6.3096e+00  1.5000e+02  1.8000e-01  6.6383e+11  1.3638e+00  1.0932e+00  1.3911e-01
  6.3096e+00  1.5000e+02  2.0000e-01  7.0407e+11  1.3684e+00  9.3231e-01  1.3248e-01
  6.3096e+00  1.5000e+02  2.2000e-01  7.7083e+11  1.3689e+00  7.9920e-01  1.2037e-01
  6.3096e+00  1.5000e+02  2.4000e-01  8.4152e+11  1.3670e+00  7.0515e-01  1.1072e-01
  6.3096e+00  1.5000e+02  2.6000e-01  8.4469e+11  1.3696e+00  6.2885e-01  1.1112e-01
  6.3096e+00  1.5000e+02  2.8000e-01  8.3208e+11  1.3737e+00  5.4615e-01  1.1165e-01
  6.3096e+00  1.5000e+02  3.0000e-01  9.3719e+11  1.3664e+00  4.5911e-01  9.6636e-02
  6.3096e+00  1.5000e+02  3.2000e-01  1.2196e+12  1.3415e+00  3.9740e-01  7.2456e-02
  6.3096e+00  1.5000e+02  3.4000e-01  1.6497e+12  1.3099e+00  3.4737e-01  5.5127e-02
  6.3096e+00  1.5000e+02  3.6000e-01  2.0458e+12  1.2830e+00  3.0300e-01  4.7489e-02
  6.3096e+00  1.5000e+02  3.8000e-01  2.2396e+12  1.2596e+00  2.6524e-01  4.5004e-02
  6.3096e+00  1.5000e+02  4.0000e-01  2.2358e+12  1.2197e+00  2.4227e-01  4.6219e-02
  6.3096e+00  1.5000e+02  4.2000e-01  3.9082e+11  1.3829e+00  1.4249e-01  7.0746e-02
  6.3096e+00  1.5000e+02  4.4000e-01  3.1548e+11  1.3969e+00  9.4937e-02  8.6973e-02
  6.3096e+00  1.5000e+02  4.6000e-01  8.5403e+11  1.3511e+00  4.3499e-02  4.8555e-02
  6.3096e+00  1.5000e+02  4.8000e-01  1.4634e+12  1.3295e+00  -5.4740e-02  2.5136e-02
  6.3096e+00  1.5000e+02  5.0000e-01  3.4540e+09  1.1578e+00  -1.4724e+01  3.7776e-01
  6.3096e+00  1.5000e+02  5.2000e-01  1.2372e+09  1.0497e+00  4.1662e-01  1.8095e-01
  6.3096e+00  1.5000e+02  5.4000e-01  1.0471e+09  1.0335e+00  6.2776e-01  1.6055e-01
  6.3096e+00  1.5000e+02  5.6000e-01  1.0108e+09  1.0254e+00  7.5884e-01  1.3481e-01
  6.3096e+00  1.5000e+02  5.8000e-01  9.5920e+08  1.0339e+00  1.0273e+00  1.1883e-01
  6.3096e+00  1.5000e+02  6.0000e-01  1.3274e+09  9.8651e-01  1.6799e+00  7.3355e-02
  6.3096e+00  2.0000e+02  1.0000e-02  2.6535e+10  2.7153e+00  -1.2432e+02  7.6442e-01
  6.3096e+00  2.0000e+02  2.0000e-02  6.8858e+10  2.3035e+00  -4.7883e+01  7.1195e-01
  6.3096e+00  2.0000e+02  4.0000e-02  1.7605e+08  1.9185e+00  6.0909e+00  2.2177e+01
  6.3096e+00  2.0000e+02  6.0000e-02  1.5433e+09  1.7261e+00  1.2637e+01  9.5873e+00
  6.3096e+00  2.0000e+02  8.0000e-02  2.7835e+09  1.7001e+00  9.5475e+00  4.2283e+00
  6.3096e+00  2.0000e+02  1.0000e-01  1.8249e+10  1.5490e+00  6.6747e+00  1.1480e+00
  6.3096e+00  2.0000e+02  1.2000e-01  1.1112e+11  1.4141e+00  4.4663e+00  4.3522e-01
  6.3096e+00  2.0000e+02  1.4000e-01  2.1240e+11  1.3780e+00  3.2611e+00  2.8400e-01
  6.3096e+00  2.0000e+02  1.6000e-01  2.8053e+11  1.3718e+00  2.5197e+00  2.2830e-01
  6.3096e+00  2.0000e+02  1.8000e-01  3.4180e+11  1.3709e+00  2.0237e+00  1.9505e-01
  6.3096e+00  2.0000e+02  2.0000e-01  3.9596e+11  1.3691e+00  1.6778e+00  1.7285e-01
  6.3096e+00  2.0000e+02  2.2000e-01  4.5218e+11  1.3670e+00  1.4242e+00  1.5466e-01
  6.3096e+00  2.0000e+02  2.4000e-01  4.9590e+11  1.3681e+00  1.2322e+00  1.4312e-01
  6.3096e+00  2.0000e+02  2.6000e-01  4.9870e+11  1.3712e+00  1.0728e+00  1.3952e-01
  6.3096e+00  2.0000e+02  2.8000e-01  5.2721e+11  1.3709e+00  9.3345e-01  1.2894e-01
  6.3096e+00  2.0000e+02  3.0000e-01  5.6335e+11  1.3678e+00  8.2952e-01  1.1874e-01
  6.3096e+00  2.0000e+02  3.2000e-01  5.5512e+11  1.3689e+00  7.4700e-01  1.1786e-01
  6.3096e+00  2.0000e+02  3.4000e-01  5.1354e+11  1.3747e+00  6.5907e-01  1.2183e-01
  6.3096e+00  2.0000e+02  3.6000e-01  5.0111e+11  1.3769e+00  5.5632e-01  1.1635e-01
  6.3096e+00  2.0000e+02  3.8000e-01  5.7193e+11  1.3616e+00  4.7248e-01  9.4270e-02
  6.3096e+00  2.0000e+02  4.0000e-01  7.2164e+11  1.3307e+00  4.1687e-01  7.0081e-02
  6.3096e+00  2.0000e+02  4.2000e-01  8.4414e+11  1.3009e+00  3.7101e-01  5.6728e-02
  6.3096e+00  2.0000e+02  4.4000e-01  8.4230e+11  1.2761e+00  3.3038e-01  5.1944e-02
  6.3096e+00  2.0000e+02  4.6000e-01  7.3138e+11  1.2473e+00  2.8050e-01  4.9786e-02
  6.3096e+00  2.0000e+02  4.8000e-01  2.8696e+11  1.3755e+00  1.0974e-01  3.7940e-02
  6.3096e+00  2.0000e+02  5.0000e-01  1.2874e+10  6.8065e-01  -3.8722e-01  5.0971e-02
  6.3096e+00  2.0000e+02  5.2000e-01  3.1247e+08  1.1062e+00  4.8959e-01  2.4160e-01
  6.3096e+00  2.0000e+02  5.4000e-01  2.9145e+08  1.0820e+00  8.6176e-01  2.2085e-01
  6.3096e+00  2.0000e+02  5.6000e-01  3.0353e+08  1.0662e+00  1.0839e+00  1.8210e-01
  6.3096e+00  2.0000e+02  5.8000e-01  2.1155e+08  1.0872e+00  1.3155e+00  1.8898e-01
  6.3096e+00  2.0000e+02  6.0000e-01  2.1357e+08  1.0761e+00  1.5295e+00  1.6211e-01
  6.3096e+00  2.5000e+02  1.0000e-02  1.1731e+10  3.1799e+00  -2.4205e+02  7.8148e-01
  6.3096e+00  2.5000e+02  2.0000e-02  3.8494e+10  2.5055e+00  -7.7961e+01  7.3251e-01
  6.3096e+00  2.5000e+02  4.0000e-02  2.1129e+11  2.1765e+00  -2.9068e+01  4.5382e-01
  6.3096e+00  2.5000e+02  6.0000e-02  2.0457e+08  1.9439e+00  -1.3742e-01  1.8558e+01
  6.3096e+00  2.5000e+02  8.0000e-02  9.1553e+08  1.7833e+00  9.0081e+00  1.1766e+01
  6.3096e+00  2.5000e+02  1.0000e-01  2.2517e+09  1.7158e+00  9.1893e+00  6.9506e+00
  6.3096e+00  2.5000e+02  1.2000e-01  3.0337e+09  1.7059e+00  7.7341e+00  4.2632e+00
  6.3096e+00  2.5000e+02  1.4000e-01  3.6640e+09  1.7062e+00  6.2907e+00  2.3694e+00
  6.3096e+00  2.5000e+02  1.6000e-01  1.8615e+10  1.5612e+00  5.2562e+00  1.0101e+00
  6.3096e+00  2.5000e+02  1.8000e-01  6.4787e+10  1.4628e+00  4.1365e+00  5.2219e-01
  6.3096e+00  2.5000e+02  2.0000e-01  1.2769e+11  1.4152e+00  3.3248e+00  3.4241e-01
  6.3096e+00  2.5000e+02  2.2000e-01  1.7891e+11  1.3958e+00  2.7397e+00  2.6733e-01
  6.3096e+00  2.5000e+02  2.4000e-01  2.1432e+11  1.3883e+00  2.3009e+00  2.2814e-01
  6.3096e+00  2.5000e+02  2.6000e-01  2.4467e+11  1.3859e+00  1.9494e+00  1.9937e-01
  6.3096e+00  2.5000e+02  2.8000e-01  2.7735e+11  1.3826e+00  1.6869e+00  1.7626e-01
  6.3096e+00  2.5000e+02  3.0000e-01  3.0740e+11  1.3832e+00  1.4764e+00  1.5820e-01
  6.3096e+00  2.5000e+02  3.2000e-01  2.8856e+11  1.3803e+00  1.3218e+00  1.5863e-01
  6.3096e+00  2.5000e+02  3.4000e-01  2.9434e+11  1.3789e+00  1.1676e+00  1.4676e-01
  6.3096e+00  2.5000e+02  3.6000e-01  3.0583e+11  1.3743e+00  1.0474e+00  1.3357e-01
  6.3096e+00  2.5000e+02  3.8000e-01  2.9334e+11  1.3717e+00  9.5923e-01  1.2926e-01
  6.3096e+00  2.5000e+02  4.0000e-01  2.5662e+11  1.3748e+00  8.7640e-01  1.3221e-01
  6.3096e+00  2.5000e+02  4.2000e-01  2.0911e+11  1.3818e+00  7.7187e-01  1.3650e-01
  6.3096e+00  2.5000e+02  4.4000e-01  1.7837e+11  1.3811e+00  6.5297e-01  1.2645e-01
  6.3096e+00  2.5000e+02  4.6000e-01  1.5722e+11  1.3618e+00  5.8468e-01  1.0388e-01
  6.3096e+00  2.5000e+02  4.8000e-01  9.4215e+10  1.3392e+00  6.0030e-01  9.3299e-02
  6.3096e+00  2.5000e+02  5.0000e-01  1.2759e+10  1.3309e+00  -1.0369e-01  3.5237e-02
  6.3096e+00  2.5000e+02  5.2000e-01  2.8511e+08  1.0153e+00  7.5294e-01  2.5770e-01
  6.3096e+00  2.5000e+02  5.4000e-01  9.6533e+07  1.0942e+00  1.3215e+00  2.6563e-01
  6.3096e+00  2.5000e+02  5.6000e-01  6.7975e+07  1.1653e+00  7.6770e-01  2.9554e-01
  6.3096e+00  2.5000e+02  5.8000e-01  9.9552e+07  1.0925e+00  1.4947e+00  2.1089e-01
  6.3096e+00  2.5000e+02  6.0000e-01  9.4679e+07  1.0961e+00  1.5260e+00  1.9097e-01
  6.3096e+00  3.0000e+02  1.0000e-02  2.5551e+09  3.7102e+00  -4.1505e+02  9.7947e-01
  6.3096e+00  3.0000e+02  2.0000e-02  1.6548e+10  2.7730e+00  -1.2731e+02  8.2566e-01
  6.3096e+00  3.0000e+02  4.0000e-02  1.5123e+11  2.2816e+00  -4.1204e+01  4.6388e-01
  6.3096e+00  3.0000e+02  6.0000e-02  2.5494e+11  2.1266e+00  -2.2874e+01  4.0962e-01
  6.3096e+00  3.0000e+02  8.0000e-02  2.7456e+08  1.9922e+00  -7.8215e+00  1.3690e+01
  6.3096e+00  3.0000e+02  1.0000e-01  5.9505e+08  1.8439e+00  4.0352e+00  1.2668e+01
  6.3096e+00  3.0000e+02  1.2000e-01  1.3721e+09  1.7643e+00  6.8106e+00  9.0260e+00
  6.3096e+00  3.0000e+02  1.4000e-01  2.3470e+09  1.7224e+00  7.0841e+00  6.4304e+00
  6.3096e+00  3.0000e+02  1.6000e-01  3.1104e+09  1.7085e+00  6.4472e+00  4.6359e+00
  6.3096e+00  3.0000e+02  1.8000e-01  3.3445e+09  1.7123e+00  5.6869e+00  3.4102e+00
  6.3096e+00  3.0000e+02  2.0000e-01  3.3280e+09  1.7193e+00  5.0965e+00  2.4821e+00
  6.3096e+00  3.0000e+02  2.2000e-01  7.0729e+09  1.7174e+00  3.5153e+00  1.2786e+00
  6.3096e+00  3.0000e+02  2.4000e-01  1.6075e+10  1.6152e+00  3.6159e+00  8.6472e-01
  6.3096e+00  3.0000e+02  2.6000e-01  3.0909e+10  1.5283e+00  3.5400e+00  6.4025e-01
  6.3096e+00  3.0000e+02  2.8000e-01  5.1858e+10  1.4839e+00  3.1113e+00  4.6989e-01
  6.3096e+00  3.0000e+02  3.0000e-01  7.3738e+10  1.4547e+00  2.7361e+00  3.6676e-01
  6.3096e+00  3.0000e+02  3.2000e-01  9.4732e+10  1.4367e+00  2.4066e+00  2.9732e-01
  6.3096e+00  3.0000e+02  3.4000e-01  1.0681e+11  1.4218e+00  2.1823e+00  2.6099e-01
  6.3096e+00  3.0000e+02  3.6000e-01  1.0956e+11  1.4169e+00  1.9789e+00  2.3956e-01
  6.3096e+00  3.0000e+02  3.8000e-01  1.0311e+11  1.4171e+00  1.7902e+00  2.2740e-01
  6.3096e+00  3.0000e+02  4.0000e-01  9.5063e+10  1.4172e+00  1.6161e+00  2.1374e-01
  6.3096e+00  3.0000e+02  4.2000e-01  8.4409e+10  1.4150e+00  1.5029e+00  2.0212e-01
  6.3096e+00  3.0000e+02  4.4000e-01  6.5581e+10  1.4160e+00  1.4595e+00  2.0301e-01
  6.3096e+00  3.0000e+02  4.6000e-01  3.0154e+10  1.4524e+00  1.4600e+00  2.6337e-01
  6.3096e+00  3.0000e+02  4.8000e-01  2.7950e+09  1.6309e+00  2.1416e-01  1.2359e+00
  6.3096e+00  3.0000e+02  5.0000e-01  4.1333e+09  1.2704e+00  -2.1763e-02  4.2043e-02
  6.3096e+00  3.0000e+02  5.2000e-01  1.2438e+08  1.0061e+00  1.5520e+00  2.4206e-01
  6.3096e+00  3.0000e+02  5.4000e-01  8.1433e+07  1.0934e+00  8.7871e-01  2.6745e-01
  6.3096e+00  3.0000e+02  5.6000e-01  9.1480e+07  1.0610e+00  1.6553e+00  1.6995e-01
  6.3096e+00  3.0000e+02  5.8000e-01  7.6414e+07  1.0777e+00  1.6778e+00  1.8071e-01
  6.3096e+00  3.0000e+02  6.0000e-01  4.8489e+07  1.1254e+00  1.2560e+00  2.1687e-01
  8.5770e+00  3.3246e+00  1.0000e-02  9.0635e+11  1.3088e+00  2.8296e+00  1.4227e-01
  8.5770e+00  3.3246e+00  2.0000e-02  9.1078e+11  1.3067e+00  2.6380e+00  1.4143e-01
  8.5770e+00  3.3246e+00  4.0000e-02  9.3535e+11  1.3024e+00  2.3685e+00  1.3790e-01
  8.5770e+00  3.3246e+00  6.0000e-02  8.9214e+11  1.3079e+00  2.1302e+00  1.4296e-01
  8.5770e+00  3.3246e+00  8.0000e-02  1.0503e+12  1.2974e+00  1.9176e+00  1.2662e-01
  8.5770e+00  3.3246e+00  1.0000e-01  8.5951e+11  1.3224e+00  1.7335e+00  1.5750e-01
  8.5770e+00  3.3246e+00  1.2000e-01  7.3238e+11  1.3475e+00  1.4480e+00  1.6168e-01
  8.5770e+00  3.3246e+00  1.4000e-01  1.2051e+12  1.3103e+00  1.2208e+00  9.9079e-02
  8.5770e+00  3.3246e+00  1.6000e-01  1.5816e+12  1.2936e+00  1.0400e+00  8.4388e-02
  8.5770e+00  3.3246e+00  1.8000e-01  2.0508e+12  1.2779e+00  8.7995e-01  7.5336e-02
  8.5770e+00  3.3246e+00  2.0000e-01  2.9912e+12  1.2542e+00  7.1347e-01  6.1899e-02
  8.5770e+00  3.3246e+00  2.2000e-01  4.3007e+12  1.2313e+00  5.7081e-01  5.1533e-02
  8.5770e+00  3.3246e+00  2.4000e-01  5.1071e+12  1.2328e+00  4.4506e-01  4.6685e-02
  8.5770e+00  3.3246e+00  2.6000e-01  5.3506e+12  1.2492e+00  3.3487e-01  4.5733e-02
  8.5770e+00  3.3246e+00  2.8000e-01  5.2453e+12  1.2763e+00  2.4736e-01  4.4954e-02
  8.5770e+00  3.3246e+00  3.0000e-01  5.8224e+12  1.2902e+00  1.8487e-01  4.3381e-02
  8.5770e+00  3.3246e+00  3.2000e-01  1.2999e+13  1.2757e+00  1.0304e-01  2.7779e-02
  8.5770e+00  3.3246e+00  3.4000e-01  5.5616e+12  1.3104e+00  3.9394e-02  5.2397e-02
  8.5770e+00  3.3246e+00  3.6000e-01  3.9716e+12  1.3831e+00  -8.9896e-02  5.2960e-02
  8.5770e+00  3.3246e+00  3.8000e-01  1.3830e+12  1.6013e+00  -3.3013e+00  1.0282e-01
  8.5770e+00  3.3246e+00  4.0000e-01  1.1772e+11  1.6258e+00  -1.1495e+01  3.8719e-01
  8.5770e+00  3.3246e+00  4.2000e-01  7.3065e+08  1.1126e+00  1.0034e+02  4.6808e+01
  8.5770e+00  3.3246e+00  4.4000e-01  3.4023e+08  9.0314e-01  8.8790e+01  4.4807e+01
  8.5770e+00  3.3246e+00  4.6000e-01  2.9080e+07  8.1115e-01  -9.3834e+02  1.5941e+00
  8.5770e+00  3.3246e+00  4.8000e-01  1.3382e+10  8.3615e-01  -1.2894e+04  3.2703e+00
  8.5770e+00  3.3246e+00  5.0000e-01  2.6753e+11  8.8584e-01  2.4658e-01  1.2485e-01
  8.5770e+00  3.3246e+00  5.2000e-01  1.9027e+11  1.1656e+00  2.2131e-01  1.0890e-01
  8.5770e+00  3.3246e+00  5.4000e-01  9.6134e+11  1.4854e+00  -4.8291e-03  2.7087e-02
  8.5770e+00  3.3246e+00  5.6000e-01  5.5504e+12  1.5095e+00  -3.7606e-02  1.3015e-02
  8.5770e+00  3.3246e+00  5.8000e-01  5.6997e+11  1.3609e+00  1.1215e-01  1.0820e-01
  8.5770e+00  3.3246e+00  6.0000e-01  7.0294e+11  1.2905e+00  1.9735e-01  1.1632e-01
  8.5770e+00  4.0616e+00  1.0000e-02  8.7838e+11  1.3172e+00  2.4578e+00  1.4572e-01
  8.5770e+00  4.0616e+00  2.0000e-02  9.0748e+11  1.3156e+00  2.2694e+00  1.4066e-01
  8.5770e+00  4.0616e+00  4.0000e-02  9.2487e+11  1.3161e+00  2.0126e+00  1.3779e-01
  8.5770e+00  4.0616e+00  6.0000e-02  8.3749e+11  1.3297e+00  1.8036e+00  1.4823e-01
  8.5770e+00  4.0616e+00  8.0000e-02  1.1199e+12  1.3088e+00  1.6109e+00  1.1662e-01
  8.5770e+00  4.0616e+00  1.0000e-01  8.8553e+11  1.3367e+00  1.4817e+00  1.5228e-01
  8.5770e+00  4.0616e+00  1.2000e-01  7.0303e+11  1.3677e+00  1.2204e+00  1.7354e-01
  8.5770e+00  4.0616e+00  1.4000e-01  1.1796e+12  1.3319e+00  1.0012e+00  1.0372e-01
  8.5770e+00  4.0616e+00  1.6000e-01  1.6543e+12  1.3128e+00  8.4380e-01  7.8245e-02
  8.5770e+00  4.0616e+00  1.8000e-01  2.2228e+12  1.2971e+00  7.1230e-01  6.6945e-02
  8.5770e+00  4.0616e+00  2.0000e-01  3.8223e+12  1.2628e+00  5.7118e-01  5.1020e-02
  8.5770e+00  4.0616e+00  2.2000e-01  5.9162e+12  1.2368e+00  4.4709e-01  3.9443e-02
  8.5770e+00  4.0616e+00  2.4000e-01  7.2217e+12  1.2387e+00  3.3322e-01  3.4009e-02
  8.5770e+00  4.0616e+00  2.6000e-01  6.7022e+12  1.2690e+00  2.4772e-01  3.4494e-02
  8.5770e+00  4.0616e+00  2.8000e-01  6.7810e+12  1.2890e+00  1.9088e-01  3.5046e-02
  8.5770e+00  4.0616e+00  3.0000e-01  8.6456e+12  1.2815e+00  1.5103e-01  3.3990e-02
  8.5770e+00  4.0616e+00  3.2000e-01  2.4583e+13  1.2801e+00  8.2766e-02  1.7166e-02
  8.5770e+00  4.0616e+00  3.4000e-01  1.6281e+13  1.3292e+00  2.0830e-02  2.1069e-02
  8.5770e+00  4.0616e+00  3.6000e-01  6.2237e+12  1.3851e+00  -8.0909e-02  3.7795e-02
  8.5770e+00  4.0616e+00  3.8000e-01  1.4781e+12  1.6149e+00  -3.4803e+00  9.8495e-02
  8.5770e+00  4.0616e+00  4.0000e-01  1.0558e+11  1.6286e+00  -1.1690e+01  4.1496e-01
  8.5770e+00  4.0616e+00  4.2000e-01  7.7940e+08  1.1125e+00  9.7089e+01  4.4720e+01
  8.5770e+00  4.0616e+00  4.4000e-01  4.0608e+08  8.7992e-01  8.4778e+01  3.7953e+01
  8.5770e+00  4.0616e+00  4.6000e-01  3.2277e+07  8.0703e-01  -9.1075e+02  8.4221e-01
  8.5770e+00  4.0616e+00  4.8000e-01  5.1980e+10  8.1204e-01  -1.2644e+04  1.2543e+00
  8.5770e+00  4.0616e+00  5.0000e-01  2.6956e+11  8.9425e-01  2.3585e-01  1.2695e-01
  8.5770e+00  4.0616e+00  5.2000e-01  2.9199e+11  1.0729e+00  2.4999e-01  8.6790e-02
  8.5770e+00  4.0616e+00  5.4000e-01  1.5872e+11  1.2939e+00  1.4187e-01  1.1991e-01
  8.5770e+00  4.0616e+00  5.6000e-01  1.8612e+12  1.4826e+00  -1.2218e-02  2.0065e-02
  8.5770e+00  4.0616e+00  5.8000e-01  3.9470e+12  1.5388e+00  -5.7563e-02  1.4493e-02
  8.5770e+00  4.0616e+00  6.0000e-01  2.4138e+12  1.4336e+00  2.0544e-02  2.9240e-02
  8.5770e+00  4.9619e+00  1.0000e-02  8.8011e+11  1.3269e+00  2.0850e+00  1.5311e-01
  8.5770e+00  4.9619e+00  2.0000e-02  8.6364e+11  1.3322e+00  1.9141e+00  1.5562e-01
  8.5770e+00  4.9619e+00  4.0000e-02  8.6905e+11  1.3352e+00  1.6832e+00  1.5476e-01
  8.5770e+00  4.9619e+00  6.0000e-02  8.2840e+11  1.3481e+00  1.4869e+00  1.6218e-01
  8.5770e+00  4.9619e+00  8.0000e-02  1.1578e+12  1.3286e+00  1.2928e+00  1.1982e-01
  8.5770e+00  4.9619e+00  1.0000e-01  1.0108e+12  1.3482e+00  1.1597e+00  1.4075e-01
  8.5770e+00  4.9619e+00  1.2000e-01  8.4727e+11  1.3770e+00  9.4663e-01  1.6101e-01
  8.5770e+00  4.9619e+00  1.4000e-01  1.2328e+12  1.3560e+00  7.6703e-01  1.1101e-01
  8.5770e+00  4.9619e+00  1.6000e-01  2.1733e+12  1.3140e+00  6.5532e-01  6.7814e-02
  8.5770e+00  4.9619e+00  1.8000e-01  3.1922e+12  1.2915e+00  5.4903e-01  5.2593e-02
  8.5770e+00  4.9619e+00  2.0000e-01  4.5648e+12  1.2725e+00  4.5550e-01  4.3595e-02
  8.5770e+00  4.9619e+00  2.2000e-01  6.3462e+12  1.2564e+00  3.6815e-01  3.6569e-02
  8.5770e+00  4.9619e+00  2.4000e-01  8.2371e+12  1.2606e+00  2.5466e-01  2.6149e-02
  8.5770e+00  4.9619e+00  2.6000e-01  7.5100e+12  1.2951e+00  1.9257e-01  2.8610e-02
  8.5770e+00  4.9619e+00  2.8000e-01  1.1085e+13  1.3002e+00  1.3126e-01  2.3973e-02
  8.5770e+00  4.9619e+00  3.0000e-01  1.5436e+13  1.2909e+00  1.0315e-01  2.1953e-02
  8.5770e+00  4.9619e+00  3.2000e-01  1.1851e+13  1.2885e+00  7.2321e-02  3.0148e-02
  8.5770e+00  4.9619e+00  3.4000e-01  2.9062e+13  1.3452e+00  1.5645e-02  1.2704e-02
  8.5770e+00  4.9619e+00  3.6000e-01  2.3653e+13  1.3838e+00  -4.7846e-02  1.4020e-02
  8.5770e+00  4.9619e+00  3.8000e-01  1.0873e+12  1.6072e+00  -3.1732e+00  1.2056e-01
  8.5770e+00  4.9619e+00  4.0000e-01  4.9339e+08  1.6097e+00  -6.8284e+00  1.1572e+01
  8.5770e+00  4.9619e+00  4.2000e-01  8.9599e+08  1.1018e+00  9.8066e+01  4.2394e+01
  8.5770e+00  4.9619e+00  4.4000e-01  4.9301e+08  8.4934e-01  8.3830e+01  3.2215e+01
  8.5770e+00  4.9619e+00  4.6000e-01  1.0176e+07  9.9151e-01  -6.4532e+02  1.5748e+00
  8.5770e+00  4.9619e+00  4.8000e-01  4.9936e+11  1.8593e-01  1.1825e-01  1.6672e-05
  8.5770e+00  4.9619e+00  5.0000e-01  2.9781e+11  9.0165e-01  2.1845e-01  1.1648e-01
  8.5770e+00  4.9619e+00  5.2000e-01  3.3120e+11  9.8339e-01  2.7657e-01  7.6509e-02
  8.5770e+00  4.9619e+00  5.4000e-01  2.3719e+11  1.1806e+00  2.0603e-01  1.0178e-01
  8.5770e+00  4.9619e+00  5.6000e-01  2.4201e+11  1.3423e+00  9.9463e-02  1.0135e-01
  8.5770e+00  4.9619e+00  5.8000e-01  3.0786e+12  1.4418e+00  1.4307e-02  1.8052e-02
  8.5770e+00  4.9619e+00  6.0000e-01  3.8543e+12  1.5488e+00  -6.4909e-02  1.2873e-02
  8.5770e+00  6.0619e+00  1.0000e-02  8.5449e+11  1.3413e+00  1.7265e+00  1.5664e-01
  8.5770e+00  6.0619e+00  2.0000e-02  9.0577e+11  1.3436e+00  1.5779e+00  1.4947e-01
  8.5770e+00  6.0619e+00  4.0000e-02  9.7115e+11  1.3439e+00  1.3826e+00  1.4024e-01
  8.5770e+00  6.0619e+00  6.0000e-02  9.6859e+11  1.3538e+00  1.2117e+00  1.4144e-01
  8.5770e+00  6.0619e+00  8.0000e-02  1.2443e+12  1.3402e+00  1.0488e+00  1.1215e-01
  8.5770e+00  6.0619e+00  1.0000e-01  1.2755e+12  1.3488e+00  9.2048e-01  1.1390e-01
  8.5770e+00  6.0619e+00  1.2000e-01  1.1478e+12  1.3701e+00  7.7109e-01  1.2632e-01
  8.5770e+00  6.0619e+00  1.4000e-01  1.3793e+12  1.3681e+00  6.1856e-01  1.0332e-01
  8.5770e+00  6.0619e+00  1.6000e-01  2.2684e+12  1.3334e+00  5.2389e-01  6.4966e-02
  8.5770e+00  6.0619e+00  1.8000e-01  3.5090e+12  1.3028e+00  4.4977e-01  4.7063e-02
  8.5770e+00  6.0619e+00  2.0000e-01  5.1778e+12  1.2763e+00  3.8321e-01  3.8982e-02
  8.5770e+00  6.0619e+00  2.2000e-01  7.2979e+12  1.2484e+00  3.1069e-01  3.3507e-02
  8.5770e+00  6.0619e+00  2.4000e-01  7.5121e+12  1.2911e+00  2.1239e-01  2.5856e-02
  8.5770e+00  6.0619e+00  2.6000e-01  8.5726e+12  1.3093e+00  1.6568e-01  2.6165e-02
  8.5770e+00  6.0619e+00  2.8000e-01  1.0987e+13  1.2969e+00  1.3937e-01  2.6196e-02
  8.5770e+00  6.0619e+00  3.0000e-01  1.4351e+13  1.2858e+00  1.1087e-01  2.4920e-02
  8.5770e+00  6.0619e+00  3.2000e-01  8.8081e+13  1.3110e+00  7.0141e-02  5.9856e-03
  8.5770e+00  6.0619e+00  3.4000e-01  5.2017e+13  1.3497e+00  3.5050e-02  7.9088e-03
  8.5770e+00  6.0619e+00  3.6000e-01  1.6674e+13  1.3834e+00  -4.7082e-02  1.8104e-02
  8.5770e+00  6.0619e+00  3.8000e-01  1.4959e+12  1.5937e+00  -2.9634e+00  1.0089e-01
  8.5770e+00  6.0619e+00  4.0000e-01  4.6041e+08  1.6025e+00  -5.7846e+00  1.2089e+01
  8.5770e+00  6.0619e+00  4.2000e-01  1.0843e+09  1.0873e+00  9.8585e+01  3.9385e+01
  8.5770e+00  6.0619e+00  4.4000e-01  6.2476e+08  8.1035e-01  8.0688e+01  2.6028e+01
  8.5770e+00  6.0619e+00  4.6000e-01  2.3646e+07  1.1241e+00  -5.1732e+02  1.2690e+00
  8.5770e+00  6.0619e+00  4.8000e-01  1.9585e+32  -4.3032e+00  1.2846e-01  -4.3352e-02
  8.5770e+00  6.0619e+00  5.0000e-01  2.7941e+11  9.0781e-01  2.0941e-01  1.2258e-01
  8.5770e+00  6.0619e+00  5.2000e-01  4.2318e+11  9.4731e-01  2.7362e-01  5.9560e-02
  8.5770e+00  6.0619e+00  5.4000e-01  3.6426e+11  1.1043e+00  2.1738e-01  7.2062e-02
  8.5770e+00  6.0619e+00  5.6000e-01  2.2164e+11  1.2139e+00  1.8844e-01  1.0598e-01
  8.5770e+00  6.0619e+00  5.8000e-01  2.3746e+11  1.3372e+00  1.0036e-01  1.0168e-01
  8.5770e+00  6.0619e+00  6.0000e-01  2.7893e+12  1.4265e+00  1.6882e-02  1.8370e-02
  8.5770e+00  7.4057e+00  1.0000e-02  9.5266e+11  1.3513e+00  1.3667e+00  1.3896e-01
  8.5770e+00  7.4057e+00  2.0000e-02  9.9915e+11  1.3492e+00  1.2454e+00  1.3366e-01
  8.5770e+00  7.4057e+00  4.0000e-02  1.1482e+12  1.3527e+00  1.0599e+00  1.1883e-01
  8.5770e+00  7.4057e+00  6.0000e-02  1.2692e+12  1.3605e+00  9.1171e-01  1.1030e-01
  8.5770e+00  7.4057e+00  8.0000e-02  1.4643e+12  1.3544e+00  7.7685e-01  9.4889e-02
  8.5770e+00  7.4057e+00  1.0000e-01  1.6430e+12  1.3588e+00  6.7359e-01  8.8242e-02
  8.5770e+00  7.4057e+00  1.2000e-01  1.5361e+12  1.3710e+00  5.9752e-01  9.6523e-02
  8.5770e+00  7.4057e+00  1.4000e-01  1.6062e+12  1.3735e+00  5.1435e-01  9.1512e-02
  8.5770e+00  7.4057e+00  1.6000e-01  2.4234e+12  1.3424e+00  4.5001e-01  6.2316e-02
  8.5770e+00  7.4057e+00  1.8000e-01  4.2120e+12  1.2977e+00  4.0132e-01  4.2228e-02
  8.5770e+00  7.4057e+00  2.0000e-01  6.4172e+12  1.2657e+00  3.4458e-01  3.4433e-02
  8.5770e+00  7.4057e+00  2.2000e-01  8.7588e+12  1.2511e+00  2.7449e-01  2.9128e-02
  8.5770e+00  7.4057e+00  2.4000e-01  8.0874e+12  1.2961e+00  1.9500e-01  2.6832e-02
  8.5770e+00  7.4057e+00  2.6000e-01  9.0205e+12  1.3151e+00  1.5212e-01  2.6302e-02
  8.5770e+00  7.4057e+00  2.8000e-01  1.1534e+13  1.3057e+00  1.2593e-01  2.5568e-02
  8.5770e+00  7.4057e+00  3.0000e-01  2.1242e+13  1.2931e+00  9.6101e-02  1.8383e-02
  8.5770e+00  7.4057e+00  3.2000e-01  4.0590e+13  1.3243e+00  6.3740e-02  1.0277e-02
  8.5770e+00  7.4057e+00  3.4000e-01  4.2013e+13  1.3462e+00  3.5921e-02  9.3397e-03
  8.5770e+00  7.4057e+00  3.6000e-01  1.8663e+13  1.3810e+00  -4.7197e-02  1.6866e-02
  8.5770e+00  7.4057e+00  3.8000e-01  1.3495e+12  1.5724e+00  -2.7743e+00  1.1144e-01
  8.5770e+00  7.4057e+00  4.0000e-01  4.0985e+08  1.5928e+00  -4.1646e+00  1.2977e+01
  8.5770e+00  7.4057e+00  4.2000e-01  1.3528e+09  1.0698e+00  9.8757e+01  3.6197e+01
  8.5770e+00  7.4057e+00  4.4000e-01  7.9365e+08  7.5978e-01  7.4578e+01  2.0537e+01
  8.5770e+00  7.4057e+00  4.6000e-01  2.1588e+08  9.6810e-01  -1.5149e+02  3.1661e-01
  8.5770e+00  7.4057e+00  4.8000e-01  4.5873e+35  -4.9885e+00  1.2688e-01  -4.9185e-02
  8.5770e+00  7.4057e+00  5.0000e-01  2.6785e+11  9.1274e-01  1.9014e-01  1.2638e-01
  8.5770e+00  7.4057e+00  5.2000e-01  3.9217e+11  8.9990e-01  3.2367e-01  5.9924e-02
  8.5770e+00  7.4057e+00  5.4000e-01  3.4549e+11  1.0190e+00  2.4913e-01  6.8307e-02
  8.5770e+00  7.4057e+00  5.6000e-01  2.9843e+11  1.1309e+00  2.1236e-01  8.0512e-02
  8.5770e+00  7.4057e+00  5.8000e-01  2.7046e+11  1.2337e+00  1.6830e-01  9.1253e-02
  8.5770e+00  7.4057e+00  6.0000e-01  2.8961e+11  1.3197e+00  1.1974e-01  9.2033e-02
  8.5770e+00  9.0474e+00  1.0000e-02  1.1303e+12  1.3572e+00  1.1779e+00  1.1864e-01
  8.5770e+00  9.0474e+00  2.0000e-02  1.2298e+12  1.3602e+00  1.0199e+00  1.1015e-01
  8.5770e+00  9.0474e+00  4.0000e-02  1.4521e+12  1.3668e+00  8.4315e-01  9.5893e-02
  8.5770e+00  9.0474e+00  6.0000e-02  1.4947e+12  1.3690e+00  7.4276e-01  9.5372e-02
  8.5770e+00  9.0474e+00  8.0000e-02  1.5989e+12  1.3667e+00  6.4029e-01  8.6101e-02
  8.5770e+00  9.0474e+00  1.0000e-01  1.8934e+12  1.3623e+00  5.7267e-01  7.5469e-02
  8.5770e+00  9.0474e+00  1.2000e-01  1.9583e+12  1.3651e+00  5.2621e-01  7.6988e-02
  8.5770e+00  9.0474e+00  1.4000e-01  2.1534e+12  1.3608e+00  4.7504e-01  7.2514e-02
  8.5770e+00  9.0474e+00  1.6000e-01  3.2109e+12  1.3290e+00  4.2239e-01  5.2725e-02
  8.5770e+00  9.0474e+00  1.8000e-01  5.5491e+12  1.2836e+00  3.7276e-01  3.6544e-02
  8.5770e+00  9.0474e+00  2.0000e-01  7.7229e+12  1.2600e+00  3.1603e-01  3.1096e-02
  8.5770e+00  9.0474e+00  2.2000e-01  8.8881e+12  1.2619e+00  2.5144e-01  2.8710e-02
  8.5770e+00  9.0474e+00  2.4000e-01  8.2119e+12  1.2970e+00  1.8843e-01  2.8422e-02
  8.5770e+00  9.0474e+00  2.6000e-01  9.3395e+12  1.3154e+00  1.4487e-01  2.6587e-02
  8.5770e+00  9.0474e+00  2.8000e-01  1.2295e+13  1.3126e+00  1.1620e-01  2.4334e-02
  8.5770e+00  9.0474e+00  3.0000e-01  3.5072e+13  1.2991e+00  8.8029e-02  1.2315e-02
  8.5770e+00  9.0474e+00  3.2000e-01  1.0384e+13  1.3197e+00  6.8709e-02  2.8957e-02
  8.5770e+00  9.0474e+00  3.4000e-01  3.5918e+13  1.3394e+00  3.7800e-02  1.0707e-02
  8.5770e+00  9.0474e+00  3.6000e-01  1.5978e+13  1.3751e+00  -4.6771e-02  1.9296e-02
  8.5770e+00  9.0474e+00  3.8000e-01  1.8722e+12  1.5439e+00  -2.5370e+00  9.4171e-02
  8.5770e+00  9.0474e+00  4.0000e-01  3.7132e+08  1.5807e+00  -2.1771e+00  1.3766e+01
  8.5770e+00  9.0474e+00  4.2000e-01  1.7818e+09  1.0473e+00  9.7832e+01  3.2674e+01
  8.5770e+00  9.0474e+00  4.4000e-01  9.3463e+08  6.8826e-01  6.0179e+01  1.7055e+01
  8.5770e+00  9.0474e+00  4.6000e-01  2.5368e+09  3.3420e-01  1.0718e-01  1.8360e-03
  8.5770e+00  9.0474e+00  4.8000e-01  6.2419e+39  -5.8332e+00  1.2159e-01  -5.4467e-02
  8.5770e+00  9.0474e+00  5.0000e-01  2.5957e+11  9.1670e-01  1.6094e-01  1.2895e-01
  8.5770e+00  9.0474e+00  5.2000e-01  3.5947e+11  8.7440e-01  3.7367e-01  6.0865e-02
  8.5770e+00  9.0474e+00  5.4000e-01  3.1193e+11  9.5733e-01  2.9099e-01  6.8632e-02
  8.5770e+00  9.0474e+00  5.6000e-01  2.8326e+11  1.0437e+00  2.4799e-01  7.5373e-02
  8.5770e+00  9.0474e+00  5.8000e-01  2.4915e+11  1.1273e+00  2.1689e-01  8.5263e-02
  8.5770e+00  9.0474e+00  6.0000e-01  2.2356e+11  1.2041e+00  1.8591e-01  9.5425e-02
  8.5770e+00  1.1053e+01  1.0000e-02  1.1860e+12  1.3557e+00  1.1620e+00  1.1206e-01
  8.5770e+00  1.1053e+01  2.0000e-02  1.3322e+12  1.3629e+00  9.7040e-01  1.0170e-01
  8.5770e+00  1.1053e+01  4.0000e-02  1.4681e+12  1.3669e+00  8.1251e-01  9.3606e-02
  8.5770e+00  1.1053e+01  6.0000e-02  1.5385e+12  1.3699e+00  7.2071e-01  9.1694e-02
  8.5770e+00  1.1053e+01  8.0000e-02  1.6677e+12  1.3702e+00  6.3200e-01  8.3493e-02
  8.5770e+00  1.1053e+01  1.0000e-01  1.9141e+12  1.3651e+00  5.7115e-01  7.3918e-02
  8.5770e+00  1.1053e+01  1.2000e-01  2.1365e+12  1.3609e+00  5.1988e-01  6.9595e-02
  8.5770e+00  1.1053e+01  1.4000e-01  2.6482e+12  1.3467e+00  4.6376e-01  6.0208e-02
  8.5770e+00  1.1053e+01  1.6000e-01  4.2354e+12  1.3099e+00  4.0736e-01  4.3283e-02
  8.5770e+00  1.1053e+01  1.8000e-01  6.6751e+12  1.2732e+00  3.5406e-01  3.3046e-02
  8.5770e+00  1.1053e+01  2.0000e-01  8.3919e+12  1.2593e+00  2.9887e-01  2.9715e-02
  8.5770e+00  1.1053e+01  2.2000e-01  8.8931e+12  1.2678e+00  2.4045e-01  2.9046e-02
  8.5770e+00  1.1053e+01  2.4000e-01  8.3828e+12  1.2966e+00  1.8384e-01  2.9063e-02
  8.5770e+00  1.1053e+01  2.6000e-01  9.6250e+12  1.3171e+00  1.3977e-01  2.6230e-02
  8.5770e+00  1.1053e+01  2.8000e-01  1.3309e+13  1.3176e+00  1.1056e-01  2.2605e-02
  8.5770e+00  1.1053e+01  3.0000e-01  3.5265e+13  1.3041e+00  8.5875e-02  1.1991e-02
  8.5770e+00  1.1053e+01  3.2000e-01  5.9762e+12  1.3039e+00  8.2578e-02  4.6387e-02
  8.5770e+00  1.1053e+01  3.4000e-01  2.2664e+13  1.3231e+00  4.2925e-02  1.5895e-02
  8.5770e+00  1.1053e+01  3.6000e-01  1.0288e+13  1.3619e+00  -4.3199e-02  2.7844e-02
  8.5770e+00  1.1053e+01  3.8000e-01  1.9351e+12  1.5094e+00  -2.2069e+00  9.6024e-02
  8.5770e+00  1.1053e+01  4.0000e-01  3.3543e+08  1.5706e+00  -1.4246e-01  1.4430e+01
  8.5770e+00  1.1053e+01  4.2000e-01  2.5569e+09  1.0129e+00  9.6773e+01  2.9197e+01
  8.5770e+00  1.1053e+01  4.4000e-01  6.5279e+08  6.0710e-01  2.7029e+01  2.0269e+01
  8.5770e+00  1.1053e+01  4.6000e-01  4.2126e+09  3.5616e-01  1.1062e-01  5.0789e-04
  8.5770e+00  1.1053e+01  4.8000e-01  6.9632e+11  2.5172e-01  1.2754e-01  1.9021e-05
  8.5770e+00  1.1053e+01  5.0000e-01  2.6931e+11  9.2008e-01  1.1531e-01  1.2244e-01
  8.5770e+00  1.1053e+01  5.2000e-01  3.2991e+11  8.6789e-01  4.1143e-01  6.1443e-02
  8.5770e+00  1.1053e+01  5.4000e-01  2.7717e+11  9.1887e-01  3.4314e-01  6.9801e-02
  8.5770e+00  1.1053e+01  5.6000e-01  2.4893e+11  9.8604e-01  2.8533e-01  7.5387e-02
  8.5770e+00  1.1053e+01  5.8000e-01  2.2910e+11  1.0509e+00  2.4996e-01  8.0508e-02
  8.5770e+00  1.1053e+01  6.0000e-01  2.0680e+11  1.1126e+00  2.2579e-01  8.8058e-02
  8.5770e+00  1.3503e+01  1.0000e-02  1.1123e+12  1.3533e+00  1.2139e+00  1.1592e-01
  8.5770e+00  1.3503e+01  2.0000e-02  1.2775e+12  1.3593e+00  1.0047e+00  1.0419e-01
  8.5770e+00  1.3503e+01  4.0000e-02  1.4313e+12  1.3646e+00  8.2813e-01  9.4911e-02
  8.5770e+00  1.3503e+01  6.0000e-02  1.5712e+12  1.3675e+00  7.2722e-01  8.8778e-02
  8.5770e+00  1.3503e+01  8.0000e-02  1.6890e+12  1.3702e+00  6.4295e-01  8.2900e-02
  8.5770e+00  1.3503e+01  1.0000e-01  1.9364e+12  1.3660e+00  5.7764e-01  7.3363e-02
  8.5770e+00  1.3503e+01  1.2000e-01  2.2175e+12  1.3594e+00  5.2083e-01  6.7384e-02
  8.5770e+00  1.3503e+01  1.4000e-01  2.9132e+12  1.3405e+00  4.5886e-01  5.5705e-02
  8.5770e+00  1.3503e+01  1.6000e-01  4.7702e+12  1.3021e+00  3.9929e-01  3.9743e-02
  8.5770e+00  1.3503e+01  1.8000e-01  7.0561e+12  1.2710e+00  3.4609e-01  3.2000e-02
  8.5770e+00  1.3503e+01  2.0000e-01  8.5394e+12  1.2601e+00  2.9316e-01  2.9518e-02
  8.5770e+00  1.3503e+01  2.2000e-01  9.0160e+12  1.2679e+00  2.3745e-01  2.9104e-02
  8.5770e+00  1.3503e+01  2.4000e-01  8.6312e+12  1.2957e+00  1.8068e-01  2.8663e-02
  8.5770e+00  1.3503e+01  2.6000e-01  9.4450e+12  1.3215e+00  1.3721e-01  2.5990e-02
  8.5770e+00  1.3503e+01  2.8000e-01  1.3995e+13  1.3204e+00  1.0863e-01  2.1275e-02
  8.5770e+00  1.3503e+01  3.0000e-01  2.6938e+13  1.3101e+00  8.6480e-02  1.4255e-02
  8.5770e+00  1.3503e+01  3.2000e-01  5.4956e+12  1.2917e+00  9.1702e-02  5.1631e-02
  8.5770e+00  1.3503e+01  3.4000e-01  4.2259e+12  1.2947e+00  6.9103e-02  6.2973e-02
  8.5770e+00  1.3503e+01  3.6000e-01  1.5896e+12  1.3306e+00  2.0443e-05  1.2401e-01
  8.5770e+00  1.3503e+01  3.8000e-01  1.6846e+12  1.4710e+00  -1.7866e+00  1.0908e-01
  8.5770e+00  1.3503e+01  4.0000e-01  2.9380e+08  1.5593e+00  2.4430e+00  1.5515e+01
  8.5770e+00  1.3503e+01  4.2000e-01  3.9672e+09  9.6152e-01  9.2581e+01  2.7054e+01
  8.5770e+00  1.3503e+01  4.4000e-01  1.6177e+09  6.4531e-01  -4.0617e+01  1.4502e+00
  8.5770e+00  1.3503e+01  4.6000e-01  5.7797e+09  3.6860e-01  1.1252e-01  1.7498e-04
  8.5770e+00  1.3503e+01  4.8000e-01  5.6003e+11  2.5652e-01  1.2629e-01  2.5300e-05
  8.5770e+00  1.3503e+01  5.0000e-01  3.5011e+11  9.2104e-01  5.4554e-02  9.0957e-02
  8.5770e+00  1.3503e+01  5.2000e-01  2.8848e+11  8.7554e-01  4.4991e-01  6.3779e-02
  8.5770e+00  1.3503e+01  5.4000e-01  2.4629e+11  9.0135e-01  3.8998e-01  6.9668e-02
  8.5770e+00  1.3503e+01  5.6000e-01  2.1614e+11  9.4789e-01  3.3630e-01  7.6235e-02
  8.5770e+00  1.3503e+01  5.8000e-01  1.9622e+11  9.9862e-01  2.9122e-01  8.0986e-02
  8.5770e+00  1.3503e+01  6.0000e-01  1.8094e+11  1.0478e+00  2.5994e-01  8.5003e-02
  8.5770e+00  1.6496e+01  1.0000e-02  9.5431e+11  1.3499e+00  1.2969e+00  1.2891e-01
  8.5770e+00  1.6496e+01  2.0000e-02  1.1114e+12  1.3561e+00  1.0743e+00  1.1460e-01
  8.5770e+00  1.6496e+01  4.0000e-02  1.3044e+12  1.3622e+00  8.6763e-01  1.0134e-01
  8.5770e+00  1.6496e+01  6.0000e-02  1.4908e+12  1.3656e+00  7.5132e-01  9.1090e-02
  8.5770e+00  1.6496e+01  8.0000e-02  1.6268e+12  1.3686e+00  6.6403e-01  8.5174e-02
  8.5770e+00  1.6496e+01  1.0000e-01  1.8555e+12  1.3662e+00  5.9116e-01  7.6025e-02
  8.5770e+00  1.6496e+01  1.2000e-01  2.1434e+12  1.3603e+00  5.2843e-01  6.9218e-02
  8.5770e+00  1.6496e+01  1.4000e-01  2.8173e+12  1.3426e+00  4.6229e-01  5.7121e-02
  8.5770e+00  1.6496e+01  1.6000e-01  4.5901e+12  1.3055e+00  4.0008e-01  4.0523e-02
  8.5770e+00  1.6496e+01  1.8000e-01  6.8447e+12  1.2749e+00  3.4546e-01  3.2223e-02
  8.5770e+00  1.6496e+01  2.0000e-01  8.4798e+12  1.2606e+00  2.9448e-01  2.9572e-02
  8.5770e+00  1.6496e+01  2.2000e-01  9.3320e+12  1.2640e+00  2.3907e-01  2.8517e-02
  8.5770e+00  1.6496e+01  2.4000e-01  8.9299e+12  1.2948e+00  1.7836e-01  2.7397e-02
  8.5770e+00  1.6496e+01  2.6000e-01  9.2288e+12  1.3293e+00  1.3497e-01  2.4985e-02
  8.5770e+00  1.6496e+01  2.8000e-01  1.4821e+13  1.3250e+00  1.0692e-01  1.9535e-02
  8.5770e+00  1.6496e+01  3.0000e-01  1.7305e+13  1.3162e+00  8.9108e-02  1.9062e-02
  8.5770e+00  1.6496e+01  3.2000e-01  5.6963e+12  1.2928e+00  9.2788e-02  4.9453e-02
  8.5770e+00  1.6496e+01  3.4000e-01  2.8025e+12  1.2630e+00  1.1223e-01  9.7919e-02
  8.5770e+00  1.6496e+01  3.6000e-01  8.7230e+11  1.2811e+00  1.3418e-01  2.3640e-01
  8.5770e+00  1.6496e+01  3.8000e-01  2.0035e+12  1.4326e+00  -1.4108e+00  9.9190e-02
  8.5770e+00  1.6496e+01  4.0000e-01  2.5717e+08  1.5469e+00  5.1158e+00  1.7340e+01
  8.5770e+00  1.6496e+01  4.2000e-01  5.2113e+09  8.9469e-01  7.0863e+01  3.3750e+01
  8.5770e+00  1.6496e+01  4.4000e-01  2.0070e+09  7.3900e-01  -1.1113e+02  4.8914e-01
  8.5770e+00  1.6496e+01  4.6000e-01  6.4673e+09  3.8598e-01  1.1573e-01  1.1332e-04
  8.5770e+00  1.6496e+01  4.8000e-01  4.6313e+11  2.7219e-01  1.2536e-01  3.0428e-05
  8.5770e+00  1.6496e+01  5.0000e-01  1.2583e+12  9.1666e-01  1.5600e-03  2.2343e-02
  8.5770e+00  1.6496e+01  5.2000e-01  2.4076e+11  8.9205e-01  4.6980e-01  6.7730e-02
  8.5770e+00  1.6496e+01  5.4000e-01  2.0599e+11  9.0069e-01  4.3983e-01  7.2072e-02
  8.5770e+00  1.6496e+01  5.6000e-01  1.8239e+11  9.2934e-01  3.9384e-01  7.6697e-02
  8.5770e+00  1.6496e+01  5.8000e-01  1.6111e+11  9.6519e-01  3.5352e-01  8.2441e-02
  8.5770e+00  1.6496e+01  6.0000e-01  1.4740e+11  1.0027e+00  3.1429e-01  8.6418e-02
  8.5770e+00  2.0153e+01  1.0000e-02  8.3587e+11  1.3437e+00  1.4115e+00  1.4392e-01
  8.5770e+00  2.0153e+01  2.0000e-02  9.9473e+11  1.3529e+00  1.1413e+00  1.2446e-01
  8.5770e+00  2.0153e+01  4.0000e-02  1.1866e+12  1.3600e+00  9.0841e-01  1.0834e-01
  8.5770e+00  2.0153e+01  6.0000e-02  1.3294e+12  1.3628e+00  7.8224e-01  9.8388e-02
  8.5770e+00  2.0153e+01  8.0000e-02  1.4889e+12  1.3673e+00  6.8781e-01  9.0361e-02
  8.5770e+00  2.0153e+01  1.0000e-01  1.7023e+12  1.3668e+00  6.0867e-01  8.0708e-02
  8.5770e+00  2.0153e+01  1.2000e-01  1.9395e+12  1.3633e+00  5.4282e-01  7.4333e-02
  8.5770e+00  2.0153e+01  1.4000e-01  2.4164e+12  1.3511e+00  4.7424e-01  6.3940e-02
  8.5770e+00  2.0153e+01  1.6000e-01  3.7610e+12  1.3186e+00  4.0847e-01  4.6114e-02
  8.5770e+00  2.0153e+01  1.8000e-01  5.9728e+12  1.2841e+00  3.5147e-01  3.4387e-02
  8.5770e+00  2.0153e+01  2.0000e-01  7.9490e+12  1.2646e+00  2.9982e-01  3.0146e-02
  8.5770e+00  2.0153e+01  2.2000e-01  9.5520e+12  1.2574e+00  2.4534e-01  2.7950e-02
  8.5770e+00  2.0153e+01  2.4000e-01  9.3597e+12  1.2906e+00  1.7805e-01  2.5520e-02
  8.5770e+00  2.0153e+01  2.6000e-01  8.9302e+12  1.3406e+00  1.3254e-01  2.3368e-02
  8.5770e+00  2.0153e+01  2.8000e-01  1.5252e+13  1.3325e+00  1.0584e-01  1.7946e-02
  8.5770e+00  2.0153e+01  3.0000e-01  1.3672e+13  1.3167e+00  9.3567e-02  2.1865e-02
  8.5770e+00  2.0153e+01  3.2000e-01  5.8248e+12  1.3004e+00  9.3808e-02  4.6153e-02
  8.5770e+00  2.0153e+01  3.4000e-01  2.7296e+12  1.2514e+00  1.3126e-01  1.0409e-01
  8.5770e+00  2.0153e+01  3.6000e-01  8.6133e+11  1.2328e+00  2.9465e-01  2.8937e-01
  8.5770e+00  2.0153e+01  3.8000e-01  6.2285e+11  1.3863e+00  -1.0292e+00  2.3830e-01
  8.5770e+00  2.0153e+01  4.0000e-01  2.5605e+08  1.5390e+00  4.0327e+00  1.9286e+01
  8.5770e+00  2.0153e+01  4.2000e-01  2.7018e+09  8.8627e-01  2.5228e+01  5.8283e+01
  8.5770e+00  2.0153e+01  4.4000e-01  5.4060e+08  8.0850e-01  -1.7886e+02  1.5836e+00
  8.5770e+00  2.0153e+01  4.6000e-01  8.7942e+09  3.6924e-01  1.2699e-01  2.6613e-05
  8.5770e+00  2.0153e+01  4.8000e-01  3.2660e+11  2.8972e-01  1.2454e-01  4.5841e-05
  8.5770e+00  2.0153e+01  5.0000e-01  1.3000e+12  9.0879e-01  -4.5098e-02  2.1097e-02
  8.5770e+00  2.0153e+01  5.2000e-01  1.9219e+11  9.1120e-01  4.8955e-01  7.1624e-02
  8.5770e+00  2.0153e+01  5.4000e-01  1.6446e+11  9.1282e-01  4.8960e-01  7.5041e-02
  8.5770e+00  2.0153e+01  5.6000e-01  1.4439e+11  9.2873e-01  4.5803e-01  7.8599e-02
  8.5770e+00  2.0153e+01  5.8000e-01  1.2668e+11  9.5300e-01  4.1906e-01  8.3356e-02
  8.5770e+00  2.0153e+01  6.0000e-01  1.1105e+11  9.8082e-01  3.8495e-01  8.8591e-02
  8.5770e+00  2.4621e+01  1.0000e-02  7.2955e+11  1.3383e+00  1.5642e+00  1.6301e-01
  8.5770e+00  2.4621e+01  2.0000e-02  9.0103e+11  1.3480e+00  1.2219e+00  1.3558e-01
  8.5770e+00  2.4621e+01  4.0000e-02  1.0919e+12  1.3573e+00  9.5353e-01  1.1526e-01
  8.5770e+00  2.4621e+01  6.0000e-02  1.2168e+12  1.3610e+00  8.1341e-01  1.0483e-01
  8.5770e+00  2.4621e+01  8.0000e-02  1.3027e+12  1.3636e+00  7.2080e-01  9.9801e-02
  8.5770e+00  2.4621e+01  1.0000e-01  1.4589e+12  1.3654e+00  6.3547e-01  9.0118e-02
  8.5770e+00  2.4621e+01  1.2000e-01  1.6652e+12  1.3668e+00  5.6516e-01  8.2370e-02
  8.5770e+00  2.4621e+01  1.4000e-01  1.9151e+12  1.3633e+00  4.9623e-01  7.5280e-02
  8.5770e+00  2.4621e+01  1.6000e-01  2.6757e+12  1.3413e+00  4.2497e-01  5.7765e-02
  8.5770e+00  2.4621e+01  1.8000e-01  4.4654e+12  1.3025e+00  3.6504e-01  4.0211e-02
  8.5770e+00  2.4621e+01  2.0000e-01  6.6686e+12  1.2735e+00  3.1196e-01  3.2483e-02
  8.5770e+00  2.4621e+01  2.2000e-01  8.8114e+12  1.2567e+00  2.5740e-01  2.8626e-02
  8.5770e+00  2.4621e+01  2.4000e-01  1.0083e+13  1.2773e+00  1.8388e-01  2.3377e-02
  8.5770e+00  2.4621e+01  2.6000e-01  7.7907e+12  1.3613e+00  1.3080e-01  2.2129e-02
  8.5770e+00  2.4621e+01  2.8000e-01  1.4625e+13  1.3467e+00  1.0609e-01  1.6680e-02
  8.5770e+00  2.4621e+01  3.0000e-01  1.2757e+13  1.3210e+00  9.6424e-02  2.1632e-02
  8.5770e+00  2.4621e+01  3.2000e-01  5.5427e+12  1.3008e+00  1.0158e-01  4.5648e-02
  8.5770e+00  2.4621e+01  3.4000e-01  3.0593e+12  1.2610e+00  1.2224e-01  8.9756e-02
  8.5770e+00  2.4621e+01  3.6000e-01  1.0556e+12  1.1893e+00  4.1767e-01  2.9498e-01
  8.5770e+00  2.4621e+01  3.8000e-01  7.2672e+10  1.2925e+00  4.1368e-01  1.4972e+00
  8.5770e+00  2.4621e+01  4.0000e-01  1.3005e+11  1.5439e+00  -1.6026e+01  4.3575e-01
  8.5770e+00  2.4621e+01  4.2000e-01  8.6393e+08  9.1341e-01  4.5809e+01  7.9350e+01
  8.5770e+00  2.4621e+01  4.4000e-01  4.6434e+08  8.2753e-01  -2.4113e+02  1.3180e+00
  8.5770e+00  2.4621e+01  4.6000e-01  8.7003e+09  3.8423e-01  1.2585e-01  2.1031e-05
  8.5770e+00  2.4621e+01  4.8000e-01  2.2904e+11  3.2113e-01  1.2441e-01  4.5130e-05
  8.5770e+00  2.4621e+01  5.0000e-01  1.4695e+12  9.0230e-01  -1.4051e-01  1.8060e-02
  8.5770e+00  2.4621e+01  5.2000e-01  1.4357e+11  9.3352e-01  5.0286e-01  7.6682e-02
  8.5770e+00  2.4621e+01  5.4000e-01  1.1735e+11  9.3740e-01  5.1856e-01  8.0875e-02
  8.5770e+00  2.4621e+01  5.6000e-01  1.0414e+11  9.4422e-01  5.1709e-01  8.1943e-02
  8.5770e+00  2.4621e+01  5.8000e-01  8.9930e+10  9.5950e-01  4.9506e-01  8.5981e-02
  8.5770e+00  2.4621e+01  6.0000e-01  7.7781e+10  9.7851e-01  4.6025e-01  9.0337e-02
  8.5770e+00  3.0079e+01  1.0000e-02  6.2089e+11  1.3296e+00  1.8080e+00  1.8857e-01
  8.5770e+00  3.0079e+01  2.0000e-02  7.9531e+11  1.3436e+00  1.3365e+00  1.5163e-01
  8.5770e+00  3.0079e+01  4.0000e-02  1.0059e+12  1.3537e+00  1.0085e+00  1.2358e-01
  8.5770e+00  3.0079e+01  6.0000e-02  1.1295e+12  1.3590e+00  8.4964e-01  1.1147e-01
  8.5770e+00  3.0079e+01  8.0000e-02  1.2319e+12  1.3621e+00  7.4618e-01  1.0401e-01
  8.5770e+00  3.0079e+01  1.0000e-01  1.3161e+12  1.3640e+00  6.6334e-01  9.7966e-02
  8.5770e+00  3.0079e+01  1.2000e-01  1.4282e+12  1.3637e+00  5.9558e-01  9.1333e-02
  8.5770e+00  3.0079e+01  1.4000e-01  1.5301e+12  1.3641e+00  5.3639e-01  8.8334e-02
  8.5770e+00  3.0079e+01  1.6000e-01  1.7427e+12  1.3608e+00  4.6557e-01  7.9902e-02
  8.5770e+00  3.0079e+01  1.8000e-01  2.5366e+12  1.3358e+00  3.9378e-01  5.8167e-02
  8.5770e+00  3.0079e+01  2.0000e-01  4.2440e+12  1.2966e+00  3.3667e-01  4.1226e-02
  8.5770e+00  3.0079e+01  2.2000e-01  6.2276e+12  1.2674e+00  2.8420e-01  3.4140e-02
  8.5770e+00  3.0079e+01  2.4000e-01  9.6867e+12  1.2452e+00  2.1648e-01  2.6976e-02
  8.5770e+00  3.0079e+01  2.6000e-01  4.7159e+12  1.4107e+00  1.2721e-01  2.2682e-02
  8.5770e+00  3.0079e+01  2.8000e-01  1.3640e+13  1.3863e+00  9.9679e-02  1.4121e-02
  8.5770e+00  3.0079e+01  3.0000e-01  8.5336e+12  1.3500e+00  9.4291e-02  2.4258e-02
  8.5770e+00  3.0079e+01  3.2000e-01  4.0173e+12  1.3217e+00  1.0157e-01  4.9383e-02
  8.5770e+00  3.0079e+01  3.4000e-01  3.3708e+12  1.2381e+00  1.3195e-01  8.4291e-02
  8.5770e+00  3.0079e+01  3.6000e-01  1.8436e+12  1.2631e+00  7.1686e-02  1.2890e-01
  8.5770e+00  3.0079e+01  3.8000e-01  2.0547e+11  1.1965e+00  5.8831e-01  1.1153e+00
  8.5770e+00  3.0079e+01  4.0000e-01  1.5473e+11  1.6352e+00  -4.0726e+01  4.5831e-01
  8.5770e+00  3.0079e+01  4.2000e-01  8.9010e+07  1.0354e+00  1.1217e+02  1.1021e+02
  8.5770e+00  3.0079e+01  4.4000e-01  1.2022e+09  7.9084e-01  -2.0890e+02  2.7822e-01
  8.5770e+00  3.0079e+01  4.6000e-01  1.0794e+10  3.7001e-01  1.3069e-01  5.7613e-06
  8.5770e+00  3.0079e+01  4.8000e-01  6.9494e+10  4.1509e-01  1.2128e-01  2.3693e-04
  8.5770e+00  3.0079e+01  5.0000e-01  7.1333e+11  9.1745e-01  -5.4885e-01  4.0093e-02
  8.5770e+00  3.0079e+01  5.2000e-01  9.8739e+10  9.5700e-01  5.1313e-01  8.3119e-02
  8.5770e+00  3.0079e+01  5.4000e-01  7.7936e+10  9.6252e-01  5.5079e-01  8.6429e-02
  8.5770e+00  3.0079e+01  5.6000e-01  6.7089e+10  9.6825e-01  5.5682e-01  8.8348e-02
  8.5770e+00  3.0079e+01  5.8000e-01  5.7655e+10  9.7817e-01  5.4983e-01  9.1018e-02
  8.5770e+00  3.0079e+01  6.0000e-01  4.9858e+10  9.8839e-01  5.4083e-01  9.3508e-02
  8.5770e+00  3.6747e+01  1.0000e-02  5.4798e+11  1.3160e+00  2.1732e+00  2.1114e-01
  8.5770e+00  3.6747e+01  2.0000e-02  6.8756e+11  1.3384e+00  1.5078e+00  1.7218e-01
  8.5770e+00  3.6747e+01  4.0000e-02  9.1351e+11  1.3505e+00  1.0833e+00  1.3457e-01
  8.5770e+00  3.6747e+01  6.0000e-02  1.0478e+12  1.3562e+00  8.9697e-01  1.1916e-01
  8.5770e+00  3.6747e+01  8.0000e-02  1.1525e+12  1.3598e+00  7.7995e-01  1.0988e-01
  8.5770e+00  3.6747e+01  1.0000e-01  1.2404e+12  1.3628e+00  6.8894e-01  1.0298e-01
  8.5770e+00  3.6747e+01  1.2000e-01  1.3367e+12  1.3627e+00  6.1720e-01  9.5965e-02
  8.5770e+00  3.6747e+01  1.4000e-01  1.4149e+12  1.3628e+00  5.6023e-01  9.2902e-02
  8.5770e+00  3.6747e+01  1.6000e-01  1.4834e+12  1.3625e+00  5.0289e-01  9.0898e-02
  8.5770e+00  3.6747e+01  1.8000e-01  1.7035e+12  1.3544e+00  4.3657e-01  8.0501e-02
  8.5770e+00  3.6747e+01  2.0000e-01  2.3782e+12  1.3279e+00  3.7486e-01  6.1060e-02
  8.5770e+00  3.6747e+01  2.2000e-01  3.5807e+12  1.2940e+00  3.2450e-01  4.6773e-02
  8.5770e+00  3.6747e+01  2.4000e-01  4.9204e+12  1.2656e+00  2.7985e-01  4.0312e-02
  8.5770e+00  3.6747e+01  2.6000e-01  5.7496e+12  1.2468e+00  2.3266e-01  3.8532e-02
  8.5770e+00  3.6747e+01  2.8000e-01  3.1474e+12  1.3311e+00  1.4313e-01  3.5673e-02
  8.5770e+00  3.6747e+01  3.0000e-01  1.5861e+12  1.4051e+00  1.0208e-01  5.4611e-02
  8.5770e+00  3.6747e+01  3.2000e-01  2.1793e+12  1.3761e+00  8.0640e-02  5.6184e-02
  8.5770e+00  3.6747e+01  3.4000e-01  1.9357e+12  1.3439e+00  7.5599e-02  7.3507e-02
  8.5770e+00  3.6747e+01  3.6000e-01  2.2560e+13  1.3387e+00  -4.6199e-02  1.3701e-02
  8.5770e+00  3.6747e+01  3.8000e-01  2.1301e+12  1.2195e+00  -4.6020e-02  1.2313e-01
  8.5770e+00  3.6747e+01  4.0000e-01  5.1882e+11  1.3594e+00  -3.6867e+00  2.4541e-01
  8.5770e+00  3.6747e+01  4.2000e-01  9.1360e+10  9.2789e-01  -1.6909e+02  1.9355e+00
  8.5770e+00  3.6747e+01  4.4000e-01  3.7628e+08  6.7925e-01  -5.1682e+01  8.5756e-01
  8.5770e+00  3.6747e+01  4.6000e-01  9.2529e+09  3.8466e-01  1.3596e-01  6.1951e-06
  8.5770e+00  3.6747e+01  4.8000e-01  4.1103e+10  4.6370e-01  1.1937e-01  1.4581e-04
  8.5770e+00  3.6747e+01  5.0000e-01  3.9261e+11  9.9164e-01  -2.9722e+00  7.5894e-02
  8.5770e+00  3.6747e+01  5.2000e-01  6.2078e+10  9.7955e-01  5.2270e-01  9.1584e-02
  8.5770e+00  3.6747e+01  5.4000e-01  4.7972e+10  9.8622e-01  5.8373e-01  9.3069e-02
  8.5770e+00  3.6747e+01  5.6000e-01  4.0824e+10  9.9053e-01  6.0021e-01  9.3069e-02
  8.5770e+00  3.6747e+01  5.8000e-01  3.5776e+10  9.9504e-01  6.0619e-01  9.3078e-02
  8.5770e+00  3.6747e+01  6.0000e-01  3.0114e+10  1.0032e+00  6.0564e-01  9.6348e-02
  8.5770e+00  4.4893e+01  1.0000e-02  4.8756e+11  1.3031e+00  2.6678e+00  2.3007e-01
  8.5770e+00  4.4893e+01  2.0000e-02  5.9738e+11  1.3291e+00  1.7713e+00  1.9404e-01
  8.5770e+00  4.4893e+01  4.0000e-02  8.0674e+11  1.3471e+00  1.1919e+00  1.4972e-01
  8.5770e+00  4.4893e+01  6.0000e-02  9.5708e+11  1.3537e+00  9.6150e-01  1.2894e-01
  8.5770e+00  4.4893e+01  8.0000e-02  1.0788e+12  1.3576e+00  8.2347e-01  1.1614e-01
  8.5770e+00  4.4893e+01  1.0000e-01  1.1633e+12  1.3612e+00  7.2376e-01  1.0882e-01
  8.5770e+00  4.4893e+01  1.2000e-01  1.2489e+12  1.3618e+00  6.4467e-01  1.0117e-01
  8.5770e+00  4.4893e+01  1.4000e-01  1.3344e+12  1.3618e+00  5.8359e-01  9.6497e-02
  8.5770e+00  4.4893e+01  1.6000e-01  1.3870e+12  1.3626e+00  5.2810e-01  9.5380e-02
  8.5770e+00  4.4893e+01  1.8000e-01  1.5027e+12  1.3594e+00  4.6407e-01  8.9254e-02
  8.5770e+00  4.4893e+01  2.0000e-01  1.9034e+12  1.3417e+00  3.9866e-01  7.2190e-02
  8.5770e+00  4.4893e+01  2.2000e-01  2.7652e+12  1.3105e+00  3.4514e-01  5.4553e-02
  8.5770e+00  4.4893e+01  2.4000e-01  3.9386e+12  1.2798e+00  3.0083e-01  4.4862e-02
  8.5770e+00  4.4893e+01  2.6000e-01  4.8543e+12  1.2561e+00  2.6146e-01  4.1462e-02
  8.5770e+00  4.4893e+01  2.8000e-01  5.1750e+12  1.2289e+00  2.2933e-01  4.3239e-02
  8.5770e+00  4.4893e+01  3.0000e-01  1.5273e+12  1.4158e+00  1.1217e-01  4.2979e-02
  8.5770e+00  4.4893e+01  3.2000e-01  1.0091e+12  1.4008e+00  1.0218e-01  7.7665e-02
  8.5770e+00  4.4893e+01  3.4000e-01  1.7729e+12  1.3774e+00  6.2471e-02  6.4651e-02
  8.5770e+00  4.4893e+01  3.6000e-01  1.9222e+13  1.3617e+00  -1.6100e-02  1.3251e-02
  8.5770e+00  4.4893e+01  3.8000e-01  1.0992e+13  1.2854e+00  -4.8051e-02  2.4606e-02
  8.5770e+00  4.4893e+01  4.0000e-01  6.3408e+10  1.2100e+00  1.4368e+00  1.5870e+00
  8.5770e+00  4.4893e+01  4.2000e-01  4.4594e+10  7.2356e-01  3.0978e+01  3.9698e+01
  8.5770e+00  4.4893e+01  4.4000e-01  2.2576e+09  7.6643e-01  -5.3415e+01  9.6839e-02
  8.5770e+00  4.4893e+01  4.6000e-01  1.1775e+10  3.8443e-01  1.3069e-01  1.7372e-06
  8.5770e+00  4.4893e+01  4.8000e-01  2.4519e+10  4.6149e-01  1.2822e-01  1.0400e-04
  8.5770e+00  4.4893e+01  5.0000e-01  6.5340e+10  1.2143e+00  -2.3507e+01  3.4669e-01
  8.5770e+00  4.4893e+01  5.2000e-01  3.7104e+10  9.9668e-01  5.3992e-01  1.0092e-01
  8.5770e+00  4.4893e+01  5.4000e-01  2.9658e+10  1.0038e+00  6.0687e-01  9.6069e-02
  8.5770e+00  4.4893e+01  5.6000e-01  2.4618e+10  1.0091e+00  6.3451e-01  9.6359e-02
  8.5770e+00  4.4893e+01  5.8000e-01  2.0074e+10  1.0182e+00  6.2802e-01  1.0297e-01
  8.5770e+00  4.4893e+01  6.0000e-01  1.6768e+10  1.0216e+00  6.4545e-01  1.0538e-01
  8.5770e+00  5.4844e+01  1.0000e-02  3.8964e+11  1.2979e+00  3.3421e+00  2.6545e-01
  8.5770e+00  5.4844e+01  2.0000e-02  5.2929e+11  1.3165e+00  2.1541e+00  2.1298e-01
  8.5770e+00  5.4844e+01  4.0000e-02  6.9970e+11  1.3427e+00  1.3527e+00  1.6807e-01
  8.5770e+00  5.4844e+01  6.0000e-02  8.5547e+11  1.3512e+00  1.0530e+00  1.4164e-01
  8.5770e+00  5.4844e+01  8.0000e-02  9.9226e+11  1.3558e+00  8.8303e-01  1.2427e-01
  8.5770e+00  5.4844e+01  1.0000e-01  1.0787e+12  1.3597e+00  7.7116e-01  1.1584e-01
  8.5770e+00  5.4844e+01  1.2000e-01  1.1637e+12  1.3614e+00  6.8067e-01  1.0704e-01
  8.5770e+00  5.4844e+01  1.4000e-01  1.2608e+12  1.3614e+00  6.1208e-01  9.9880e-02
  8.5770e+00  5.4844e+01  1.6000e-01  1.3159e+12  1.3626e+00  5.5582e-01  9.8390e-02
  8.5770e+00  5.4844e+01  1.8000e-01  1.3775e+12  1.3624e+00  4.9361e-01  9.5439e-02
  8.5770e+00  5.4844e+01  2.0000e-01  1.6288e+12  1.3517e+00  4.2461e-01  8.1481e-02
  8.5770e+00  5.4844e+01  2.2000e-01  2.2788e+12  1.3243e+00  3.6564e-01  6.1626e-02
  8.5770e+00  5.4844e+01  2.4000e-01  3.2597e+12  1.2931e+00  3.1859e-01  4.9064e-02
  8.5770e+00  5.4844e+01  2.6000e-01  4.3139e+12  1.2658e+00  2.7866e-01  4.3123e-02
  8.5770e+00  5.4844e+01  2.8000e-01  4.6283e+12  1.2448e+00  2.4553e-01  4.3557e-02
  8.5770e+00  5.4844e+01  3.0000e-01  3.7510e+12  1.2260e+00  2.0885e-01  4.8317e-02
  8.5770e+00  5.4844e+01  3.2000e-01  7.5765e+11  1.4020e+00  1.3022e-01  8.2094e-02
  8.5770e+00  5.4844e+01  3.4000e-01  1.2050e+12  1.3944e+00  7.6441e-02  7.3340e-02
  8.5770e+00  5.4844e+01  3.6000e-01  2.9317e+12  1.3663e+00  2.7240e-02  4.7394e-02
  8.5770e+00  5.4844e+01  3.8000e-01  1.2241e+13  1.3314e+00  -3.0740e-02  1.8808e-02
  8.5770e+00  5.4844e+01  4.0000e-01  4.2408e+11  1.1953e+00  1.2422e-01  3.7296e-01
  8.5770e+00  5.4844e+01  4.2000e-01  1.9960e+11  1.5735e+00  -3.2225e+01  3.7470e-01
  8.5770e+00  5.4844e+01  4.4000e-01  4.5472e+08  1.4317e+00  -3.2337e+02  2.5978e+00
  8.5770e+00  5.4844e+01  4.6000e-01  8.1314e+09  4.0590e-01  1.5017e-01  3.0176e-06
  8.5770e+00  5.4844e+01  4.8000e-01  5.9156e+10  4.0168e-01  1.3022e-01  8.4203e-07
  8.5770e+00  5.4844e+01  5.0000e-01  1.9832e+10  1.4151e+00  -6.7363e+01  6.8932e-01
  8.5770e+00  5.4844e+01  5.2000e-01  2.1674e+10  1.0113e+00  5.4746e-01  1.0939e-01
  8.5770e+00  5.4844e+01  5.4000e-01  1.7076e+10  1.0214e+00  6.2073e-01  1.0172e-01
  8.5770e+00  5.4844e+01  5.6000e-01  1.3655e+10  1.0340e+00  6.3013e-01  1.0576e-01
  8.5770e+00  5.4844e+01  5.8000e-01  1.0471e+10  1.0485e+00  6.1353e-01  1.1841e-01
  8.5770e+00  5.4844e+01  6.0000e-01  9.0319e+09  1.0459e+00  6.3843e-01  1.1968e-01
  8.5770e+00  6.7002e+01  1.0000e-02  2.9637e+11  1.3012e+00  4.2879e+00  3.1576e-01
  8.5770e+00  6.7002e+01  2.0000e-02  4.8057e+11  1.3134e+00  2.6144e+00  2.2292e-01
  8.5770e+00  6.7002e+01  4.0000e-02  6.0494e+11  1.3351e+00  1.6036e+00  1.8775e-01
  8.5770e+00  6.7002e+01  6.0000e-02  7.5103e+11  1.3482e+00  1.1875e+00  1.5659e-01
  8.5770e+00  6.7002e+01  8.0000e-02  8.8579e+11  1.3539e+00  9.7029e-01  1.3575e-01
  8.5770e+00  6.7002e+01  1.0000e-01  9.9257e+11  1.3579e+00  8.3528e-01  1.2351e-01
  8.5770e+00  6.7002e+01  1.2000e-01  1.0718e+12  1.3613e+00  7.3138e-01  1.1455e-01
  8.5770e+00  6.7002e+01  1.4000e-01  1.1774e+12  1.3612e+00  6.5082e-01  1.0440e-01
  8.5770e+00  6.7002e+01  1.6000e-01  1.2454e+12  1.3622e+00  5.9038e-01  1.0092e-01
  8.5770e+00  6.7002e+01  1.8000e-01  1.2794e+12  1.3640e+00  5.3043e-01  1.0019e-01
  8.5770e+00  6.7002e+01  2.0000e-01  1.4093e+12  1.3598e+00  4.5990e-01  9.1257e-02
  8.5770e+00  6.7002e+01  2.2000e-01  1.8409e+12  1.3394e+00  3.9327e-01  7.1382e-02
  8.5770e+00  6.7002e+01  2.4000e-01  2.6482e+12  1.3083e+00  3.4116e-01  5.4376e-02
  8.5770e+00  6.7002e+01  2.6000e-01  3.6353e+12  1.2789e+00  2.9848e-01  4.5906e-02
  8.5770e+00  6.7002e+01  2.8000e-01  4.3549e+12  1.2548e+00  2.6278e-01  4.3095e-02
  8.5770e+00  6.7002e+01  3.0000e-01  4.3383e+12  1.2226e+00  2.4666e-01  4.7209e-02
  8.5770e+00  6.7002e+01  3.2000e-01  1.2411e+12  1.4106e+00  1.1622e-01  4.7599e-02
  8.5770e+00  6.7002e+01  3.4000e-01  7.9489e+11  1.4014e+00  1.0413e-01  8.5514e-02
  8.5770e+00  6.7002e+01  3.6000e-01  1.3343e+12  1.3710e+00  6.4002e-02  7.5378e-02
  8.5770e+00  6.7002e+01  3.8000e-01  1.3292e+13  1.3648e+00  -2.2334e-02  1.5424e-02
  8.5770e+00  6.7002e+01  4.0000e-01  3.5969e+12  1.2547e+00  -4.7652e-02  5.6211e-02
  8.5770e+00  6.7002e+01  4.2000e-01  3.1365e+10  1.2863e+00  1.4587e-01  1.7382e+00
  8.5770e+00  6.7002e+01  4.4000e-01  6.0094e+10  6.1510e-01  3.2314e+01  3.3258e+01
  8.5770e+00  6.7002e+01  4.6000e-01  1.1966e+43  -7.0091e+00  1.5926e-01  -7.2495e-02
  8.5770e+00  6.7002e+01  4.8000e-01  2.0627e+10  4.2178e-01  1.5483e-01  3.1064e-06
  8.5770e+00  6.7002e+01  5.0000e-01  7.0932e+09  1.5592e+00  -1.0710e+02  1.0801e+00
  8.5770e+00  6.7002e+01  5.2000e-01  1.3365e+10  1.0163e+00  5.5585e-01  1.1243e-01
  8.5770e+00  6.7002e+01  5.4000e-01  1.0018e+10  1.0341e+00  6.1336e-01  1.0705e-01
  8.5770e+00  6.7002e+01  5.6000e-01  7.4959e+09  1.0566e+00  6.0536e-01  1.1796e-01
  8.5770e+00  6.7002e+01  5.8000e-01  6.3268e+09  1.0581e+00  6.2912e-01  1.1825e-01
  8.5770e+00  6.7002e+01  6.0000e-01  5.2685e+09  1.0623e+00  6.3163e-01  1.2194e-01
  8.5770e+00  8.1855e+01  1.0000e-02  2.2154e+11  1.3012e+00  5.7290e+00  3.8120e-01
  8.5770e+00  8.1855e+01  2.0000e-02  3.4142e+11  1.3070e+00  3.4247e+00  2.8071e-01
  8.5770e+00  8.1855e+01  4.0000e-02  5.8885e+11  1.3257e+00  1.9426e+00  1.8930e-01
  8.5770e+00  8.1855e+01  6.0000e-02  6.4230e+11  1.3424e+00  1.4051e+00  1.7518e-01
  8.5770e+00  8.1855e+01  8.0000e-02  7.6540e+11  1.3519e+00  1.1071e+00  1.5131e-01
  8.5770e+00  8.1855e+01  1.0000e-01  8.9106e+11  1.3559e+00  9.2800e-01  1.3283e-01
  8.5770e+00  8.1855e+01  1.2000e-01  9.6765e+11  1.3602e+00  8.0703e-01  1.2407e-01
  8.5770e+00  8.1855e+01  1.4000e-01  1.0601e+12  1.3618e+00  7.0848e-01  1.1268e-01
  8.5770e+00  8.1855e+01  1.6000e-01  1.1569e+12  1.3615e+00  6.3701e-01  1.0435e-01
  8.5770e+00  8.1855e+01  1.8000e-01  1.1927e+12  1.3637e+00  5.7760e-01  1.0361e-01
  8.5770e+00  8.1855e+01  2.0000e-01  1.2337e+12  1.3649e+00  5.0992e-01  1.0070e-01
  8.5770e+00  8.1855e+01  2.2000e-01  1.4579e+12  1.3544e+00  4.3557e-01  8.5150e-02
  8.5770e+00  8.1855e+01  2.4000e-01  2.0239e+12  1.3274e+00  3.7404e-01  6.3891e-02
  8.5770e+00  8.1855e+01  2.6000e-01  2.8638e+12  1.2966e+00  3.2598e-01  5.0616e-02
  8.5770e+00  8.1855e+01  2.8000e-01  3.7364e+12  1.2693e+00  2.8638e-01  4.4609e-02
  8.5770e+00  8.1855e+01  3.0000e-01  4.0525e+12  1.2469e+00  2.5580e-01  4.4561e-02
  8.5770e+00  8.1855e+01  3.2000e-01  3.8889e+12  1.2052e+00  2.3337e-01  5.0373e-02
  8.5770e+00  8.1855e+01  3.4000e-01  6.7448e+11  1.4005e+00  1.3598e-01  7.9184e-02
  8.5770e+00  8.1855e+01  3.6000e-01  8.9929e+11  1.3943e+00  8.6002e-02  8.0320e-02
  8.5770e+00  8.1855e+01  3.8000e-01  1.5515e+12  1.3683e+00  3.9231e-02  6.5857e-02
  8.5770e+00  8.1855e+01  4.0000e-01  8.6040e+12  1.3372e+00  -2.8910e-02  2.0914e-02
  8.5770e+00  8.1855e+01  4.2000e-01  3.7447e+11  1.2084e+00  7.6549e-02  3.2766e-01
  8.5770e+00  8.1855e+01  4.4000e-01  2.6072e+11  1.5058e+00  -1.6714e+01  2.5563e-01
  8.5770e+00  8.1855e+01  4.6000e-01  3.4759e+10  1.0265e+00  -2.0809e+02  5.0358e-01
  8.5770e+00  8.1855e+01  4.8000e-01  1.5726e+10  4.3259e-01  1.5168e-01  1.4970e-06
  8.5770e+00  8.1855e+01  5.0000e-01  4.2235e+09  1.6462e+00  -1.2815e+02  1.1346e+00
  8.5770e+00  8.1855e+01  5.2000e-01  8.0270e+09  1.0242e+00  5.4295e-01  1.1782e-01
  8.5770e+00  8.1855e+01  5.4000e-01  5.6242e+09  1.0538e+00  5.6073e-01  1.2066e-01
  8.5770e+00  8.1855e+01  5.6000e-01  4.3052e+09  1.0668e+00  6.0331e-01  1.2704e-01
  8.5770e+00  8.1855e+01  5.8000e-01  3.6581e+09  1.0742e+00  6.1457e-01  1.2585e-01
  8.5770e+00  8.1855e+01  6.0000e-01  3.1866e+09  1.0739e+00  6.2850e-01  1.2812e-01
  8.5770e+00  1.0000e+02  1.0000e-02  1.3444e+11  1.3130e+00  8.4088e+00  5.3373e-01
  8.5770e+00  1.0000e+02  2.0000e-02  2.5554e+11  1.3084e+00  4.5826e+00  3.3732e-01
  8.5770e+00  1.0000e+02  4.0000e-02  4.4778e+11  1.3228e+00  2.4742e+00  2.2321e-01
  8.5770e+00  1.0000e+02  6.0000e-02  5.4509e+11  1.3332e+00  1.7509e+00  1.9460e-01
  8.5770e+00  1.0000e+02  8.0000e-02  6.4809e+11  1.3461e+00  1.3340e+00  1.6936e-01
  8.5770e+00  1.0000e+02  1.0000e-01  7.5419e+11  1.3538e+00  1.0803e+00  1.4883e-01
  8.5770e+00  1.0000e+02  1.2000e-01  8.5332e+11  1.3575e+00  9.2184e-01  1.3420e-01
  8.5770e+00  1.0000e+02  1.4000e-01  9.1874e+11  1.3621e+00  8.0219e-01  1.2542e-01
  8.5770e+00  1.0000e+02  1.6000e-01  1.0222e+12  1.3620e+00  7.0689e-01  1.1242e-01
  8.5770e+00  1.0000e+02  1.8000e-01  1.0973e+12  1.3623e+00  6.3921e-01  1.0628e-01
  8.5770e+00  1.0000e+02  2.0000e-01  1.1109e+12  1.3654e+00  5.7707e-01  1.0677e-01
  8.5770e+00  1.0000e+02  2.2000e-01  1.1670e+12  1.3653e+00  5.0262e-01  1.0115e-01
  8.5770e+00  1.0000e+02  2.4000e-01  1.4383e+12  1.3505e+00  4.2744e-01  8.1739e-02
  8.5770e+00  1.0000e+02  2.6000e-01  2.0241e+12  1.3214e+00  3.6835e-01  6.0911e-02
  8.5770e+00  1.0000e+02  2.8000e-01  2.7981e+12  1.2916e+00  3.2183e-01  4.9469e-02
  8.5770e+00  1.0000e+02  3.0000e-01  3.5291e+12  1.2652e+00  2.8394e-01  4.4517e-02
  8.5770e+00  1.0000e+02  3.2000e-01  3.6496e+12  1.2421e+00  2.5766e-01  4.5785e-02
  8.5770e+00  1.0000e+02  3.4000e-01  2.7984e+12  1.2398e+00  1.9969e-01  4.8791e-02
  8.5770e+00  1.0000e+02  3.6000e-01  6.2298e+11  1.4000e+00  1.2824e-01  8.1353e-02
  8.5770e+00  1.0000e+02  3.8000e-01  9.2066e+11  1.3887e+00  7.7210e-02  7.5690e-02
  8.5770e+00  1.0000e+02  4.0000e-01  4.7412e+12  1.3686e+00  1.1852e-02  2.6727e-02
  8.5770e+00  1.0000e+02  4.2000e-01  1.1951e+13  1.3154e+00  -3.9135e-02  1.5113e-02
  8.5770e+00  1.0000e+02  4.4000e-01  6.5968e+10  1.2303e+00  5.6935e-01  9.1008e-01
  8.5770e+00  1.0000e+02  4.6000e-01  4.5711e+09  1.1009e+00  -1.5376e+01  2.0018e+01
  8.5770e+00  1.0000e+02  4.8000e-01  1.1467e+10  4.9460e-01  1.2760e-01  3.7680e-05
  8.5770e+00  1.0000e+02  5.0000e-01  2.1750e+09  1.6256e+00  -1.0268e+02  1.2443e+00
  8.5770e+00  1.0000e+02  5.2000e-01  4.8479e+09  1.0381e+00  4.9300e-01  1.2437e-01
  8.5770e+00  1.0000e+02  5.4000e-01  3.6050e+09  1.0524e+00  5.4058e-01  1.1945e-01
  8.5770e+00  1.0000e+02  5.6000e-01  3.0314e+09  1.0601e+00  6.1142e-01  1.2343e-01
  8.5770e+00  1.0000e+02  5.8000e-01  2.6847e+09  1.0552e+00  6.9109e-01  1.2413e-01
  8.5770e+00  1.0000e+02  6.0000e-01  2.3136e+09  1.0579e+00  7.1495e-01  1.2243e-01
  8.5770e+00  1.5000e+02  1.0000e-02  1.4005e+09  1.6567e+00  2.9200e+01  1.0515e+01
  8.5770e+00  1.5000e+02  2.0000e-02  3.5870e+10  1.4144e+00  1.1916e+01  1.0701e+00
  8.5770e+00  1.5000e+02  4.0000e-02  2.3274e+11  1.3219e+00  4.8017e+00  3.3793e-01
  8.5770e+00  1.5000e+02  6.0000e-02  3.2575e+11  1.3292e+00  3.0745e+00  2.6201e-01
  8.5770e+00  1.5000e+02  8.0000e-02  5.7009e+11  1.3447e+00  2.1364e+00  1.7057e-01
  8.5770e+00  1.5000e+02  1.0000e-01  5.1058e+11  1.3402e+00  1.7630e+00  1.8639e-01
  8.5770e+00  1.5000e+02  1.2000e-01  5.6534e+11  1.3469e+00  1.4487e+00  1.7195e-01
  8.5770e+00  1.5000e+02  1.4000e-01  6.2666e+11  1.3537e+00  1.2115e+00  1.5708e-01
  8.5770e+00  1.5000e+02  1.6000e-01  6.9184e+11  1.3575e+00  1.0430e+00  1.4385e-01
  8.5770e+00  1.5000e+02  1.8000e-01  7.2978e+11  1.3630e+00  9.1025e-01  1.3661e-01
  8.5770e+00  1.5000e+02  2.0000e-01  7.9997e+11  1.3640e+00  7.9742e-01  1.2317e-01
  8.5770e+00  1.5000e+02  2.2000e-01  8.7369e+11  1.3627e+00  7.1737e-01  1.1289e-01
  8.5770e+00  1.5000e+02  2.4000e-01  8.7832e+11  1.3659e+00  6.5220e-01  1.1332e-01
  8.5770e+00  1.5000e+02  2.6000e-01  8.6925e+11  1.3700e+00  5.7609e-01  1.1335e-01
  8.5770e+00  1.5000e+02  2.8000e-01  9.6386e+11  1.3644e+00  4.9080e-01  9.9121e-02
  8.5770e+00  1.5000e+02  3.0000e-01  1.2691e+12  1.3410e+00  4.1996e-01  7.4545e-02
  8.5770e+00  1.5000e+02  3.2000e-01  1.7452e+12  1.3108e+00  3.6638e-01  5.6612e-02
  8.5770e+00  1.5000e+02  3.4000e-01  2.2438e+12  1.2835e+00  3.2316e-01  4.8118e-02
  8.5770e+00  1.5000e+02  3.6000e-01  2.5742e+12  1.2594e+00  2.8860e-01  4.4993e-02
  8.5770e+00  1.5000e+02  3.8000e-01  2.5716e+12  1.2343e+00  2.5932e-01  4.6500e-02
  8.5770e+00  1.5000e+02  4.0000e-01  1.1802e+12  1.3533e+00  1.3454e-01  4.1772e-02
  8.5770e+00  1.5000e+02  4.2000e-01  5.0016e+11  1.3958e+00  1.0797e-01  7.3378e-02
  8.5770e+00  1.5000e+02  4.4000e-01  7.2068e+11  1.3619e+00  7.0476e-02  6.6823e-02
  8.5770e+00  1.5000e+02  4.6000e-01  4.9491e+12  1.3560e+00  -2.6811e-02  1.5142e-02
  8.5770e+00  1.5000e+02  4.8000e-01  9.2435e+10  1.2006e+00  5.0465e-02  3.5513e-01
  8.5770e+00  1.5000e+02  5.0000e-01  3.3248e+09  1.2950e+00  -1.9934e+01  4.2551e-01
  8.5770e+00  1.5000e+02  5.2000e-01  1.7169e+09  1.0606e+00  3.9197e-01  1.6424e-01
  8.5770e+00  1.5000e+02  5.4000e-01  1.5557e+09  1.0455e+00  5.6795e-01  1.4045e-01
  8.5770e+00  1.5000e+02  5.6000e-01  1.5487e+09  1.0457e+00  6.5940e-01  1.1280e-01
  8.5770e+00  1.5000e+02  5.8000e-01  2.2225e+09  1.0208e+00  1.0129e+00  7.0013e-02
  8.5770e+00  1.5000e+02  6.0000e-01  1.3083e+09  1.0591e+00  6.6429e-01  1.0416e-01
  8.5770e+00  2.0000e+02  1.0000e-02  8.9853e+07  1.8931e+00  2.8344e+01  3.6115e+01
  8.5770e+00  2.0000e+02  2.0000e-02  1.3294e+09  1.6756e+00  2.5687e+01  1.1370e+01
  8.5770e+00  2.0000e+02  4.0000e-02  2.6915e+10  1.4545e+00  1.0914e+01  1.1655e+00
  8.5770e+00  2.0000e+02  6.0000e-02  1.6241e+11  1.3362e+00  5.6857e+00  4.1422e-01
  8.5770e+00  2.0000e+02  8.0000e-02  2.4794e+11  1.3314e+00  3.8455e+00  3.0003e-01
  8.5770e+00  2.0000e+02  1.0000e-01  3.0409e+11  1.3380e+00  2.8879e+00  2.5357e-01
  8.5770e+00  2.0000e+02  1.2000e-01  3.6578e+11  1.3424e+00  2.2903e+00  2.1772e-01
  8.5770e+00  2.0000e+02  1.4000e-01  4.2574e+11  1.3455e+00  1.8882e+00  1.9179e-01
  8.5770e+00  2.0000e+02  1.6000e-01  5.0366e+11  1.3491e+00  1.5930e+00  1.6762e-01
  8.5770e+00  2.0000e+02  1.8000e-01  5.0850e+11  1.3533e+00  1.3844e+00  1.6354e-01
  8.5770e+00  2.0000e+02  2.0000e-01  5.4995e+11  1.3563e+00  1.2107e+00  1.5135e-01
  8.5770e+00  2.0000e+02  2.2000e-01  5.7053e+11  1.3610e+00  1.0733e+00  1.4513e-01
  8.5770e+00  2.0000e+02  2.4000e-01  5.9061e+11  1.3653e+00  9.4503e-01  1.3704e-01
  8.5770e+00  2.0000e+02  2.6000e-01  6.3718e+11  1.3643e+00  8.4134e-01  1.2366e-01
  8.5770e+00  2.0000e+02  2.8000e-01  6.6314e+11  1.3637e+00  7.6612e-01  1.1720e-01
  8.5770e+00  2.0000e+02  3.0000e-01  6.3748e+11  1.3682e+00  6.9696e-01  1.1998e-01
  8.5770e+00  2.0000e+02  3.2000e-01  6.1178e+11  1.3734e+00  6.1102e-01  1.2019e-01
  8.5770e+00  2.0000e+02  3.4000e-01  6.5614e+11  1.3683e+00  5.2037e-01  1.0516e-01
  8.5770e+00  2.0000e+02  3.6000e-01  8.2167e+11  1.3457e+00  4.4951e-01  7.9832e-02
  8.5770e+00  2.0000e+02  3.8000e-01  1.0735e+12  1.3154e+00  3.9718e-01  6.0014e-02
  8.5770e+00  2.0000e+02  4.0000e-01  1.2817e+12  1.2891e+00  3.5441e-01  5.0523e-02
  8.5770e+00  2.0000e+02  4.2000e-01  1.3555e+12  1.2662e+00  3.1832e-01  4.6788e-02
  8.5770e+00  2.0000e+02  4.4000e-01  1.2980e+12  1.2423e+00  2.7355e-01  4.5444e-02
  8.5770e+00  2.0000e+02  4.6000e-01  7.4163e+11  1.3571e+00  1.2652e-01  3.2294e-02
  8.5770e+00  2.0000e+02  4.8000e-01  2.2263e+11  1.3795e+00  9.4887e-02  5.9032e-02
  8.5770e+00  2.0000e+02  5.0000e-01  2.0801e+10  8.8736e-01  -7.5866e-01  5.4967e-02
  8.5770e+00  2.0000e+02  5.2000e-01  9.6776e+08  1.0497e+00  4.0691e-01  1.6158e-01
  8.5770e+00  2.0000e+02  5.4000e-01  8.3265e+08  1.0504e+00  5.6648e-01  1.3022e-01
  8.5770e+00  2.0000e+02  5.6000e-01  1.1962e+09  1.0017e+00  1.2734e+00  8.6459e-02
  8.5770e+00  2.0000e+02  5.8000e-01  5.7999e+08  1.0641e+00  1.3509e+00  1.1214e-01
  8.5770e+00  2.0000e+02  6.0000e-01  6.4649e+08  1.0462e+00  1.6262e+00  8.6027e-02
  8.5770e+00  2.5000e+02  1.0000e-02  8.0954e+10  2.3040e+00  -5.2830e+01  7.4332e-01
  8.5770e+00  2.5000e+02  2.0000e-02  1.9272e+08  1.8413e+00  2.4423e+01  2.7098e+01
  8.5770e+00  2.5000e+02  4.0000e-02  1.7593e+09  1.6758e+00  1.9424e+01  8.2604e+00
  8.5770e+00  2.5000e+02  6.0000e-02  8.8818e+09  1.5525e+00  1.2097e+01  1.9513e+00
  8.5770e+00  2.5000e+02  8.0000e-02  7.6433e+10  1.3926e+00  7.0687e+00  6.1333e-01
  8.5770e+00  2.5000e+02  1.0000e-01  1.6827e+11  1.3495e+00  4.8735e+00  3.7018e-01
  8.5770e+00  2.5000e+02  1.2000e-01  2.2856e+11  1.3436e+00  3.7134e+00  2.9075e-01
  8.5770e+00  2.5000e+02  1.4000e-01  2.7457e+11  1.3489e+00  2.9648e+00  2.4697e-01
  8.5770e+00  2.5000e+02  1.6000e-01  3.0326e+11  1.3501e+00  2.4699e+00  2.2483e-01
  8.5770e+00  2.5000e+02  1.8000e-01  3.3896e+11  1.3519e+00  2.0980e+00  2.0210e-01
  8.5770e+00  2.5000e+02  2.0000e-01  3.7589e+11  1.3536e+00  1.8177e+00  1.8305e-01
  8.5770e+00  2.5000e+02  2.2000e-01  3.9893e+11  1.3560e+00  1.5972e+00  1.7041e-01
  8.5770e+00  2.5000e+02  2.4000e-01  4.2302e+11  1.3572e+00  1.4181e+00  1.5814e-01
  8.5770e+00  2.5000e+02  2.6000e-01  4.5470e+11  1.3588e+00  1.2736e+00  1.4644e-01
  8.5770e+00  2.5000e+02  2.8000e-01  4.3851e+11  1.3637e+00  1.1494e+00  1.4564e-01
  8.5770e+00  2.5000e+02  3.0000e-01  4.3467e+11  1.3667e+00  1.0279e+00  1.3887e-01
  8.5770e+00  2.5000e+02  3.2000e-01  4.5059e+11  1.3647e+00  9.2953e-01  1.2726e-01
  8.5770e+00  2.5000e+02  3.4000e-01  4.4911e+11  1.3638e+00  8.5486e-01  1.2179e-01
  8.5770e+00  2.5000e+02  3.6000e-01  4.1301e+11  1.3680e+00  7.8464e-01  1.2461e-01
  8.5770e+00  2.5000e+02  3.8000e-01  3.6439e+11  1.3755e+00  6.9641e-01  1.2851e-01
  8.5770e+00  2.5000e+02  4.0000e-01  3.4445e+11  1.3761e+00  5.9573e-01  1.1930e-01
  8.5770e+00  2.5000e+02  4.2000e-01  3.7132e+11  1.3600e+00  5.1511e-01  9.5218e-02
  8.5770e+00  2.5000e+02  4.4000e-01  4.2393e+11  1.3290e+00  4.6308e-01  7.0863e-02
  8.5770e+00  2.5000e+02  4.6000e-01  4.1400e+11  1.2989e+00  4.2467e-01  5.8078e-02
  8.5770e+00  2.5000e+02  4.8000e-01  2.7032e+11  1.2760e+00  4.0097e-01  5.5382e-02
  8.5770e+00  2.5000e+02  5.0000e-01  9.8636e+10  5.6228e-01  1.1904e-01  5.1242e-04
  8.5770e+00  2.5000e+02  5.2000e-01  1.7895e+08  1.1296e+00  5.1695e-01  2.3132e-01
  8.5770e+00  2.5000e+02  5.4000e-01  2.2094e+08  1.0920e+00  9.5080e-01  1.8692e-01
  8.5770e+00  2.5000e+02  5.6000e-01  2.0820e+08  1.1115e+00  8.3522e-01  1.7303e-01
  8.5770e+00  2.5000e+02  5.8000e-01  2.0362e+08  1.1147e+00  1.0987e+00  1.4789e-01
  8.5770e+00  2.5000e+02  6.0000e-01  8.7607e+07  1.2246e+00  4.7529e-01  2.2255e-01
  8.5770e+00  3.0000e+02  1.0000e-02  5.8333e+10  2.4228e+00  -7.2637e+01  7.4816e-01
  8.5770e+00  3.0000e+02  2.0000e-02  2.8549e+07  2.0539e+00  1.8093e+00  4.0617e+01
  8.5770e+00  3.0000e+02  4.0000e-02  5.7155e+08  1.7652e+00  2.0729e+01  1.7171e+01
  8.5770e+00  3.0000e+02  6.0000e-02  1.7845e+09  1.6853e+00  1.7057e+01  8.2382e+00
  8.5770e+00  3.0000e+02  8.0000e-02  2.4672e+09  1.6743e+00  1.2652e+01  3.9328e+00
  8.5770e+00  3.0000e+02  1.0000e-01  1.6337e+10  1.5207e+00  8.9314e+00  1.2982e+00
  8.5770e+00  3.0000e+02  1.2000e-01  6.6436e+10  1.4153e+00  6.3579e+00  6.0791e-01
  8.5770e+00  3.0000e+02  1.4000e-01  1.2952e+11  1.3724e+00  4.8671e+00  3.9978e-01
  8.5770e+00  3.0000e+02  1.6000e-01  1.8008e+11  1.3599e+00  3.9124e+00  3.1156e-01
  8.5770e+00  3.0000e+02  1.8000e-01  2.1101e+11  1.3558e+00  3.2740e+00  2.6978e-01
  8.5770e+00  3.0000e+02  2.0000e-01  2.3491e+11  1.3585e+00  2.7865e+00  2.4056e-01
  8.5770e+00  3.0000e+02  2.2000e-01  2.5217e+11  1.3597e+00  2.4195e+00  2.2050e-01
  8.5770e+00  3.0000e+02  2.4000e-01  2.6925e+11  1.3612e+00  2.1317e+00  2.0288e-01
  8.5770e+00  3.0000e+02  2.6000e-01  2.8360e+11  1.3634e+00  1.8943e+00  1.8744e-01
  8.5770e+00  3.0000e+02  2.8000e-01  3.0845e+11  1.3647e+00  1.6896e+00  1.6801e-01
  8.5770e+00  3.0000e+02  3.0000e-01  3.0052e+11  1.3631e+00  1.5461e+00  1.6375e-01
  8.5770e+00  3.0000e+02  3.2000e-01  3.0406e+11  1.3657e+00  1.4128e+00  1.5482e-01
  8.5770e+00  3.0000e+02  3.4000e-01  2.8051e+11  1.3693e+00  1.2954e+00  1.5410e-01
  8.5770e+00  3.0000e+02  3.6000e-01  2.6979e+11  1.3704e+00  1.1789e+00  1.4569e-01
  8.5770e+00  3.0000e+02  3.8000e-01  2.6558e+11  1.3675e+00  1.0831e+00  1.3400e-01
  8.5770e+00  3.0000e+02  4.0000e-01  2.4764e+11  1.3655e+00  1.0105e+00  1.2800e-01
  8.5770e+00  3.0000e+02  4.2000e-01  2.0918e+11  1.3680e+00  9.4703e-01  1.2964e-01
  8.5770e+00  3.0000e+02  4.4000e-01  1.5600e+11  1.3763e+00  8.6968e-01  1.3679e-01
  8.5770e+00  3.0000e+02  4.6000e-01  1.0296e+11  1.3841e+00  8.0195e-01  1.3926e-01
  8.5770e+00  3.0000e+02  4.8000e-01  4.7756e+10  1.3913e+00  8.1972e-01  1.4182e-01
  8.5770e+00  3.0000e+02  5.0000e-01  2.7233e+10  1.3009e+00  -4.3637e-02  1.4425e-02
  8.5770e+00  3.0000e+02  5.2000e-01  2.4507e+08  1.0578e+00  4.4379e-01  2.3305e-01
  8.5770e+00  3.0000e+02  5.4000e-01  1.1677e+08  1.1288e+00  5.9861e-01  2.0197e-01
  8.5770e+00  3.0000e+02  5.6000e-01  8.8241e+07  1.1609e+00  6.0910e-01  2.0757e-01
  8.5770e+00  3.0000e+02  5.8000e-01  5.4022e+07  1.2238e+00  4.6840e-01  2.4917e-01
  8.5770e+00  3.0000e+02  6.0000e-01  1.2752e+08  1.1064e+00  1.0735e+00  1.3587e-01
  1.1659e+01  3.3246e+00  1.0000e-02  8.2357e+11  1.3043e+00  3.4309e+00  1.3548e-01
  1.1659e+01  3.3246e+00  2.0000e-02  8.1806e+11  1.3023e+00  3.1786e+00  1.3429e-01
  1.1659e+01  3.3246e+00  4.0000e-02  8.2951e+11  1.3010e+00  2.8238e+00  1.3097e-01
  1.1659e+01  3.3246e+00  6.0000e-02  8.0794e+11  1.3021e+00  2.5538e+00  1.3375e-01
  1.1659e+01  3.3246e+00  8.0000e-02  9.0800e+11  1.2959e+00  2.3094e+00  1.2464e-01
  1.1659e+01  3.3246e+00  1.0000e-01  8.1517e+11  1.3094e+00  2.0920e+00  1.4246e-01
  1.1659e+01  3.3246e+00  1.2000e-01  6.9965e+11  1.3365e+00  1.7479e+00  1.4686e-01
  1.1659e+01  3.3246e+00  1.4000e-01  8.5655e+11  1.3251e+00  1.4686e+00  1.1489e-01
  1.1659e+01  3.3246e+00  1.6000e-01  1.0805e+12  1.3119e+00  1.2402e+00  1.0186e-01
  1.1659e+01  3.3246e+00  1.8000e-01  1.5070e+12  1.2895e+00  1.0564e+00  8.8244e-02
  1.1659e+01  3.3246e+00  2.0000e-01  2.3066e+12  1.2578e+00  8.7822e-01  7.2644e-02
  1.1659e+01  3.3246e+00  2.2000e-01  3.3197e+12  1.2329e+00  7.2171e-01  6.0722e-02
  1.1659e+01  3.3246e+00  2.4000e-01  3.9882e+12  1.2315e+00  5.6667e-01  5.5984e-02
  1.1659e+01  3.3246e+00  2.6000e-01  4.1694e+12  1.2464e+00  4.3114e-01  5.5726e-02
  1.1659e+01  3.3246e+00  2.8000e-01  4.1314e+12  1.2698e+00  3.2276e-01  5.5541e-02
  1.1659e+01  3.3246e+00  3.0000e-01  4.0102e+12  1.2918e+00  2.4436e-01  5.6242e-02
  1.1659e+01  3.3246e+00  3.2000e-01  7.0613e+12  1.2794e+00  1.4364e-01  4.3130e-02
  1.1659e+01  3.3246e+00  3.4000e-01  7.5828e+13  1.3107e+00  5.8289e-02  6.9813e-03
  1.1659e+01  3.3246e+00  3.6000e-01  1.8640e+13  1.3816e+00  -5.1462e-02  1.6743e-02
  1.1659e+01  3.3246e+00  3.8000e-01  1.8455e+12  1.5939e+00  -2.9483e+00  8.5268e-02
  1.1659e+01  3.3246e+00  4.0000e-01  9.9705e+10  1.6275e+00  -1.1437e+01  4.2526e-01
  1.1659e+01  3.3246e+00  4.2000e-01  7.1302e+08  1.1142e+00  9.9832e+01  4.6708e+01
  1.1659e+01  3.3246e+00  4.4000e-01  3.2852e+08  9.0555e-01  8.7676e+01  4.5616e+01
  1.1659e+01  3.3246e+00  4.6000e-01  1.7467e+07  7.6639e-01  -7.3460e+02  3.3916e+00
  1.1659e+01  3.3246e+00  4.8000e-01  5.5552e+10  8.4675e-02  1.0598e-01  4.0738e-04
  1.1659e+01  3.3246e+00  5.0000e-01  2.8869e+11  8.8405e-01  2.4718e-01  1.1286e-01
  1.1659e+01  3.3246e+00  5.2000e-01  2.0065e+11  1.1994e+00  2.0962e-01  1.0596e-01
  1.1659e+01  3.3246e+00  5.4000e-01  8.5438e+11  1.4456e+00  2.7714e-02  3.8715e-02
  1.1659e+01  3.3246e+00  5.6000e-01  7.4577e+11  1.4126e+00  5.3160e-02  7.2243e-02
  1.1659e+01  3.3246e+00  5.8000e-01  1.1345e+12  1.2310e+00  2.7882e-01  1.0396e-01
  1.1659e+01  3.3246e+00  6.0000e-01  1.7097e+12  1.1732e+00  3.4857e-01  8.8643e-02
  1.1659e+01  4.0616e+00  1.0000e-02  8.9569e+11  1.3059e+00  2.9545e+00  1.4253e-01
  1.1659e+01  4.0616e+00  2.0000e-02  8.9674e+11  1.3055e+00  2.7552e+00  1.4169e-01
  1.1659e+01  4.0616e+00  4.0000e-02  9.1871e+11  1.3025e+00  2.4718e+00  1.3882e-01
  1.1659e+01  4.0616e+00  6.0000e-02  8.7640e+11  1.3095e+00  2.2245e+00  1.4512e-01
  1.1659e+01  4.0616e+00  8.0000e-02  1.0667e+12  1.2988e+00  1.9844e+00  1.2462e-01
  1.1659e+01  4.0616e+00  1.0000e-01  9.1919e+11  1.3187e+00  1.7844e+00  1.4878e-01
  1.1659e+01  4.0616e+00  1.2000e-01  7.1494e+11  1.3531e+00  1.4862e+00  1.6971e-01
  1.1659e+01  4.0616e+00  1.4000e-01  1.1114e+12  1.3230e+00  1.2267e+00  1.0742e-01
  1.1659e+01  4.0616e+00  1.6000e-01  1.6264e+12  1.2973e+00  1.0362e+00  8.2003e-02
  1.1659e+01  4.0616e+00  1.8000e-01  1.9605e+12  1.2887e+00  8.7412e-01  7.4859e-02
  1.1659e+01  4.0616e+00  2.0000e-01  3.2506e+12  1.2559e+00  6.8782e-01  5.8058e-02
  1.1659e+01  4.0616e+00  2.2000e-01  4.7175e+12  1.2351e+00  5.4838e-01  4.7131e-02
  1.1659e+01  4.0616e+00  2.4000e-01  5.8180e+12  1.2324e+00  4.2402e-01  4.1556e-02
  1.1659e+01  4.0616e+00  2.6000e-01  5.8008e+12  1.2536e+00  3.2154e-01  4.1150e-02
  1.1659e+01  4.0616e+00  2.8000e-01  5.3225e+12  1.2820e+00  2.4746e-01  4.2623e-02
  1.1659e+01  4.0616e+00  3.0000e-01  5.5760e+12  1.2881e+00  2.0006e-01  4.5033e-02
  1.1659e+01  4.0616e+00  3.2000e-01  1.0549e+13  1.2732e+00  1.1843e-01  3.3700e-02
  1.1659e+01  4.0616e+00  3.4000e-01  8.3445e+13  1.3379e+00  4.7941e-02  5.8284e-03
  1.1659e+01  4.0616e+00  3.6000e-01  3.3712e+13  1.3832e+00  -4.6688e-02  1.0825e-02
  1.1659e+01  4.0616e+00  3.8000e-01  1.4683e+12  1.6051e+00  -3.0599e+00  9.8865e-02
  1.1659e+01  4.0616e+00  4.0000e-01  4.9445e+08  1.6138e+00  -7.2099e+00  1.1521e+01
  1.1659e+01  4.0616e+00  4.2000e-01  7.4988e+08  1.1206e+00  9.1703e+01  4.3969e+01
  1.1659e+01  4.0616e+00  4.4000e-01  3.8473e+08  8.9360e-01  7.4789e+01  3.7422e+01
  1.1659e+01  4.0616e+00  4.6000e-01  2.2753e+07  7.5466e-01  -8.5505e+02  1.4765e+00
  1.1659e+01  4.0616e+00  4.8000e-01  2.5617e+11  1.5774e-01  1.1670e-01  3.1745e-05
  1.1659e+01  4.0616e+00  5.0000e-01  2.9539e+11  8.9293e-01  2.3757e-01  1.1293e-01
  1.1659e+01  4.0616e+00  5.2000e-01  3.7544e+11  1.1108e+00  2.1633e-01  7.0249e-02
  1.1659e+01  4.0616e+00  5.4000e-01  1.9391e+11  1.3173e+00  1.3065e-01  1.1121e-01
  1.1659e+01  4.0616e+00  5.6000e-01  4.1364e+12  1.4553e+00  1.4267e-02  1.4354e-02
  1.1659e+01  4.0616e+00  5.8000e-01  5.7217e+12  1.4503e+00  1.4869e-02  1.4981e-02
  1.1659e+01  4.0616e+00  6.0000e-01  7.0862e+11  1.2919e+00  2.0974e-01  1.1454e-01
  1.1659e+01  4.9619e+00  1.0000e-02  8.6461e+11  1.3171e+00  2.4835e+00  1.4807e-01
  1.1659e+01  4.9619e+00  2.0000e-02  8.8776e+11  1.3176e+00  2.3023e+00  1.4364e-01
  1.1659e+01  4.9619e+00  4.0000e-02  9.0366e+11  1.3181e+00  2.0386e+00  1.4052e-01
  1.1659e+01  4.9619e+00  6.0000e-02  8.3991e+11  1.3320e+00  1.8129e+00  1.4925e-01
  1.1659e+01  4.9619e+00  8.0000e-02  1.0687e+12  1.3181e+00  1.5812e+00  1.2010e-01
  1.1659e+01  4.9619e+00  1.0000e-01  9.7004e+11  1.3361e+00  1.4199e+00  1.4152e-01
  1.1659e+01  4.9619e+00  1.2000e-01  7.3669e+11  1.3717e+00  1.1778e+00  1.7450e-01
  1.1659e+01  4.9619e+00  1.4000e-01  1.0571e+12  1.3498e+00  9.5115e-01  1.1806e-01
  1.1659e+01  4.9619e+00  1.6000e-01  1.7767e+12  1.3135e+00  8.0236e-01  7.5711e-02
  1.1659e+01  4.9619e+00  1.8000e-01  2.4526e+12  1.2975e+00  6.6647e-01  6.2627e-02
  1.1659e+01  4.9619e+00  2.0000e-01  3.6008e+12  1.2744e+00  5.5810e-01  5.1507e-02
  1.1659e+01  4.9619e+00  2.2000e-01  5.0608e+12  1.2571e+00  4.5357e-01  4.2866e-02
  1.1659e+01  4.9619e+00  2.4000e-01  7.9675e+12  1.2399e+00  3.2211e-01  2.9691e-02
  1.1659e+01  4.9619e+00  2.6000e-01  6.7624e+12  1.2799e+00  2.4460e-01  3.2434e-02
  1.1659e+01  4.9619e+00  2.8000e-01  8.3872e+12  1.2933e+00  1.6887e-01  2.9875e-02
  1.1659e+01  4.9619e+00  3.0000e-01  1.0969e+13  1.2779e+00  1.3840e-01  2.9605e-02
  1.1659e+01  4.9619e+00  3.2000e-01  2.1185e+13  1.2875e+00  9.1254e-02  1.9438e-02
  1.1659e+01  4.9619e+00  3.4000e-01  7.9607e+13  1.3504e+00  4.0292e-02  5.7715e-03
  1.1659e+01  4.9619e+00  3.6000e-01  2.1870e+13  1.3844e+00  -4.3696e-02  1.4748e-02
  1.1659e+01  4.9619e+00  3.8000e-01  1.4090e+12  1.5971e+00  -2.7322e+00  1.0244e-01
  1.1659e+01  4.9619e+00  4.0000e-01  5.8044e+08  1.6150e+00  -7.6654e+00  1.0289e+01
  1.1659e+01  4.9619e+00  4.2000e-01  8.4297e+08  1.1134e+00  9.1466e+01  4.1716e+01
  1.1659e+01  4.9619e+00  4.4000e-01  4.5938e+08  8.6618e-01  7.4837e+01  3.2362e+01
  1.1659e+01  4.9619e+00  4.6000e-01  1.1775e+07  8.9249e-01  -6.9268e+02  1.6333e+00
  1.1659e+01  4.9619e+00  4.8000e-01  1.2159e+35  -4.8762e+00  1.4756e-01  -5.6083e-02
  1.1659e+01  4.9619e+00  5.0000e-01  6.5570e+12  9.1932e-01  8.8515e-02  3.9133e-03
  1.1659e+01  4.9619e+00  5.2000e-01  4.2079e+11  1.0182e+00  2.4205e-01  6.0699e-02
  1.1659e+01  4.9619e+00  5.4000e-01  3.2319e+11  1.2139e+00  1.7969e-01  8.2844e-02
  1.1659e+01  4.9619e+00  5.6000e-01  3.3930e+11  1.3434e+00  1.1959e-01  9.2027e-02
  1.1659e+01  4.9619e+00  5.8000e-01  4.6455e+11  1.3950e+00  8.7915e-02  8.8230e-02
  1.1659e+01  4.9619e+00  6.0000e-01  6.4512e+12  1.4902e+00  -7.7398e-03  1.1387e-02
  1.1659e+01  6.0619e+00  1.0000e-02  8.8201e+11  1.3275e+00  2.0439e+00  1.5312e-01
  1.1659e+01  6.0619e+00  2.0000e-02  8.9136e+11  1.3292e+00  1.8912e+00  1.5154e-01
  1.1659e+01  6.0619e+00  4.0000e-02  9.3909e+11  1.3318e+00  1.6496e+00  1.4486e-01
  1.1659e+01  6.0619e+00  6.0000e-02  9.0618e+11  1.3435e+00  1.4454e+00  1.4992e-01
  1.1659e+01  6.0619e+00  8.0000e-02  1.1482e+12  1.3348e+00  1.2330e+00  1.2097e-01
  1.1659e+01  6.0619e+00  1.0000e-01  1.1811e+12  1.3439e+00  1.0811e+00  1.2146e-01
  1.1659e+01  6.0619e+00  1.2000e-01  9.8647e+11  1.3711e+00  9.0884e-01  1.4168e-01
  1.1659e+01  6.0619e+00  1.4000e-01  1.1475e+12  1.3727e+00  7.2145e-01  1.2000e-01
  1.1659e+01  6.0619e+00  1.6000e-01  2.0210e+12  1.3327e+00  6.1191e-01  7.1337e-02
  1.1659e+01  6.0619e+00  1.8000e-01  3.2176e+12  1.3010e+00  5.2398e-01  5.0612e-02
  1.1659e+01  6.0619e+00  2.0000e-01  4.6546e+12  1.2776e+00  4.4505e-01  4.2393e-02
  1.1659e+01  6.0619e+00  2.2000e-01  6.7635e+12  1.2572e+00  3.6492e-01  3.5026e-02
  1.1659e+01  6.0619e+00  2.4000e-01  7.7771e+12  1.2685e+00  2.6113e-01  2.7578e-02
  1.1659e+01  6.0619e+00  2.6000e-01  7.3155e+12  1.2936e+00  2.1094e-01  3.0902e-02
  1.1659e+01  6.0619e+00  2.8000e-01  8.3997e+12  1.2856e+00  1.8230e-01  3.3050e-02
  1.1659e+01  6.0619e+00  3.0000e-01  9.4512e+12  1.2774e+00  1.5056e-01  3.5349e-02
  1.1659e+01  6.0619e+00  3.2000e-01  1.6929e+13  1.3220e+00  9.5236e-02  1.9874e-02
  1.1659e+01  6.0619e+00  3.4000e-01  7.3328e+13  1.3500e+00  6.3444e-02  5.9272e-03
  1.1659e+01  6.0619e+00  3.6000e-01  4.7722e+13  1.3861e+00  -1.3795e-02  8.2262e-03
  1.1659e+01  6.0619e+00  3.8000e-01  1.8587e+12  1.5892e+00  -2.6635e+00  8.7557e-02
  1.1659e+01  6.0619e+00  4.0000e-01  5.4703e+08  1.6099e+00  -6.9516e+00  1.0645e+01
  1.1659e+01  6.0619e+00  4.2000e-01  1.0122e+09  1.0997e+00  9.2244e+01  3.8827e+01
  1.1659e+01  6.0619e+00  4.4000e-01  5.6573e+08  8.3195e-01  7.2908e+01  2.6672e+01
  1.1659e+01  6.0619e+00  4.6000e-01  9.8277e+06  1.1491e+00  -5.4025e+02  1.5809e+00
  1.1659e+01  6.0619e+00  4.8000e-01  9.1709e+37  -5.4539e+00  1.5011e-01  -6.2514e-02
  1.1659e+01  6.0619e+00  5.0000e-01  3.9706e+12  9.2425e-01  8.5318e-02  6.7334e-03
  1.1659e+01  6.0619e+00  5.2000e-01  4.4371e+11  9.6291e-01  3.0428e-01  5.7751e-02
  1.1659e+01  6.0619e+00  5.4000e-01  3.6809e+11  1.1226e+00  2.6233e-01  7.5636e-02
  1.1659e+01  6.0619e+00  5.6000e-01  3.1205e+11  1.2438e+00  1.6625e-01  8.5928e-02
  1.1659e+01  6.0619e+00  5.8000e-01  3.3449e+11  1.3427e+00  1.1556e-01  9.0471e-02
  1.1659e+01  6.0619e+00  6.0000e-01  4.8232e+11  1.3990e+00  7.3733e-02  7.7699e-02
  1.1659e+01  7.4057e+00  1.0000e-02  9.0014e+11  1.3438e+00  1.6138e+00  1.4807e-01
  1.1659e+01  7.4057e+00  2.0000e-02  9.2909e+11  1.3438e+00  1.4832e+00  1.4404e-01
  1.1659e+01  7.4057e+00  4.0000e-02  1.0293e+12  1.3460e+00  1.2751e+00  1.3169e-01
  1.1659e+01  7.4057e+00  6.0000e-02  1.0485e+12  1.3529e+00  1.1160e+00  1.3175e-01
  1.1659e+01  7.4057e+00  8.0000e-02  1.4496e+12  1.3424e+00  9.4038e-01  9.6881e-02
  1.1659e+01  7.4057e+00  1.0000e-01  1.5949e+12  1.3410e+00  8.3136e-01  9.3590e-02
  1.1659e+01  7.4057e+00  1.2000e-01  1.2748e+12  1.3699e+00  7.2386e-01  1.1644e-01
  1.1659e+01  7.4057e+00  1.4000e-01  1.3915e+12  1.3754e+00  5.8876e-01  1.0306e-01
  1.1659e+01  7.4057e+00  1.6000e-01  2.2724e+12  1.3374e+00  5.1420e-01  6.4304e-02
  1.1659e+01  7.4057e+00  1.8000e-01  3.7725e+12  1.2981e+00  4.5543e-01  4.5325e-02
  1.1659e+01  7.4057e+00  2.0000e-01  5.6756e+12  1.2672e+00  3.9507e-01  3.7793e-02
  1.1659e+01  7.4057e+00  2.2000e-01  8.3507e+12  1.2483e+00  3.1714e-01  3.0596e-02
  1.1659e+01  7.4057e+00  2.4000e-01  7.6254e+12  1.2882e+00  2.3200e-01  2.8435e-02
  1.1659e+01  7.4057e+00  2.6000e-01  8.0179e+12  1.2987e+00  1.9258e-01  3.0366e-02
  1.1659e+01  7.4057e+00  2.8000e-01  9.1757e+12  1.2881e+00  1.6673e-01  3.2298e-02
  1.1659e+01  7.4057e+00  3.0000e-01  1.0979e+13  1.2854e+00  1.3151e-01  3.1484e-02
  1.1659e+01  7.4057e+00  3.2000e-01  1.0643e+14  1.3362e+00  8.5086e-02  4.7094e-03
  1.1659e+01  7.4057e+00  3.4000e-01  8.0688e+13  1.3485e+00  6.1462e-02  5.5694e-03
  1.1659e+01  7.4057e+00  3.6000e-01  3.6434e+13  1.3823e+00  -1.1394e-02  1.0075e-02
  1.1659e+01  7.4057e+00  3.8000e-01  2.1947e+12  1.5707e+00  -2.5336e+00  8.1186e-02
  1.1659e+01  7.4057e+00  4.0000e-01  4.7395e+08  1.6001e+00  -5.4326e+00  1.1650e+01
  1.1659e+01  7.4057e+00  4.2000e-01  1.2435e+09  1.0828e+00  9.3678e+01  3.5984e+01
  1.1659e+01  7.4057e+00  4.4000e-01  7.2908e+08  7.8263e-01  7.0195e+01  2.1158e+01
  1.1659e+01  7.4057e+00  4.6000e-01  8.0066e+07  8.5063e-01  -5.4458e+01  7.1984e-01
  1.1659e+01  7.4057e+00  4.8000e-01  2.6650e+40  -5.9541e+00  1.5177e-01  -6.8954e-02
  1.1659e+01  7.4057e+00  5.0000e-01  3.8870e+12  9.2793e-01  8.2242e-02  6.8556e-03
  1.1659e+01  7.4057e+00  5.2000e-01  4.5437e+11  9.1648e-01  3.1852e-01  5.1749e-02
  1.1659e+01  7.4057e+00  5.4000e-01  3.9735e+11  1.0458e+00  2.5402e-01  6.1492e-02
  1.1659e+01  7.4057e+00  5.6000e-01  3.6310e+11  1.1597e+00  2.1402e-01  7.1926e-02
  1.1659e+01  7.4057e+00  5.8000e-01  3.5164e+11  1.2526e+00  1.8039e-01  8.1804e-02
  1.1659e+01  7.4057e+00  6.0000e-01  3.7856e+11  1.3192e+00  1.5345e-01  8.8206e-02
  1.1659e+01  9.0474e+00  1.0000e-02  9.8856e+11  1.3516e+00  1.2866e+00  1.3258e-01
  1.1659e+01  9.0474e+00  2.0000e-02  9.9408e+11  1.3529e+00  1.1590e+00  1.3127e-01
  1.1659e+01  9.0474e+00  4.0000e-02  1.2410e+12  1.3619e+00  9.6288e-01  1.0942e-01
  1.1659e+01  9.0474e+00  6.0000e-02  1.2372e+12  1.3647e+00  8.5561e-01  1.1172e-01
  1.1659e+01  9.0474e+00  8.0000e-02  1.5527e+12  1.3595e+00  7.2108e-01  8.7249e-02
  1.1659e+01  9.0474e+00  1.0000e-01  1.7287e+12  1.3613e+00  6.5308e-01  8.3536e-02
  1.1659e+01  9.0474e+00  1.2000e-01  1.6256e+12  1.3727e+00  5.9847e-01  9.2622e-02
  1.1659e+01  9.0474e+00  1.4000e-01  1.8061e+12  1.3691e+00  5.2706e-01  8.3179e-02
  1.1659e+01  9.0474e+00  1.6000e-01  3.0855e+12  1.3263e+00  4.7131e-01  5.2668e-02
  1.1659e+01  9.0474e+00  1.8000e-01  5.2688e+12  1.2831e+00  4.1682e-01  3.7658e-02
  1.1659e+01  9.0474e+00  2.0000e-01  7.2157e+12  1.2606e+00  3.5821e-01  3.2677e-02
  1.1659e+01  9.0474e+00  2.2000e-01  8.4698e+12  1.2608e+00  2.8962e-01  2.9839e-02
  1.1659e+01  9.0474e+00  2.4000e-01  7.9879e+12  1.2903e+00  2.1964e-01  2.9527e-02
  1.1659e+01  9.0474e+00  2.6000e-01  8.1608e+12  1.3034e+00  1.8150e-01  3.0857e-02
  1.1659e+01  9.0474e+00  2.8000e-01  9.5988e+12  1.2948e+00  1.5431e-01  3.1344e-02
  1.1659e+01  9.0474e+00  3.0000e-01  1.2786e+13  1.2917e+00  1.2050e-01  2.7471e-02
  1.1659e+01  9.0474e+00  3.2000e-01  8.3653e+13  1.3374e+00  8.3348e-02  5.5940e-03
  1.1659e+01  9.0474e+00  3.4000e-01  6.9733e+13  1.3435e+00  6.1738e-02  6.3030e-03
  1.1659e+01  9.0474e+00  3.6000e-01  2.6299e+13  1.3764e+00  -8.9736e-03  1.2937e-02
  1.1659e+01  9.0474e+00  3.8000e-01  2.4296e+12  1.5473e+00  -2.3744e+00  7.8557e-02
  1.1659e+01  9.0474e+00  4.0000e-01  4.1585e+08  1.5901e+00  -3.6992e+00  1.2546e+01
  1.1659e+01  9.0474e+00  4.2000e-01  1.6118e+09  1.0618e+00  9.3582e+01  3.2638e+01
  1.1659e+01  9.0474e+00  4.4000e-01  8.9685e+08  7.2069e-01  6.0765e+01  1.6980e+01
  1.1659e+01  9.0474e+00  4.6000e-01  3.1259e+09  3.9644e-01  1.1824e-01  1.0042e-03
  1.1659e+01  9.0474e+00  4.8000e-01  1.6512e+42  -6.3221e+00  1.5209e-01  -7.3424e-02
  1.1659e+01  9.0474e+00  5.0000e-01  3.6782e+12  9.3012e-01  7.6768e-02  7.2270e-03
  1.1659e+01  9.0474e+00  5.2000e-01  4.3285e+11  8.9098e-01  3.3990e-01  5.0293e-02
  1.1659e+01  9.0474e+00  5.4000e-01  3.7793e+11  9.8528e-01  2.6941e-01  5.7206e-02
  1.1659e+01  9.0474e+00  5.6000e-01  3.5457e+11  1.0751e+00  2.3293e-01  6.3199e-02
  1.1659e+01  9.0474e+00  5.8000e-01  3.2577e+11  1.1590e+00  2.0262e-01  7.1323e-02
  1.1659e+01  9.0474e+00  6.0000e-01  3.0837e+11  1.2335e+00  1.7417e-01  7.8897e-02
  1.1659e+01  1.1053e+01  1.0000e-02  1.0794e+12  1.3541e+00  1.2163e+00  1.2234e-01
  1.1659e+01  1.1053e+01  2.0000e-02  1.2231e+12  1.3601e+00  1.0438e+00  1.1051e-01
  1.1659e+01  1.1053e+01  4.0000e-02  1.3287e+12  1.3627e+00  8.8077e-01  1.0249e-01
  1.1659e+01  1.1053e+01  6.0000e-02  1.4054e+12  1.3670e+00  7.7765e-01  9.9885e-02
  1.1659e+01  1.1053e+01  8.0000e-02  1.6325e+12  1.3681e+00  6.6959e-01  8.5205e-02
  1.1659e+01  1.1053e+01  1.0000e-01  1.9477e+12  1.3632e+00  6.0400e-01  7.4297e-02
  1.1659e+01  1.1053e+01  1.2000e-01  2.0624e+12  1.3629e+00  5.5545e-01  7.4497e-02
  1.1659e+01  1.1053e+01  1.4000e-01  2.4210e+12  1.3527e+00  4.9924e-01  6.6720e-02
  1.1659e+01  1.1053e+01  1.6000e-01  4.0698e+12  1.3094e+00  4.4700e-01  4.4797e-02
  1.1659e+01  1.1053e+01  1.8000e-01  6.4284e+12  1.2723e+00  3.9329e-01  3.3961e-02
  1.1659e+01  1.1053e+01  2.0000e-01  8.0526e+12  1.2596e+00  3.3539e-01  3.0553e-02
  1.1659e+01  1.1053e+01  2.2000e-01  8.3383e+12  1.2696e+00  2.7489e-01  3.0174e-02
  1.1659e+01  1.1053e+01  2.4000e-01  8.2741e+12  1.2896e+00  2.1449e-01  3.0139e-02
  1.1659e+01  1.1053e+01  2.6000e-01  8.3297e+12  1.3073e+00  1.7398e-01  3.0530e-02
  1.1659e+01  1.1053e+01  2.8000e-01  9.9628e+12  1.3009e+00  1.4631e-01  2.9999e-02
  1.1659e+01  1.1053e+01  3.0000e-01  1.4202e+13  1.2928e+00  1.1648e-01  2.5132e-02
  1.1659e+01  1.1053e+01  3.2000e-01  1.2753e+14  1.3307e+00  8.3611e-02  4.1687e-03
  1.1659e+01  1.1053e+01  3.4000e-01  1.1293e+14  1.3375e+00  6.2622e-02  4.4860e-03
  1.1659e+01  1.1053e+01  3.6000e-01  3.1039e+13  1.3685e+00  -8.1303e-03  1.1736e-02
  1.1659e+01  1.1053e+01  3.8000e-01  1.8667e+12  1.5168e+00  -2.1260e+00  9.6751e-02
  1.1659e+01  1.1053e+01  4.0000e-01  3.6993e+08  1.5792e+00  -1.7104e+00  1.3322e+01
  1.1659e+01  1.1053e+01  4.2000e-01  2.2304e+09  1.0316e+00  9.3711e+01  2.9367e+01
  1.1659e+01  1.1053e+01  4.4000e-01  8.0300e+08  6.3503e-01  3.8188e+01  1.7111e+01
  1.1659e+01  1.1053e+01  4.6000e-01  4.8812e+09  4.4758e-01  1.2462e-01  6.5099e-04
  1.1659e+01  1.1053e+01  4.8000e-01  1.2585e+12  3.5584e-01  1.2974e-01  5.4128e-05
  1.1659e+01  1.1053e+01  5.0000e-01  3.6166e+12  9.2787e-01  7.1512e-02  7.2695e-03
  1.1659e+01  1.1053e+01  5.2000e-01  4.1301e+11  8.8191e-01  3.6177e-01  4.8906e-02
  1.1659e+01  1.1053e+01  5.4000e-01  3.4719e+11  9.4395e-01  2.9829e-01  5.6383e-02
  1.1659e+01  1.1053e+01  5.6000e-01  3.2623e+11  1.0144e+00  2.5412e-01  5.9881e-02
  1.1659e+01  1.1053e+01  5.8000e-01  2.9718e+11  1.0818e+00  2.2976e-01  6.5892e-02
  1.1659e+01  1.1053e+01  6.0000e-01  2.8035e+11  1.1447e+00  2.0494e-01  7.1181e-02
  1.1659e+01  1.3503e+01  1.0000e-02  1.0767e+12  1.3499e+00  1.2487e+00  1.2096e-01
  1.1659e+01  1.3503e+01  2.0000e-02  1.1565e+12  1.3557e+00  1.0574e+00  1.1380e-01
  1.1659e+01  1.3503e+01  4.0000e-02  1.3528e+12  1.3637e+00  8.7634e-01  9.9993e-02
  1.1659e+01  1.3503e+01  6.0000e-02  1.4993e+12  1.3691e+00  7.6698e-01  9.3689e-02
  1.1659e+01  1.3503e+01  8.0000e-02  1.6501e+12  1.3700e+00  6.7409e-01  8.4782e-02
  1.1659e+01  1.3503e+01  1.0000e-01  1.9224e+12  1.3651e+00  6.0660e-01  7.4508e-02
  1.1659e+01  1.3503e+01  1.2000e-01  2.1992e+12  1.3592e+00  5.5079e-01  6.8935e-02
  1.1659e+01  1.3503e+01  1.4000e-01  2.8206e+12  1.3416e+00  4.9236e-01  5.8473e-02
  1.1659e+01  1.3503e+01  1.6000e-01  4.6647e+12  1.3005e+00  4.3577e-01  4.1216e-02
  1.1659e+01  1.3503e+01  1.8000e-01  6.9514e+12  1.2689e+00  3.8122e-01  3.2562e-02
  1.1659e+01  1.3503e+01  2.0000e-01  8.2953e+12  1.2607e+00  3.2492e-01  3.0005e-02
  1.1659e+01  1.3503e+01  2.2000e-01  8.4730e+12  1.2715e+00  2.6788e-01  3.0034e-02
  1.1659e+01  1.3503e+01  2.4000e-01  8.2252e+12  1.2926e+00  2.1156e-01  3.0282e-02
  1.1659e+01  1.3503e+01  2.6000e-01  8.5046e+12  1.3106e+00  1.6944e-01  2.9534e-02
  1.1659e+01  1.3503e+01  2.8000e-01  1.0116e+13  1.3067e+00  1.4235e-01  2.8729e-02
  1.1659e+01  1.3503e+01  3.0000e-01  1.4727e+13  1.2917e+00  1.1673e-01  2.4253e-02
  1.1659e+01  1.3503e+01  3.2000e-01  6.1055e+13  1.3099e+00  8.7034e-02  7.7651e-03
  1.1659e+01  1.3503e+01  3.4000e-01  1.0728e+14  1.3271e+00  6.4236e-02  4.8141e-03
  1.1659e+01  1.3503e+01  3.6000e-01  4.2262e+13  1.3583e+00  -1.0347e-02  9.7014e-03
  1.1659e+01  1.3503e+01  3.8000e-01  2.8783e+12  1.4835e+00  -1.8266e+00  7.4646e-02
  1.1659e+01  1.3503e+01  4.0000e-01  3.1232e+08  1.5668e+00  1.0823e+00  1.4664e+01
  1.1659e+01  1.3503e+01  4.2000e-01  3.3966e+09  9.8610e-01  9.1902e+01  2.6592e+01
  1.1659e+01  1.3503e+01  4.4000e-01  2.3423e+09  6.1883e-01  -2.3761e+01  1.0980e+00
  1.1659e+01  1.3503e+01  4.6000e-01  4.2781e+09  5.0225e-01  1.2601e-01  1.0995e-03
  1.1659e+01  1.3503e+01  4.8000e-01  1.1962e+12  3.1198e-01  1.4710e-01  1.2089e-05
  1.1659e+01  1.3503e+01  5.0000e-01  3.6441e+12  9.2296e-01  6.7968e-02  7.0652e-03
  1.1659e+01  1.3503e+01  5.2000e-01  3.6702e+11  8.8862e-01  3.7757e-01  5.0559e-02
  1.1659e+01  1.3503e+01  5.4000e-01  3.1080e+11  9.2050e-01  3.4107e-01  5.6043e-02
  1.1659e+01  1.3503e+01  5.6000e-01  2.7794e+11  9.7379e-01  2.9013e-01  6.0969e-02
  1.1659e+01  1.3503e+01  5.8000e-01  2.6164e+11  1.0273e+00  2.5416e-01  6.3723e-02
  1.1659e+01  1.3503e+01  6.0000e-01  2.4494e+11  1.0779e+00  2.3114e-01  6.7583e-02
  1.1659e+01  1.6496e+01  1.0000e-02  8.9253e+11  1.3399e+00  1.3604e+00  1.3861e-01
  1.1659e+01  1.6496e+01  2.0000e-02  1.0661e+12  1.3495e+00  1.1248e+00  1.2080e-01
  1.1659e+01  1.6496e+01  4.0000e-02  1.3137e+12  1.3613e+00  8.9330e-01  1.0196e-01
  1.1659e+01  1.6496e+01  6.0000e-02  1.5081e+12  1.3668e+00  7.7483e-01  9.1953e-02
  1.1659e+01  1.6496e+01  8.0000e-02  1.6460e+12  1.3702e+00  6.8404e-01  8.4861e-02
  1.1659e+01  1.6496e+01  1.0000e-01  1.8818e+12  1.3662e+00  6.1545e-01  7.5556e-02
  1.1659e+01  1.6496e+01  1.2000e-01  2.1563e+12  1.3603e+00  5.5538e-01  6.9327e-02
  1.1659e+01  1.6496e+01  1.4000e-01  2.8538e+12  1.3411e+00  4.9182e-01  5.6983e-02
  1.1659e+01  1.6496e+01  1.6000e-01  4.6566e+12  1.3021e+00  4.3299e-01  4.0860e-02
  1.1659e+01  1.6496e+01  1.8000e-01  6.9254e+12  1.2710e+00  3.7826e-01  3.2523e-02
  1.1659e+01  1.6496e+01  2.0000e-01  8.3700e+12  1.2611e+00  3.2318e-01  2.9795e-02
  1.1659e+01  1.6496e+01  2.2000e-01  8.8632e+12  1.2686e+00  2.6581e-01  2.9195e-02
  1.1659e+01  1.6496e+01  2.4000e-01  8.3363e+12  1.2942e+00  2.0841e-01  2.9331e-02
  1.1659e+01  1.6496e+01  2.6000e-01  8.5776e+12  1.3152e+00  1.6541e-01  2.8111e-02
  1.1659e+01  1.6496e+01  2.8000e-01  1.0173e+13  1.3126e+00  1.3974e-01  2.7295e-02
  1.1659e+01  1.6496e+01  3.0000e-01  1.4045e+13  1.2963e+00  1.1737e-01  2.4212e-02
  1.1659e+01  1.6496e+01  3.2000e-01  3.5362e+13  1.2890e+00  9.1303e-02  1.2648e-02
  1.1659e+01  1.6496e+01  3.4000e-01  6.1173e+13  1.2974e+00  6.7824e-02  8.0481e-03
  1.1659e+01  1.6496e+01  3.6000e-01  2.7048e+13  1.3373e+00  -1.1914e-02  1.4488e-02
  1.1659e+01  1.6496e+01  3.8000e-01  2.4518e+12  1.4471e+00  -1.4916e+00  8.4980e-02
  1.1659e+01  1.6496e+01  4.0000e-01  2.7722e+08  1.5590e+00  2.9414e+00  1.5739e+01
  1.1659e+01  1.6496e+01  4.2000e-01  5.1165e+09  9.1996e-01  8.0884e+01  2.8380e+01
  1.1659e+01  1.6496e+01  4.4000e-01  8.1657e+08  6.9507e-01  -8.2502e+01  2.1197e+00
  1.1659e+01  1.6496e+01  4.6000e-01  4.6674e+09  5.2302e-01  1.2916e-01  9.0834e-04
  1.1659e+01  1.6496e+01  4.8000e-01  9.4869e+11  3.6866e-01  1.2993e-01  5.2435e-05
  1.1659e+01  1.6496e+01  5.0000e-01  3.6520e+12  9.1426e-01  6.3986e-02  6.8570e-03
  1.1659e+01  1.6496e+01  5.2000e-01  3.1759e+11  9.0207e-01  4.0118e-01  5.2753e-02
  1.1659e+01  1.6496e+01  5.4000e-01  2.7339e+11  9.1544e-01  3.7047e-01  5.5995e-02
  1.1659e+01  1.6496e+01  5.6000e-01  2.3711e+11  9.5063e-01  3.3217e-01  6.1572e-02
  1.1659e+01  1.6496e+01  5.8000e-01  2.1718e+11  9.9338e-01  2.8506e-01  6.4503e-02
  1.1659e+01  1.6496e+01  6.0000e-01  1.9894e+11  1.0311e+00  2.6569e-01  6.8238e-02
  1.1659e+01  2.0153e+01  1.0000e-02  7.7206e+11  1.3359e+00  1.4543e+00  1.5345e-01
  1.1659e+01  2.0153e+01  2.0000e-02  9.5464e+11  1.3461e+00  1.1850e+00  1.3025e-01
  1.1659e+01  2.0153e+01  4.0000e-02  1.1753e+12  1.3561e+00  9.3962e-01  1.1121e-01
  1.1659e+01  2.0153e+01  6.0000e-02  1.4268e+12  1.3633e+00  7.9848e-01  9.5156e-02
  1.1659e+01  2.0153e+01  8.0000e-02  1.5714e+12  1.3687e+00  7.0325e-01  8.8028e-02
  1.1659e+01  2.0153e+01  1.0000e-01  1.8037e+12  1.3672e+00  6.2740e-01  7.7880e-02
  1.1659e+01  2.0153e+01  1.2000e-01  2.0498e+12  1.3630e+00  5.6483e-01  7.1714e-02
  1.1659e+01  2.0153e+01  1.4000e-01  2.5904e+12  1.3489e+00  4.9816e-01  6.0701e-02
  1.1659e+01  2.0153e+01  1.6000e-01  4.1335e+12  1.3132e+00  4.3545e-01  4.3388e-02
  1.1659e+01  2.0153e+01  1.8000e-01  6.3885e+12  1.2792e+00  3.8060e-01  3.3522e-02
  1.1659e+01  2.0153e+01  2.0000e-01  8.2509e+12  1.2626e+00  3.2685e-01  2.9768e-02
  1.1659e+01  2.0153e+01  2.2000e-01  9.4379e+12  1.2620e+00  2.6882e-01  2.7968e-02
  1.1659e+01  2.0153e+01  2.4000e-01  8.7280e+12  1.2928e+00  2.0567e-01  2.7251e-02
  1.1659e+01  2.0153e+01  2.6000e-01  8.2534e+12  1.3248e+00  1.6164e-01  2.6686e-02
  1.1659e+01  2.0153e+01  2.8000e-01  1.0226e+13  1.3185e+00  1.3824e-01  2.5557e-02
  1.1659e+01  2.0153e+01  3.0000e-01  1.2810e+13  1.3062e+00  1.1856e-01  2.4266e-02
  1.1659e+01  2.0153e+01  3.2000e-01  2.1998e+13  1.2879e+00  9.6507e-02  1.8024e-02
  1.1659e+01  2.0153e+01  3.4000e-01  3.7724e+13  1.2655e+00  7.3640e-02  1.3044e-02
  1.1659e+01  2.0153e+01  3.6000e-01  4.7297e+12  1.2933e+00  7.3753e-03  6.3352e-02
  1.1659e+01  2.0153e+01  3.8000e-01  1.8876e+12  1.4060e+00  -1.1482e+00  1.0454e-01
  1.1659e+01  2.0153e+01  4.0000e-01  2.5661e+08  1.5495e+00  3.6729e+00  1.7724e+01
  1.1659e+01  2.0153e+01  4.2000e-01  3.6604e+09  8.8154e-01  3.5997e+01  5.0214e+01
  1.1659e+01  2.0153e+01  4.4000e-01  6.0999e+08  7.8507e-01  -1.5452e+02  1.5196e+00
  1.1659e+01  2.0153e+01  4.6000e-01  6.6882e+09  5.0194e-01  1.3491e-01  3.0434e-04
  1.1659e+01  2.0153e+01  4.8000e-01  7.1228e+11  3.8704e-01  1.3014e-01  7.3232e-05
  1.1659e+01  2.0153e+01  5.0000e-01  3.6947e+12  9.0091e-01  5.9840e-02  6.5041e-03
  1.1659e+01  2.0153e+01  5.2000e-01  2.6208e+11  9.2210e-01  4.0968e-01  5.5540e-02
  1.1659e+01  2.0153e+01  5.4000e-01  2.2277e+11  9.2693e-01  3.9407e-01  5.8927e-02
  1.1659e+01  2.0153e+01  5.6000e-01  1.9806e+11  9.4411e-01  3.7540e-01  6.1490e-02
  1.1659e+01  2.0153e+01  5.8000e-01  1.7375e+11  9.7459e-01  3.3687e-01  6.5818e-02
  1.1659e+01  2.0153e+01  6.0000e-01  1.5286e+11  1.0031e+00  3.1436e-01  7.0751e-02
  1.1659e+01  2.4621e+01  1.0000e-02  6.7532e+11  1.3299e+00  1.5693e+00  1.7006e-01
  1.1659e+01  2.4621e+01  2.0000e-02  8.3699e+11  1.3420e+00  1.2516e+00  1.4319e-01
  1.1659e+01  2.4621e+01  4.0000e-02  1.0642e+12  1.3527e+00  9.8464e-01  1.1914e-01
  1.1659e+01  2.4621e+01  6.0000e-02  1.2380e+12  1.3576e+00  8.3751e-01  1.0502e-01
  1.1659e+01  2.4621e+01  8.0000e-02  1.3871e+12  1.3642e+00  7.3644e-01  9.6930e-02
  1.1659e+01  2.4621e+01  1.0000e-01  1.6172e+12  1.3668e+00  6.5016e-01  8.4440e-02
  1.1659e+01  2.4621e+01  1.2000e-01  1.8109e+12  1.3664e+00  5.8521e-01  7.8325e-02
  1.1659e+01  2.4621e+01  1.4000e-01  2.1262e+12  1.3607e+00  5.1644e-01  7.0003e-02
  1.1659e+01  2.4621e+01  1.6000e-01  3.1471e+12  1.3340e+00  4.4749e-01  5.1496e-02
  1.1659e+01  2.4621e+01  1.8000e-01  5.2327e+12  1.2957e+00  3.8977e-01  3.6681e-02
  1.1659e+01  2.4621e+01  2.0000e-01  7.4314e+12  1.2700e+00  3.3707e-01  3.0872e-02
  1.1659e+01  2.4621e+01  2.2000e-01  9.5766e+12  1.2568e+00  2.8025e-01  2.7343e-02
  1.1659e+01  2.4621e+01  2.4000e-01  9.4468e+12  1.2859e+00  2.0741e-01  2.4494e-02
  1.1659e+01  2.4621e+01  2.6000e-01  7.3640e+12  1.3412e+00  1.6014e-01  2.5433e-02
  1.1659e+01  2.4621e+01  2.8000e-01  9.9166e+12  1.3277e+00  1.3805e-01  2.3927e-02
  1.1659e+01  2.4621e+01  3.0000e-01  1.1897e+13  1.3157e+00  1.2118e-01  2.3641e-02
  1.1659e+01  2.4621e+01  3.2000e-01  1.5904e+13  1.2963e+00  1.0282e-01  2.1728e-02
  1.1659e+01  2.4621e+01  3.4000e-01  1.6870e+13  1.2577e+00  8.3024e-02  2.5109e-02
  1.1659e+01  2.4621e+01  3.6000e-01  1.3139e+12  1.2322e+00  1.8475e-01  2.1538e-01
  1.1659e+01  2.4621e+01  3.8000e-01  8.0460e+10  1.3391e+00  -2.8050e-01  1.1768e+00
  1.1659e+01  2.4621e+01  4.0000e-01  8.0727e+10  1.5781e+00  -1.4532e+01  5.1294e-01
  1.1659e+01  2.4621e+01  4.2000e-01  1.0152e+11  9.6715e-01  -5.0972e+01  5.9540e-01
  1.1659e+01  2.4621e+01  4.4000e-01  3.0280e+08  8.0923e-01  -1.8824e+02  2.4095e+00
  1.1659e+01  2.4621e+01  4.6000e-01  6.6755e+09  5.1763e-01  1.3608e-01  2.5047e-04
  1.1659e+01  2.4621e+01  4.8000e-01  4.8245e+11  4.1055e-01  1.3049e-01  9.3796e-05
  1.1659e+01  2.4621e+01  5.0000e-01  3.3076e+12  8.8271e-01  5.8064e-02  6.9755e-03
  1.1659e+01  2.4621e+01  5.2000e-01  2.0440e+11  9.4225e-01  4.2432e-01  5.9345e-02
  1.1659e+01  2.4621e+01  5.4000e-01  1.6723e+11  9.4858e-01  4.2201e-01  6.3184e-02
  1.1659e+01  2.4621e+01  5.6000e-01  1.4943e+11  9.5915e-01  4.0379e-01  6.4114e-02
  1.1659e+01  2.4621e+01  5.8000e-01  1.2899e+11  9.7247e-01  3.9957e-01  6.8273e-02
  1.1659e+01  2.4621e+01  6.0000e-01  1.1215e+11  9.9380e-01  3.7597e-01  7.2203e-02
  1.1659e+01  3.0079e+01  1.0000e-02  6.2121e+11  1.3232e+00  1.7204e+00  1.8366e-01
  1.1659e+01  3.0079e+01  2.0000e-02  7.5021e+11  1.3374e+00  1.3353e+00  1.5568e-01
  1.1659e+01  3.0079e+01  4.0000e-02  9.5543e+11  1.3492e+00  1.0328e+00  1.2852e-01
  1.1659e+01  3.0079e+01  6.0000e-02  1.1092e+12  1.3552e+00  8.7464e-01  1.1369e-01
  1.1659e+01  3.0079e+01  8.0000e-02  1.2340e+12  1.3595e+00  7.7195e-01  1.0543e-01
  1.1659e+01  3.0079e+01  1.0000e-01  1.3499e+12  1.3626e+00  6.8475e-01  9.7486e-02
  1.1659e+01  3.0079e+01  1.2000e-01  1.5185e+12  1.3633e+00  6.1430e-01  8.8466e-02
  1.1659e+01  3.0079e+01  1.4000e-01  1.6678e+12  1.3658e+00  5.5045e-01  8.3814e-02
  1.1659e+01  3.0079e+01  1.6000e-01  2.0363e+12  1.3588e+00  4.7470e-01  7.0466e-02
  1.1659e+01  3.0079e+01  1.8000e-01  3.3165e+12  1.3247e+00  4.0844e-01  4.7614e-02
  1.1659e+01  3.0079e+01  2.0000e-01  5.5747e+12  1.2882e+00  3.5355e-01  3.5043e-02
  1.1659e+01  3.0079e+01  2.2000e-01  7.9251e+12  1.2660e+00  2.9846e-01  2.9568e-02
  1.1659e+01  3.0079e+01  2.4000e-01  1.2099e+13  1.2559e+00  2.2054e-01  2.1391e-02
  1.1659e+01  3.0079e+01  2.6000e-01  5.5611e+12  1.3741e+00  1.5823e-01  2.4655e-02
  1.1659e+01  3.0079e+01  2.8000e-01  8.6605e+12  1.3487e+00  1.3674e-01  2.2709e-02
  1.1659e+01  3.0079e+01  3.0000e-01  1.1015e+13  1.3287e+00  1.2250e-01  2.2375e-02
  1.1659e+01  3.0079e+01  3.2000e-01  1.2861e+13  1.3083e+00  1.0739e-01  2.3101e-02
  1.1659e+01  3.0079e+01  3.4000e-01  8.8436e+12  1.2495e+00  1.0354e-01  4.0833e-02
  1.1659e+01  3.0079e+01  3.6000e-01  1.7778e+12  1.1933e+00  2.2247e-01  1.9558e-01
  1.1659e+01  3.0079e+01  3.8000e-01  1.3736e+11  1.2039e+00  1.1314e+00  1.4287e+00
  1.1659e+01  3.0079e+01  4.0000e-01  6.4550e+11  1.3876e+00  -1.3078e+01  2.0653e-01
  1.1659e+01  3.0079e+01  4.2000e-01  2.7425e+08  9.6067e-01  8.5432e+01  9.1108e+01
  1.1659e+01  3.0079e+01  4.4000e-01  3.4575e+08  7.6911e-01  -1.1075e+02  1.4684e+00
  1.1659e+01  3.0079e+01  4.6000e-01  6.8093e+09  5.3024e-01  1.3662e-01  1.9328e-04
  1.1659e+01  3.0079e+01  4.8000e-01  2.6998e+11  4.1676e-01  1.4473e-01  4.3460e-05
  1.1659e+01  3.0079e+01  5.0000e-01  2.7375e+12  8.6375e-01  4.9085e-02  8.1810e-03
  1.1659e+01  3.0079e+01  5.2000e-01  1.4465e+11  9.6802e-01  4.2940e-01  6.5039e-02
  1.1659e+01  3.0079e+01  5.4000e-01  1.1666e+11  9.7505e-01  4.3717e-01  6.7755e-02
  1.1659e+01  3.0079e+01  5.6000e-01  9.8713e+10  9.8207e-01  4.4188e-01  7.0716e-02
  1.1659e+01  3.0079e+01  5.8000e-01  8.7369e+10  9.8885e-01  4.4256e-01  7.1855e-02
  1.1659e+01  3.0079e+01  6.0000e-01  7.5058e+10  1.0023e+00  4.2417e-01  7.5094e-02
  1.1659e+01  3.6747e+01  1.0000e-02  5.6497e+11  1.3152e+00  1.9572e+00  2.0240e-01
  1.1659e+01  3.6747e+01  2.0000e-02  6.8757e+11  1.3322e+00  1.4499e+00  1.6782e-01
  1.1659e+01  3.6747e+01  4.0000e-02  8.6457e+11  1.3458e+00  1.0920e+00  1.3827e-01
  1.1659e+01  3.6747e+01  6.0000e-02  1.0001e+12  1.3527e+00  9.1780e-01  1.2280e-01
  1.1659e+01  3.6747e+01  8.0000e-02  1.1259e+12  1.3569e+00  8.0556e-01  1.1231e-01
  1.1659e+01  3.6747e+01  1.0000e-01  1.2210e+12  1.3603e+00  7.1636e-01  1.0525e-01
  1.1659e+01  3.6747e+01  1.2000e-01  1.3487e+12  1.3608e+00  6.4216e-01  9.6440e-02
  1.1659e+01  3.6747e+01  1.4000e-01  1.4468e+12  1.3614e+00  5.8367e-01  9.2548e-02
  1.1659e+01  3.6747e+01  1.6000e-01  1.5453e+12  1.3616e+00  5.2179e-01  8.8883e-02
  1.1659e+01  3.6747e+01  1.8000e-01  1.8700e+12  1.3515e+00  4.5007e-01  7.4872e-02
  1.1659e+01  3.6747e+01  2.0000e-01  2.8271e+12  1.3208e+00  3.8838e-01  5.3748e-02
  1.1659e+01  3.6747e+01  2.2000e-01  4.4347e+12  1.2873e+00  3.3721e-01  4.1076e-02
  1.1659e+01  3.6747e+01  2.4000e-01  6.0000e+12  1.2646e+00  2.8777e-01  3.5817e-02
  1.1659e+01  3.6747e+01  2.6000e-01  8.7779e+12  1.2455e+00  2.1959e-01  2.9260e-02
  1.1659e+01  3.6747e+01  2.8000e-01  4.4871e+12  1.3965e+00  1.2812e-01  2.4238e-02
  1.1659e+01  3.6747e+01  3.0000e-01  9.7715e+12  1.3865e+00  1.0041e-01  1.7575e-02
  1.1659e+01  3.6747e+01  3.2000e-01  7.0026e+12  1.3357e+00  9.2072e-02  2.9342e-02
  1.1659e+01  3.6747e+01  3.4000e-01  2.3051e+12  1.3170e+00  1.0403e-01  7.3719e-02
  1.1659e+01  3.6747e+01  3.6000e-01  4.1631e+13  1.3170e+00  -2.4797e-02  9.4901e-03
  1.1659e+01  3.6747e+01  3.8000e-01  1.9805e+12  1.1882e+00  -3.7613e-02  1.5598e-01
  1.1659e+01  3.6747e+01  4.0000e-01  1.5160e+11  1.5599e+00  -1.5740e+01  4.3701e-01
  1.1659e+01  3.6747e+01  4.2000e-01  4.7410e+08  2.0272e+00  -5.6246e+02  2.9092e+00
  1.1659e+01  3.6747e+01  4.4000e-01  5.6332e+09  3.1820e-01  1.1272e-01  6.7595e-04
  1.1659e+01  3.6747e+01  4.6000e-01  3.6773e+08  5.6695e-01  -1.7859e+00  -1.6319e-08
  1.1659e+01  3.6747e+01  4.8000e-01  7.9976e+10  5.2701e-01  1.3592e-01  1.8787e-04
  1.1659e+01  3.6747e+01  5.0000e-01  2.6544e+12  8.4542e-01  3.6689e-02  8.1102e-03
  1.1659e+01  3.6747e+01  5.2000e-01  9.7174e+10  9.9120e-01  4.3363e-01  7.0077e-02
  1.1659e+01  3.6747e+01  5.4000e-01  7.6893e+10  1.0007e+00  4.4988e-01  7.1479e-02
  1.1659e+01  3.6747e+01  5.6000e-01  6.3780e+10  1.0073e+00  4.5780e-01  7.4113e-02
  1.1659e+01  3.6747e+01  5.8000e-01  5.5833e+10  1.0151e+00  4.4758e-01  7.4819e-02
  1.1659e+01  3.6747e+01  6.0000e-01  4.7370e+10  1.0201e+00  4.5770e-01  7.7614e-02
  1.1659e+01  4.4893e+01  1.0000e-02  5.1560e+11  1.3024e+00  2.3144e+00  2.2344e-01
  1.1659e+01  4.4893e+01  2.0000e-02  6.2210e+11  1.3267e+00  1.6230e+00  1.8416e-01
  1.1659e+01  4.4893e+01  4.0000e-02  7.9959e+11  1.3429e+00  1.1679e+00  1.4703e-01
  1.1659e+01  4.4893e+01  6.0000e-02  9.2125e+11  1.3505e+00  9.7013e-01  1.3068e-01
  1.1659e+01  4.4893e+01  8.0000e-02  1.0417e+12  1.3550e+00  8.4404e-01  1.1850e-01
  1.1659e+01  4.4893e+01  1.0000e-01  1.1314e+12  1.3589e+00  7.4925e-01  1.1125e-01
  1.1659e+01  4.4893e+01  1.2000e-01  1.2396e+12  1.3599e+00  6.7005e-01  1.0240e-01
  1.1659e+01  4.4893e+01  1.4000e-01  1.3409e+12  1.3602e+00  6.0930e-01  9.7328e-02
  1.1659e+01  4.4893e+01  1.6000e-01  1.4082e+12  1.3615e+00  5.5062e-01  9.5347e-02
  1.1659e+01  4.4893e+01  1.8000e-01  1.5665e+12  1.3575e+00  4.8135e-01  8.6873e-02
  1.1659e+01  4.4893e+01  2.0000e-01  2.0772e+12  1.3371e+00  4.1460e-01  6.7690e-02
  1.1659e+01  4.4893e+01  2.2000e-01  3.0804e+12  1.3047e+00  3.6288e-01  5.1015e-02
  1.1659e+01  4.4893e+01  2.4000e-01  4.3073e+12  1.2759e+00  3.1902e-01  4.3027e-02
  1.1659e+01  4.4893e+01  2.6000e-01  5.2214e+12  1.2564e+00  2.7651e-01  4.0245e-02
  1.1659e+01  4.4893e+01  2.8000e-01  7.5373e+12  1.2382e+00  2.0536e-01  3.3180e-02
  1.1659e+01  4.4893e+01  3.0000e-01  4.1022e+12  1.4036e+00  1.1063e-01  2.4930e-02
  1.1659e+01  4.4893e+01  3.2000e-01  3.8809e+12  1.3920e+00  8.5849e-02  3.2690e-02
  1.1659e+01  4.4893e+01  3.4000e-01  1.7014e+12  1.3633e+00  8.4625e-02  7.1408e-02
  1.1659e+01  4.4893e+01  3.6000e-01  1.9002e+13  1.3394e+00  1.2418e-03  1.4415e-02
  1.1659e+01  4.4893e+01  3.8000e-01  3.3328e+12  1.2439e+00  -2.1264e-02  7.3554e-02
  1.1659e+01  4.4893e+01  4.0000e-01  4.3822e+10  1.2451e+00  7.5319e-01  1.9829e+00
  1.1659e+01  4.4893e+01  4.2000e-01  5.8553e+11  6.8736e-01  -5.0867e+01  1.0076e+00
  1.1659e+01  4.4893e+01  4.4000e-01  6.1080e+09  3.6845e-01  1.2050e-01  6.2043e-04
  1.1659e+01  4.4893e+01  4.6000e-01  5.4685e+56  -9.7463e+00  1.5874e-01  -1.1677e-01
  1.1659e+01  4.4893e+01  4.8000e-01  4.1969e+129  -2.4374e+01  4.1989e-02  -1.2107e-01
  1.1659e+01  4.4893e+01  5.0000e-01  1.9549e+12  8.3732e-01  9.2418e-03  1.1341e-02
  1.1659e+01  4.4893e+01  5.2000e-01  5.9476e+10  1.0148e+00  4.2700e-01  7.7893e-02
  1.1659e+01  4.4893e+01  5.4000e-01  4.7237e+10  1.0269e+00  4.4930e-01  7.6423e-02
  1.1659e+01  4.4893e+01  5.6000e-01  3.9554e+10  1.0323e+00  4.5794e-01  7.6525e-02
  1.1659e+01  4.4893e+01  5.8000e-01  3.3007e+10  1.0367e+00  4.6556e-01  7.9787e-02
  1.1659e+01  4.4893e+01  6.0000e-01  2.7177e+10  1.0498e+00  4.4517e-01  8.3256e-02
  1.1659e+01  5.4844e+01  1.0000e-02  4.7582e+11  1.2885e+00  2.7684e+00  2.4164e-01
  1.1659e+01  5.4844e+01  2.0000e-02  5.5516e+11  1.3171e+00  1.8928e+00  2.0524e-01
  1.1659e+01  5.4844e+01  4.0000e-02  7.2901e+11  1.3388e+00  1.2802e+00  1.5912e-01
  1.1659e+01  5.4844e+01  6.0000e-02  8.5168e+11  1.3477e+00  1.0401e+00  1.3895e-01
  1.1659e+01  5.4844e+01  8.0000e-02  9.6388e+11  1.3531e+00  8.9403e-01  1.2505e-01
  1.1659e+01  5.4844e+01  1.0000e-01  1.0505e+12  1.3576e+00  7.9085e-01  1.1719e-01
  1.1659e+01  5.4844e+01  1.2000e-01  1.1472e+12  1.3595e+00  7.0367e-01  1.0795e-01
  1.1659e+01  5.4844e+01  1.4000e-01  1.2496e+12  1.3598e+00  6.3762e-01  1.0138e-01
  1.1659e+01  5.4844e+01  1.6000e-01  1.3138e+12  1.3615e+00  5.7979e-01  9.9638e-02
  1.1659e+01  5.4844e+01  1.8000e-01  1.4069e+12  1.3607e+00  5.1200e-01  9.4558e-02
  1.1659e+01  5.4844e+01  2.0000e-01  1.7267e+12  1.3474e+00  4.3967e-01  7.8072e-02
  1.1659e+01  5.4844e+01  2.2000e-01  2.4824e+12  1.3179e+00  3.8233e-01  5.8319e-02
  1.1659e+01  5.4844e+01  2.4000e-01  3.5490e+12  1.2871e+00  3.3721e-01  4.7213e-02
  1.1659e+01  5.4844e+01  2.6000e-01  4.5065e+12  1.2631e+00  2.9765e-01  4.2941e-02
  1.1659e+01  5.4844e+01  2.8000e-01  5.1730e+12  1.2492e+00  2.5300e-01  4.1253e-02
  1.1659e+01  5.4844e+01  3.0000e-01  4.9318e+12  1.3221e+00  1.3991e-01  2.6530e-02
  1.1659e+01  5.4844e+01  3.2000e-01  5.5382e+12  1.4042e+00  8.7283e-02  2.2046e-02
  1.1659e+01  5.4844e+01  3.4000e-01  1.5901e+12  1.3737e+00  9.0577e-02  6.6983e-02
  1.1659e+01  5.4844e+01  3.6000e-01  1.3794e+13  1.3621e+00  1.7619e-02  1.6122e-02
  1.1659e+01  5.4844e+01  3.8000e-01  7.7845e+12  1.2969e+00  -1.7741e-02  3.0096e-02
  1.1659e+01  5.4844e+01  4.0000e-01  1.7293e+11  1.2171e+00  3.3606e-01  6.7970e-01
  1.1659e+01  5.4844e+01  4.2000e-01  2.3354e+11  1.2204e+00  -3.0347e+01  7.9590e-01
  1.1659e+01  5.4844e+01  4.4000e-01  1.1059e+09  1.1671e+00  -4.4708e+01  5.1478e-01
  1.1659e+01  5.4844e+01  4.6000e-01  8.6979e+09  5.3799e-01  1.3883e-01  3.3816e-05
  1.1659e+01  5.4844e+01  4.8000e-01  4.2624e+10  5.6425e-01  1.3573e-01  5.6694e-05
  1.1659e+01  5.4844e+01  5.0000e-01  1.4387e+12  8.4061e-01  -4.1883e-02  1.6047e-02
  1.1659e+01  5.4844e+01  5.2000e-01  3.5813e+10  1.0369e+00  4.0479e-01  8.3733e-02
  1.1659e+01  5.4844e+01  5.4000e-01  2.7907e+10  1.0479e+00  4.4946e-01  8.1013e-02
  1.1659e+01  5.4844e+01  5.6000e-01  2.2786e+10  1.0574e+00  4.5146e-01  8.2944e-02
  1.1659e+01  5.4844e+01  5.8000e-01  1.7610e+10  1.0655e+00  4.5701e-01  9.3169e-02
  1.1659e+01  5.4844e+01  6.0000e-01  1.4229e+10  1.0807e+00  4.2685e-01  9.8284e-02
  1.1659e+01  6.7002e+01  1.0000e-02  4.2655e+11  1.2810e+00  3.2727e+00  2.6045e-01
  1.1659e+01  6.7002e+01  2.0000e-02  5.0831e+11  1.3041e+00  2.2637e+00  2.2358e-01
  1.1659e+01  6.7002e+01  4.0000e-02  6.4472e+11  1.3339e+00  1.4511e+00  1.7673e-01
  1.1659e+01  6.7002e+01  6.0000e-02  7.8098e+11  1.3444e+00  1.1369e+00  1.4894e-01
  1.1659e+01  6.7002e+01  8.0000e-02  8.8821e+11  1.3507e+00  9.6131e-01  1.3266e-01
  1.1659e+01  6.7002e+01  1.0000e-01  9.7769e+11  1.3559e+00  8.4461e-01  1.2306e-01
  1.1659e+01  6.7002e+01  1.2000e-01  1.0598e+12  1.3591e+00  7.4793e-01  1.1411e-01
  1.1659e+01  6.7002e+01  1.4000e-01  1.1629e+12  1.3597e+00  6.7289e-01  1.0530e-01
  1.1659e+01  6.7002e+01  1.6000e-01  1.2291e+12  1.3613e+00  6.1350e-01  1.0288e-01
  1.1659e+01  6.7002e+01  1.8000e-01  1.2452e+12  1.3615e+00  5.5392e-01  1.0312e-01
  1.1659e+01  6.7002e+01  2.0000e-01  1.4263e+12  1.3547e+00  4.7676e-01  9.0572e-02
  1.1659e+01  6.7002e+01  2.2000e-01  2.0055e+12  1.3320e+00  4.0667e-01  6.7258e-02
  1.1659e+01  6.7002e+01  2.4000e-01  2.9032e+12  1.3004e+00  3.5722e-01  5.2032e-02
  1.1659e+01  6.7002e+01  2.6000e-01  3.9240e+12  1.2727e+00  3.1642e-01  4.4973e-02
  1.1659e+01  6.7002e+01  2.8000e-01  4.6044e+12  1.2543e+00  2.7837e-01  4.2803e-02
  1.1659e+01  6.7002e+01  3.0000e-01  6.8499e+12  1.2377e+00  2.0356e-01  3.4214e-02
  1.1659e+01  6.7002e+01  3.2000e-01  2.9962e+12  1.3967e+00  1.0971e-01  3.0006e-02
  1.1659e+01  6.7002e+01  3.4000e-01  1.6763e+12  1.3895e+00  9.4337e-02  5.5716e-02
  1.1659e+01  6.7002e+01  3.6000e-01  1.4541e+12  1.3696e+00  6.6435e-02  7.3605e-02
  1.1659e+01  6.7002e+01  3.8000e-01  1.4241e+13  1.3370e+00  -4.6446e-03  1.6061e-02
  1.1659e+01  6.7002e+01  4.0000e-01  8.0773e+11  1.2116e+00  4.8244e-02  2.1281e-01
  1.1659e+01  6.7002e+01  4.2000e-01  1.6086e+12  1.3401e+00  -2.3397e+00  8.5047e-02
  1.1659e+01  6.7002e+01  4.4000e-01  2.1487e+11  6.4202e-01  -5.8360e+01  1.4993e+00
  1.1659e+01  6.7002e+01  4.6000e-01  2.3423e+10  4.5433e-01  1.8430e-01  4.2067e-07
  1.1659e+01  6.7002e+01  4.8000e-01  9.8311e+10  4.4863e-01  1.6941e-01  3.4569e-07
  1.1659e+01  6.7002e+01  5.0000e-01  1.5252e+12  8.7363e-01  -1.7385e-01  1.4660e-02
  1.1659e+01  6.7002e+01  5.2000e-01  2.1523e+10  1.0482e+00  4.0529e-01  8.8898e-02
  1.1659e+01  6.7002e+01  5.4000e-01  1.5821e+10  1.0643e+00  4.5304e-01  8.8555e-02
  1.1659e+01  6.7002e+01  5.6000e-01  1.2489e+10  1.0806e+00  4.4524e-01  9.2167e-02
  1.1659e+01  6.7002e+01  5.8000e-01  9.9194e+09  1.1036e+00  3.8978e-01  1.0027e-01
  1.1659e+01  6.7002e+01  6.0000e-01  8.5703e+09  1.0990e+00  4.1721e-01  9.9408e-02
  1.1659e+01  8.1855e+01  1.0000e-02  3.7280e+11  1.2856e+00  3.7937e+00  2.7959e-01
  1.1659e+01  8.1855e+01  2.0000e-02  4.5972e+11  1.2916e+00  2.7260e+00  2.4177e-01
  1.1659e+01  8.1855e+01  4.0000e-02  5.6445e+11  1.3253e+00  1.7142e+00  1.9777e-01
  1.1659e+01  8.1855e+01  6.0000e-02  6.9217e+11  1.3407e+00  1.2824e+00  1.6386e-01
  1.1659e+01  8.1855e+01  8.0000e-02  8.0040e+11  1.3483e+00  1.0592e+00  1.4362e-01
  1.1659e+01  8.1855e+01  1.0000e-01  9.0602e+11  1.3531e+00  9.1728e-01  1.2932e-01
  1.1659e+01  8.1855e+01  1.2000e-01  9.6914e+11  1.3583e+00  8.1097e-01  1.2171e-01
  1.1659e+01  8.1855e+01  1.4000e-01  1.0638e+12  1.3596e+00  7.2181e-01  1.1102e-01
  1.1659e+01  8.1855e+01  1.6000e-01  1.1437e+12  1.3607e+00  6.5561e-01  1.0567e-01
  1.1659e+01  8.1855e+01  1.8000e-01  1.1835e+12  1.3633e+00  5.9355e-01  1.0513e-01
  1.1659e+01  8.1855e+01  2.0000e-01  1.2678e+12  1.3625e+00  5.1843e-01  9.8904e-02
  1.1659e+01  8.1855e+01  2.2000e-01  1.5917e+12  1.3472e+00  4.4213e-01  7.9556e-02
  1.1659e+01  8.1855e+01  2.4000e-01  2.2805e+12  1.3176e+00  3.8434e-01  5.9333e-02
  1.1659e+01  8.1855e+01  2.6000e-01  3.1998e+12  1.2874e+00  3.3975e-01  4.8518e-02
  1.1659e+01  8.1855e+01  2.8000e-01  4.0404e+12  1.2636e+00  3.0206e-01  4.4073e-02
  1.1659e+01  8.1855e+01  3.0000e-01  4.5789e+12  1.2494e+00  2.6152e-01  4.2540e-02
  1.1659e+01  8.1855e+01  3.2000e-01  5.2100e+12  1.2972e+00  1.4573e-01  2.7108e-02
  1.1659e+01  8.1855e+01  3.4000e-01  3.7314e+12  1.4052e+00  8.9008e-02  2.6640e-02
  1.1659e+01  8.1855e+01  3.6000e-01  1.3303e+12  1.3733e+00  9.1166e-02  6.9746e-02
  1.1659e+01  8.1855e+01  3.8000e-01  9.7906e+12  1.3629e+00  1.3748e-02  1.8565e-02
  1.1659e+01  8.1855e+01  4.0000e-01  7.2587e+12  1.2919e+00  -2.5602e-02  2.8261e-02
  1.1659e+01  8.1855e+01  4.2000e-01  7.6962e+10  1.2500e+00  4.6882e-01  9.2613e-01
  1.1659e+01  8.1855e+01  4.4000e-01  1.0008e+10  1.1294e+00  -2.1871e+01  1.2487e+01
  1.1659e+01  8.1855e+01  4.6000e-01  4.3188e+10  5.1371e-01  1.1143e-01  2.7373e-03
  1.1659e+01  8.1855e+01  4.8000e-01  1.2061e+63  -1.1026e+01  1.6818e-01  -1.3266e-01
  1.1659e+01  8.1855e+01  5.0000e-01  6.8590e+11  9.8588e-01  -1.0954e+00  3.3184e-02
  1.1659e+01  8.1855e+01  5.2000e-01  1.3524e+10  1.0531e+00  4.0790e-01  8.9932e-02
  1.1659e+01  8.1855e+01  5.4000e-01  9.8391e+09  1.0841e+00  4.0299e-01  8.8751e-02
  1.1659e+01  8.1855e+01  5.6000e-01  7.2347e+09  1.1037e+00  4.0825e-01  9.9053e-02
  1.1659e+01  8.1855e+01  5.8000e-01  6.3746e+09  1.1066e+00  4.1035e-01  9.8883e-02
  1.1659e+01  8.1855e+01  6.0000e-01  5.6003e+09  1.1167e+00  3.7540e-01  9.8938e-02
  1.1659e+01  1.0000e+02  1.0000e-02  2.9222e+11  1.2823e+00  4.5483e+00  3.3141e-01
  1.1659e+01  1.0000e+02  2.0000e-02  3.9342e+11  1.2884e+00  3.2482e+00  2.6616e-01
  1.1659e+01  1.0000e+02  4.0000e-02  5.0554e+11  1.3123e+00  2.0882e+00  2.1658e-01
  1.1659e+01  1.0000e+02  6.0000e-02  5.9521e+11  1.3345e+00  1.5135e+00  1.8451e-01
  1.1659e+01  1.0000e+02  8.0000e-02  7.0089e+11  1.3448e+00  1.2105e+00  1.5918e-01
  1.1659e+01  1.0000e+02  1.0000e-01  8.0407e+11  1.3507e+00  1.0238e+00  1.4013e-01
  1.1659e+01  1.0000e+02  1.2000e-01  8.8241e+11  1.3557e+00  9.0029e-01  1.2969e-01
  1.1659e+01  1.0000e+02  1.4000e-01  9.4887e+11  1.3595e+00  7.9635e-01  1.2031e-01
  1.1659e+01  1.0000e+02  1.6000e-01  1.0396e+12  1.3601e+00  7.1432e-01  1.1023e-01
  1.1659e+01  1.0000e+02  1.8000e-01  1.0941e+12  1.3620e+00  6.4996e-01  1.0749e-01
  1.1659e+01  1.0000e+02  2.0000e-01  1.1222e+12  1.3651e+00  5.8084e-01  1.0672e-01
  1.1659e+01  1.0000e+02  2.2000e-01  1.2498e+12  1.3609e+00  4.9895e-01  9.5733e-02
  1.1659e+01  1.0000e+02  2.4000e-01  1.6604e+12  1.3395e+00  4.2653e-01  7.3281e-02
  1.1659e+01  1.0000e+02  2.6000e-01  2.3839e+12  1.3087e+00  3.7344e-01  5.5501e-02
  1.1659e+01  1.0000e+02  2.8000e-01  3.2531e+12  1.2803e+00  3.3137e-01  4.6849e-02
  1.1659e+01  1.0000e+02  3.0000e-01  3.9388e+12  1.2598e+00  2.9520e-01  4.3469e-02
  1.1659e+01  1.0000e+02  3.2000e-01  4.7866e+12  1.2471e+00  2.4208e-01  3.9730e-02
  1.1659e+01  1.0000e+02  3.4000e-01  2.6442e+12  1.3712e+00  1.2719e-01  3.0640e-02
  1.1659e+01  1.0000e+02  3.6000e-01  2.4788e+12  1.3980e+00  8.8376e-02  3.5507e-02
  1.1659e+01  1.0000e+02  3.8000e-01  1.0768e+12  1.3703e+00  8.5872e-02  7.7758e-02
  1.1659e+01  1.0000e+02  4.0000e-01  1.3483e+13  1.3538e+00  1.3683e-04  1.3692e-02
  1.1659e+01  1.0000e+02  4.2000e-01  1.1681e+12  1.2458e+00  -9.4178e-03  1.1810e-01
  1.1659e+01  1.0000e+02  4.4000e-01  2.7279e+10  1.2944e+00  -1.8453e-01  1.5170e+00
  1.1659e+01  1.0000e+02  4.6000e-01  8.0845e+10  6.2496e-01  -7.5207e+00  9.2446e+00
  1.1659e+01  1.0000e+02  4.8000e-01  9.4361e+09  6.3214e-01  1.4310e-01  3.8421e-05
  1.1659e+01  1.0000e+02  5.0000e-01  5.9472e+10  1.2718e+00  -1.0401e+01  2.0827e-01
  1.1659e+01  1.0000e+02  5.2000e-01  8.6143e+09  1.0581e+00  3.9951e-01  9.0473e-02
  1.1659e+01  1.0000e+02  5.4000e-01  5.9567e+09  1.0837e+00  4.1991e-01  9.5262e-02
  1.1659e+01  1.0000e+02  5.6000e-01  4.7397e+09  1.1186e+00  3.5862e-01  9.8938e-02
  1.1659e+01  1.0000e+02  5.8000e-01  3.8351e+09  1.1318e+00  3.5231e-01  1.0473e-01
  1.1659e+01  1.0000e+02  6.0000e-01  3.5340e+09  1.1268e+00  3.6666e-01  1.0252e-01
  1.1659e+01  1.5000e+02  1.0000e-02  1.8541e+11  1.2835e+00  6.6844e+00  4.4894e-01
  1.1659e+01  1.5000e+02  2.0000e-02  2.5817e+11  1.2942e+00  4.7417e+00  3.4651e-01
  1.1659e+01  1.5000e+02  4.0000e-02  3.6247e+11  1.2998e+00  3.1409e+00  2.6678e-01
  1.1659e+01  1.5000e+02  6.0000e-02  4.5572e+11  1.3114e+00  2.3297e+00  2.2220e-01
  1.1659e+01  1.5000e+02  8.0000e-02  5.0678e+11  1.3267e+00  1.8266e+00  2.0088e-01
  1.1659e+01  1.5000e+02  1.0000e-01  5.6207e+11  1.3393e+00  1.4829e+00  1.8113e-01
  1.1659e+01  1.5000e+02  1.2000e-01  6.2590e+11  1.3480e+00  1.2481e+00  1.6323e-01
  1.1659e+01  1.5000e+02  1.4000e-01  7.0099e+11  1.3527e+00  1.0808e+00  1.4625e-01
  1.1659e+01  1.5000e+02  1.6000e-01  7.4824e+11  1.3575e+00  9.6073e-01  1.3750e-01
  1.1659e+01  1.5000e+02  1.8000e-01  8.0068e+11  1.3608e+00  8.5392e-01  1.2706e-01
  1.1659e+01  1.5000e+02  2.0000e-01  8.7226e+11  1.3611e+00  7.6763e-01  1.1586e-01
  1.1659e+01  1.5000e+02  2.2000e-01  9.1119e+11  1.3630e+00  6.9736e-01  1.1228e-01
  1.1659e+01  1.5000e+02  2.4000e-01  9.1819e+11  1.3670e+00  6.2270e-01  1.1201e-01
  1.1659e+01  1.5000e+02  2.6000e-01  9.8486e+11  1.3657e+00  5.3560e-01  1.0295e-01
  1.1659e+01  1.5000e+02  2.8000e-01  1.2501e+12  1.3479e+00  4.5657e-01  8.0429e-02
  1.1659e+01  1.5000e+02  3.0000e-01  1.7572e+12  1.3183e+00  3.9913e-01  5.9570e-02
  1.1659e+01  1.5000e+02  3.2000e-01  2.3994e+12  1.2901e+00  3.5473e-01  4.8384e-02
  1.1659e+01  1.5000e+02  3.4000e-01  2.9490e+12  1.2674e+00  3.1925e-01  4.3658e-02
  1.1659e+01  1.5000e+02  3.6000e-01  3.2724e+12  1.2538e+00  2.7989e-01  4.1727e-02
  1.1659e+01  1.5000e+02  3.8000e-01  4.0102e+12  1.2800e+00  1.6072e-01  2.7392e-02
  1.1659e+01  1.5000e+02  4.0000e-01  2.6560e+12  1.4022e+00  9.6018e-02  2.4509e-02
  1.1659e+01  1.5000e+02  4.2000e-01  9.7219e+11  1.3741e+00  8.9645e-02  5.9198e-02
  1.1659e+01  1.5000e+02  4.4000e-01  6.3746e+12  1.3621e+00  1.3927e-02  1.5713e-02
  1.1659e+01  1.5000e+02  4.6000e-01  2.9151e+12  1.2697e+00  -3.4926e-02  3.1041e-02
  1.1659e+01  1.5000e+02  4.8000e-01  3.9226e+11  1.3212e+00  -2.4089e+00  9.2488e-02
  1.1659e+01  1.5000e+02  5.0000e-01  1.1519e+11  1.0209e+00  -3.6815e-01  3.1352e-02
  1.1659e+01  1.5000e+02  5.2000e-01  2.9573e+09  1.0787e+00  3.2031e-01  1.2073e-01
  1.1659e+01  1.5000e+02  5.4000e-01  2.6926e+09  1.0948e+00  2.9165e-01  1.0608e-01
  1.1659e+01  1.5000e+02  5.6000e-01  2.3543e+09  1.1058e+00  3.3314e-01  9.6891e-02
  1.1659e+01  1.5000e+02  5.8000e-01  2.3990e+09  1.0873e+00  4.7603e-01  8.5243e-02
  1.1659e+01  1.5000e+02  6.0000e-01  1.8241e+09  1.1265e+00  3.0238e-01  1.0482e-01
  1.1659e+01  2.0000e+02  1.0000e-02  9.7605e+10  1.3065e+00  1.0322e+01  6.7952e-01
  1.1659e+01  2.0000e+02  2.0000e-02  1.8156e+11  1.2945e+00  6.5286e+00  4.3884e-01
  1.1659e+01  2.0000e+02  4.0000e-02  2.5528e+11  1.3024e+00  4.3254e+00  3.3367e-01
  1.1659e+01  2.0000e+02  6.0000e-02  3.2707e+11  1.3104e+00  3.2157e+00  2.7147e-01
  1.1659e+01  2.0000e+02  8.0000e-02  3.8636e+11  1.3162e+00  2.5559e+00  2.3557e-01
  1.1659e+01  2.0000e+02  1.0000e-01  4.2931e+11  1.3239e+00  2.1122e+00  2.1398e-01
  1.1659e+01  2.0000e+02  1.2000e-01  4.7048e+11  1.3336e+00  1.7743e+00  1.9561e-01
  1.1659e+01  2.0000e+02  1.4000e-01  5.1280e+11  1.3420e+00  1.5183e+00  1.7925e-01
  1.1659e+01  2.0000e+02  1.6000e-01  5.4979e+11  1.3489e+00  1.3211e+00  1.6586e-01
  1.1659e+01  2.0000e+02  1.8000e-01  5.8910e+11  1.3536e+00  1.1668e+00  1.5303e-01
  1.1659e+01  2.0000e+02  2.0000e-01  6.1706e+11  1.3581e+00  1.0480e+00  1.4485e-01
  1.1659e+01  2.0000e+02  2.2000e-01  6.4329e+11  1.3622e+00  9.3881e-01  1.3597e-01
  1.1659e+01  2.0000e+02  2.4000e-01  6.8954e+11  1.3626e+00  8.4521e-01  1.2400e-01
  1.1659e+01  2.0000e+02  2.6000e-01  7.2076e+11  1.3634e+00  7.6935e-01  1.1738e-01
  1.1659e+01  2.0000e+02  2.8000e-01  7.1723e+11  1.3671e+00  6.9608e-01  1.1694e-01
  1.1659e+01  2.0000e+02  3.0000e-01  7.1778e+11  1.3705e+00  6.1131e-01  1.1377e-01
  1.1659e+01  2.0000e+02  3.2000e-01  8.0125e+11  1.3641e+00  5.2254e-01  9.7864e-02
  1.1659e+01  2.0000e+02  3.4000e-01  1.0451e+12  1.3408e+00  4.5351e-01  7.3080e-02
  1.1659e+01  2.0000e+02  3.6000e-01  1.4087e+12  1.3114e+00  4.0355e-01  5.5057e-02
  1.1659e+01  2.0000e+02  3.8000e-01  1.7704e+12  1.2861e+00  3.6357e-01  4.6229e-02
  1.1659e+01  2.0000e+02  4.0000e-01  1.9581e+12  1.2669e+00  3.3184e-01  4.2829e-02
  1.1659e+01  2.0000e+02  4.2000e-01  2.3070e+12  1.2523e+00  2.6338e-01  3.7122e-02
  1.1659e+01  2.0000e+02  4.4000e-01  1.3353e+12  1.3436e+00  1.4495e-01  2.9404e-02
  1.1659e+01  2.0000e+02  4.6000e-01  1.4736e+12  1.3873e+00  9.3838e-02  2.3182e-02
  1.1659e+01  2.0000e+02  4.8000e-01  3.0124e+11  1.3464e+00  6.3048e-02  6.7209e-02
  1.1659e+01  2.0000e+02  5.0000e-01  1.5081e+11  9.0117e-01  7.2316e-03  7.2497e-03
  1.1659e+01  2.0000e+02  5.2000e-01  1.8151e+09  1.0786e+00  2.4650e-01  1.1395e-01
  1.1659e+01  2.0000e+02  5.4000e-01  1.5457e+09  1.0813e+00  2.8868e-01  1.0099e-01
  1.1659e+01  2.0000e+02  5.6000e-01  2.3045e+09  1.0360e+00  7.7512e-01  5.8881e-02
  1.1659e+01  2.0000e+02  5.8000e-01  1.4271e+09  1.0803e+00  5.4173e-01  7.9457e-02
  1.1659e+01  2.0000e+02  6.0000e-01  3.3859e+09  9.9372e-01  1.4929e+00  2.7217e-02
  1.1659e+01  2.5000e+02  1.0000e-02  1.2200e+10  1.4583e+00  1.9378e+01  2.1033e+00
  1.1659e+01  2.5000e+02  2.0000e-02  1.0087e+11  1.3163e+00  9.4180e+00  6.4071e-01
  1.1659e+01  2.5000e+02  4.0000e-02  1.9767e+11  1.3054e+00  5.6948e+00  3.9183e-01
  1.1659e+01  2.5000e+02  6.0000e-02  2.4187e+11  1.3101e+00  4.2861e+00  3.2975e-01
  1.1659e+01  2.5000e+02  8.0000e-02  2.8938e+11  1.3182e+00  3.3908e+00  2.8097e-01
  1.1659e+01  2.5000e+02  1.0000e-01  3.5250e+11  1.3266e+00  2.7564e+00  2.3573e-01
  1.1659e+01  2.5000e+02  1.2000e-01  3.6341e+11  1.3269e+00  2.3768e+00  2.2615e-01
  1.1659e+01  2.5000e+02  1.4000e-01  3.9584e+11  1.3324e+00  2.0533e+00  2.0735e-01
  1.1659e+01  2.5000e+02  1.6000e-01  4.2454e+11  1.3381e+00  1.7959e+00  1.9189e-01
  1.1659e+01  2.5000e+02  1.8000e-01  4.4941e+11  1.3436e+00  1.5905e+00  1.7940e-01
  1.1659e+01  2.5000e+02  2.0000e-01  4.7110e+11  1.3490e+00  1.4179e+00  1.6799e-01
  1.1659e+01  2.5000e+02  2.2000e-01  4.8953e+11  1.3530e+00  1.2760e+00  1.5786e-01
  1.1659e+01  2.5000e+02  2.4000e-01  5.0027e+11  1.3573e+00  1.1588e+00  1.5066e-01
  1.1659e+01  2.5000e+02  2.6000e-01  5.0680e+11  1.3619e+00  1.0486e+00  1.4370e-01
  1.1659e+01  2.5000e+02  2.8000e-01  5.2318e+11  1.3638e+00  9.4848e-01  1.3350e-01
  1.1659e+01  2.5000e+02  3.0000e-01  5.4108e+11  1.3640e+00  8.6476e-01  1.2420e-01
  1.1659e+01  2.5000e+02  3.2000e-01  5.3785e+11  1.3662e+00  7.9098e-01  1.2053e-01
  1.1659e+01  2.5000e+02  3.4000e-01  5.1511e+11  1.3707e+00  7.1415e-01  1.2041e-01
  1.1659e+01  2.5000e+02  3.6000e-01  4.9869e+11  1.3742e+00  6.2582e-01  1.1581e-01
  1.1659e+01  2.5000e+02  3.8000e-01  5.3364e+11  1.3667e+00  5.3984e-01  9.8545e-02
  1.1659e+01  2.5000e+02  4.0000e-01  6.5672e+11  1.3427e+00  4.7709e-01  7.3239e-02
  1.1659e+01  2.5000e+02  4.2000e-01  8.0541e+11  1.3133e+00  4.3308e-01  5.5304e-02
  1.1659e+01  2.5000e+02  4.4000e-01  8.6809e+11  1.2894e+00  3.9717e-01  4.7117e-02
  1.1659e+01  2.5000e+02  4.6000e-01  7.8088e+11  1.2704e+00  3.6302e-01  4.4029e-02
  1.1659e+01  2.5000e+02  4.8000e-01  7.2299e+11  1.2722e+00  1.9588e-01  2.9173e-02
  1.1659e+01  2.5000e+02  5.0000e-01  6.6976e+10  6.8959e-01  1.1957e-01  4.8037e-03
  1.1659e+01  2.5000e+02  5.2000e-01  6.0050e+08  1.1213e+00  2.7384e-01  1.4526e-01
  1.1659e+01  2.5000e+02  5.4000e-01  1.3973e+09  1.1907e+00  4.4644e-02  5.6271e-02
  1.1659e+01  2.5000e+02  5.6000e-01  4.7551e+08  1.1692e+00  1.7830e-01  1.2125e-01
  1.1659e+01  2.5000e+02  5.8000e-01  5.8109e+08  1.0983e+00  1.1299e+00  8.0708e-02
  1.1659e+01  2.5000e+02  6.0000e-01  2.6624e+08  1.2352e+00  1.5684e-01  1.2914e-01
  1.1659e+01  3.0000e+02  1.0000e-02  1.3956e+09  1.6334e+00  3.2621e+01  1.0295e+01
  1.1659e+01  3.0000e+02  2.0000e-02  2.2064e+10  1.4275e+00  1.4913e+01  1.4581e+00
  1.1659e+01  3.0000e+02  4.0000e-02  1.2804e+11  1.3208e+00  7.6817e+00  5.2065e-01
  1.1659e+01  3.0000e+02  6.0000e-02  1.8909e+11  1.3117e+00  5.5697e+00  3.8733e-01
  1.1659e+01  3.0000e+02  8.0000e-02  2.2406e+11  1.3156e+00  4.4202e+00  3.3165e-01
  1.1659e+01  3.0000e+02  1.0000e-01  2.5216e+11  1.3217e+00  3.6505e+00  2.9516e-01
  1.1659e+01  3.0000e+02  1.2000e-01  2.8284e+11  1.3279e+00  3.0825e+00  2.6276e-01
  1.1659e+01  3.0000e+02  1.4000e-01  3.0311e+11  1.3310e+00  2.6722e+00  2.4242e-01
  1.1659e+01  3.0000e+02  1.6000e-01  3.3309e+11  1.3353e+00  2.3367e+00  2.1921e-01
  1.1659e+01  3.0000e+02  1.8000e-01  3.4945e+11  1.3386e+00  2.0803e+00  2.0509e-01
  1.1659e+01  3.0000e+02  2.0000e-01  3.6919e+11  1.3421e+00  1.8655e+00  1.9071e-01
  1.1659e+01  3.0000e+02  2.2000e-01  3.8595e+11  1.3459e+00  1.6869e+00  1.7861e-01
  1.1659e+01  3.0000e+02  2.4000e-01  3.9340e+11  1.3495e+00  1.5340e+00  1.6951e-01
  1.1659e+01  3.0000e+02  2.6000e-01  4.0096e+11  1.3526e+00  1.4012e+00  1.6027e-01
  1.1659e+01  3.0000e+02  2.8000e-01  3.9883e+11  1.3565e+00  1.2876e+00  1.5419e-01
  1.1659e+01  3.0000e+02  3.0000e-01  3.9307e+11  1.3607e+00  1.1820e+00  1.4855e-01
  1.1659e+01  3.0000e+02  3.2000e-01  3.8667e+11  1.3642e+00  1.0795e+00  1.4137e-01
  1.1659e+01  3.0000e+02  3.4000e-01  3.8654e+11  1.3652e+00  9.8829e-01  1.3157e-01
  1.1659e+01  3.0000e+02  3.6000e-01  3.7887e+11  1.3654e+00  9.1149e-01  1.2442e-01
  1.1659e+01  3.0000e+02  3.8000e-01  3.5350e+11  1.3679e+00  8.4130e-01  1.2229e-01
  1.1659e+01  3.0000e+02  4.0000e-01  3.0991e+11  1.3741e+00  7.6505e-01  1.2398e-01
  1.1659e+01  3.0000e+02  4.2000e-01  2.6828e+11  1.3796e+00  6.7397e-01  1.2078e-01
  1.1659e+01  3.0000e+02  4.4000e-01  2.4773e+11  1.3733e+00  5.8728e-01  1.0327e-01
  1.1659e+01  3.0000e+02  4.6000e-01  2.5048e+11  1.3449e+00  5.3530e-01  7.5511e-02
  1.1659e+01  3.0000e+02  4.8000e-01  1.7190e+11  1.3182e+00  5.3346e-01  6.2311e-02
  1.1659e+01  3.0000e+02  5.0000e-01  1.7236e+11  5.6188e-01  1.5998e-01  1.2127e-04
  1.1659e+01  3.0000e+02  5.2000e-01  3.4840e+09  1.1624e+00  4.5135e-02  1.5864e-02
  1.1659e+01  3.0000e+02  5.4000e-01  6.4118e+08  1.2042e+00  5.0069e-02  5.7920e-02
  1.1659e+01  3.0000e+02  5.6000e-01  4.3936e+08  1.0775e+00  1.3887e+00  7.5529e-02
  1.1659e+01  3.0000e+02  5.8000e-01  2.4671e+08  1.2407e+00  8.7827e-02  1.0446e-01
  1.1659e+01  3.0000e+02  6.0000e-01  4.4846e+08  1.0810e+00  1.4691e+00  5.7923e-02
  1.5849e+01  3.3246e+00  1.0000e-02  8.2395e+11  1.2972e+00  4.0826e+00  1.3212e-01
  1.5849e+01  3.3246e+00  2.0000e-02  7.9794e+11  1.2925e+00  3.7741e+00  1.3529e-01
  1.5849e+01  3.3246e+00  4.0000e-02  7.8275e+11  1.2950e+00  3.3560e+00  1.3576e-01
  1.5849e+01  3.3246e+00  6.0000e-02  7.7284e+11  1.2938e+00  3.0724e+00  1.3811e-01
  1.5849e+01  3.3246e+00  8.0000e-02  8.6743e+11  1.2852e+00  2.7769e+00  1.2887e-01
  1.5849e+01  3.3246e+00  1.0000e-01  8.7071e+11  1.2902e+00  2.5579e+00  1.2938e-01
  1.5849e+01  3.3246e+00  1.2000e-01  5.5809e+11  1.3398e+00  2.2211e+00  1.6158e-01
  1.5849e+01  3.3246e+00  1.4000e-01  7.2841e+11  1.3260e+00  1.7809e+00  1.2844e-01
  1.5849e+01  3.3246e+00  1.6000e-01  9.5822e+11  1.3087e+00  1.4920e+00  1.1162e-01
  1.5849e+01  3.3246e+00  1.8000e-01  1.2768e+12  1.2887e+00  1.2748e+00  9.7647e-02
  1.5849e+01  3.3246e+00  2.0000e-01  1.9025e+12  1.2575e+00  1.0808e+00  8.0759e-02
  1.5849e+01  3.3246e+00  2.2000e-01  2.6486e+12  1.2359e+00  8.9288e-01  6.9418e-02
  1.5849e+01  3.3246e+00  2.4000e-01  3.0709e+12  1.2360e+00  7.1010e-01  6.6549e-02
  1.5849e+01  3.3246e+00  2.6000e-01  3.1699e+12  1.2464e+00  5.5007e-01  6.8079e-02
  1.5849e+01  3.3246e+00  2.8000e-01  3.0807e+12  1.2654e+00  4.2267e-01  7.0379e-02
  1.5849e+01  3.3246e+00  3.0000e-01  2.8120e+12  1.2886e+00  3.2594e-01  7.3699e-02
  1.5849e+01  3.3246e+00  3.2000e-01  3.9446e+12  1.2949e+00  1.9521e-01  6.2292e-02
  1.5849e+01  3.3246e+00  3.4000e-01  8.4787e+12  1.3227e+00  8.3890e-02  3.5459e-02
  1.5849e+01  3.3246e+00  3.6000e-01  4.9714e+13  1.3835e+00  -1.3015e-02  7.8793e-03
  1.5849e+01  3.3246e+00  3.8000e-01  1.6326e+12  1.5872e+00  -2.5931e+00  9.1032e-02
  1.5849e+01  3.3246e+00  4.0000e-01  5.6732e+08  1.6135e+00  -7.4558e+00  1.0451e+01
  1.5849e+01  3.3246e+00  4.2000e-01  6.9842e+08  1.1237e+00  9.1827e+01  4.5088e+01
  1.5849e+01  3.3246e+00  4.4000e-01  3.1625e+08  9.2001e-01  7.3328e+01  4.3708e+01
  1.5849e+01  3.3246e+00  4.6000e-01  4.1580e+07  6.6112e-01  -3.9876e+02  1.2855e+00
  1.5849e+01  3.3246e+00  4.8000e-01  4.1069e+10  8.7502e-02  1.1397e-01  3.0262e-05
  1.5849e+01  3.3246e+00  5.0000e-01  7.5810e+12  9.0033e-01  9.1794e-02  2.9080e-03
  1.5849e+01  3.3246e+00  5.2000e-01  2.7070e+11  1.2325e+00  1.8155e-01  8.7505e-02
  1.5849e+01  3.3246e+00  5.4000e-01  3.7001e+11  1.3652e+00  1.3757e-01  1.0503e-01
  1.5849e+01  3.3246e+00  5.6000e-01  7.2197e+11  1.2968e+00  2.1690e-01  1.1276e-01
  1.5849e+01  3.3246e+00  5.8000e-01  1.3180e+12  1.2127e+00  3.0134e-01  9.8558e-02
  1.5849e+01  3.3246e+00  6.0000e-01  3.0862e+12  1.1131e+00  4.6578e-01  6.5491e-02
  1.5849e+01  4.0616e+00  1.0000e-02  8.1966e+11  1.2999e+00  3.5811e+00  1.3371e-01
  1.5849e+01  4.0616e+00  2.0000e-02  8.1385e+11  1.3004e+00  3.3277e+00  1.3341e-01
  1.5849e+01  4.0616e+00  4.0000e-02  8.1965e+11  1.3008e+00  2.9664e+00  1.3201e-01
  1.5849e+01  4.0616e+00  6.0000e-02  7.9762e+11  1.3046e+00  2.6768e+00  1.3500e-01
  1.5849e+01  4.0616e+00  8.0000e-02  9.1687e+11  1.2972e+00  2.3902e+00  1.2263e-01
  1.5849e+01  4.0616e+00  1.0000e-01  8.6519e+11  1.3096e+00  2.1623e+00  1.3924e-01
  1.5849e+01  4.0616e+00  1.2000e-01  7.4530e+11  1.3370e+00  1.7917e+00  1.4866e-01
  1.5849e+01  4.0616e+00  1.4000e-01  9.2881e+11  1.3244e+00  1.4782e+00  1.1191e-01
  1.5849e+01  4.0616e+00  1.6000e-01  1.1763e+12  1.3112e+00  1.2324e+00  9.6543e-02
  1.5849e+01  4.0616e+00  1.8000e-01  1.6165e+12  1.2900e+00  1.0405e+00  8.4366e-02
  1.5849e+01  4.0616e+00  2.0000e-01  2.6103e+12  1.2552e+00  8.4364e-01  6.7710e-02
  1.5849e+01  4.0616e+00  2.2000e-01  3.5496e+12  1.2372e+00  6.8988e-01  5.7629e-02
  1.5849e+01  4.0616e+00  2.4000e-01  4.5243e+12  1.2303e+00  5.4515e-01  5.0332e-02
  1.5849e+01  4.0616e+00  2.6000e-01  4.6699e+12  1.2453e+00  4.1889e-01  5.0203e-02
  1.5849e+01  4.0616e+00  2.8000e-01  4.3967e+12  1.2721e+00  3.2265e-01  5.1356e-02
  1.5849e+01  4.0616e+00  3.0000e-01  3.8869e+12  1.2902e+00  2.6368e-01  5.7486e-02
  1.5849e+01  4.0616e+00  3.2000e-01  5.9261e+12  1.2776e+00  1.6509e-01  5.1094e-02
  1.5849e+01  4.0616e+00  3.4000e-01  8.9538e+13  1.3404e+00  7.4576e-02  5.3621e-03
  1.5849e+01  4.0616e+00  3.6000e-01  5.6108e+13  1.3864e+00  -1.2109e-02  7.2221e-03
  1.5849e+01  4.0616e+00  3.8000e-01  1.6622e+12  1.5983e+00  -2.7406e+00  9.1024e-02
  1.5849e+01  4.0616e+00  4.0000e-01  5.9268e+08  1.6182e+00  -8.0086e+00  1.0137e+01
  1.5849e+01  4.0616e+00  4.2000e-01  7.3098e+08  1.1223e+00  9.1130e+01  4.3894e+01
  1.5849e+01  4.0616e+00  4.4000e-01  3.7216e+08  8.9902e-01  7.0561e+01  3.7705e+01
  1.5849e+01  4.0616e+00  4.6000e-01  2.4527e+07  6.8478e-01  -6.3687e+02  1.5452e+00
  1.5849e+01  4.0616e+00  4.8000e-01  2.5165e+31  -4.1662e+00  1.3754e-01  -4.9328e-02
  1.5849e+01  4.0616e+00  5.0000e-01  9.1491e+12  9.0959e-01  9.3078e-02  2.5218e-03
  1.5849e+01  4.0616e+00  5.2000e-01  3.4717e+11  1.1238e+00  2.8398e-01  8.0140e-02
  1.5849e+01  4.0616e+00  5.4000e-01  2.9115e+11  1.3275e+00  1.3369e-01  9.3943e-02
  1.5849e+01  4.0616e+00  5.6000e-01  4.2485e+11  1.3880e+00  1.0715e-01  9.7688e-02
  1.5849e+01  4.0616e+00  5.8000e-01  5.7570e+11  1.3326e+00  1.7309e-01  1.1376e-01
  1.5849e+01  4.0616e+00  6.0000e-01  1.7071e+12  1.1823e+00  3.5009e-01  8.5327e-02
  1.5849e+01  4.9619e+00  1.0000e-02  8.7926e+11  1.3050e+00  2.9873e+00  1.4470e-01
  1.5849e+01  4.9619e+00  2.0000e-02  8.9737e+11  1.3058e+00  2.7929e+00  1.4259e-01
  1.5849e+01  4.9619e+00  4.0000e-02  9.1849e+11  1.3047e+00  2.4990e+00  1.4039e-01
  1.5849e+01  4.9619e+00  6.0000e-02  8.3785e+11  1.3173e+00  2.2339e+00  1.5198e-01
  1.5849e+01  4.9619e+00  8.0000e-02  1.1210e+12  1.3004e+00  1.9603e+00  1.1913e-01
  1.5849e+01  4.9619e+00  1.0000e-01  9.3188e+11  1.3247e+00  1.7536e+00  1.4541e-01
  1.5849e+01  4.9619e+00  1.2000e-01  7.2057e+11  1.3584e+00  1.4645e+00  1.7192e-01
  1.5849e+01  4.9619e+00  1.4000e-01  9.6586e+11  1.3418e+00  1.1863e+00  1.2113e-01
  1.5849e+01  4.9619e+00  1.6000e-01  1.4939e+12  1.3123e+00  9.9474e-01  8.4269e-02
  1.5849e+01  4.9619e+00  1.8000e-01  1.8793e+12  1.3031e+00  8.3353e-01  7.3182e-02
  1.5849e+01  4.9619e+00  2.0000e-01  2.3455e+12  1.2937e+00  6.9670e-01  6.6177e-02
  1.5849e+01  4.9619e+00  2.2000e-01  3.9962e+12  1.2608e+00  5.4787e-01  4.9055e-02
  1.5849e+01  4.9619e+00  2.4000e-01  6.7325e+12  1.2307e+00  4.1133e-01  3.6101e-02
  1.5849e+01  4.9619e+00  2.6000e-01  5.7848e+12  1.2590e+00  3.2009e-01  3.9427e-02
  1.5849e+01  4.9619e+00  2.8000e-01  6.1984e+12  1.2905e+00  2.1865e-01  3.6990e-02
  1.5849e+01  4.9619e+00  3.0000e-01  7.3901e+12  1.2787e+00  1.8401e-01  3.9215e-02
  1.5849e+01  4.9619e+00  3.2000e-01  7.4592e+12  1.2897e+00  1.3067e-01  4.2800e-02
  1.5849e+01  4.9619e+00  3.4000e-01  1.1966e+14  1.3477e+00  7.1554e-02  4.1302e-03
  1.5849e+01  4.9619e+00  3.6000e-01  4.1855e+13  1.3889e+00  -1.2357e-02  8.9557e-03
  1.5849e+01  4.9619e+00  3.8000e-01  2.9202e+12  1.5855e+00  -2.2916e+00  6.4505e-02
  1.5849e+01  4.9619e+00  4.0000e-01  9.0049e+08  1.6223e+00  -9.0273e+00  7.6780e+00
  1.5849e+01  4.9619e+00  4.2000e-01  8.2161e+08  1.1178e+00  8.8411e+01  4.1236e+01
  1.5849e+01  4.9619e+00  4.4000e-01  4.3404e+08  8.7637e-01  6.9657e+01  3.2814e+01
  1.5849e+01  4.9619e+00  4.6000e-01  5.6895e+06  8.5538e-01  -6.8397e+02  3.7787e+00
  1.5849e+01  4.9619e+00  4.8000e-01  3.1430e+35  -4.9701e+00  1.4651e-01  -5.7948e-02
  1.5849e+01  4.9619e+00  5.0000e-01  1.6344e+12  9.1057e-01  1.3374e-01  1.7385e-02
  1.5849e+01  4.9619e+00  5.2000e-01  3.8235e+11  1.0278e+00  3.2093e-01  6.9120e-02
  1.5849e+01  4.9619e+00  5.4000e-01  3.2746e+11  1.2220e+00  2.3800e-01  9.1689e-02
  1.5849e+01  4.9619e+00  5.6000e-01  4.3354e+11  1.3155e+00  1.8841e-01  9.8406e-02
  1.5849e+01  4.9619e+00  5.8000e-01  6.2107e+11  1.3164e+00  2.0099e-01  1.0301e-01
  1.5849e+01  4.9619e+00  6.0000e-01  5.3151e+11  1.4063e+00  8.0032e-02  8.8084e-02
  1.5849e+01  6.0619e+00  1.0000e-02  7.7103e+11  1.3265e+00  2.4355e+00  1.6660e-01
  1.5849e+01  6.0619e+00  2.0000e-02  8.0338e+11  1.3267e+00  2.2604e+00  1.5989e-01
  1.5849e+01  6.0619e+00  4.0000e-02  8.3312e+11  1.3305e+00  1.9838e+00  1.5491e-01
  1.5849e+01  6.0619e+00  6.0000e-02  7.7939e+11  1.3427e+00  1.7486e+00  1.6672e-01
  1.5849e+01  6.0619e+00  8.0000e-02  9.9243e+11  1.3331e+00  1.4921e+00  1.3382e-01
  1.5849e+01  6.0619e+00  1.0000e-01  1.0053e+12  1.3424e+00  1.3181e+00  1.4043e-01
  1.5849e+01  6.0619e+00  1.2000e-01  7.9726e+11  1.3740e+00  1.0982e+00  1.7139e-01
  1.5849e+01  6.0619e+00  1.4000e-01  9.9622e+11  1.3692e+00  8.6300e-01  1.3203e-01
  1.5849e+01  6.0619e+00  1.6000e-01  1.8394e+12  1.3229e+00  7.3864e-01  7.4784e-02
  1.5849e+01  6.0619e+00  1.8000e-01  2.6806e+12  1.3005e+00  6.2810e-01  5.7703e-02
  1.5849e+01  6.0619e+00  2.0000e-01  3.7752e+12  1.2791e+00  5.3990e-01  4.8923e-02
  1.5849e+01  6.0619e+00  2.2000e-01  4.9922e+12  1.2588e+00  4.5347e-01  4.3278e-02
  1.5849e+01  6.0619e+00  2.4000e-01  7.4423e+12  1.2472e+00  3.2939e-01  3.1152e-02
  1.5849e+01  6.0619e+00  2.6000e-01  6.2920e+12  1.2808e+00  2.6961e-01  3.5690e-02
  1.5849e+01  6.0619e+00  2.8000e-01  6.2753e+12  1.2820e+00  2.3820e-01  4.0844e-02
  1.5849e+01  6.0619e+00  3.0000e-01  6.3918e+12  1.2778e+00  2.0141e-01  4.7363e-02
  1.5849e+01  6.0619e+00  3.2000e-01  6.8677e+12  1.3206e+00  1.3487e-01  3.8228e-02
  1.5849e+01  6.0619e+00  3.4000e-01  2.2122e+13  1.3555e+00  8.7378e-02  1.4271e-02
  1.5849e+01  6.0619e+00  3.6000e-01  6.1617e+13  1.3888e+00  1.2909e-02  6.8320e-03
  1.5849e+01  6.0619e+00  3.8000e-01  2.0573e+12  1.5786e+00  -2.2371e+00  8.1753e-02
  1.5849e+01  6.0619e+00  4.0000e-01  8.0121e+08  1.6175e+00  -8.4074e+00  8.2495e+00
  1.5849e+01  6.0619e+00  4.2000e-01  9.5508e+08  1.1068e+00  8.9421e+01  3.8805e+01
  1.5849e+01  6.0619e+00  4.4000e-01  5.2606e+08  8.4500e-01  6.9568e+01  2.7758e+01
  1.5849e+01  6.0619e+00  4.6000e-01  4.1685e+09  2.9331e-01  1.2484e-01  2.2435e-08
  1.5849e+01  6.0619e+00  4.8000e-01  2.1896e+54  -8.7748e+00  1.4645e-01  -9.5603e-02
  1.5849e+01  6.0619e+00  5.0000e-01  1.6698e+12  9.1848e-01  1.2932e-01  1.6896e-02
  1.5849e+01  6.0619e+00  5.2000e-01  3.8042e+11  9.5907e-01  4.3318e-01  7.0270e-02
  1.5849e+01  6.0619e+00  5.4000e-01  2.3371e+11  1.0994e+00  4.8026e-01  1.2874e-01
  1.5849e+01  6.0619e+00  5.6000e-01  3.2236e+11  1.2479e+00  2.2583e-01  9.5509e-02
  1.5849e+01  6.0619e+00  5.8000e-01  4.1118e+11  1.3224e+00  1.7703e-01  9.6688e-02
  1.5849e+01  6.0619e+00  6.0000e-01  5.1650e+11  1.3407e+00  1.6893e-01  1.0068e-01
  1.5849e+01  7.4057e+00  1.0000e-02  8.3532e+11  1.3353e+00  1.9326e+00  1.6140e-01
  1.5849e+01  7.4057e+00  2.0000e-02  8.7485e+11  1.3377e+00  1.7824e+00  1.5527e-01
  1.5849e+01  7.4057e+00  4.0000e-02  9.1531e+11  1.3402e+00  1.5559e+00  1.4898e-01
  1.5849e+01  7.4057e+00  6.0000e-02  9.0389e+11  1.3510e+00  1.3566e+00  1.5095e-01
  1.5849e+01  7.4057e+00  8.0000e-02  1.1224e+12  1.3444e+00  1.1555e+00  1.2334e-01
  1.5849e+01  7.4057e+00  1.0000e-01  1.2647e+12  1.3483e+00  1.0066e+00  1.1425e-01
  1.5849e+01  7.4057e+00  1.2000e-01  1.0907e+12  1.3726e+00  8.5270e-01  1.3283e-01
  1.5849e+01  7.4057e+00  1.4000e-01  1.2545e+12  1.3744e+00  6.8854e-01  1.1121e-01
  1.5849e+01  7.4057e+00  1.6000e-01  2.1718e+12  1.3345e+00  5.9791e-01  6.5830e-02
  1.5849e+01  7.4057e+00  1.8000e-01  3.5234e+12  1.2990e+00  5.2717e-01  4.7655e-02
  1.5849e+01  7.4057e+00  2.0000e-01  5.0392e+12  1.2688e+00  4.6103e-01  4.1354e-02
  1.5849e+01  7.4057e+00  2.2000e-01  7.8965e+12  1.2432e+00  3.7623e-01  3.1772e-02
  1.5849e+01  7.4057e+00  2.4000e-01  7.1888e+12  1.2705e+00  2.8810e-01  3.1764e-02
  1.5849e+01  7.4057e+00  2.6000e-01  6.7795e+12  1.2874e+00  2.4606e-01  3.5578e-02
  1.5849e+01  7.4057e+00  2.8000e-01  7.1945e+12  1.2798e+00  2.1779e-01  3.9831e-02
  1.5849e+01  7.4057e+00  3.0000e-01  7.4120e+12  1.2887e+00  1.7245e-01  4.2165e-02
  1.5849e+01  7.4057e+00  3.2000e-01  8.1851e+12  1.3308e+00  1.2426e-01  3.1682e-02
  1.5849e+01  7.4057e+00  3.4000e-01  3.6979e+13  1.3564e+00  8.5198e-02  9.7796e-03
  1.5849e+01  7.4057e+00  3.6000e-01  7.6968e+13  1.3866e+00  1.6031e-02  5.8308e-03
  1.5849e+01  7.4057e+00  3.8000e-01  2.1239e+12  1.5632e+00  -2.1375e+00  8.2172e-02
  1.5849e+01  7.4057e+00  4.0000e-01  6.3974e+08  1.6090e+00  -7.0877e+00  9.4645e+00
  1.5849e+01  7.4057e+00  4.2000e-01  1.1770e+09  1.0903e+00  9.0684e+01  3.5887e+01
  1.5849e+01  7.4057e+00  4.4000e-01  6.5804e+08  8.0384e-01  6.7198e+01  2.2470e+01
  1.5849e+01  7.4057e+00  4.6000e-01  6.8396e+09  3.8360e-01  1.2345e-01  3.0900e-06
  1.5849e+01  7.4057e+00  4.8000e-01  2.8478e+12  4.3053e-01  1.4033e-01  4.3647e-05
  1.5849e+01  7.4057e+00  5.0000e-01  1.7554e+12  9.2276e-01  1.2491e-01  1.5868e-02
  1.5849e+01  7.4057e+00  5.2000e-01  4.3562e+11  9.1970e-01  3.9256e-01  5.5420e-02
  1.5849e+01  7.4057e+00  5.4000e-01  2.8843e+11  1.0314e+00  4.3165e-01  9.0325e-02
  1.5849e+01  7.4057e+00  5.6000e-01  2.2536e+11  1.1348e+00  4.2422e-01  1.2510e-01
  1.5849e+01  7.4057e+00  5.8000e-01  2.0426e+11  1.2117e+00  4.0936e-01  1.5737e-01
  1.5849e+01  7.4057e+00  6.0000e-01  2.4419e+11  1.2575e+00  3.8074e-01  1.6610e-01
  1.5849e+01  9.0474e+00  1.0000e-02  9.1478e+11  1.3473e+00  1.4901e+00  1.4507e-01
  1.5849e+01  9.0474e+00  2.0000e-02  9.6843e+11  1.3467e+00  1.3608e+00  1.3851e-01
  1.5849e+01  9.0474e+00  4.0000e-02  1.0777e+12  1.3487e+00  1.1707e+00  1.2609e-01
  1.5849e+01  9.0474e+00  6.0000e-02  1.1911e+12  1.3563e+00  1.0204e+00  1.1759e-01
  1.5849e+01  9.0474e+00  8.0000e-02  1.4668e+12  1.3507e+00  8.7792e-01  9.5900e-02
  1.5849e+01  9.0474e+00  1.0000e-01  1.6411e+12  1.3501e+00  7.8546e-01  9.0486e-02
  1.5849e+01  9.0474e+00  1.2000e-01  1.3964e+12  1.3718e+00  7.0536e-01  1.0687e-01
  1.5849e+01  9.0474e+00  1.4000e-01  1.5825e+12  1.3699e+00  6.0340e-01  9.1733e-02
  1.5849e+01  9.0474e+00  1.6000e-01  2.8296e+12  1.3233e+00  5.3933e-01  5.5272e-02
  1.5849e+01  9.0474e+00  1.8000e-01  4.5796e+12  1.2844e+00  4.7997e-01  4.1511e-02
  1.5849e+01  9.0474e+00  2.0000e-01  6.4721e+12  1.2596e+00  4.1670e-01  3.5659e-02
  1.5849e+01  9.0474e+00  2.2000e-01  8.3253e+12  1.2523e+00  3.3611e-01  3.0515e-02
  1.5849e+01  9.0474e+00  2.4000e-01  7.1658e+12  1.2816e+00  2.6737e-01  3.2929e-02
  1.5849e+01  9.0474e+00  2.6000e-01  7.1413e+12  1.2904e+00  2.3141e-01  3.5825e-02
  1.5849e+01  9.0474e+00  2.8000e-01  7.8232e+12  1.2837e+00  2.0101e-01  3.8478e-02
  1.5849e+01  9.0474e+00  3.0000e-01  8.4519e+12  1.2961e+00  1.5682e-01  3.6970e-02
  1.5849e+01  9.0474e+00  3.2000e-01  9.2302e+12  1.3350e+00  1.1938e-01  2.8459e-02
  1.5849e+01  9.0474e+00  3.4000e-01  4.5607e+13  1.3536e+00  8.5683e-02  8.4208e-03
  1.5849e+01  9.0474e+00  3.6000e-01  9.4972e+13  1.3819e+00  2.0174e-02  5.0132e-03
  1.5849e+01  9.0474e+00  3.8000e-01  1.9284e+12  1.5436e+00  -2.0269e+00  9.0042e-02
  1.5849e+01  9.0474e+00  4.0000e-01  5.3680e+08  1.5997e+00  -5.5702e+00  1.0468e+01
  1.5849e+01  9.0474e+00  4.2000e-01  1.4935e+09  1.0697e+00  9.2391e+01  3.2960e+01
  1.5849e+01  9.0474e+00  4.4000e-01  8.2396e+08  7.4941e-01  6.0342e+01  1.7668e+01
  1.5849e+01  9.0474e+00  4.6000e-01  9.3184e+09  4.2609e-01  1.3459e-01  4.4128e-05
  1.5849e+01  9.0474e+00  4.8000e-01  1.0331e+58  -9.5213e+00  1.5093e-01  -1.0840e-01
  1.5849e+01  9.0474e+00  5.0000e-01  1.8754e+12  9.2528e-01  1.1970e-01  1.4657e-02
  1.5849e+01  9.0474e+00  5.2000e-01  4.5888e+11  8.9893e-01  3.6870e-01  4.8182e-02
  1.5849e+01  9.0474e+00  5.4000e-01  3.2427e+11  9.7990e-01  3.9575e-01  7.0357e-02
  1.5849e+01  9.0474e+00  5.6000e-01  2.5894e+11  1.0649e+00  3.9485e-01  9.1971e-02
  1.5849e+01  9.0474e+00  5.8000e-01  2.2139e+11  1.1444e+00  3.7303e-01  1.1240e-01
  1.5849e+01  9.0474e+00  6.0000e-01  2.0768e+11  1.2105e+00  3.4446e-01  1.2896e-01
  1.5849e+01  1.1053e+01  1.0000e-02  1.0229e+12  1.3528e+00  1.2912e+00  1.2911e-01
  1.5849e+01  1.1053e+01  2.0000e-02  1.0954e+12  1.3561e+00  1.1370e+00  1.2128e-01
  1.5849e+01  1.1053e+01  4.0000e-02  1.2118e+12  1.3600e+00  9.7327e-01  1.1072e-01
  1.5849e+01  1.1053e+01  6.0000e-02  1.3008e+12  1.3672e+00  8.5589e-01  1.0713e-01
  1.5849e+01  1.1053e+01  8.0000e-02  1.6044e+12  1.3626e+00  7.4164e-01  8.5122e-02
  1.5849e+01  1.1053e+01  1.0000e-01  1.7572e+12  1.3631e+00  6.8731e-01  8.3146e-02
  1.5849e+01  1.1053e+01  1.2000e-01  1.6559e+12  1.3716e+00  6.3466e-01  9.0835e-02
  1.5849e+01  1.1053e+01  1.4000e-01  2.1244e+12  1.3552e+00  5.6375e-01  7.2523e-02
  1.5849e+01  1.1053e+01  1.6000e-01  3.8481e+12  1.3062e+00  5.0596e-01  4.5983e-02
  1.5849e+01  1.1053e+01  1.8000e-01  5.8845e+12  1.2729e+00  4.4783e-01  3.6160e-02
  1.5849e+01  1.1053e+01  2.0000e-01  7.4045e+12  1.2585e+00  3.8764e-01  3.2629e-02
  1.5849e+01  1.1053e+01  2.2000e-01  8.0866e+12  1.2627e+00  3.1894e-01  3.1481e-02
  1.5849e+01  1.1053e+01  2.4000e-01  7.3105e+12  1.2864e+00  2.5613e-01  3.3346e-02
  1.5849e+01  1.1053e+01  2.6000e-01  7.3889e+12  1.2943e+00  2.2095e-01  3.5381e-02
  1.5849e+01  1.1053e+01  2.8000e-01  8.3608e+12  1.2872e+00  1.8991e-01  3.6598e-02
  1.5849e+01  1.1053e+01  3.0000e-01  9.2512e+12  1.2979e+00  1.5083e-01  3.4019e-02
  1.5849e+01  1.1053e+01  3.2000e-01  9.7254e+12  1.3333e+00  1.1860e-01  2.7585e-02
  1.5849e+01  1.1053e+01  3.4000e-01  2.2639e+13  1.3461e+00  8.8935e-02  1.4363e-02
  1.5849e+01  1.1053e+01  3.6000e-01  5.2688e+13  1.3739e+00  2.4841e-02  7.7275e-03
  1.5849e+01  1.1053e+01  3.8000e-01  1.9192e+12  1.5172e+00  -1.8674e+00  9.3606e-02
  1.5849e+01  1.1053e+01  4.0000e-01  4.2621e+08  1.5881e+00  -3.3309e+00  1.1976e+01
  1.5849e+01  1.1053e+01  4.2000e-01  1.9988e+09  1.0431e+00  9.3288e+01  2.9878e+01
  1.5849e+01  1.1053e+01  4.4000e-01  8.7316e+08  6.7266e-01  4.3610e+01  1.5750e+01
  1.5849e+01  1.1053e+01  4.6000e-01  1.1141e+10  5.1584e-01  1.3737e-01  1.5225e-04
  1.5849e+01  1.1053e+01  4.8000e-01  2.8870e+59  -9.8226e+00  1.4883e-01  -1.1087e-01
  1.5849e+01  1.1053e+01  5.0000e-01  1.9857e+12  9.2489e-01  1.1575e-01  1.3658e-02
  1.5849e+01  1.1053e+01  5.2000e-01  4.4419e+11  8.9751e-01  3.4188e-01  4.5910e-02
  1.5849e+01  1.1053e+01  5.4000e-01  3.4318e+11  9.4381e-01  3.7968e-01  5.9582e-02
  1.5849e+01  1.1053e+01  5.6000e-01  2.8112e+11  1.0091e+00  3.7979e-01  7.4141e-02
  1.5849e+01  1.1053e+01  5.8000e-01  2.3683e+11  1.0741e+00  3.7088e-01  8.9253e-02
  1.5849e+01  1.1053e+01  6.0000e-01  2.1401e+11  1.1347e+00  3.4917e-01  1.0147e-01
  1.5849e+01  1.3503e+01  1.0000e-02  9.2595e+11  1.3445e+00  1.3287e+00  1.3821e-01
  1.5849e+01  1.3503e+01  2.0000e-02  1.0558e+12  1.3528e+00  1.1488e+00  1.2422e-01
  1.5849e+01  1.3503e+01  4.0000e-02  1.2871e+12  1.3620e+00  9.4375e-01  1.0533e-01
  1.5849e+01  1.3503e+01  6.0000e-02  1.4024e+12  1.3674e+00  8.2393e-01  1.0023e-01
  1.5849e+01  1.3503e+01  8.0000e-02  1.6262e+12  1.3677e+00  7.1606e-01  8.5953e-02
  1.5849e+01  1.3503e+01  1.0000e-01  1.8029e+12  1.3600e+00  6.5905e-01  7.9844e-02
  1.5849e+01  1.3503e+01  1.2000e-01  1.9698e+12  1.3627e+00  6.0509e-01  7.8323e-02
  1.5849e+01  1.3503e+01  1.4000e-01  2.5294e+12  1.3450e+00  5.4337e-01  6.4268e-02
  1.5849e+01  1.3503e+01  1.6000e-01  4.5247e+12  1.2966e+00  4.8781e-01  4.1871e-02
  1.5849e+01  1.3503e+01  1.8000e-01  6.6190e+12  1.2678e+00  4.2938e-01  3.3843e-02
  1.5849e+01  1.3503e+01  2.0000e-01  7.7853e+12  1.2605e+00  3.7100e-01  3.1378e-02
  1.5849e+01  1.3503e+01  2.2000e-01  7.9841e+12  1.2689e+00  3.1092e-01  3.1751e-02
  1.5849e+01  1.3503e+01  2.4000e-01  7.6057e+12  1.2873e+00  2.5026e-01  3.2761e-02
  1.5849e+01  1.3503e+01  2.6000e-01  7.4711e+12  1.2987e+00  2.1382e-01  3.4565e-02
  1.5849e+01  1.3503e+01  2.8000e-01  8.6532e+12  1.2901e+00  1.8461e-01  3.4950e-02
  1.5849e+01  1.3503e+01  3.0000e-01  9.9419e+12  1.2925e+00  1.5062e-01  3.2736e-02
  1.5849e+01  1.3503e+01  3.2000e-01  9.9931e+12  1.3255e+00  1.2030e-01  2.8046e-02
  1.5849e+01  1.3503e+01  3.4000e-01  1.6831e+13  1.3356e+00  9.2471e-02  1.8489e-02
  1.5849e+01  1.3503e+01  3.6000e-01  6.9736e+13  1.3630e+00  2.7840e-02  6.3961e-03
  1.5849e+01  1.3503e+01  3.8000e-01  1.9415e+12  1.4891e+00  -1.6692e+00  9.5630e-02
  1.5849e+01  1.3503e+01  4.0000e-01  3.4707e+08  1.5767e+00  -7.7405e-01  1.3404e+01
  1.5849e+01  1.3503e+01  4.2000e-01  2.9141e+09  1.0046e+00  9.2717e+01  2.6963e+01
  1.5849e+01  1.3503e+01  4.4000e-01  5.2485e+08  5.9749e-01  6.3633e+00  1.9763e+01
  1.5849e+01  1.3503e+01  4.6000e-01  6.3703e+09  6.0520e-01  1.3438e-01  8.5469e-04
  1.5849e+01  1.3503e+01  4.8000e-01  2.6408e+60  -1.0029e+01  1.4803e-01  -1.1345e-01
  1.5849e+01  1.3503e+01  5.0000e-01  2.0929e+12  9.1990e-01  1.1342e-01  1.2680e-02
  1.5849e+01  1.3503e+01  5.2000e-01  4.1461e+11  9.0682e-01  3.2061e-01  4.5857e-02
  1.5849e+01  1.3503e+01  5.4000e-01  3.3245e+11  9.3078e-01  3.5719e-01  5.4485e-02
  1.5849e+01  1.3503e+01  5.6000e-01  2.7600e+11  9.7419e-01  3.7113e-01  6.5144e-02
  1.5849e+01  1.3503e+01  5.8000e-01  2.3648e+11  1.0240e+00  3.6579e-01  7.6138e-02
  1.5849e+01  1.3503e+01  6.0000e-01  2.1046e+11  1.0727e+00  3.5479e-01  8.5634e-02
  1.5849e+01  1.6496e+01  1.0000e-02  8.5028e+11  1.3350e+00  1.4321e+00  1.4646e-01
  1.5849e+01  1.6496e+01  2.0000e-02  9.8822e+11  1.3474e+00  1.1876e+00  1.2960e-01
  1.5849e+01  1.6496e+01  4.0000e-02  1.2614e+12  1.3614e+00  9.4686e-01  1.0632e-01
  1.5849e+01  1.6496e+01  6.0000e-02  1.4015e+12  1.3666e+00  8.2671e-01  9.9161e-02
  1.5849e+01  1.6496e+01  8.0000e-02  1.5660e+12  1.3689e+00  7.2486e-01  8.9027e-02
  1.5849e+01  1.6496e+01  1.0000e-01  1.8584e+12  1.3635e+00  6.5357e-01  7.7174e-02
  1.5849e+01  1.6496e+01  1.2000e-01  2.0776e+12  1.3594e+00  5.9845e-01  7.3372e-02
  1.5849e+01  1.6496e+01  1.4000e-01  2.6795e+12  1.3421e+00  5.3553e-01  6.1564e-02
  1.5849e+01  1.6496e+01  1.6000e-01  4.6189e+12  1.2976e+00  4.7854e-01  4.1533e-02
  1.5849e+01  1.6496e+01  1.8000e-01  6.7947e+12  1.2686e+00  4.2104e-01  3.3181e-02
  1.5849e+01  1.6496e+01  2.0000e-01  8.0544e+12  1.2607e+00  3.6353e-01  3.0634e-02
  1.5849e+01  1.6496e+01  2.2000e-01  8.0837e+12  1.2710e+00  3.0573e-01  3.1092e-02
  1.5849e+01  1.6496e+01  2.4000e-01  7.9458e+12  1.2865e+00  2.4595e-01  3.1441e-02
  1.5849e+01  1.6496e+01  2.6000e-01  7.4799e+12  1.3035e+00  2.0749e-01  3.3150e-02
  1.5849e+01  1.6496e+01  2.8000e-01  8.6032e+12  1.2948e+00  1.8119e-01  3.3542e-02
  1.5849e+01  1.6496e+01  3.0000e-01  1.0391e+13  1.2846e+00  1.5275e-01  3.2175e-02
  1.5849e+01  1.6496e+01  3.2000e-01  1.0934e+13  1.3042e+00  1.2359e-01  2.8880e-02
  1.5849e+01  1.6496e+01  3.4000e-01  1.7027e+13  1.3245e+00  9.2828e-02  1.9223e-02
  1.5849e+01  1.6496e+01  3.6000e-01  7.2695e+13  1.3491e+00  2.6259e-02  6.4262e-03
  1.5849e+01  1.6496e+01  3.8000e-01  3.0585e+12  1.4559e+00  -1.4255e+00  7.1993e-02
  1.5849e+01  1.6496e+01  4.0000e-01  2.8702e+08  1.5664e+00  1.9008e+00  1.4979e+01
  1.5849e+01  1.6496e+01  4.2000e-01  4.5775e+09  9.4608e-01  8.6521e+01  2.6044e+01
  1.5849e+01  1.6496e+01  4.4000e-01  1.9335e+09  6.4209e-01  -4.1262e+01  7.7379e-01
  1.5849e+01  1.6496e+01  4.6000e-01  3.1491e+82  -1.4881e+01  9.9028e-02  -1.3468e-01
  1.5849e+01  1.6496e+01  4.8000e-01  7.1902e+61  -1.0337e+01  1.4696e-01  -1.1814e-01
  1.5849e+01  1.6496e+01  5.0000e-01  2.1820e+12  9.1209e-01  1.1195e-01  1.1864e-02
  1.5849e+01  1.6496e+01  5.2000e-01  3.6407e+11  9.2611e-01  3.0335e-01  4.7599e-02
  1.5849e+01  1.6496e+01  5.4000e-01  3.1457e+11  9.2962e-01  3.4187e-01  5.1075e-02
  1.5849e+01  1.6496e+01  5.6000e-01  2.5968e+11  9.5799e-01  3.5973e-01  5.9656e-02
  1.5849e+01  1.6496e+01  5.8000e-01  2.2457e+11  9.9268e-01  3.6334e-01  6.7630e-02
  1.5849e+01  1.6496e+01  6.0000e-01  1.9806e+11  1.0307e+00  3.5415e-01  7.5065e-02
  1.5849e+01  2.0153e+01  1.0000e-02  7.4665e+11  1.3262e+00  1.5417e+00  1.6133e-01
  1.5849e+01  2.0153e+01  2.0000e-02  9.1261e+11  1.3405e+00  1.2508e+00  1.3749e-01
  1.5849e+01  2.0153e+01  4.0000e-02  1.1522e+12  1.3566e+00  9.7682e-01  1.1389e-01
  1.5849e+01  2.0153e+01  6.0000e-02  1.3721e+12  1.3640e+00  8.3977e-01  9.9739e-02
  1.5849e+01  2.0153e+01  8.0000e-02  1.5071e+12  1.3688e+00  7.3969e-01  9.1738e-02
  1.5849e+01  2.0153e+01  1.0000e-01  1.7520e+12  1.3659e+00  6.6423e-01  8.0435e-02
  1.5849e+01  2.0153e+01  1.2000e-01  2.0037e+12  1.3617e+00  6.0231e-01  7.4041e-02
  1.5849e+01  2.0153e+01  1.4000e-01  2.5635e+12  1.3464e+00  5.3697e-01  6.2546e-02
  1.5849e+01  2.0153e+01  1.6000e-01  4.2031e+12  1.3078e+00  4.7579e-01  4.4029e-02
  1.5849e+01  2.0153e+01  1.8000e-01  6.4776e+12  1.2744e+00  4.1966e-01  3.3778e-02
  1.5849e+01  2.0153e+01  2.0000e-01  8.1202e+12  1.2615e+00  3.6277e-01  3.0313e-02
  1.5849e+01  2.0153e+01  2.2000e-01  8.7234e+12  1.2653e+00  3.0401e-01  2.9401e-02
  1.5849e+01  2.0153e+01  2.4000e-01  8.0242e+12  1.2881e+00  2.4236e-01  2.9947e-02
  1.5849e+01  2.0153e+01  2.6000e-01  7.2842e+12  1.3097e+00  2.0245e-01  3.1535e-02
  1.5849e+01  2.0153e+01  2.8000e-01  8.2638e+12  1.3016e+00  1.7919e-01  3.2313e-02
  1.5849e+01  2.0153e+01  3.0000e-01  9.9995e+12  1.2839e+00  1.5689e-01  3.2104e-02
  1.5849e+01  2.0153e+01  3.2000e-01  1.1829e+13  1.2769e+00  1.3061e-01  3.0282e-02
  1.5849e+01  2.0153e+01  3.4000e-01  1.4325e+13  1.2935e+00  9.9681e-02  2.4728e-02
  1.5849e+01  2.0153e+01  3.6000e-01  6.1805e+13  1.3302e+00  2.1932e-02  7.7393e-03
  1.5849e+01  2.0153e+01  3.8000e-01  2.1980e+12  1.4200e+00  -1.1559e+00  9.2096e-02
  1.5849e+01  2.0153e+01  4.0000e-01  2.6120e+08  1.5556e+00  3.4173e+00  1.6634e+01
  1.5849e+01  2.0153e+01  4.2000e-01  4.6616e+09  8.8529e-01  5.4318e+01  4.0457e+01
  1.5849e+01  2.0153e+01  4.4000e-01  6.0117e+08  7.3688e-01  -9.8176e+01  1.8680e+00
  1.5849e+01  2.0153e+01  4.6000e-01  1.0088e+77  -1.3778e+01  1.1722e-01  -1.4494e-01
  1.5849e+01  2.0153e+01  4.8000e-01  2.1895e+63  -1.0659e+01  1.4598e-01  -1.2318e-01
  1.5849e+01  2.0153e+01  5.0000e-01  2.2275e+12  9.0085e-01  1.1125e-01  1.1271e-02
  1.5849e+01  2.0153e+01  5.2000e-01  3.0694e+11  9.5184e-01  2.8525e-01  5.0267e-02
  1.5849e+01  2.0153e+01  5.4000e-01  2.6840e+11  9.4491e-01  3.2466e-01  5.1886e-02
  1.5849e+01  2.0153e+01  5.6000e-01  2.3285e+11  9.5879e-01  3.4569e-01  5.6209e-02
  1.5849e+01  2.0153e+01  5.8000e-01  2.0114e+11  9.8062e-01  3.5624e-01  6.2283e-02
  1.5849e+01  2.0153e+01  6.0000e-01  1.7483e+11  1.0078e+00  3.5469e-01  6.8825e-02
  1.5849e+01  2.4621e+01  1.0000e-02  6.5492e+11  1.3203e+00  1.6435e+00  1.7739e-01
  1.5849e+01  2.4621e+01  2.0000e-02  8.2802e+11  1.3351e+00  1.3145e+00  1.4758e-01
  1.5849e+01  2.4621e+01  4.0000e-02  1.0502e+12  1.3503e+00  1.0258e+00  1.2264e-01
  1.5849e+01  2.4621e+01  6.0000e-02  1.2541e+12  1.3575e+00  8.6828e-01  1.0566e-01
  1.5849e+01  2.4621e+01  8.0000e-02  1.4069e+12  1.3671e+00  7.6238e-01  9.6832e-02
  1.5849e+01  2.4621e+01  1.0000e-01  1.6409e+12  1.3669e+00  6.8126e-01  8.4124e-02
  1.5849e+01  2.4621e+01  1.2000e-01  1.8426e+12  1.3658e+00  6.1791e-01  7.8238e-02
  1.5849e+01  2.4621e+01  1.4000e-01  2.2018e+12  1.3577e+00  5.4934e-01  6.9081e-02
  1.5849e+01  2.4621e+01  1.6000e-01  3.3894e+12  1.3263e+00  4.8311e-01  4.9932e-02
  1.5849e+01  2.4621e+01  1.8000e-01  5.5536e+12  1.2876e+00  4.2648e-01  3.6362e-02
  1.5849e+01  2.4621e+01  2.0000e-01  7.5495e+12  1.2662e+00  3.7184e-01  3.1170e-02
  1.5849e+01  2.4621e+01  2.2000e-01  9.2763e+12  1.2576e+00  3.1228e-01  2.8124e-02
  1.5849e+01  2.4621e+01  2.4000e-01  8.1017e+12  1.2867e+00  2.4324e-01  2.8041e-02
  1.5849e+01  2.4621e+01  2.6000e-01  6.5813e+12  1.3195e+00  2.0112e-01  3.0534e-02
  1.5849e+01  2.4621e+01  2.8000e-01  7.5033e+12  1.3103e+00  1.8031e-01  3.1680e-02
  1.5849e+01  2.4621e+01  3.0000e-01  8.8811e+12  1.2913e+00  1.6234e-01  3.2482e-02
  1.5849e+01  2.4621e+01  3.2000e-01  1.0260e+13  1.2726e+00  1.4071e-01  3.3359e-02
  1.5849e+01  2.4621e+01  3.4000e-01  1.2842e+13  1.2535e+00  1.1196e-01  3.1603e-02
  1.5849e+01  2.4621e+01  3.6000e-01  4.0509e+13  1.2870e+00  2.4766e-02  1.2197e-02
  1.5849e+01  2.4621e+01  3.8000e-01  1.4941e+12  1.3744e+00  -8.8184e-01  1.2665e-01
  1.5849e+01  2.4621e+01  4.0000e-01  2.8034e+08  1.5485e+00  1.7099e-01  1.8317e+01
  1.5849e+01  2.4621e+01  4.2000e-01  2.0712e+09  8.9546e-01  1.5988e+01  6.3144e+01
  1.5849e+01  2.4621e+01  4.4000e-01  1.6646e+09  7.7519e-01  -1.1176e+02  3.0135e-01
  1.5849e+01  2.4621e+01  4.6000e-01  4.2074e+10  4.2491e-01  2.0360e-01  1.1943e-06
  1.5849e+01  2.4621e+01  4.8000e-01  6.5667e+68  -1.1805e+01  1.3704e-01  -1.3169e-01
  1.5849e+01  2.4621e+01  5.0000e-01  2.2884e+12  8.8378e-01  1.1146e-01  1.0518e-02
  1.5849e+01  2.4621e+01  5.2000e-01  2.4955e+11  9.7183e-01  2.8932e-01  5.2988e-02
  1.5849e+01  2.4621e+01  5.4000e-01  2.1223e+11  9.6875e-01  3.1436e-01  5.5093e-02
  1.5849e+01  2.4621e+01  5.6000e-01  1.8874e+11  9.7555e-01  3.3173e-01  5.6412e-02
  1.5849e+01  2.4621e+01  5.8000e-01  1.6522e+11  9.8704e-01  3.4784e-01  5.9864e-02
  1.5849e+01  2.4621e+01  6.0000e-01  1.4109e+11  1.0052e+00  3.5381e-01  6.5566e-02
  1.5849e+01  3.0079e+01  1.0000e-02  5.9751e+11  1.3175e+00  1.7421e+00  1.8922e-01
  1.5849e+01  3.0079e+01  2.0000e-02  7.4902e+11  1.3319e+00  1.3794e+00  1.5824e-01
  1.5849e+01  3.0079e+01  4.0000e-02  9.6986e+11  1.3455e+00  1.0727e+00  1.2991e-01
  1.5849e+01  3.0079e+01  6.0000e-02  1.1447e+12  1.3530e+00  9.0350e-01  1.1286e-01
  1.5849e+01  3.0079e+01  8.0000e-02  1.2563e+12  1.3602e+00  7.9879e-01  1.0631e-01
  1.5849e+01  3.0079e+01  1.0000e-01  1.4216e+12  1.3648e+00  7.0313e-01  9.4319e-02
  1.5849e+01  3.0079e+01  1.2000e-01  1.6473e+12  1.3661e+00  6.3760e-01  8.4088e-02
  1.5849e+01  3.0079e+01  1.4000e-01  1.7818e+12  1.3689e+00  5.7460e-01  8.0473e-02
  1.5849e+01  3.0079e+01  1.6000e-01  2.3665e+12  1.3533e+00  5.0003e-01  6.3171e-02
  1.5849e+01  3.0079e+01  1.8000e-01  3.9878e+12  1.3133e+00  4.4012e-01  4.3077e-02
  1.5849e+01  3.0079e+01  2.0000e-01  6.1311e+12  1.2800e+00  3.8667e-01  3.4184e-02
  1.5849e+01  3.0079e+01  2.2000e-01  8.2088e+12  1.2613e+00  3.3084e-01  2.9776e-02
  1.5849e+01  3.0079e+01  2.4000e-01  9.3959e+12  1.2675e+00  2.5132e-01  2.4831e-02
  1.5849e+01  3.0079e+01  2.6000e-01  5.1026e+12  1.3404e+00  2.0148e-01  3.0598e-02
  1.5849e+01  3.0079e+01  2.8000e-01  6.3035e+12  1.3236e+00  1.8292e-01  3.1584e-02
  1.5849e+01  3.0079e+01  3.0000e-01  7.5246e+12  1.3030e+00  1.6794e-01  3.2785e-02
  1.5849e+01  3.0079e+01  3.2000e-01  8.6770e+12  1.2790e+00  1.5108e-01  3.4896e-02
  1.5849e+01  3.0079e+01  3.4000e-01  9.2527e+12  1.2459e+00  1.2859e-01  4.1001e-02
  1.5849e+01  3.0079e+01  3.6000e-01  2.2746e+12  1.2252e+00  1.1815e-01  1.4780e-01
  1.5849e+01  3.0079e+01  3.8000e-01  1.0015e+11  1.2595e+00  5.9308e-01  1.3543e+00
  1.5849e+01  3.0079e+01  4.0000e-01  1.2877e+11  1.5043e+00  -1.6781e+01  4.9964e-01
  1.5849e+01  3.0079e+01  4.2000e-01  5.9860e+08  9.2291e-01  5.6376e+01  8.2502e+01
  1.5849e+01  3.0079e+01  4.4000e-01  1.2023e+09  6.9335e-01  -3.5332e+01  3.0610e-01
  1.5849e+01  3.0079e+01  4.6000e-01  7.2945e+09  6.7257e-01  1.5071e-01  5.6547e-04
  1.5849e+01  3.0079e+01  4.8000e-01  1.9419e+80  -1.4184e+01  1.1745e-01  -1.4362e-01
  1.5849e+01  3.0079e+01  5.0000e-01  2.3938e+12  8.5984e-01  1.1208e-01  9.4445e-03
  1.5849e+01  3.0079e+01  5.2000e-01  1.8636e+11  9.9660e-01  2.8823e-01  5.7071e-02
  1.5849e+01  3.0079e+01  5.4000e-01  1.5275e+11  9.9684e-01  3.1378e-01  6.0154e-02
  1.5849e+01  3.0079e+01  5.6000e-01  1.3541e+11  1.0024e+00  3.2417e-01  6.0369e-02
  1.5849e+01  3.0079e+01  5.8000e-01  1.1974e+11  1.0103e+00  3.3534e-01  6.1400e-02
  1.5849e+01  3.0079e+01  6.0000e-01  1.0466e+11  1.0193e+00  3.4716e-01  6.3846e-02
  1.5849e+01  3.6747e+01  1.0000e-02  5.5620e+11  1.3129e+00  1.8868e+00  2.0021e-01
  1.5849e+01  3.6747e+01  2.0000e-02  6.7843e+11  1.3291e+00  1.4619e+00  1.6958e-01
  1.5849e+01  3.6747e+01  4.0000e-02  8.8525e+11  1.3423e+00  1.1246e+00  1.3820e-01
  1.5849e+01  3.6747e+01  6.0000e-02  1.0465e+12  1.3500e+00  9.4452e-01  1.2056e-01
  1.5849e+01  3.6747e+01  8.0000e-02  1.1709e+12  1.3558e+00  8.3421e-01  1.1179e-01
  1.5849e+01  3.6747e+01  1.0000e-01  1.2746e+12  1.3616e+00  7.3689e-01  1.0361e-01
  1.5849e+01  3.6747e+01  1.2000e-01  1.4545e+12  1.3624e+00  6.5990e-01  9.1791e-02
  1.5849e+01  3.6747e+01  1.4000e-01  1.5863e+12  1.3650e+00  6.0103e-01  8.7393e-02
  1.5849e+01  3.6747e+01  1.6000e-01  1.7214e+12  1.3675e+00  5.3414e-01  8.2639e-02
  1.5849e+01  3.6747e+01  1.8000e-01  2.3183e+12  1.3509e+00  4.6163e-01  6.3327e-02
  1.5849e+01  3.6747e+01  2.0000e-01  3.7531e+12  1.3131e+00  4.0653e-01  4.4293e-02
  1.5849e+01  3.6747e+01  2.2000e-01  5.7666e+12  1.2826e+00  3.5563e-01  3.5261e-02
  1.5849e+01  3.6747e+01  2.4000e-01  7.3120e+12  1.2685e+00  3.0137e-01  3.1740e-02
  1.5849e+01  3.6747e+01  2.6000e-01  6.3304e+12  1.3171e+00  2.0465e-01  2.3888e-02
  1.5849e+01  3.6747e+01  2.8000e-01  4.5106e+12  1.3641e+00  1.6855e-01  2.9852e-02
  1.5849e+01  3.6747e+01  3.0000e-01  6.3054e+12  1.3361e+00  1.4966e-01  2.9879e-02
  1.5849e+01  3.6747e+01  3.2000e-01  9.5466e+12  1.2886e+00  1.3100e-01  2.8840e-02
  1.5849e+01  3.6747e+01  3.4000e-01  8.8232e+12  1.2977e+00  9.7388e-02  3.1414e-02
  1.5849e+01  3.6747e+01  3.6000e-01  3.2579e+13  1.2781e+00  3.7318e-02  1.2874e-02
  1.5849e+01  3.6747e+01  3.8000e-01  1.3514e+13  1.1832e+00  -1.2513e-01  3.4426e-02
  1.5849e+01  3.6747e+01  4.0000e-01  8.5559e+10  1.6484e+00  -3.4160e+01  6.1822e-01
  1.5849e+01  3.6747e+01  4.2000e-01  3.2362e+07  1.1202e+00  9.5464e+01  1.2629e+02
  1.5849e+01  3.6747e+01  4.4000e-01  1.0017e+10  3.4175e-01  1.2595e-01  1.9859e-04
  1.5849e+01  3.6747e+01  4.6000e-01  3.9981e+09  7.3867e-01  1.4481e-01  1.2599e-03
  1.5849e+01  3.6747e+01  4.8000e-01  3.1193e+104  -1.9188e+01  8.2070e-02  -1.5987e-01
  1.5849e+01  3.6747e+01  5.0000e-01  2.5529e+12  8.2943e-01  1.1331e-01  8.1713e-03
  1.5849e+01  3.6747e+01  5.2000e-01  1.3268e+11  1.0243e+00  2.7725e-01  6.0863e-02
  1.5849e+01  3.6747e+01  5.4000e-01  1.0577e+11  1.0307e+00  2.9631e-01  6.2673e-02
  1.5849e+01  3.6747e+01  5.6000e-01  9.0110e+10  1.0292e+00  3.2719e-01  6.4604e-02
  1.5849e+01  3.6747e+01  5.8000e-01  7.9498e+10  1.0375e+00  3.2615e-01  6.4731e-02
  1.5849e+01  3.6747e+01  6.0000e-01  6.9341e+10  1.0438e+00  3.3483e-01  6.5597e-02
  1.5849e+01  4.4893e+01  1.0000e-02  5.2613e+11  1.3053e+00  2.1087e+00  2.1245e-01
  1.5849e+01  4.4893e+01  2.0000e-02  6.1764e+11  1.3250e+00  1.5827e+00  1.8190e-01
  1.5849e+01  4.4893e+01  4.0000e-02  8.1013e+11  1.3402e+00  1.1866e+00  1.4647e-01
  1.5849e+01  4.4893e+01  6.0000e-02  9.5210e+11  1.3478e+00  9.9632e-01  1.2916e-01
  1.5849e+01  4.4893e+01  8.0000e-02  1.0891e+12  1.3528e+00  8.7379e-01  1.1713e-01
  1.5849e+01  4.4893e+01  1.0000e-01  1.1879e+12  1.3589e+00  7.7341e-01  1.0957e-01
  1.5849e+01  4.4893e+01  1.2000e-01  1.3396e+12  1.3606e+00  6.8878e-01  9.7988e-02
  1.5849e+01  4.4893e+01  1.4000e-01  1.4639e+12  1.3624e+00  6.2712e-01  9.2518e-02
  1.5849e+01  4.4893e+01  1.6000e-01  1.5408e+12  1.3661e+00  5.6546e-01  9.0395e-02
  1.5849e+01  4.4893e+01  1.8000e-01  1.7537e+12  1.3624e+00  4.9292e-01  8.0233e-02
  1.5849e+01  4.4893e+01  2.0000e-01  2.4973e+12  1.3368e+00  4.3049e-01  5.8946e-02
  1.5849e+01  4.4893e+01  2.2000e-01  3.6968e+12  1.3032e+00  3.8252e-01  4.5289e-02
  1.5849e+01  4.4893e+01  2.4000e-01  5.4179e+12  1.2807e+00  3.3431e-01  3.6965e-02
  1.5849e+01  4.4893e+01  2.6000e-01  5.7643e+12  1.2697e+00  2.9022e-01  3.7636e-02
  1.5849e+01  4.4893e+01  2.8000e-01  9.7645e+12  1.2570e+00  1.9682e-01  2.4033e-02
  1.5849e+01  4.4893e+01  3.0000e-01  4.1946e+12  1.3729e+00  1.3981e-01  2.9343e-02
  1.5849e+01  4.4893e+01  3.2000e-01  5.9360e+12  1.3660e+00  1.0880e-01  2.7112e-02
  1.5849e+01  4.4893e+01  3.4000e-01  6.0845e+12  1.3519e+00  7.9129e-02  3.0709e-02
  1.5849e+01  4.4893e+01  3.6000e-01  3.0767e+13  1.3055e+00  2.9278e-02  1.1115e-02
  1.5849e+01  4.4893e+01  3.8000e-01  3.4181e+12  1.2036e+00  1.2257e-02  8.4363e-02
  1.5849e+01  4.4893e+01  4.0000e-01  1.7384e+11  1.3178e+00  -1.9142e+00  5.7952e-01
  1.5849e+01  4.4893e+01  4.2000e-01  1.9295e+11  7.8333e-01  -1.0752e+02  1.9158e+00
  1.5849e+01  4.4893e+01  4.4000e-01  1.1467e+10  4.1607e-01  1.3081e-01  1.9730e-04
  1.5849e+01  4.4893e+01  4.6000e-01  3.0923e+09  7.7185e-01  1.4623e-01  1.5068e-03
  1.5849e+01  4.4893e+01  4.8000e-01  4.8291e+10  7.2985e-01  1.4270e-01  1.1442e-03
  1.5849e+01  4.4893e+01  5.0000e-01  2.6880e+12  8.0578e-01  1.1353e-01  7.2171e-03
  1.5849e+01  4.4893e+01  5.2000e-01  8.6551e+10  1.0516e+00  2.6598e-01  6.5258e-02
  1.5849e+01  4.4893e+01  5.4000e-01  6.6664e+10  1.0557e+00  3.0585e-01  6.7267e-02
  1.5849e+01  4.4893e+01  5.6000e-01  5.5461e+10  1.0474e+00  3.6451e-01  6.9653e-02
  1.5849e+01  4.4893e+01  5.8000e-01  4.8113e+10  1.0608e+00  3.3989e-01  6.8971e-02
  1.5849e+01  4.4893e+01  6.0000e-01  4.2625e+10  1.0689e+00  3.3188e-01  6.8789e-02
  1.5849e+01  5.4844e+01  1.0000e-02  4.9836e+11  1.2968e+00  2.4166e+00  2.2767e-01
  1.5849e+01  5.4844e+01  2.0000e-02  5.7283e+11  1.3179e+00  1.7615e+00  1.9449e-01
  1.5849e+01  5.4844e+01  4.0000e-02  7.3087e+11  1.3374e+00  1.2755e+00  1.5745e-01
  1.5849e+01  5.4844e+01  6.0000e-02  8.6267e+11  1.3456e+00  1.0619e+00  1.3848e-01
  1.5849e+01  5.4844e+01  8.0000e-02  9.9546e+11  1.3507e+00  9.2313e-01  1.2389e-01
  1.5849e+01  5.4844e+01  1.0000e-01  1.1012e+12  1.3567e+00  8.1728e-01  1.1543e-01
  1.5849e+01  5.4844e+01  1.2000e-01  1.2324e+12  1.3592e+00  7.2519e-01  1.0425e-01
  1.5849e+01  5.4844e+01  1.4000e-01  1.3596e+12  1.3607e+00  6.5732e-01  9.7202e-02
  1.5849e+01  5.4844e+01  1.6000e-01  1.4289e+12  1.3644e+00  5.9563e-01  9.5532e-02
  1.5849e+01  5.4844e+01  1.8000e-01  1.5374e+12  1.3652e+00  5.2323e-01  8.9631e-02
  1.5849e+01  5.4844e+01  2.0000e-01  1.9966e+12  1.3481e+00  4.5268e-01  7.0203e-02
  1.5849e+01  5.4844e+01  2.2000e-01  2.9679e+12  1.3161e+00  4.0017e-01  5.1555e-02
  1.5849e+01  5.4844e+01  2.4000e-01  4.1947e+12  1.2879e+00  3.5577e-01  4.2695e-02
  1.5849e+01  5.4844e+01  2.6000e-01  5.2625e+12  1.2700e+00  3.1440e-01  3.8876e-02
  1.5849e+01  5.4844e+01  2.8000e-01  6.1179e+12  1.2653e+00  2.5719e-01  3.6436e-02
  1.5849e+01  5.4844e+01  3.0000e-01  3.8832e+12  1.3490e+00  1.5928e-01  2.8504e-02
  1.5849e+01  5.4844e+01  3.2000e-01  4.3993e+12  1.3762e+00  1.1664e-01  2.9356e-02
  1.5849e+01  5.4844e+01  3.4000e-01  9.4698e+12  1.3713e+00  7.9664e-02  1.9348e-02
  1.5849e+01  5.4844e+01  3.6000e-01  2.1331e+13  1.3361e+00  3.5593e-02  1.2793e-02
  1.5849e+01  5.4844e+01  3.8000e-01  9.9829e+12  1.2602e+00  2.9961e-03  2.8106e-02
  1.5849e+01  5.4844e+01  4.0000e-01  9.5155e+10  1.2327e+00  5.3492e-01  1.0512e+00
  1.5849e+01  5.4844e+01  4.2000e-01  2.4227e+10  8.5045e-01  1.1300e+01  3.4826e+01
  1.5849e+01  5.4844e+01  4.4000e-01  1.6294e+10  4.9545e-01  1.2434e-01  1.1649e-03
  1.5849e+01  5.4844e+01  4.6000e-01  5.6035e+10  4.2729e-01  4.1894e-01  7.5291e-08
  1.5849e+01  5.4844e+01  4.8000e-01  2.0711e+10  7.7969e-01  1.4638e-01  1.5977e-03
  1.5849e+01  5.4844e+01  5.0000e-01  2.9063e+12  7.8694e-01  1.1278e-01  6.1397e-03
  1.5849e+01  5.4844e+01  5.2000e-01  5.4272e+10  1.0740e+00  2.5445e-01  6.9628e-02
  1.5849e+01  5.4844e+01  5.4000e-01  4.0698e+10  1.0755e+00  3.1797e-01  7.1542e-02
  1.5849e+01  5.4844e+01  5.6000e-01  3.3843e+10  1.0853e+00  3.1501e-01  7.2724e-02
  1.5849e+01  5.4844e+01  5.8000e-01  2.7937e+10  1.0850e+00  3.4208e-01  7.6651e-02
  1.5849e+01  5.4844e+01  6.0000e-01  2.4267e+10  1.0938e+00  3.3236e-01  7.5112e-02
  1.5849e+01  6.7002e+01  1.0000e-02  4.7678e+11  1.2869e+00  2.7814e+00  2.4143e-01
  1.5849e+01  6.7002e+01  2.0000e-02  5.2962e+11  1.3095e+00  2.0165e+00  2.1088e-01
  1.5849e+01  6.7002e+01  4.0000e-02  6.5934e+11  1.3328e+00  1.4031e+00  1.7027e-01
  1.5849e+01  6.7002e+01  6.0000e-02  7.8538e+11  1.3432e+00  1.1439e+00  1.4768e-01
  1.5849e+01  6.7002e+01  8.0000e-02  9.0341e+11  1.3493e+00  9.8366e-01  1.3159e-01
  1.5849e+01  6.7002e+01  1.0000e-01  1.0114e+12  1.3548e+00  8.7022e-01  1.2167e-01
  1.5849e+01  6.7002e+01  1.2000e-01  1.0318e+12  1.3541e+00  7.9042e-01  1.1866e-01
  1.5849e+01  6.7002e+01  1.4000e-01  1.2513e+12  1.3595e+00  6.9460e-01  1.0203e-01
  1.5849e+01  6.7002e+01  1.6000e-01  1.3270e+12  1.3627e+00  6.3141e-01  9.9758e-02
  1.5849e+01  6.7002e+01  1.8000e-01  1.3877e+12  1.3660e+00  5.5997e-01  9.7050e-02
  1.5849e+01  6.7002e+01  2.0000e-01  1.6458e+12  1.3575e+00  4.8169e-01  8.2043e-02
  1.5849e+01  6.7002e+01  2.2000e-01  2.3872e+12  1.3287e+00  4.2162e-01  5.9441e-02
  1.5849e+01  6.7002e+01  2.4000e-01  3.4479e+12  1.2983e+00  3.7513e-01  4.6970e-02
  1.5849e+01  6.7002e+01  2.6000e-01  4.5861e+12  1.2756e+00  3.3393e-01  4.1193e-02
  1.5849e+01  6.7002e+01  2.8000e-01  5.2496e+12  1.2659e+00  2.9187e-01  3.9301e-02
  1.5849e+01  6.7002e+01  3.0000e-01  9.1724e+12  1.2451e+00  1.9644e-01  2.6664e-02
  1.5849e+01  6.7002e+01  3.2000e-01  3.5329e+12  1.3800e+00  1.2864e-01  3.0255e-02
  1.5849e+01  6.7002e+01  3.4000e-01  8.7244e+12  1.3765e+00  8.9568e-02  1.8713e-02
  1.5849e+01  6.7002e+01  3.6000e-01  8.7287e+12  1.3584e+00  5.3061e-02  2.1781e-02
  1.5849e+01  6.7002e+01  3.8000e-01  1.4185e+13  1.3021e+00  1.5843e-02  1.8114e-02
  1.5849e+01  6.7002e+01  4.0000e-01  5.5431e+11  1.2116e+00  6.2725e-02  2.8027e-01
  1.5849e+01  6.7002e+01  4.2000e-01  5.5810e+11  1.4941e+00  -1.2802e+01  1.8009e-01
  1.5849e+01  6.7002e+01  4.4000e-01  4.4426e+10  9.5946e-01  -5.3818e+01  3.3555e-01
  1.5849e+01  6.7002e+01  4.6000e-01  8.6139e+68  -1.2248e+01  1.8075e-01  -1.6684e-01
  1.5849e+01  6.7002e+01  4.8000e-01  1.3813e+10  8.0353e-01  1.5127e-01  9.5339e-04
  1.5849e+01  6.7002e+01  5.0000e-01  3.0565e+12  7.7173e-01  1.1284e-01  5.3484e-03
  1.5849e+01  6.7002e+01  5.2000e-01  3.4463e+10  1.0873e+00  2.4821e-01  7.1806e-02
  1.5849e+01  6.7002e+01  5.4000e-01  2.5113e+10  1.0993e+00  2.9686e-01  7.3442e-02
  1.5849e+01  6.7002e+01  5.6000e-01  2.0310e+10  1.1131e+00  2.9382e-01  7.7127e-02
  1.5849e+01  6.7002e+01  5.8000e-01  1.7215e+10  1.1180e+00  2.9639e-01  7.8818e-02
  1.5849e+01  6.7002e+01  6.0000e-01  1.3761e+10  1.1178e+00  3.2422e-01  8.2837e-02
  1.5849e+01  8.1855e+01  1.0000e-02  4.5105e+11  1.2756e+00  3.1836e+00  2.5562e-01
  1.5849e+01  8.1855e+01  2.0000e-02  4.9161e+11  1.2976e+00  2.3603e+00  2.2930e-01
  1.5849e+01  8.1855e+01  4.0000e-02  5.9484e+11  1.3257e+00  1.5882e+00  1.8562e-01
  1.5849e+01  8.1855e+01  6.0000e-02  7.1184e+11  1.3394e+00  1.2559e+00  1.5812e-01
  1.5849e+01  8.1855e+01  8.0000e-02  8.1860e+11  1.3477e+00  1.0644e+00  1.4033e-01
  1.5849e+01  8.1855e+01  1.0000e-01  9.2247e+11  1.3531e+00  9.3616e-01  1.2817e-01
  1.5849e+01  8.1855e+01  1.2000e-01  1.0119e+12  1.3580e+00  8.2930e-01  1.1887e-01
  1.5849e+01  8.1855e+01  1.4000e-01  1.1356e+12  1.3591e+00  7.4146e-01  1.0769e-01
  1.5849e+01  8.1855e+01  1.6000e-01  1.2277e+12  1.3612e+00  6.7394e-01  1.0317e-01
  1.5849e+01  8.1855e+01  1.8000e-01  1.2747e+12  1.3654e+00  6.0478e-01  1.0214e-01
  1.5849e+01  8.1855e+01  2.0000e-01  1.3977e+12  1.3645e+00  5.2276e-01  9.3541e-02
  1.5849e+01  8.1855e+01  2.2000e-01  1.8675e+12  1.3441e+00  4.5059e-01  7.1047e-02
  1.5849e+01  8.1855e+01  2.4000e-01  2.7623e+12  1.3122e+00  3.9923e-01  5.2540e-02
  1.5849e+01  8.1855e+01  2.6000e-01  3.8347e+12  1.2856e+00  3.5631e-01  4.4101e-02
  1.5849e+01  8.1855e+01  2.8000e-01  4.6962e+12  1.2693e+00  3.1790e-01  4.0634e-02
  1.5849e+01  8.1855e+01  3.0000e-01  5.5300e+12  1.2641e+00  2.5945e-01  3.7513e-02
  1.5849e+01  8.1855e+01  3.2000e-01  3.7218e+12  1.3473e+00  1.5441e-01  2.8073e-02
  1.5849e+01  8.1855e+01  3.4000e-01  4.2059e+12  1.3811e+00  1.0854e-01  2.8028e-02
  1.5849e+01  8.1855e+01  3.6000e-01  8.3535e+12  1.3760e+00  7.2183e-02  1.9398e-02
  1.5849e+01  8.1855e+01  3.8000e-01  1.6499e+13  1.3364e+00  2.9169e-02  1.3929e-02
  1.5849e+01  8.1855e+01  4.0000e-01  1.7073e+12  1.2463e+00  9.4156e-03  1.0288e-01
  1.5849e+01  8.1855e+01  4.2000e-01  4.3822e+10  1.2893e+00  1.7768e-02  1.3027e+00
  1.5849e+01  8.1855e+01  4.4000e-01  5.0488e+10  7.0103e-01  1.3192e+01  2.4855e+01
  1.5849e+01  8.1855e+01  4.6000e-01  1.0743e+09  8.9998e-01  1.4606e-01  1.9350e-03
  1.5849e+01  8.1855e+01  4.8000e-01  7.7080e+09  8.4234e-01  1.5154e-01  1.0690e-03
  1.5849e+01  8.1855e+01  5.0000e-01  3.2998e+12  7.7368e-01  1.1002e-01  4.3702e-03
  1.5849e+01  8.1855e+01  5.2000e-01  3.2840e+10  1.1244e+00  1.3209e-01  4.9745e-02
  1.5849e+01  8.1855e+01  5.4000e-01  1.5288e+10  1.1127e+00  2.9896e-01  7.5979e-02
  1.5849e+01  8.1855e+01  5.6000e-01  1.1628e+10  1.1287e+00  3.0336e-01  8.3506e-02
  1.5849e+01  8.1855e+01  5.8000e-01  9.9990e+09  1.1314e+00  3.1229e-01  8.4297e-02
  1.5849e+01  8.1855e+01  6.0000e-01  8.9983e+09  1.1335e+00  3.1166e-01  8.1109e-02
  1.5849e+01  1.0000e+02  1.0000e-02  4.6700e+11  1.2769e+00  3.4721e+00  2.4574e-01
  1.5849e+01  1.0000e+02  2.0000e-02  4.6551e+11  1.2863e+00  2.7433e+00  2.4329e-01
  1.5849e+01  1.0000e+02  4.0000e-02  5.3155e+11  1.3161e+00  1.8584e+00  2.0578e-01
  1.5849e+01  1.0000e+02  6.0000e-02  6.3389e+11  1.3339e+00  1.4191e+00  1.7263e-01
  1.5849e+01  1.0000e+02  8.0000e-02  7.3246e+11  1.3441e+00  1.1828e+00  1.5187e-01
  1.5849e+01  1.0000e+02  1.0000e-01  8.3495e+11  1.3506e+00  1.0248e+00  1.3566e-01
  1.5849e+01  1.0000e+02  1.2000e-01  9.1523e+11  1.3565e+00  9.0806e-01  1.2640e-01
  1.5849e+01  1.0000e+02  1.4000e-01  1.0050e+12  1.3596e+00  8.0612e-01  1.1579e-01
  1.5849e+01  1.0000e+02  1.6000e-01  1.1141e+12  1.3604e+00  7.2732e-01  1.0706e-01
  1.5849e+01  1.0000e+02  1.8000e-01  1.1751e+12  1.3636e+00  6.5937e-01  1.0524e-01
  1.5849e+01  1.0000e+02  2.0000e-01  1.2263e+12  1.3673e+00  5.8099e-01  1.0247e-01
  1.5849e+01  1.0000e+02  2.2000e-01  1.4392e+12  1.3600e+00  4.9590e-01  8.7118e-02
  1.5849e+01  1.0000e+02  2.4000e-01  2.0606e+12  1.3322e+00  4.3255e-01  6.2984e-02
  1.5849e+01  1.0000e+02  2.6000e-01  2.9945e+12  1.3015e+00  3.8575e-01  4.8787e-02
  1.5849e+01  1.0000e+02  2.8000e-01  3.9728e+12  1.2783e+00  3.4625e-01  4.2567e-02
  1.5849e+01  1.0000e+02  3.0000e-01  4.5808e+12  1.2667e+00  3.0848e-01  4.0402e-02
  1.5849e+01  1.0000e+02  3.2000e-01  7.4197e+12  1.2459e+00  2.1761e-01  2.9642e-02
  1.5849e+01  1.0000e+02  3.4000e-01  2.9093e+12  1.3780e+00  1.3564e-01  3.0817e-02
  1.5849e+01  1.0000e+02  3.6000e-01  5.7872e+12  1.3795e+00  9.4597e-02  2.2203e-02
  1.5849e+01  1.0000e+02  3.8000e-01  6.7451e+12  1.3681e+00  5.6743e-02  2.2387e-02
  1.5849e+01  1.0000e+02  4.0000e-01  9.0472e+12  1.3116e+00  1.7917e-02  2.1495e-02
  1.5849e+01  1.0000e+02  4.2000e-01  5.3039e+11  1.2188e+00  4.0485e-02  2.3820e-01
  1.5849e+01  1.0000e+02  4.4000e-01  1.0172e+12  1.3839e+00  -4.9634e+00  9.9659e-02
  1.5849e+01  1.0000e+02  4.6000e-01  9.3563e+11  4.9722e-01  -3.4774e-01  1.6798e-02
  1.5849e+01  1.0000e+02  4.8000e-01  2.8788e+78  -1.4170e+01  1.7599e-01  -1.8785e-01
  1.5849e+01  1.0000e+02  5.0000e-01  3.2351e+12  7.6150e-01  1.1182e-01  3.2879e-03
  1.5849e+01  1.0000e+02  5.2000e-01  2.4970e+10  1.1359e+00  1.1566e-01  4.2320e-02
  1.5849e+01  1.0000e+02  5.4000e-01  9.6858e+09  1.1210e+00  2.8982e-01  7.8872e-02
  1.5849e+01  1.0000e+02  5.6000e-01  7.9735e+09  1.1325e+00  2.9968e-01  8.1773e-02
  1.5849e+01  1.0000e+02  5.8000e-01  6.4844e+09  1.1387e+00  3.1312e-01  8.5004e-02
  1.5849e+01  1.0000e+02  6.0000e-01  5.6555e+09  1.1430e+00  3.0655e-01  8.7253e-02
  1.5849e+01  1.5000e+02  1.0000e-02  3.1709e+11  1.2662e+00  4.4522e+00  3.2428e-01
  1.5849e+01  1.5000e+02  2.0000e-02  3.9648e+11  1.2787e+00  3.5247e+00  2.6985e-01
  1.5849e+01  1.5000e+02  4.0000e-02  4.4775e+11  1.2901e+00  2.6327e+00  2.4148e-01
  1.5849e+01  1.5000e+02  6.0000e-02  4.9138e+11  1.3125e+00  2.0249e+00  2.1469e-01
  1.5849e+01  1.5000e+02  8.0000e-02  5.4528e+11  1.3302e+00  1.6233e+00  1.9013e-01
  1.5849e+01  1.5000e+02  1.0000e-01  6.2158e+11  1.3411e+00  1.3597e+00  1.6698e-01
  1.5849e+01  1.5000e+02  1.2000e-01  6.9612e+11  1.3485e+00  1.1784e+00  1.4934e-01
  1.5849e+01  1.5000e+02  1.4000e-01  7.6933e+11  1.3538e+00  1.0454e+00  1.3648e-01
  1.5849e+01  1.5000e+02  1.6000e-01  8.2297e+11  1.3594e+00  9.3115e-01  1.2782e-01
  1.5849e+01  1.5000e+02  1.8000e-01  9.0024e+11  1.3616e+00  8.2904e-01  1.1613e-01
  1.5849e+01  1.5000e+02  2.0000e-01  9.7069e+11  1.3631e+00  7.4940e-01  1.0932e-01
  1.5849e+01  1.5000e+02  2.2000e-01  1.0040e+12  1.3671e+00  6.7605e-01  1.0842e-01
  1.5849e+01  1.5000e+02  2.4000e-01  1.0492e+12  1.3702e+00  5.9117e-01  1.0449e-01
  1.5849e+01  1.5000e+02  2.6000e-01  1.2497e+12  1.3610e+00  5.0396e-01  8.6656e-02
  1.5849e+01  1.5000e+02  2.8000e-01  1.7774e+12  1.3326e+00  4.4228e-01  6.2364e-02
  1.5849e+01  1.5000e+02  3.0000e-01  2.5269e+12  1.3025e+00  3.9802e-01  4.8417e-02
  1.5849e+01  1.5000e+02  3.2000e-01  3.2533e+12  1.2797e+00  3.6253e-01  4.2496e-02
  1.5849e+01  1.5000e+02  3.4000e-01  3.6595e+12  1.2676e+00  3.2745e-01  4.0583e-02
  1.5849e+01  1.5000e+02  3.6000e-01  5.7701e+12  1.2469e+00  2.2732e-01  2.9485e-02
  1.5849e+01  1.5000e+02  3.8000e-01  2.1939e+12  1.3713e+00  1.4397e-01  3.1524e-02
  1.5849e+01  1.5000e+02  4.0000e-01  3.1392e+12  1.3807e+00  1.0240e-01  2.7095e-02
  1.5849e+01  1.5000e+02  4.2000e-01  7.4147e+12  1.3703e+00  5.9061e-02  1.5601e-02
  1.5849e+01  1.5000e+02  4.4000e-01  8.5229e+12  1.3076e+00  1.6775e-02  1.5692e-02
  1.5849e+01  1.5000e+02  4.6000e-01  1.5021e+11  1.2261e+00  4.7100e-02  3.6572e-01
  1.5849e+01  1.5000e+02  4.8000e-01  3.9557e+11  8.7560e-01  -9.2036e+00  2.4540e-01
  1.5849e+01  1.5000e+02  5.0000e-01  1.1269e+12  8.3167e-01  1.1039e-01  3.5351e-03
  1.5849e+01  1.5000e+02  5.2000e-01  4.2688e+10  1.1506e+00  8.5067e-02  1.3283e-02
  1.5849e+01  1.5000e+02  5.4000e-01  6.3048e+09  1.1594e+00  1.2057e-01  5.8353e-02
  1.5849e+01  1.5000e+02  5.6000e-01  3.8340e+09  1.1490e+00  1.9348e-01  7.9571e-02
  1.5849e+01  1.5000e+02  5.8000e-01  3.3306e+09  1.1687e+00  1.7556e-01  8.1671e-02
  1.5849e+01  1.5000e+02  6.0000e-01  3.0825e+09  1.1697e+00  1.7195e-01  8.6070e-02
  1.5849e+01  2.0000e+02  1.0000e-02  2.4508e+11  1.2646e+00  5.3399e+00  3.8853e-01
  1.5849e+01  2.0000e+02  2.0000e-02  3.1195e+11  1.2768e+00  4.2224e+00  3.1657e-01
  1.5849e+01  2.0000e+02  4.0000e-02  3.8584e+11  1.2842e+00  3.2365e+00  2.6479e-01
  1.5849e+01  2.0000e+02  6.0000e-02  4.3300e+11  1.2942e+00  2.6294e+00  2.3693e-01
  1.5849e+01  2.0000e+02  8.0000e-02  4.5852e+11  1.3099e+00  2.1731e+00  2.1881e-01
  1.5849e+01  2.0000e+02  1.0000e-01  4.8521e+11  1.3251e+00  1.8237e+00  2.0164e-01
  1.5849e+01  2.0000e+02  1.2000e-01  5.2596e+11  1.3368e+00  1.5578e+00  1.8309e-01
  1.5849e+01  2.0000e+02  1.4000e-01  5.7235e+11  1.3455e+00  1.3602e+00  1.6667e-01
  1.5849e+01  2.0000e+02  1.6000e-01  6.2752e+11  1.3511e+00  1.2060e+00  1.5078e-01
  1.5849e+01  2.0000e+02  1.8000e-01  6.7383e+11  1.3560e+00  1.0854e+00  1.3998e-01
  1.5849e+01  2.0000e+02  2.0000e-01  7.0593e+11  1.3613e+00  9.7422e-01  1.3166e-01
  1.5849e+01  2.0000e+02  2.2000e-01  7.6285e+11  1.3631e+00  8.7196e-01  1.1965e-01
  1.5849e+01  2.0000e+02  2.4000e-01  8.1987e+11  1.3641e+00  7.8878e-01  1.1111e-01
  1.5849e+01  2.0000e+02  2.6000e-01  8.3582e+11  1.3682e+00  7.1442e-01  1.0989e-01
  1.5849e+01  2.0000e+02  2.8000e-01  8.3719e+11  1.3733e+00  6.3213e-01  1.0870e-01
  1.5849e+01  2.0000e+02  3.0000e-01  9.3521e+11  1.3685e+00  5.4296e-01  9.4554e-02
  1.5849e+01  2.0000e+02  3.2000e-01  1.2482e+12  1.3444e+00  4.7619e-01  6.9658e-02
  1.5849e+01  2.0000e+02  3.4000e-01  1.7328e+12  1.3137e+00  4.3121e-01  5.2153e-02
  1.5849e+01  2.0000e+02  3.6000e-01  2.2054e+12  1.2885e+00  3.9728e-01  4.4453e-02
  1.5849e+01  2.0000e+02  3.8000e-01  2.4942e+12  1.2721e+00  3.6686e-01  4.1454e-02
  1.5849e+01  2.0000e+02  4.0000e-01  2.9359e+12  1.2631e+00  2.8884e-01  3.5774e-02
  1.5849e+01  2.0000e+02  4.2000e-01  2.0135e+12  1.3193e+00  1.7705e-01  2.8981e-02
  1.5849e+01  2.0000e+02  4.4000e-01  1.2434e+12  1.3740e+00  1.2989e-01  3.4748e-02
  1.5849e+01  2.0000e+02  4.6000e-01  4.0158e+12  1.3694e+00  7.7392e-02  1.4376e-02
  1.5849e+01  2.0000e+02  4.8000e-01  3.1504e+12  1.3013e+00  1.6315e-02  1.5002e-02
  1.5849e+01  2.0000e+02  5.0000e-01  3.1329e+11  8.5548e-01  1.1134e-01  4.0952e-03
  1.5849e+01  2.0000e+02  5.2000e-01  5.2084e+10  1.1289e+00  8.5875e-02  7.1482e-03
  1.5849e+01  2.0000e+02  5.4000e-01  5.4797e+09  1.1381e+00  1.0593e-01  4.2868e-02
  1.5849e+01  2.0000e+02  5.6000e-01  3.3607e+09  1.0618e+00  5.4514e-01  5.5139e-02
  1.5849e+01  2.0000e+02  5.8000e-01  inf  -4.7063e+03  -7.6115e+00  -6.8774e-02
  1.5849e+01  2.0000e+02  6.0000e-01  inf  -4.9808e+03  -6.7873e+00  -5.7656e-02
  1.5849e+01  2.5000e+02  1.0000e-02  2.0381e+11  1.2672e+00  6.2251e+00  4.3732e-01
  1.5849e+01  2.5000e+02  2.0000e-02  2.5465e+11  1.2754e+00  4.9100e+00  3.6455e-01
  1.5849e+01  2.5000e+02  4.0000e-02  3.2629e+11  1.2883e+00  3.7537e+00  2.9197e-01
  1.5849e+01  2.5000e+02  6.0000e-02  3.6330e+11  1.2906e+00  3.1450e+00  2.6435e-01
  1.5849e+01  2.5000e+02  8.0000e-02  3.9240e+11  1.2981e+00  2.6838e+00  2.4298e-01
  1.5849e+01  2.5000e+02  1.0000e-01  4.2711e+11  1.3092e+00  2.3022e+00  2.2069e-01
  1.5849e+01  2.5000e+02  1.2000e-01  4.4236e+11  1.3208e+00  2.0030e+00  2.0748e-01
  1.5849e+01  2.5000e+02  1.4000e-01  4.5941e+11  1.3320e+00  1.7525e+00  1.9422e-01
  1.5849e+01  2.5000e+02  1.6000e-01  4.8614e+11  1.3407e+00  1.5521e+00  1.7992e-01
  1.5849e+01  2.5000e+02  1.8000e-01  5.1377e+11  1.3479e+00  1.3873e+00  1.6669e-01
  1.5849e+01  2.5000e+02  2.0000e-01  5.4611e+11  1.3529e+00  1.2509e+00  1.5357e-01
  1.5849e+01  2.5000e+02  2.2000e-01  5.6767e+11  1.3579e+00  1.1382e+00  1.4472e-01
  1.5849e+01  2.5000e+02  2.4000e-01  5.8398e+11  1.3626e+00  1.0314e+00  1.3713e-01
  1.5849e+01  2.5000e+02  2.6000e-01  6.1560e+11  1.3647e+00  9.2979e-01  1.2565e-01
  1.5849e+01  2.5000e+02  2.8000e-01  6.5413e+11  1.3648e+00  8.4421e-01  1.1522e-01
  1.5849e+01  2.5000e+02  3.0000e-01  6.6011e+11  1.3678e+00  7.7140e-01  1.1216e-01
  1.5849e+01  2.5000e+02  3.2000e-01  6.3729e+11  1.3736e+00  6.9642e-01  1.1310e-01
  1.5849e+01  2.5000e+02  3.4000e-01  6.3627e+11  1.3759e+00  6.0970e-01  1.0719e-01
  1.5849e+01  2.5000e+02  3.6000e-01  7.4404e+11  1.3615e+00  5.3273e-01  8.5627e-02
  1.5849e+01  2.5000e+02  3.8000e-01  9.8109e+11  1.3321e+00  4.8264e-01  6.2032e-02
  1.5849e+01  2.5000e+02  4.0000e-01  1.2231e+12  1.3041e+00  4.4769e-01  4.9336e-02
  1.5849e+01  2.5000e+02  4.2000e-01  1.3561e+12  1.2830e+00  4.2048e-01  4.4228e-02
  1.5849e+01  2.5000e+02  4.4000e-01  1.3799e+12  1.2698e+00  3.7216e-01  4.0641e-02
  1.5849e+01  2.5000e+02  4.6000e-01  1.5360e+12  1.2572e+00  2.3261e-01  2.9582e-02
  1.5849e+01  2.5000e+02  4.8000e-01  3.3831e+11  1.3618e+00  1.5712e-01  4.1780e-02
  1.5849e+01  2.5000e+02  5.0000e-01  1.6450e+11  7.9675e-01  1.1993e-01  3.9698e-03
  1.5849e+01  2.5000e+02  5.2000e-01  3.7767e+10  1.1214e+00  8.8237e-02  6.1380e-03
  1.5849e+01  2.5000e+02  5.4000e-01  5.9452e+09  1.1350e+00  9.1198e-02  2.6864e-02
  1.5849e+01  2.5000e+02  5.6000e-01  3.2767e+09  1.1984e+00  7.8165e-02  3.4892e-02
  1.5849e+01  2.5000e+02  5.8000e-01  1.9005e+09  1.0521e+00  1.3422e+00  4.0417e-02
  1.5849e+01  2.5000e+02  6.0000e-01  2.0007e+09  1.0470e+00  1.4676e+00  3.2104e-02
  1.5849e+01  3.0000e+02  1.0000e-02  1.6845e+11  1.2700e+00  7.2448e+00  4.9589e-01
  1.5849e+01  3.0000e+02  2.0000e-02  2.3411e+11  1.2855e+00  5.4766e+00  3.7644e-01
  1.5849e+01  3.0000e+02  4.0000e-02  2.7846e+11  1.2902e+00  4.2763e+00  3.2340e-01
  1.5849e+01  3.0000e+02  6.0000e-02  3.1111e+11  1.2935e+00  3.6093e+00  2.9002e-01
  1.5849e+01  3.0000e+02  8.0000e-02  3.5470e+11  1.2999e+00  3.0922e+00  2.5507e-01
  1.5849e+01  3.0000e+02  1.0000e-01  3.5757e+11  1.3024e+00  2.7517e+00  2.4730e-01
  1.5849e+01  3.0000e+02  1.2000e-01  3.7900e+11  1.3106e+00  2.4297e+00  2.2907e-01
  1.5849e+01  3.0000e+02  1.4000e-01  3.9390e+11  1.3195e+00  2.1614e+00  2.1479e-01
  1.5849e+01  3.0000e+02  1.6000e-01  4.1527e+11  1.3278e+00  1.9316e+00  1.9918e-01
  1.5849e+01  3.0000e+02  1.8000e-01  4.2355e+11  1.3362e+00  1.7379e+00  1.8876e-01
  1.5849e+01  3.0000e+02  2.0000e-01  4.3574e+11  1.3433e+00  1.5748e+00  1.7800e-01
  1.5849e+01  3.0000e+02  2.2000e-01  4.4861e+11  1.3493e+00  1.4317e+00  1.6720e-01
  1.5849e+01  3.0000e+02  2.4000e-01  4.6364e+11  1.3536e+00  1.3085e+00  1.5626e-01
  1.5849e+01  3.0000e+02  2.6000e-01  4.7132e+11  1.3580e+00  1.2024e+00  1.4841e-01
  1.5849e+01  3.0000e+02  2.8000e-01  4.7019e+11  1.3630e+00  1.1012e+00  1.4235e-01
  1.5849e+01  3.0000e+02  3.0000e-01  4.7735e+11  1.3659e+00  1.0016e+00  1.3279e-01
  1.5849e+01  3.0000e+02  3.2000e-01  4.9252e+11  1.3660e+00  9.1484e-01  1.2164e-01
  1.5849e+01  3.0000e+02  3.4000e-01  4.9136e+11  1.3669e+00  8.4364e-01  1.1570e-01
  1.5849e+01  3.0000e+02  3.6000e-01  4.6140e+11  1.3713e+00  7.7764e-01  1.1629e-01
  1.5849e+01  3.0000e+02  3.8000e-01  4.1643e+11  1.3779e+00  7.0039e-01  1.1752e-01
  1.5849e+01  3.0000e+02  4.0000e-01  4.0464e+11  1.3757e+00  6.1512e-01  1.0612e-01
  1.5849e+01  3.0000e+02  4.2000e-01  4.5364e+11  1.3552e+00  5.5277e-01  8.0992e-02
  1.5849e+01  3.0000e+02  4.4000e-01  5.3027e+11  1.3235e+00  5.1696e-01  5.8994e-02
  1.5849e+01  3.0000e+02  4.6000e-01  5.2475e+11  1.2972e+00  4.9245e-01  4.9424e-02
  1.5849e+01  3.0000e+02  4.8000e-01  3.8168e+11  1.2760e+00  4.2854e-01  4.5767e-02
  1.5849e+01  3.0000e+02  5.0000e-01  5.9953e+10  7.7478e-01  1.3971e-01  5.2125e-03
  1.5849e+01  3.0000e+02  5.2000e-01  1.7347e+10  1.1387e+00  8.8850e-02  6.7451e-03
  1.5849e+01  3.0000e+02  5.4000e-01  1.2863e+10  1.1879e+00  7.5735e-02  7.2847e-03
  1.5849e+01  3.0000e+02  5.6000e-01  2.8877e+09  1.2215e+00  7.0898e-02  2.2531e-02
  1.5849e+01  3.0000e+02  5.8000e-01  9.2079e+08  1.2253e+00  9.0400e-02  5.1429e-02
  1.5849e+01  3.0000e+02  6.0000e-01  8.5116e+08  1.0772e+00  1.0963e+00  4.7747e-02
  2.1544e+01  3.3246e+00  1.0000e-02  7.1350e+11  1.2979e+00  4.9211e+00  1.4201e-01
  2.1544e+01  3.3246e+00  2.0000e-02  6.8778e+11  1.2931e+00  4.6118e+00  1.4705e-01
  2.1544e+01  3.3246e+00  4.0000e-02  6.9158e+11  1.2954e+00  4.1165e+00  1.4504e-01
  2.1544e+01  3.3246e+00  6.0000e-02  7.1786e+11  1.2895e+00  3.7783e+00  1.4358e-01
  2.1544e+01  3.3246e+00  8.0000e-02  7.4351e+11  1.2873e+00  3.4256e+00  1.4038e-01
  2.1544e+01  3.3246e+00  1.0000e-01  8.0949e+11  1.2868e+00  3.1241e+00  1.3496e-01
  2.1544e+01  3.3246e+00  1.2000e-01  6.1891e+11  1.3150e+00  2.7222e+00  1.5600e-01
  2.1544e+01  3.3246e+00  1.4000e-01  6.4088e+11  1.3257e+00  2.1270e+00  1.3966e-01
  2.1544e+01  3.3246e+00  1.6000e-01  8.1345e+11  1.3115e+00  1.7694e+00  1.2172e-01
  2.1544e+01  3.3246e+00  1.8000e-01  1.0957e+12  1.2893e+00  1.5246e+00  1.0562e-01
  2.1544e+01  3.3246e+00  2.0000e-01  1.6271e+12  1.2581e+00  1.3015e+00  8.8044e-02
  2.1544e+01  3.3246e+00  2.2000e-01  2.2784e+12  1.2444e+00  1.0735e+00  7.5249e-02
  2.1544e+01  3.3246e+00  2.4000e-01  2.6985e+12  1.2463e+00  8.6248e-01  7.1104e-02
  2.1544e+01  3.3246e+00  2.6000e-01  2.5925e+12  1.2459e+00  6.9038e-01  7.8539e-02
  2.1544e+01  3.3246e+00  2.8000e-01  2.4040e+12  1.2610e+00  5.4403e-01  8.5592e-02
  2.1544e+01  3.3246e+00  3.0000e-01  1.9651e+12  1.2800e+00  4.4037e-01  9.8215e-02
  2.1544e+01  3.3246e+00  3.2000e-01  2.1891e+12  1.3002e+00  2.7568e-01  9.2393e-02
  2.1544e+01  3.3246e+00  3.4000e-01  2.7827e+12  1.3302e+00  1.2941e-01  7.8424e-02
  2.1544e+01  3.3246e+00  3.6000e-01  6.0125e+13  1.3836e+00  1.9356e-02  6.7280e-03
  2.1544e+01  3.3246e+00  3.8000e-01  2.2899e+12  1.5783e+00  -2.1815e+00  7.2334e-02
  2.1544e+01  3.3246e+00  4.0000e-01  1.1534e+09  1.6203e+00  -9.1879e+00  6.5885e+00
  2.1544e+01  3.3246e+00  4.2000e-01  6.8243e+08  1.1288e+00  8.8000e+01  4.4403e+01
  2.1544e+01  3.3246e+00  4.4000e-01  3.0752e+08  9.2392e-01  6.9162e+01  4.3720e+01
  2.1544e+01  3.3246e+00  4.6000e-01  2.8137e+09  1.6299e-01  1.1278e-01  2.7228e-09
  2.1544e+01  3.3246e+00  4.8000e-01  2.5061e+11  1.9483e-01  1.2287e-01  1.5909e-11
  2.1544e+01  3.3246e+00  5.0000e-01  1.4675e+12  8.9104e-01  1.3802e-01  1.7591e-02
  2.1544e+01  3.3246e+00  5.2000e-01  3.0474e+11  1.2418e+00  2.2302e-01  8.9856e-02
  2.1544e+01  3.3246e+00  5.4000e-01  7.1563e+11  1.2745e+00  2.5273e-01  9.8762e-02
  2.1544e+01  3.3246e+00  5.6000e-01  1.5520e+12  1.1999e+00  3.4870e-01  8.7279e-02
  2.1544e+01  3.3246e+00  5.8000e-01  2.7136e+12  1.1326e+00  4.2697e-01  7.0525e-02
  2.1544e+01  3.3246e+00  6.0000e-01  3.8082e+12  1.0872e+00  6.1567e-01  5.9348e-02
  2.1544e+01  4.0616e+00  1.0000e-02  8.0818e+11  1.2901e+00  4.2727e+00  1.3453e-01
  2.1544e+01  4.0616e+00  2.0000e-02  7.8389e+11  1.2902e+00  3.9785e+00  1.3701e-01
  2.1544e+01  4.0616e+00  4.0000e-02  7.6567e+11  1.2951e+00  3.5468e+00  1.3773e-01
  2.1544e+01  4.0616e+00  6.0000e-02  7.5197e+11  1.2973e+00  3.2209e+00  1.3979e-01
  2.1544e+01  4.0616e+00  8.0000e-02  8.6117e+11  1.2892e+00  2.8689e+00  1.2839e-01
  2.1544e+01  4.0616e+00  1.0000e-01  8.8742e+11  1.2958e+00  2.5988e+00  1.2641e-01
  2.1544e+01  4.0616e+00  1.2000e-01  6.0172e+11  1.3388e+00  2.2435e+00  1.5746e-01
  2.1544e+01  4.0616e+00  1.4000e-01  6.9532e+11  1.3365e+00  1.8171e+00  1.2931e-01
  2.1544e+01  4.0616e+00  1.6000e-01  9.2426e+11  1.3185e+00  1.4916e+00  1.1100e-01
  2.1544e+01  4.0616e+00  1.8000e-01  1.1987e+12  1.3013e+00  1.2596e+00  9.8527e-02
  2.1544e+01  4.0616e+00  2.0000e-01  1.9939e+12  1.2616e+00  1.0441e+00  7.8243e-02
  2.1544e+01  4.0616e+00  2.2000e-01  2.7512e+12  1.2379e+00  8.7411e-01  6.6669e-02
  2.1544e+01  4.0616e+00  2.4000e-01  3.5402e+12  1.2301e+00  6.9482e-01  5.9466e-02
  2.1544e+01  4.0616e+00  2.6000e-01  3.5993e+12  1.2399e+00  5.4345e-01  6.1693e-02
  2.1544e+01  4.0616e+00  2.8000e-01  3.3311e+12  1.2602e+00  4.2830e-01  6.5979e-02
  2.1544e+01  4.0616e+00  3.0000e-01  2.5642e+12  1.2823e+00  3.6013e-01  7.9301e-02
  2.1544e+01  4.0616e+00  3.2000e-01  3.2847e+12  1.2912e+00  2.2678e-01  7.4980e-02
  2.1544e+01  4.0616e+00  3.4000e-01  4.0710e+12  1.3400e+00  1.1761e-01  5.2777e-02
  2.1544e+01  4.0616e+00  3.6000e-01  8.9633e+13  1.3846e+00  1.8920e-02  5.1243e-03
  2.1544e+01  4.0616e+00  3.8000e-01  2.4113e+12  1.5860e+00  -2.2816e+00  7.1471e-02
  2.1544e+01  4.0616e+00  4.0000e-01  1.2895e+09  1.6261e+00  -9.7521e+00  6.1227e+00
  2.1544e+01  4.0616e+00  4.2000e-01  7.0894e+08  1.1270e+00  8.8129e+01  4.3479e+01
  2.1544e+01  4.0616e+00  4.4000e-01  3.5020e+08  9.0624e-01  6.9143e+01  3.9291e+01
  2.1544e+01  4.0616e+00  4.6000e-01  2.7625e+09  2.0662e-01  1.1788e-01  1.2173e-09
  2.1544e+01  4.0616e+00  4.8000e-01  7.0378e+11  2.9996e-01  1.3392e-01  1.0435e-05
  2.1544e+01  4.0616e+00  5.0000e-01  1.4421e+12  9.0129e-01  1.3997e-01  1.8809e-02
  2.1544e+01  4.0616e+00  5.2000e-01  2.0429e+11  1.0971e+00  5.2615e-01  1.4759e-01
  2.1544e+01  4.0616e+00  5.4000e-01  3.8147e+11  1.3063e+00  1.9485e-01  9.7330e-02
  2.1544e+01  4.0616e+00  5.6000e-01  6.8819e+11  1.2980e+00  2.2852e-01  1.0273e-01
  2.1544e+01  4.0616e+00  5.8000e-01  1.2706e+12  1.2261e+00  3.0779e-01  9.1953e-02
  2.1544e+01  4.0616e+00  6.0000e-01  1.9068e+12  1.1703e+00  3.6809e-01  8.1150e-02
  2.1544e+01  4.9619e+00  1.0000e-02  8.0931e+11  1.2954e+00  3.6408e+00  1.3639e-01
  2.1544e+01  4.9619e+00  2.0000e-02  8.1473e+11  1.2985e+00  3.4047e+00  1.3500e-01
  2.1544e+01  4.9619e+00  4.0000e-02  8.1596e+11  1.3010e+00  3.0361e+00  1.3512e-01
  2.1544e+01  4.9619e+00  6.0000e-02  7.9694e+11  1.3083e+00  2.7120e+00  1.3940e-01
  2.1544e+01  4.9619e+00  8.0000e-02  9.4098e+11  1.3019e+00  2.3734e+00  1.2245e-01
  2.1544e+01  4.9619e+00  1.0000e-01  9.6910e+11  1.3113e+00  2.0995e+00  1.3301e-01
  2.1544e+01  4.9619e+00  1.2000e-01  7.4212e+11  1.3440e+00  1.7702e+00  1.6516e-01
  2.1544e+01  4.9619e+00  1.4000e-01  9.7712e+11  1.3269e+00  1.4512e+00  1.1648e-01
  2.1544e+01  4.9619e+00  1.6000e-01  1.3715e+12  1.3055e+00  1.2066e+00  8.9566e-02
  2.1544e+01  4.9619e+00  1.8000e-01  1.8088e+12  1.2900e+00  1.0090e+00  7.8375e-02
  2.1544e+01  4.9619e+00  2.0000e-01  2.2688e+12  1.2801e+00  8.3543e-01  7.0312e-02
  2.1544e+01  4.9619e+00  2.2000e-01  3.3628e+12  1.2553e+00  6.7256e-01  5.6432e-02
  2.1544e+01  4.9619e+00  2.4000e-01  5.0263e+12  1.2295e+00  5.3272e-01  4.5737e-02
  2.1544e+01  4.9619e+00  2.6000e-01  4.9055e+12  1.2440e+00  4.1983e-01  4.7562e-02
  2.1544e+01  4.9619e+00  2.8000e-01  4.9439e+12  1.2803e+00  2.8515e-01  4.5174e-02
  2.1544e+01  4.9619e+00  3.0000e-01  4.4229e+12  1.2841e+00  2.4871e-01  5.5167e-02
  2.1544e+01  4.9619e+00  3.2000e-01  4.8875e+12  1.2955e+00  1.7377e-01  5.8098e-02
  2.1544e+01  4.9619e+00  3.4000e-01  6.3986e+12  1.3477e+00  1.0476e-01  3.6126e-02
  2.1544e+01  4.9619e+00  3.6000e-01  7.2039e+13  1.3872e+00  1.6993e-02  6.0764e-03
  2.1544e+01  4.9619e+00  3.8000e-01  4.0864e+12  1.5665e+00  -1.7369e+00  5.1512e-02
  2.1544e+01  4.9619e+00  4.0000e-01  1.8575e+11  1.6144e+00  -8.8300e+00  2.8753e-01
  2.1544e+01  4.9619e+00  4.2000e-01  8.1958e+10  1.2520e+00  -1.7365e+01  6.2066e-01
  2.1544e+01  4.9619e+00  4.4000e-01  4.2850e+10  9.3875e-01  -6.7269e+00  1.9073e-01
  2.1544e+01  4.9619e+00  4.6000e-01  5.9477e+08  3.7738e-01  1.2168e-01  2.7866e-06
  2.1544e+01  4.9619e+00  4.8000e-01  8.2694e+56  -9.3173e+00  1.2964e-01  -8.3287e-02
  2.1544e+01  4.9619e+00  5.0000e-01  1.5349e+12  9.3305e-01  1.6882e-01  1.8324e-02
  2.1544e+01  4.9619e+00  5.2000e-01  2.7865e+11  1.0176e+00  4.9765e-01  1.0100e-01
  2.1544e+01  4.9619e+00  5.4000e-01  1.8765e+11  1.1755e+00  5.1066e-01  1.8410e-01
  2.1544e+01  4.9619e+00  5.6000e-01  3.4196e+11  1.2147e+00  4.8200e-01  1.7953e-01
  2.1544e+01  4.9619e+00  5.8000e-01  6.0584e+11  1.3197e+00  1.9909e-01  1.0363e-01
  2.1544e+01  4.9619e+00  6.0000e-01  7.3967e+11  1.2979e+00  2.2456e-01  1.0482e-01
  2.1544e+01  6.0619e+00  1.0000e-02  8.8002e+11  1.3027e+00  2.9118e+00  1.4531e-01
  2.1544e+01  6.0619e+00  2.0000e-02  8.9301e+11  1.3081e+00  2.7144e+00  1.4394e-01
  2.1544e+01  6.0619e+00  4.0000e-02  9.0772e+11  1.3104e+00  2.4032e+00  1.4221e-01
  2.1544e+01  6.0619e+00  6.0000e-02  7.8963e+11  1.3292e+00  2.1280e+00  1.5883e-01
  2.1544e+01  6.0619e+00  8.0000e-02  1.1278e+12  1.3108e+00  1.8216e+00  1.1403e-01
  2.1544e+01  6.0619e+00  1.0000e-01  1.0426e+12  1.3237e+00  1.6372e+00  1.2980e-01
  2.1544e+01  6.0619e+00  1.2000e-01  7.2938e+11  1.3657e+00  1.3865e+00  1.7749e-01
  2.1544e+01  6.0619e+00  1.4000e-01  9.0570e+11  1.3584e+00  1.0989e+00  1.3211e-01
  2.1544e+01  6.0619e+00  1.6000e-01  1.5438e+12  1.3208e+00  9.2139e-01  8.1853e-02
  2.1544e+01  6.0619e+00  1.8000e-01  1.9153e+12  1.3126e+00  7.7800e-01  7.0671e-02
  2.1544e+01  6.0619e+00  2.0000e-01  2.5963e+12  1.2934e+00  6.7516e-01  6.1390e-02
  2.1544e+01  6.0619e+00  2.2000e-01  3.8617e+12  1.2646e+00  5.5241e-01  4.9951e-02
  2.1544e+01  6.0619e+00  2.4000e-01  6.4038e+12  1.2310e+00  4.2444e-01  3.7917e-02
  2.1544e+01  6.0619e+00  2.6000e-01  4.9780e+12  1.2618e+00  3.5440e-01  4.5132e-02
  2.1544e+01  6.0619e+00  2.8000e-01  4.4481e+12  1.2792e+00  3.1366e-01  5.2236e-02
  2.1544e+01  6.0619e+00  3.0000e-01  4.2988e+12  1.2869e+00  2.6493e-01  6.1702e-02
  2.1544e+01  6.0619e+00  3.2000e-01  4.2408e+12  1.3168e+00  1.8329e-01  5.4882e-02
  2.1544e+01  6.0619e+00  3.4000e-01  4.1686e+12  1.3378e+00  1.3687e-01  5.1577e-02
  2.1544e+01  6.0619e+00  3.6000e-01  8.7297e+13  1.3727e+00  4.8096e-02  5.4357e-03
  2.1544e+01  6.0619e+00  3.8000e-01  2.8413e+12  1.5608e+00  -1.7018e+00  6.5990e-02
  2.1544e+01  6.0619e+00  4.0000e-01  1.8804e+11  1.6127e+00  -8.7570e+00  2.8271e-01
  2.1544e+01  6.0619e+00  4.2000e-01  6.1568e+10  1.2490e+00  -1.7240e+01  7.9692e-01
  2.1544e+01  6.0619e+00  4.4000e-01  9.3971e+10  8.7080e-01  -2.8965e+00  7.1127e-02
  2.1544e+01  6.0619e+00  4.6000e-01  3.5037e+09  6.9297e-01  1.4580e-01  1.2532e-06
  2.1544e+01  6.0619e+00  4.8000e-01  1.8802e+117  -2.1529e+01  8.6593e-02  -9.5810e-02
  2.1544e+01  6.0619e+00  5.0000e-01  1.4903e+12  9.3581e-01  1.6679e-01  1.8782e-02
  2.1544e+01  6.0619e+00  5.2000e-01  3.8905e+11  9.7367e-01  5.1911e-01  7.1002e-02
  2.1544e+01  6.0619e+00  5.4000e-01  2.2478e+11  1.0935e+00  6.2799e-01  1.5345e-01
  2.1544e+01  6.0619e+00  5.6000e-01  1.9273e+11  1.1976e+00  4.9156e-01  1.8728e-01
  2.1544e+01  6.0619e+00  5.8000e-01  2.9602e+11  1.2314e+00  4.5816e-01  1.8348e-01
  2.1544e+01  6.0619e+00  6.0000e-01  5.5162e+11  1.2338e+00  4.0273e-01  1.4322e-01
  2.1544e+01  7.4057e+00  1.0000e-02  8.1096e+11  1.3259e+00  2.2857e+00  1.6360e-01
  2.1544e+01  7.4057e+00  2.0000e-02  8.1579e+11  1.3298e+00  2.1139e+00  1.6276e-01
  2.1544e+01  7.4057e+00  4.0000e-02  8.6240e+11  1.3331e+00  1.8354e+00  1.5523e-01
  2.1544e+01  7.4057e+00  6.0000e-02  8.5105e+11  1.3445e+00  1.6028e+00  1.5976e-01
  2.1544e+01  7.4057e+00  8.0000e-02  1.1079e+12  1.3355e+00  1.3551e+00  1.2373e-01
  2.1544e+01  7.4057e+00  1.0000e-01  1.2427e+12  1.3378e+00  1.1924e+00  1.1646e-01
  2.1544e+01  7.4057e+00  1.2000e-01  9.2258e+11  1.3741e+00  1.0261e+00  1.5121e-01
  2.1544e+01  7.4057e+00  1.4000e-01  1.0484e+12  1.3757e+00  8.2142e-01  1.2806e-01
  2.1544e+01  7.4057e+00  1.6000e-01  2.0165e+12  1.3248e+00  7.1794e-01  6.9385e-02
  2.1544e+01  7.4057e+00  1.8000e-01  2.8696e+12  1.2980e+00  6.3154e-01  5.5431e-02
  2.1544e+01  7.4057e+00  2.0000e-01  4.0129e+12  1.2707e+00  5.6373e-01  4.8326e-02
  2.1544e+01  7.4057e+00  2.2000e-01  6.4831e+12  1.2367e+00  4.6207e-01  3.6861e-02
  2.1544e+01  7.4057e+00  2.4000e-01  6.2308e+12  1.2512e+00  3.6688e-01  3.7695e-02
  2.1544e+01  7.4057e+00  2.6000e-01  5.3975e+12  1.2750e+00  3.1979e-01  4.3272e-02
  2.1544e+01  7.4057e+00  2.8000e-01  5.4033e+12  1.2789e+00  2.8470e-01  4.9085e-02
  2.1544e+01  7.4057e+00  3.0000e-01  5.2081e+12  1.2937e+00  2.2374e-01  5.4659e-02
  2.1544e+01  7.4057e+00  3.2000e-01  4.9510e+12  1.3202e+00  1.7187e-01  4.7171e-02
  2.1544e+01  7.4057e+00  3.4000e-01  4.4577e+12  1.3398e+00  1.3327e-01  4.9087e-02
  2.1544e+01  7.4057e+00  3.6000e-01  9.9673e+13  1.3735e+00  4.8976e-02  4.9510e-03
  2.1544e+01  7.4057e+00  3.8000e-01  4.1113e+12  1.5485e+00  -1.6349e+00  5.3052e-02
  2.1544e+01  7.4057e+00  4.0000e-01  1.6800e+11  1.6099e+00  -8.5975e+00  2.9767e-01
  2.1544e+01  7.4057e+00  4.2000e-01  5.9928e+10  1.2417e+00  -1.6794e+01  8.4229e-01
  2.1544e+01  7.4057e+00  4.4000e-01  9.9523e+10  8.3579e-01  -2.3009e+00  5.4668e-02
  2.1544e+01  7.4057e+00  4.6000e-01  2.2781e+11  5.3686e-01  1.4615e-01  2.9121e-09
  2.1544e+01  7.4057e+00  4.8000e-01  4.8245e+99  -1.7962e+01  1.0333e-01  -1.1948e-01
  2.1544e+01  7.4057e+00  5.0000e-01  1.4439e+12  9.3814e-01  1.6443e-01  1.9289e-02
  2.1544e+01  7.4057e+00  5.2000e-01  4.6080e+11  9.4061e-01  4.3559e-01  5.3158e-02
  2.1544e+01  7.4057e+00  5.4000e-01  2.7004e+11  1.0361e+00  5.5394e-01  1.0442e-01
  2.1544e+01  7.4057e+00  5.6000e-01  1.9955e+11  1.1209e+00  5.9445e-01  1.6490e-01
  2.1544e+01  7.4057e+00  5.8000e-01  2.0706e+11  1.1716e+00  6.0784e-01  2.0693e-01
  2.1544e+01  7.4057e+00  6.0000e-01  2.8859e+11  1.1820e+00  6.1626e-01  2.1460e-01
  2.1544e+01  9.0474e+00  1.0000e-02  8.5787e+11  1.3414e+00  1.7652e+00  1.5502e-01
  2.1544e+01  9.0474e+00  2.0000e-02  8.7366e+11  1.3428e+00  1.6278e+00  1.5260e-01
  2.1544e+01  9.0474e+00  4.0000e-02  9.7423e+11  1.3445e+00  1.4027e+00  1.3849e-01
  2.1544e+01  9.0474e+00  6.0000e-02  9.9824e+11  1.3575e+00  1.2328e+00  1.3832e-01
  2.1544e+01  9.0474e+00  8.0000e-02  1.3647e+12  1.3416e+00  1.0686e+00  1.0208e-01
  2.1544e+01  9.0474e+00  1.0000e-01  1.4147e+12  1.3453e+00  9.7260e-01  1.0399e-01
  2.1544e+01  9.0474e+00  1.2000e-01  1.1280e+12  1.3741e+00  8.4680e-01  1.2929e-01
  2.1544e+01  9.0474e+00  1.4000e-01  1.4003e+12  1.3679e+00  7.0550e-01  1.0044e-01
  2.1544e+01  9.0474e+00  1.6000e-01  2.5361e+12  1.3200e+00  6.3124e-01  5.9675e-02
  2.1544e+01  9.0474e+00  1.8000e-01  4.0046e+12  1.2826e+00  5.6430e-01  4.6336e-02
  2.1544e+01  9.0474e+00  2.0000e-01  5.4957e+12  1.2579e+00  4.9926e-01  4.0560e-02
  2.1544e+01  9.0474e+00  2.2000e-01  7.3885e+12  1.2405e+00  4.0540e-01  3.3667e-02
  2.1544e+01  9.0474e+00  2.4000e-01  6.3301e+12  1.2685e+00  3.3529e-01  3.7729e-02
  2.1544e+01  9.0474e+00  2.6000e-01  5.9732e+12  1.2804e+00  2.9735e-01  4.2172e-02
  2.1544e+01  9.0474e+00  2.8000e-01  6.0973e+12  1.2813e+00  2.6080e-01  4.7125e-02
  2.1544e+01  9.0474e+00  3.0000e-01  5.8472e+12  1.3007e+00  2.0202e-01  4.7713e-02
  2.1544e+01  9.0474e+00  3.2000e-01  5.2463e+12  1.3222e+00  1.6736e-01  4.4583e-02
  2.1544e+01  9.0474e+00  3.4000e-01  4.4457e+12  1.3406e+00  1.3367e-01  4.9076e-02
  2.1544e+01  9.0474e+00  3.6000e-01  8.5540e+13  1.3732e+00  5.0245e-02  5.5372e-03
  2.1544e+01  9.0474e+00  3.8000e-01  2.5994e+12  1.5312e+00  -1.5566e+00  7.3221e-02
  2.1544e+01  9.0474e+00  4.0000e-01  1.2688e+11  1.6068e+00  -8.3535e+00  3.4503e-01
  2.1544e+01  9.0474e+00  4.2000e-01  5.9844e+10  1.2284e+00  -1.5758e+01  8.8521e-01
  2.1544e+01  9.0474e+00  4.4000e-01  1.3820e+11  7.5868e-01  -1.1118e+00  2.5246e-02
  2.1544e+01  9.0474e+00  4.6000e-01  3.6006e+11  5.3620e-01  1.4961e-01  3.9761e-08
  2.1544e+01  9.0474e+00  4.8000e-01  1.0060e+93  -1.6610e+01  1.1403e-01  -1.3296e-01
  2.1544e+01  9.0474e+00  5.0000e-01  1.3961e+12  9.3601e-01  1.6195e-01  1.9805e-02
  2.1544e+01  9.0474e+00  5.2000e-01  4.5640e+11  9.4118e-01  3.2244e-01  4.8870e-02
  2.1544e+01  9.0474e+00  5.4000e-01  3.2490e+11  9.8825e-01  4.9179e-01  7.4253e-02
  2.1544e+01  9.0474e+00  5.6000e-01  2.3143e+11  1.0631e+00  5.3475e-01  1.1341e-01
  2.1544e+01  9.0474e+00  5.8000e-01  1.8773e+11  1.1264e+00  5.5244e-01  1.5502e-01
  2.1544e+01  9.0474e+00  6.0000e-01  1.7473e+11  1.1775e+00  5.4967e-01  1.8951e-01
  2.1544e+01  1.1053e+01  1.0000e-02  8.8707e+11  1.3477e+00  1.4473e+00  1.4611e-01
  2.1544e+01  1.1053e+01  2.0000e-02  9.5249e+11  1.3517e+00  1.3194e+00  1.3828e-01
  2.1544e+01  1.1053e+01  4.0000e-02  1.1405e+12  1.3556e+00  1.1334e+00  1.1926e-01
  2.1544e+01  1.1053e+01  6.0000e-02  1.2252e+12  1.3620e+00  1.0172e+00  1.1458e-01
  2.1544e+01  1.1053e+01  8.0000e-02  1.5188e+12  1.3538e+00  8.9750e-01  9.3426e-02
  2.1544e+01  1.1053e+01  1.0000e-01  1.5876e+12  1.3554e+00  8.2457e-01  9.3657e-02
  2.1544e+01  1.1053e+01  1.2000e-01  1.3794e+12  1.3729e+00  7.4646e-01  1.0724e-01
  2.1544e+01  1.1053e+01  1.4000e-01  1.8623e+12  1.3533e+00  6.5117e-01  7.9951e-02
  2.1544e+01  1.1053e+01  1.6000e-01  3.3749e+12  1.3033e+00  5.8789e-01  5.0142e-02
  2.1544e+01  1.1053e+01  1.8000e-01  5.0519e+12  1.2703e+00  5.2561e-01  4.0839e-02
  2.1544e+01  1.1053e+01  2.0000e-01  6.6742e+12  1.2512e+00  4.5806e-01  3.6028e-02
  2.1544e+01  1.1053e+01  2.2000e-01  7.2540e+12  1.2548e+00  3.7599e-01  3.3936e-02
  2.1544e+01  1.1053e+01  2.4000e-01  6.5286e+12  1.2759e+00  3.1778e-01  3.7758e-02
  2.1544e+01  1.1053e+01  2.6000e-01  6.3303e+12  1.2846e+00  2.8221e-01  4.1446e-02
  2.1544e+01  1.1053e+01  2.8000e-01  6.5386e+12  1.2846e+00  2.4431e-01  4.5226e-02
  2.1544e+01  1.1053e+01  3.0000e-01  6.1397e+12  1.3024e+00  1.9565e-01  4.4655e-02
  2.1544e+01  1.1053e+01  3.2000e-01  5.3031e+12  1.3221e+00  1.6711e-01  4.4066e-02
  2.1544e+01  1.1053e+01  3.4000e-01  4.2740e+12  1.3389e+00  1.3694e-01  5.0481e-02
  2.1544e+01  1.1053e+01  3.6000e-01  9.3887e+13  1.3719e+00  5.1499e-02  5.1631e-03
  2.1544e+01  1.1053e+01  3.8000e-01  3.3923e+12  1.5074e+00  -1.4227e+00  6.3207e-02
  2.1544e+01  1.1053e+01  4.0000e-01  1.5378e+11  1.6035e+00  -8.0103e+00  2.9519e-01
  2.1544e+01  1.1053e+01  4.2000e-01  1.5202e+09  1.1061e+00  6.2656e+01  2.8304e+01
  2.1544e+01  1.1053e+01  4.4000e-01  8.4630e+10  7.1984e-01  -1.4308e+00  2.8302e-02
  2.1544e+01  1.1053e+01  4.6000e-01  2.5455e+251  -4.9096e+01  6.2928e-02  -4.5297e-02
  2.1544e+01  1.1053e+01  4.8000e-01  3.6581e+83  -1.4703e+01  1.3107e-01  -1.4160e-01
  2.1544e+01  1.1053e+01  5.0000e-01  1.3722e+12  9.3516e-01  1.5905e-01  2.0033e-02
  2.1544e+01  1.1053e+01  5.2000e-01  7.2439e+11  1.0068e+00  1.3121e-01  2.8347e-02
  2.1544e+01  1.1053e+01  5.4000e-01  3.6906e+11  9.5876e-01  4.3631e-01  5.7368e-02
  2.1544e+01  1.1053e+01  5.6000e-01  2.7191e+11  1.0136e+00  4.9059e-01  8.2371e-02
  2.1544e+01  1.1053e+01  5.8000e-01  2.1303e+11  1.0707e+00  5.1156e-01  1.1016e-01
  2.1544e+01  1.1053e+01  6.0000e-01  1.7818e+11  1.1221e+00  5.1815e-01  1.3894e-01
  2.1544e+01  1.3503e+01  1.0000e-02  8.2167e+11  1.3391e+00  1.4603e+00  1.5382e-01
  2.1544e+01  1.3503e+01  2.0000e-02  9.7324e+11  1.3504e+00  1.2466e+00  1.3368e-01
  2.1544e+01  1.3503e+01  4.0000e-02  1.1470e+12  1.3579e+00  1.0425e+00  1.1601e-01
  2.1544e+01  1.3503e+01  6.0000e-02  1.2313e+12  1.3665e+00  9.2238e-01  1.1219e-01
  2.1544e+01  1.3503e+01  8.0000e-02  1.5384e+12  1.3588e+00  8.1409e-01  8.8742e-02
  2.1544e+01  1.3503e+01  1.0000e-01  1.5735e+12  1.3639e+00  7.6497e-01  9.2265e-02
  2.1544e+01  1.3503e+01  1.2000e-01  1.5781e+12  1.3689e+00  6.9878e-01  9.3710e-02
  2.1544e+01  1.3503e+01  1.4000e-01  2.2634e+12  1.3420e+00  6.2229e-01  6.9103e-02
  2.1544e+01  1.3503e+01  1.6000e-01  4.0376e+12  1.2929e+00  5.6157e-01  4.5393e-02
  2.1544e+01  1.3503e+01  1.8000e-01  5.7229e+12  1.2658e+00  5.0083e-01  3.7942e-02
  2.1544e+01  1.3503e+01  2.0000e-01  7.0997e+12  1.2538e+00  4.3497e-01  3.4280e-02
  2.1544e+01  1.3503e+01  2.2000e-01  7.3128e+12  1.2618e+00  3.6233e-01  3.3963e-02
  2.1544e+01  1.3503e+01  2.4000e-01  6.6815e+12  1.2797e+00  3.0742e-01  3.7258e-02
  2.1544e+01  1.3503e+01  2.6000e-01  6.5246e+12  1.2871e+00  2.7265e-01  4.0549e-02
  2.1544e+01  1.3503e+01  2.8000e-01  6.8754e+12  1.2848e+00  2.3644e-01  4.3315e-02
  2.1544e+01  1.3503e+01  3.0000e-01  6.4537e+12  1.2977e+00  1.9572e-01  4.3741e-02
  2.1544e+01  1.3503e+01  3.2000e-01  5.2811e+12  1.3188e+00  1.6929e-01  4.4705e-02
  2.1544e+01  1.3503e+01  3.4000e-01  4.1173e+12  1.3338e+00  1.4171e-01  5.2316e-02
  2.1544e+01  1.3503e+01  3.6000e-01  8.8766e+13  1.3682e+00  5.2654e-02  5.3679e-03
  2.1544e+01  1.3503e+01  3.8000e-01  3.8583e+12  1.4845e+00  -1.3205e+00  5.9201e-02
  2.1544e+01  1.3503e+01  4.0000e-01  5.8216e+10  1.6046e+00  -8.0354e+00  5.1667e-01
  2.1544e+01  1.3503e+01  4.2000e-01  2.2965e+09  1.0587e+00  7.1006e+01  2.5479e+01
  2.1544e+01  1.3503e+01  4.4000e-01  8.0256e+11  4.1054e-01  1.2341e-01  4.8182e-06
  2.1544e+01  1.3503e+01  4.6000e-01  inf  -4.5190e+03  3.2710e-02  -7.0703e-04
  2.1544e+01  1.3503e+01  4.8000e-01  6.7886e+12  6.0934e-01  1.3051e-01  7.0939e-05
  2.1544e+01  1.3503e+01  5.0000e-01  1.4026e+12  9.3322e-01  1.5578e-01  1.9362e-02
  2.1544e+01  1.3503e+01  5.2000e-01  7.3245e+11  1.0049e+00  1.3641e-01  2.6284e-02
  2.1544e+01  1.3503e+01  5.4000e-01  3.8118e+11  9.5079e-01  3.7626e-01  4.8952e-02
  2.1544e+01  1.3503e+01  5.6000e-01  2.9727e+11  9.8510e-01  4.4204e-01  6.4045e-02
  2.1544e+01  1.3503e+01  5.8000e-01  2.3798e+11  1.0279e+00  4.7150e-01  8.2259e-02
  2.1544e+01  1.3503e+01  6.0000e-01  1.9689e+11  1.0694e+00  4.8823e-01  1.0233e-01
  2.1544e+01  1.6496e+01  1.0000e-02  7.5530e+11  1.3300e+00  1.5473e+00  1.6340e-01
  2.1544e+01  1.6496e+01  2.0000e-02  8.9797e+11  1.3441e+00  1.2907e+00  1.4192e-01
  2.1544e+01  1.6496e+01  4.0000e-02  1.1058e+12  1.3559e+00  1.0395e+00  1.1934e-01
  2.1544e+01  1.6496e+01  6.0000e-02  1.2645e+12  1.3638e+00  8.9914e-01  1.0925e-01
  2.1544e+01  1.6496e+01  8.0000e-02  1.4784e+12  1.3637e+00  7.8732e-01  9.2565e-02
  2.1544e+01  1.6496e+01  1.0000e-01  1.7032e+12  1.3601e+00  7.3052e-01  8.4842e-02
  2.1544e+01  1.6496e+01  1.2000e-01  1.6960e+12  1.3648e+00  6.7876e-01  8.8541e-02
  2.1544e+01  1.6496e+01  1.4000e-01  2.4018e+12  1.3387e+00  6.0691e-01  6.6279e-02
  2.1544e+01  1.6496e+01  1.6000e-01  4.2926e+12  1.2908e+00  5.4519e-01  4.3928e-02
  2.1544e+01  1.6496e+01  1.8000e-01  6.0672e+12  1.2652e+00  4.8507e-01  3.6444e-02
  2.1544e+01  1.6496e+01  2.0000e-01  7.1745e+12  1.2572e+00  4.2335e-01  3.3641e-02
  2.1544e+01  1.6496e+01  2.2000e-01  7.4782e+12  1.2628e+00  3.5660e-01  3.3671e-02
  2.1544e+01  1.6496e+01  2.4000e-01  6.6920e+12  1.2824e+00  2.9897e-01  3.6489e-02
  2.1544e+01  1.6496e+01  2.6000e-01  6.5945e+12  1.2895e+00  2.6439e-01  3.9128e-02
  2.1544e+01  1.6496e+01  2.8000e-01  7.2204e+12  1.2828e+00  2.3243e-01  4.1007e-02
  2.1544e+01  1.6496e+01  3.0000e-01  7.1071e+12  1.2876e+00  1.9699e-01  4.2309e-02
  2.1544e+01  1.6496e+01  3.2000e-01  5.4564e+12  1.3113e+00  1.7033e-01  4.5397e-02
  2.1544e+01  1.6496e+01  3.4000e-01  4.2828e+12  1.3239e+00  1.4400e-01  5.2422e-02
  2.1544e+01  1.6496e+01  3.6000e-01  7.2009e+13  1.3605e+00  5.2927e-02  6.2698e-03
  2.1544e+01  1.6496e+01  3.8000e-01  3.0138e+12  1.4575e+00  -1.1971e+00  7.1453e-02
  2.1544e+01  1.6496e+01  4.0000e-01  6.1866e+08  1.5918e+00  -4.7065e+00  8.6594e+00
  2.1544e+01  1.6496e+01  4.2000e-01  3.6804e+09  9.9786e-01  7.4224e+01  2.3764e+01
  2.1544e+01  1.6496e+01  4.4000e-01  1.9573e+11  3.9212e-01  1.2577e-01  6.9050e-06
  2.1544e+01  1.6496e+01  4.6000e-01  inf  -3.6803e+03  1.1286e-02  -1.0983e-03
  2.1544e+01  1.6496e+01  4.8000e-01  5.0102e+12  6.1582e-01  1.3478e-01  9.7342e-05
  2.1544e+01  1.6496e+01  5.0000e-01  1.4514e+12  9.2903e-01  1.5291e-01  1.8401e-02
  2.1544e+01  1.6496e+01  5.2000e-01  6.8924e+11  1.0153e+00  1.3855e-01  2.5911e-02
  2.1544e+01  1.6496e+01  5.4000e-01  3.2580e+11  9.9089e-01  2.3997e-01  5.0238e-02
  2.1544e+01  1.6496e+01  5.6000e-01  3.0398e+11  9.7409e-01  3.9544e-01  5.3674e-02
  2.1544e+01  1.6496e+01  5.8000e-01  2.5012e+11  1.0036e+00  4.2665e-01  6.5327e-02
  2.1544e+01  1.6496e+01  6.0000e-01  2.0813e+11  1.0358e+00  4.4659e-01  7.8858e-02
  2.1544e+01  2.0153e+01  1.0000e-02  6.3437e+11  1.3086e+00  1.7436e+00  1.8792e-01
  2.1544e+01  2.0153e+01  2.0000e-02  8.1378e+11  1.3370e+00  1.3476e+00  1.5237e-01
  2.1544e+01  2.0153e+01  4.0000e-02  1.0462e+12  1.3536e+00  1.0589e+00  1.2424e-01
  2.1544e+01  2.0153e+01  6.0000e-02  1.2298e+12  1.3613e+00  9.1032e-01  1.1074e-01
  2.1544e+01  2.0153e+01  8.0000e-02  1.4010e+12  1.3656e+00  7.9351e-01  9.7656e-02
  2.1544e+01  2.0153e+01  1.0000e-01  1.6841e+12  1.3600e+00  7.2159e-01  8.4117e-02
  2.1544e+01  2.0153e+01  1.2000e-01  1.7911e+12  1.3605e+00  6.6744e-01  8.3894e-02
  2.1544e+01  2.0153e+01  1.4000e-01  2.2773e+12  1.3443e+00  5.9790e-01  6.9646e-02
  2.1544e+01  2.0153e+01  1.6000e-01  4.0411e+12  1.2978e+00  5.3626e-01  4.5520e-02
  2.1544e+01  2.0153e+01  1.8000e-01  6.0000e+12  1.2680e+00  4.7652e-01  3.6307e-02
  2.1544e+01  2.0153e+01  2.0000e-01  7.2451e+12  1.2575e+00  4.1804e-01  3.3287e-02
  2.1544e+01  2.0153e+01  2.2000e-01  7.6030e+12  1.2614e+00  3.5509e-01  3.3090e-02
  2.1544e+01  2.0153e+01  2.4000e-01  6.7500e+12  1.2820e+00  2.9261e-01  3.5023e-02
  2.1544e+01  2.0153e+01  2.6000e-01  6.3913e+12  1.2930e+00  2.5818e-01  3.7833e-02
  2.1544e+01  2.0153e+01  2.8000e-01  7.1640e+12  1.2820e+00  2.3194e-01  3.9503e-02
  2.1544e+01  2.0153e+01  3.0000e-01  7.4048e+12  1.2777e+00  2.0212e-01  4.1796e-02
  2.1544e+01  2.0153e+01  3.2000e-01  6.0294e+12  1.2924e+00  1.7543e-01  4.6519e-02
  2.1544e+01  2.0153e+01  3.4000e-01  4.4191e+12  1.3105e+00  1.4777e-01  5.4533e-02
  2.1544e+01  2.0153e+01  3.6000e-01  7.0180e+13  1.3457e+00  5.3115e-02  6.5850e-03
  2.1544e+01  2.0153e+01  3.8000e-01  4.1288e+12  1.4270e+00  -1.0254e+00  5.8133e-02
  2.1544e+01  2.0153e+01  4.0000e-01  3.9639e+08  1.5823e+00  -2.5036e+00  1.1603e+01
  2.1544e+01  2.0153e+01  4.2000e-01  4.7886e+09  9.3791e-01  4.8687e+01  2.9050e+01
  2.1544e+01  2.0153e+01  4.4000e-01  1.5193e+11  3.9876e-01  1.2398e-01  3.0468e-06
  2.1544e+01  2.0153e+01  4.6000e-01  inf  -2.6253e+03  -7.7172e-03  -1.8489e-03
  2.1544e+01  2.0153e+01  4.8000e-01  4.2304e+12  6.0762e-01  1.4462e-01  8.1136e-05
  2.1544e+01  2.0153e+01  5.0000e-01  1.5490e+12  9.2199e-01  1.4958e-01  1.6753e-02
  2.1544e+01  2.0153e+01  5.2000e-01  6.1691e+11  1.0300e+00  1.4052e-01  2.6409e-02
  2.1544e+01  2.0153e+01  5.4000e-01  4.8622e+11  1.0424e+00  1.3431e-01  3.0192e-02
  2.1544e+01  2.0153e+01  5.6000e-01  2.7440e+11  9.8634e-01  3.2890e-01  5.0647e-02
  2.1544e+01  2.0153e+01  5.8000e-01  2.4542e+11  9.9685e-01  3.8362e-01  5.5259e-02
  2.1544e+01  2.0153e+01  6.0000e-01  2.0973e+11  1.0185e+00  4.0652e-01  6.3385e-02
  2.1544e+01  2.4621e+01  1.0000e-02  6.3929e+11  1.3099e+00  1.7656e+00  1.8551e-01
  2.1544e+01  2.4621e+01  2.0000e-02  7.1194e+11  1.3243e+00  1.4549e+00  1.6910e-01
  2.1544e+01  2.4621e+01  4.0000e-02  9.6136e+11  1.3493e+00  1.0963e+00  1.3292e-01
  2.1544e+01  2.4621e+01  6.0000e-02  1.1693e+12  1.3571e+00  9.3278e-01  1.1398e-01
  2.1544e+01  2.4621e+01  8.0000e-02  1.2800e+12  1.3648e+00  8.1881e-01  1.0538e-01
  2.1544e+01  2.4621e+01  1.0000e-01  1.5402e+12  1.3612e+00  7.3531e-01  8.9317e-02
  2.1544e+01  2.4621e+01  1.2000e-01  1.6925e+12  1.3607e+00  6.7679e-01  8.5956e-02
  2.1544e+01  2.4621e+01  1.4000e-01  1.9854e+12  1.3531e+00  6.0568e-01  7.7162e-02
  2.1544e+01  2.4621e+01  1.6000e-01  3.2709e+12  1.3141e+00  5.3891e-01  5.2310e-02
  2.1544e+01  2.4621e+01  1.8000e-01  5.2829e+12  1.2769e+00  4.8048e-01  3.8675e-02
  2.1544e+01  2.4621e+01  2.0000e-01  6.8493e+12  1.2590e+00  4.2409e-01  3.4274e-02
  2.1544e+01  2.4621e+01  2.2000e-01  7.5263e+12  1.2555e+00  3.6310e-01  3.3101e-02
  2.1544e+01  2.4621e+01  2.4000e-01  6.6661e+12  1.2781e+00  2.9316e-01  3.3721e-02
  2.1544e+01  2.4621e+01  2.6000e-01  5.6874e+12  1.2985e+00  2.5777e-01  3.7677e-02
  2.1544e+01  2.4621e+01  2.8000e-01  6.5717e+12  1.2844e+00  2.3585e-01  3.9124e-02
  2.1544e+01  2.4621e+01  3.0000e-01  7.0755e+12  1.2709e+00  2.1306e-01  4.2294e-02
  2.1544e+01  2.4621e+01  3.2000e-01  6.7796e+12  1.2653e+00  1.8837e-01  4.7311e-02
  2.1544e+01  2.4621e+01  3.4000e-01  4.9116e+12  1.2826e+00  1.5780e-01  5.7762e-02
  2.1544e+01  2.4621e+01  3.6000e-01  6.8818e+13  1.3222e+00  5.1381e-02  7.2048e-03
  2.1544e+01  2.4621e+01  3.8000e-01  3.0599e+12  1.3885e+00  -8.2560e-01  7.3203e-02
  2.1544e+01  2.4621e+01  4.0000e-01  3.7816e+08  1.5697e+00  -3.1489e+00  1.3400e+01
  2.1544e+01  2.4621e+01  4.2000e-01  1.3429e+11  9.2741e-01  -2.6800e+01  7.2893e-01
  2.1544e+01  2.4621e+01  4.4000e-01  1.6191e+11  3.5556e-01  1.2683e-01  4.3291e-07
  2.1544e+01  2.4621e+01  4.6000e-01  1.1212e+10  8.4374e-01  1.4200e-01  7.1661e-04
  2.1544e+01  2.4621e+01  4.8000e-01  3.2626e+12  4.4470e-01  2.2836e-01  5.3616e-06
  2.1544e+01  2.4621e+01  5.0000e-01  1.6711e+12  9.1244e-01  1.4611e-01  1.5006e-02
  2.1544e+01  2.4621e+01  5.2000e-01  5.2078e+11  1.0472e+00  1.4288e-01  2.7688e-02
  2.1544e+01  2.4621e+01  5.4000e-01  4.3567e+11  1.0570e+00  1.3707e-01  2.9090e-02
  2.1544e+01  2.4621e+01  5.6000e-01  3.0896e+11  1.0694e+00  1.4273e-01  3.7234e-02
  2.1544e+01  2.4621e+01  5.8000e-01  2.0911e+11  1.0158e+00  3.1986e-01  5.2136e-02
  2.1544e+01  2.4621e+01  6.0000e-01  1.8554e+11  1.0246e+00  3.5739e-01  5.5921e-02
  2.1544e+01  3.0079e+01  1.0000e-02  6.0041e+11  1.3054e+00  1.8522e+00  1.9403e-01
  2.1544e+01  3.0079e+01  2.0000e-02  7.1953e+11  1.3239e+00  1.4793e+00  1.6716e-01
  2.1544e+01  3.0079e+01  4.0000e-02  9.1156e+11  1.3443e+00  1.1360e+00  1.3833e-01
  2.1544e+01  3.0079e+01  6.0000e-02  1.1033e+12  1.3526e+00  9.5733e-01  1.1770e-01
  2.1544e+01  3.0079e+01  8.0000e-02  1.1865e+12  1.3637e+00  8.4353e-01  1.1302e-01
  2.1544e+01  3.0079e+01  1.0000e-01  1.4043e+12  1.3632e+00  7.4880e-01  9.5342e-02
  2.1544e+01  3.0079e+01  1.2000e-01  1.5089e+12  1.3628e+00  6.9797e-01  9.2341e-02
  2.1544e+01  3.0079e+01  1.4000e-01  1.6152e+12  1.3627e+00  6.3090e-01  8.9198e-02
  2.1544e+01  3.0079e+01  1.6000e-01  2.2735e+12  1.3391e+00  5.5316e-01  6.7093e-02
  2.1544e+01  3.0079e+01  1.8000e-01  3.9056e+12  1.2958e+00  4.9387e-01  4.5570e-02
  2.1544e+01  3.0079e+01  2.0000e-01  5.6551e+12  1.2674e+00  4.3956e-01  3.7806e-02
  2.1544e+01  3.0079e+01  2.2000e-01  7.1246e+12  1.2502e+00  3.8305e-01  3.4281e-02
  2.1544e+01  3.0079e+01  2.4000e-01  6.4735e+12  1.2686e+00  3.0080e-01  3.2652e-02
  2.1544e+01  3.0079e+01  2.6000e-01  4.5182e+12  1.3083e+00  2.6237e-01  3.8708e-02
  2.1544e+01  3.0079e+01  2.8000e-01  5.4333e+12  1.2907e+00  2.4406e-01  4.0274e-02
  2.1544e+01  3.0079e+01  3.0000e-01  6.1476e+12  1.2694e+00  2.2827e-01  4.3689e-02
  2.1544e+01  3.0079e+01  3.2000e-01  5.9524e+12  1.2560e+00  2.0961e-01  5.1254e-02
  2.1544e+01  3.0079e+01  3.4000e-01  5.4015e+12  1.2398e+00  1.8421e-01  6.4297e-02
  2.1544e+01  3.0079e+01  3.6000e-01  4.7559e+13  1.2745e+00  5.4726e-02  1.1173e-02
  2.1544e+01  3.0079e+01  3.8000e-01  2.3537e+12  1.3303e+00  -6.0685e-01  9.6526e-02
  2.1544e+01  3.0079e+01  4.0000e-01  1.3737e+11  1.5538e+00  -1.4089e+01  3.9660e-01
  2.1544e+01  3.0079e+01  4.2000e-01  7.4554e+10  9.4444e-01  -3.0619e+01  6.6982e-01
  2.1544e+01  3.0079e+01  4.4000e-01  4.0078e+11  3.2854e-01  1.2878e-01  5.9004e-09
  2.1544e+01  3.0079e+01  4.6000e-01  1.3052e+10  8.4438e-01  1.4881e-01  5.9089e-04
  2.1544e+01  3.0079e+01  4.8000e-01  2.0862e+12  6.4022e-01  1.5161e-01  1.1645e-04
  2.1544e+01  3.0079e+01  5.0000e-01  1.8629e+12  8.9698e-01  1.4340e-01  1.2847e-02
  2.1544e+01  3.0079e+01  5.2000e-01  4.2462e+11  1.0665e+00  1.4466e-01  2.8792e-02
  2.1544e+01  3.0079e+01  5.4000e-01  3.5153e+11  1.0794e+00  1.3889e-01  3.0049e-02
  2.1544e+01  3.0079e+01  5.6000e-01  2.9973e+11  1.0911e+00  1.3504e-01  3.1714e-02
  2.1544e+01  3.0079e+01  5.8000e-01  1.6680e+11  1.0759e+00  1.9662e-01  5.0013e-02
  2.1544e+01  3.0079e+01  6.0000e-01  1.3992e+11  1.0554e+00  2.9353e-01  5.4590e-02
  2.1544e+01  3.6747e+01  1.0000e-02  5.5572e+11  1.3032e+00  1.9551e+00  2.0461e-01
  2.1544e+01  3.6747e+01  2.0000e-02  6.3930e+11  1.3143e+00  1.5982e+00  1.8305e-01
  2.1544e+01  3.6747e+01  4.0000e-02  8.4423e+11  1.3373e+00  1.1989e+00  1.4678e-01
  2.1544e+01  3.6747e+01  6.0000e-02  1.0317e+12  1.3486e+00  9.9308e-01  1.2336e-01
  2.1544e+01  3.6747e+01  8.0000e-02  1.1228e+12  1.3586e+00  8.8029e-01  1.1789e-01
  2.1544e+01  3.6747e+01  1.0000e-01  1.2538e+12  1.3633e+00  7.7298e-01  1.0495e-01
  2.1544e+01  3.6747e+01  1.2000e-01  1.3899e+12  1.3601e+00  7.1091e-01  9.6282e-02
  2.1544e+01  3.6747e+01  1.4000e-01  1.5210e+12  1.3675e+00  6.4705e-01  9.2977e-02
  2.1544e+01  3.6747e+01  1.6000e-01  1.6763e+12  1.3679e+00  5.7151e-01  8.5524e-02
  2.1544e+01  3.6747e+01  1.8000e-01  2.5195e+12  1.3362e+00  5.0399e-01  5.9458e-02
  2.1544e+01  3.6747e+01  2.0000e-01  4.0431e+12  1.2950e+00  4.5396e-01  4.3745e-02
  2.1544e+01  3.6747e+01  2.2000e-01  5.3973e+12  1.2689e+00  4.0648e-01  3.8928e-02
  2.1544e+01  3.6747e+01  2.4000e-01  7.6015e+12  1.2427e+00  3.3442e-01  3.2761e-02
  2.1544e+01  3.6747e+01  2.6000e-01  3.1992e+12  1.3307e+00  2.6351e-01  3.8403e-02
  2.1544e+01  3.6747e+01  2.8000e-01  3.8875e+12  1.3151e+00  2.4473e-01  4.1519e-02
  2.1544e+01  3.6747e+01  3.0000e-01  5.1949e+12  1.2801e+00  2.3036e-01  4.2959e-02
  2.1544e+01  3.6747e+01  3.2000e-01  6.1723e+12  1.2476e+00  2.1292e-01  4.7258e-02
  2.1544e+01  3.6747e+01  3.4000e-01  5.6060e+12  1.2448e+00  1.7751e-01  5.6633e-02
  2.1544e+01  3.6747e+01  3.6000e-01  6.2369e+13  1.2719e+00  7.2920e-02  8.1535e-03
  2.1544e+01  3.6747e+01  3.8000e-01  1.6615e+13  1.2025e+00  -2.7072e-01  2.9965e-02
  2.1544e+01  3.6747e+01  4.0000e-01  1.7423e+11  1.5744e+00  -2.4769e+01  4.2898e-01
  2.1544e+01  3.6747e+01  4.2000e-01  1.5873e+08  1.0439e+00  1.7569e+01  6.8422e+01
  2.1544e+01  3.6747e+01  4.4000e-01  5.2518e+10  4.1170e-01  1.3396e-01  8.0140e-06
  2.1544e+01  3.6747e+01  4.6000e-01  7.5528e+09  5.4754e-01  -4.1110e+00  -8.9893e-06
  2.1544e+01  3.6747e+01  4.8000e-01  7.5251e+11  7.2151e-01  1.4945e-01  2.5899e-04
  2.1544e+01  3.6747e+01  5.0000e-01  2.2565e+12  8.8289e-01  1.3673e-01  9.8913e-03
  2.1544e+01  3.6747e+01  5.2000e-01  3.3093e+11  1.0905e+00  1.4190e-01  2.9496e-02
  2.1544e+01  3.6747e+01  5.4000e-01  2.4038e+11  1.0987e+00  1.5050e-01  3.3585e-02
  2.1544e+01  3.6747e+01  5.6000e-01  2.2204e+11  1.1166e+00  1.3585e-01  3.2287e-02
  2.1544e+01  3.6747e+01  5.8000e-01  1.9387e+11  1.1247e+00  1.3262e-01  3.3302e-02
  2.1544e+01  3.6747e+01  6.0000e-01  1.4768e+11  1.1359e+00  1.3590e-01  3.7984e-02
  2.1544e+01  4.4893e+01  1.0000e-02  5.0775e+11  1.3000e+00  2.1089e+00  2.1829e-01
  2.1544e+01  4.4893e+01  2.0000e-02  5.4018e+11  1.3010e+00  1.7807e+00  2.0906e-01
  2.1544e+01  4.4893e+01  4.0000e-02  7.6696e+11  1.3304e+00  1.2814e+00  1.5725e-01
  2.1544e+01  4.4893e+01  6.0000e-02  9.5049e+11  1.3446e+00  1.0456e+00  1.3139e-01
  2.1544e+01  4.4893e+01  8.0000e-02  1.0261e+12  1.3508e+00  9.3487e-01  1.2590e-01
  2.1544e+01  4.4893e+01  1.0000e-01  1.1572e+12  1.3608e+00  8.1090e-01  1.1263e-01
  2.1544e+01  4.4893e+01  1.2000e-01  1.3283e+12  1.3602e+00  7.3131e-01  9.9297e-02
  2.1544e+01  4.4893e+01  1.4000e-01  1.4078e+12  1.3639e+00  6.7448e-01  9.7663e-02
  2.1544e+01  4.4893e+01  1.6000e-01  1.4469e+12  1.3693e+00  6.0808e-01  9.7276e-02
  2.1544e+01  4.4893e+01  1.8000e-01  1.6994e+12  1.3621e+00  5.3026e-01  8.2921e-02
  2.1544e+01  4.4893e+01  2.0000e-01  2.4868e+12  1.3287e+00  4.7301e-01  5.9426e-02
  2.1544e+01  4.4893e+01  2.2000e-01  4.0480e+12  1.2986e+00  4.2092e-01  4.3277e-02
  2.1544e+01  4.4893e+01  2.4000e-01  5.0939e+12  1.2755e+00  3.7968e-01  3.9873e-02
  2.1544e+01  4.4893e+01  2.6000e-01  5.8105e+12  1.2688e+00  3.2347e-01  3.8281e-02
  2.1544e+01  4.4893e+01  2.8000e-01  4.5207e+12  1.3147e+00  2.2415e-01  2.9415e-02
  2.1544e+01  4.4893e+01  3.0000e-01  3.8621e+12  1.3356e+00  1.8689e-01  3.7508e-02
  2.1544e+01  4.4893e+01  3.2000e-01  3.9699e+12  1.3318e+00  1.5700e-01  4.1874e-02
  2.1544e+01  4.4893e+01  3.4000e-01  5.2913e+12  1.3244e+00  1.1568e-01  3.8720e-02
  2.1544e+01  4.4893e+01  3.6000e-01  1.4817e+14  1.2626e+00  6.9306e-02  3.6073e-03
  2.1544e+01  4.4893e+01  3.8000e-01  2.5593e+13  1.1736e+00  2.4451e-02  1.7263e-02
  2.1544e+01  4.4893e+01  4.0000e-01  8.6186e+11  1.4020e+00  -4.4611e+00  1.5628e-01
  2.1544e+01  4.4893e+01  4.2000e-01  1.8828e+11  8.7328e-01  -2.6784e+01  4.5734e-01
  2.1544e+01  4.4893e+01  4.4000e-01  2.6846e+10  3.8486e-01  1.8941e-01  1.1261e-05
  2.1544e+01  4.4893e+01  4.6000e-01  1.7171e+139  -2.6465e+01  5.3705e-02  -1.9170e-01
  2.1544e+01  4.4893e+01  4.8000e-01  1.6347e+11  8.3597e-01  1.4994e-01  7.4179e-04
  2.1544e+01  4.4893e+01  5.0000e-01  3.2106e+12  8.5892e-01  1.3372e-01  6.2129e-03
  2.1544e+01  4.4893e+01  5.2000e-01  2.3968e+11  1.1131e+00  1.3983e-01  3.0354e-02
  2.1544e+01  4.4893e+01  5.4000e-01  1.7214e+11  1.1264e+00  1.4428e-01  3.4043e-02
  2.1544e+01  4.4893e+01  5.6000e-01  1.4714e+11  1.1374e+00  1.4082e-01  3.4257e-02
  2.1544e+01  4.4893e+01  5.8000e-01  1.2934e+11  1.1500e+00  1.3323e-01  3.4215e-02
  2.1544e+01  4.4893e+01  6.0000e-01  1.0685e+11  1.1591e+00  1.3154e-01  3.6068e-02
  2.1544e+01  5.4844e+01  1.0000e-02  4.7937e+11  1.2950e+00  2.3134e+00  2.2895e-01
  2.1544e+01  5.4844e+01  2.0000e-02  5.5214e+11  1.3113e+00  1.8009e+00  2.0152e-01
  2.1544e+01  5.4844e+01  4.0000e-02  7.3012e+11  1.3300e+00  1.3434e+00  1.6118e-01
  2.1544e+01  5.4844e+01  6.0000e-02  8.3530e+11  1.3387e+00  1.1304e+00  1.4510e-01
  2.1544e+01  5.4844e+01  8.0000e-02  1.0016e+12  1.3481e+00  9.7487e-01  1.2699e-01
  2.1544e+01  5.4844e+01  1.0000e-01  1.0682e+12  1.3570e+00  8.6056e-01  1.2043e-01
  2.1544e+01  5.4844e+01  1.2000e-01  1.2102e+12  1.3582e+00  7.6731e-01  1.0659e-01
  2.1544e+01  5.4844e+01  1.4000e-01  1.3094e+12  1.3607e+00  7.0530e-01  1.0227e-01
  2.1544e+01  5.4844e+01  1.6000e-01  1.3294e+12  1.3671e+00  6.4115e-01  1.0370e-01
  2.1544e+01  5.4844e+01  1.8000e-01  1.4425e+12  1.3672e+00  5.6026e-01  9.5507e-02
  2.1544e+01  5.4844e+01  2.0000e-01  1.9937e+12  1.3441e+00  4.9026e-01  7.0583e-02
  2.1544e+01  5.4844e+01  2.2000e-01  3.0236e+12  1.3105e+00  4.4059e-01  5.1726e-02
  2.1544e+01  5.4844e+01  2.4000e-01  4.1613e+12  1.2850e+00  3.9796e-01  4.4043e-02
  2.1544e+01  5.4844e+01  2.6000e-01  5.0119e+12  1.2732e+00  3.5466e-01  4.0979e-02
  2.1544e+01  5.4844e+01  2.8000e-01  6.5903e+12  1.2600e+00  2.8172e-01  3.5100e-02
  2.1544e+01  5.4844e+01  3.0000e-01  3.8386e+12  1.3324e+00  1.9211e-01  3.2386e-02
  2.1544e+01  5.4844e+01  3.2000e-01  3.5126e+12  1.3454e+00  1.5579e-01  3.9145e-02
  2.1544e+01  5.4844e+01  3.4000e-01  4.0071e+12  1.3483e+00  1.1692e-01  4.0080e-02
  2.1544e+01  5.4844e+01  3.6000e-01  9.3566e+13  1.2991e+00  6.9348e-02  4.5485e-03
  2.1544e+01  5.4844e+01  3.8000e-01  2.7430e+13  1.2270e+00  3.2995e-02  1.3545e-02
  2.1544e+01  5.4844e+01  4.0000e-01  1.1142e+11  1.2690e+00  -2.9801e-01  8.6310e-01
  2.1544e+01  5.4844e+01  4.2000e-01  5.7476e+13  3.7666e-01  1.2246e-01  4.7213e-05
  2.1544e+01  5.4844e+01  4.4000e-01  2.7427e+10  5.5045e-01  1.4440e-01  1.6220e-04
  2.1544e+01  5.4844e+01  4.6000e-01  1.0852e+131  -2.4827e+01  6.7882e-02  -2.0846e-01
  2.1544e+01  5.4844e+01  4.8000e-01  6.1225e+10  8.7973e-01  1.5083e-01  1.1292e-03
  2.1544e+01  5.4844e+01  5.0000e-01  4.1503e+12  8.3628e-01  1.3433e-01  4.3128e-03
  2.1544e+01  5.4844e+01  5.2000e-01  1.7104e+11  1.1324e+00  1.3584e-01  3.0174e-02
  2.1544e+01  5.4844e+01  5.4000e-01  1.1450e+11  1.1507e+00  1.4131e-01  3.4872e-02
  2.1544e+01  5.4844e+01  5.6000e-01  8.8491e+10  1.1572e+00  1.4759e-01  3.7489e-02
  2.1544e+01  5.4844e+01  5.8000e-01  8.4866e+10  1.1714e+00  1.3239e-01  3.4435e-02
  2.1544e+01  5.4844e+01  6.0000e-01  7.4747e+10  1.1793e+00  1.2767e-01  3.4513e-02
  2.1544e+01  6.7002e+01  1.0000e-02  4.7252e+11  1.2907e+00  2.5452e+00  2.3487e-01
  2.1544e+01  6.7002e+01  2.0000e-02  5.0665e+11  1.3053e+00  1.9873e+00  2.1543e-01
  2.1544e+01  6.7002e+01  4.0000e-02  6.5401e+11  1.3271e+00  1.4530e+00  1.7366e-01
  2.1544e+01  6.7002e+01  6.0000e-02  7.9346e+11  1.3381e+00  1.1985e+00  1.4982e-01
  2.1544e+01  6.7002e+01  8.0000e-02  9.2302e+11  1.3445e+00  1.0362e+00  1.3307e-01
  2.1544e+01  6.7002e+01  1.0000e-01  9.9763e+11  1.3526e+00  9.1943e-01  1.2664e-01
  2.1544e+01  6.7002e+01  1.2000e-01  1.0835e+12  1.3557e+00  8.1730e-01  1.1613e-01
  2.1544e+01  6.7002e+01  1.4000e-01  1.2149e+12  1.3580e+00  7.4149e-01  1.0677e-01
  2.1544e+01  6.7002e+01  1.6000e-01  1.2450e+12  1.3641e+00  6.7855e-01  1.0799e-01
  2.1544e+01  6.7002e+01  1.8000e-01  1.2869e+12  1.3693e+00  5.9670e-01  1.0503e-01
  2.1544e+01  6.7002e+01  2.0000e-01  1.6221e+12  1.3554e+00  5.1518e-01  8.3392e-02
  2.1544e+01  6.7002e+01  2.2000e-01  2.4448e+12  1.3228e+00  4.5940e-01  5.9184e-02
  2.1544e+01  6.7002e+01  2.4000e-01  3.4942e+12  1.2941e+00  4.1527e-01  4.7931e-02
  2.1544e+01  6.7002e+01  2.6000e-01  4.3920e+12  1.2761e+00  3.7558e-01  4.3603e-02
  2.1544e+01  6.7002e+01  2.8000e-01  4.8273e+12  1.2712e+00  3.2764e-01  4.2623e-02
  2.1544e+01  6.7002e+01  3.0000e-01  6.7894e+12  1.2669e+00  2.1956e-01  2.6853e-02
  2.1544e+01  6.7002e+01  3.2000e-01  3.2731e+12  1.3480e+00  1.6538e-01  3.7095e-02
  2.1544e+01  6.7002e+01  3.4000e-01  3.1201e+12  1.3549e+00  1.3226e-01  4.3147e-02
  2.1544e+01  6.7002e+01  3.6000e-01  5.6225e+13  1.3272e+00  7.6123e-02  6.0285e-03
  2.1544e+01  6.7002e+01  3.8000e-01  3.9545e+13  1.2664e+00  4.4492e-02  8.9727e-03
  2.1544e+01  6.7002e+01  4.0000e-01  4.0338e+11  1.2402e+00  -3.3128e-02  3.2114e-01
  2.1544e+01  6.7002e+01  4.2000e-01  6.4673e+11  1.2983e+00  -1.8154e+01  2.6902e-01
  2.1544e+01  6.7002e+01  4.4000e-01  7.0730e+11  5.0524e-01  1.3021e-01  4.3580e-05
  2.1544e+01  6.7002e+01  4.6000e-01  3.2630e+132  -2.5153e+01  6.9124e-02  -2.1954e-01
  2.1544e+01  6.7002e+01  4.8000e-01  1.1306e+156  -2.9788e+01  3.7552e-02  -2.0991e-01
  2.1544e+01  6.7002e+01  5.0000e-01  6.2138e+12  8.2447e-01  1.3093e-01  2.4892e-03
  2.1544e+01  6.7002e+01  5.2000e-01  1.1872e+11  1.1458e+00  1.3273e-01  2.9541e-02
  2.1544e+01  6.7002e+01  5.4000e-01  6.7439e+10  1.1690e+00  1.4635e-01  3.7893e-02
  2.1544e+01  6.7002e+01  5.6000e-01  6.0383e+10  1.1853e+00  1.3331e-01  3.6720e-02
  2.1544e+01  6.7002e+01  5.8000e-01  4.9085e+10  1.1889e+00  1.3725e-01  3.9177e-02
  2.1544e+01  6.7002e+01  6.0000e-01  4.6619e+10  1.1996e+00  1.2591e-01  3.6312e-02
  2.1544e+01  8.1855e+01  1.0000e-02  4.6247e+11  1.2849e+00  2.8158e+00  2.4430e-01
  2.1544e+01  8.1855e+01  2.0000e-02  4.7894e+11  1.2971e+00  2.2245e+00  2.2780e-01
  2.1544e+01  8.1855e+01  4.0000e-02  5.8439e+11  1.3229e+00  1.6018e+00  1.8803e-01
  2.1544e+01  8.1855e+01  6.0000e-02  6.9968e+11  1.3340e+00  1.3115e+00  1.6284e-01
  2.1544e+01  8.1855e+01  8.0000e-02  8.3254e+11  1.3427e+00  1.1132e+00  1.4151e-01
  2.1544e+01  8.1855e+01  1.0000e-01  9.3140e+11  1.3489e+00  9.8615e-01  1.3138e-01
  2.1544e+01  8.1855e+01  1.2000e-01  1.0065e+12  1.3549e+00  8.7224e-01  1.2241e-01
  2.1544e+01  8.1855e+01  1.4000e-01  1.1225e+12  1.3565e+00  7.8473e-01  1.1148e-01
  2.1544e+01  8.1855e+01  1.6000e-01  1.1804e+12  1.3610e+00  7.1950e-01  1.1008e-01
  2.1544e+01  8.1855e+01  1.8000e-01  1.1851e+12  1.3686e+00  6.4277e-01  1.1157e-01
  2.1544e+01  8.1855e+01  2.0000e-01  1.3444e+12  1.3652e+00  5.5116e-01  9.7352e-02
  2.1544e+01  8.1855e+01  2.2000e-01  1.9446e+12  1.3371e+00  4.8419e-01  6.9479e-02
  2.1544e+01  8.1855e+01  2.4000e-01  2.8791e+12  1.3055e+00  4.3666e-01  5.2647e-02
  2.1544e+01  8.1855e+01  2.6000e-01  3.8316e+12  1.2827e+00  3.9670e-01  4.5880e-02
  2.1544e+01  8.1855e+01  2.8000e-01  4.3825e+12  1.2721e+00  3.5726e-01  4.3952e-02
  2.1544e+01  8.1855e+01  3.0000e-01  6.0026e+12  1.2590e+00  2.7211e-01  3.6004e-02
  2.1544e+01  8.1855e+01  3.2000e-01  3.2059e+12  1.3399e+00  1.8351e-01  3.4143e-02
  2.1544e+01  8.1855e+01  3.4000e-01  2.9763e+12  1.3537e+00  1.4694e-01  4.0636e-02
  2.1544e+01  8.1855e+01  3.6000e-01  4.5896e+12  1.3475e+00  9.8954e-02  3.4398e-02
  2.1544e+01  8.1855e+01  3.8000e-01  5.7396e+13  1.3007e+00  5.8144e-02  5.9669e-03
  2.1544e+01  8.1855e+01  4.0000e-01  2.7396e+12  1.2260e+00  2.6961e-03  7.4509e-02
  2.1544e+01  8.1855e+01  4.2000e-01  2.2695e+12  1.3138e+00  -1.3179e+00  6.4576e-02
  2.1544e+01  8.1855e+01  4.4000e-01  3.1238e+13  3.5610e-01  1.2419e-01  1.7128e-05
  2.1544e+01  8.1855e+01  4.6000e-01  9.3170e+112  -2.1199e+01  1.1032e-01  -2.3441e-01
  2.1544e+01  8.1855e+01  4.8000e-01  1.7672e+130  -2.4591e+01  7.8797e-02  -2.2860e-01
  2.1544e+01  8.1855e+01  5.0000e-01  7.0366e+12  8.1457e-01  1.3230e-01  1.9752e-03
  2.1544e+01  8.1855e+01  5.2000e-01  8.2094e+10  1.1528e+00  1.3059e-01  2.8064e-02
  2.1544e+01  8.1855e+01  5.4000e-01  4.8265e+10  1.1879e+00  1.3229e-01  3.5314e-02
  2.1544e+01  8.1855e+01  5.6000e-01  3.8274e+10  1.2037e+00  1.2916e-01  3.7719e-02
  2.1544e+01  8.1855e+01  5.8000e-01  3.2635e+10  1.2104e+00  1.2737e-01  3.8222e-02
  2.1544e+01  8.1855e+01  6.0000e-01  2.7025e+10  1.2123e+00  1.2989e-01  4.0438e-02
  2.1544e+01  1.0000e+02  1.0000e-02  4.4620e+11  1.2754e+00  3.1174e+00  2.5709e-01
  2.1544e+01  1.0000e+02  2.0000e-02  4.6182e+11  1.2895e+00  2.5015e+00  2.3930e-01
  2.1544e+01  1.0000e+02  4.0000e-02  5.2950e+11  1.3153e+00  1.8017e+00  2.0289e-01
  2.1544e+01  1.0000e+02  6.0000e-02  6.3657e+11  1.3320e+00  1.4352e+00  1.7237e-01
  2.1544e+01  1.0000e+02  8.0000e-02  7.3835e+11  1.3414e+00  1.2174e+00  1.5271e-01
  2.1544e+01  1.0000e+02  1.0000e-01  8.4595e+11  1.3465e+00  1.0679e+00  1.3760e-01
  2.1544e+01  1.0000e+02  1.2000e-01  9.2026e+11  1.3530e+00  9.4782e-01  1.2940e-01
  2.1544e+01  1.0000e+02  1.4000e-01  1.0181e+12  1.3558e+00  8.4267e-01  1.1784e-01
  2.1544e+01  1.0000e+02  1.6000e-01  1.1079e+12  1.3582e+00  7.6718e-01  1.1170e-01
  2.1544e+01  1.0000e+02  1.8000e-01  1.1261e+12  1.3651e+00  6.9790e-01  1.1360e-01
  2.1544e+01  1.0000e+02  2.0000e-01  1.1522e+12  1.3709e+00  6.0611e-01  1.1039e-01
  2.1544e+01  1.0000e+02  2.2000e-01  1.4845e+12  1.3548e+00  5.2064e-01  8.5500e-02
  2.1544e+01  1.0000e+02  2.4000e-01  2.2380e+12  1.3219e+00  4.6554e-01  6.0642e-02
  2.1544e+01  1.0000e+02  2.6000e-01  3.1432e+12  1.2943e+00  4.2303e-01  4.9465e-02
  2.1544e+01  1.0000e+02  2.8000e-01  3.8759e+12  1.2769e+00  3.8617e-01  4.5346e-02
  2.1544e+01  1.0000e+02  3.0000e-01  4.2312e+12  1.2723e+00  3.3937e-01  4.4233e-02
  2.1544e+01  1.0000e+02  3.2000e-01  6.7828e+12  1.2542e+00  2.2411e-01  2.7862e-02
  2.1544e+01  1.0000e+02  3.4000e-01  2.7129e+12  1.3518e+00  1.6670e-01  3.8354e-02
  2.1544e+01  1.0000e+02  3.6000e-01  2.6309e+12  1.3591e+00  1.3158e-01  4.3745e-02
  2.1544e+01  1.0000e+02  3.8000e-01  7.1107e+13  1.3304e+00  7.5220e-02  4.4672e-03
  2.1544e+01  1.0000e+02  4.0000e-01  5.0633e+13  1.2671e+00  3.9604e-02  6.3982e-03
  2.1544e+01  1.0000e+02  4.2000e-01  2.0463e+11  1.2695e+00  -7.5848e-02  4.1068e-01
  2.1544e+01  1.0000e+02  4.4000e-01  9.4122e+11  1.2094e+00  -1.4019e+01  1.8135e-01
  2.1544e+01  1.0000e+02  4.6000e-01  2.8620e+11  6.4075e-01  1.4115e-01  5.3484e-04
  2.1544e+01  1.0000e+02  4.8000e-01  3.8170e+129  -2.4515e+01  8.5078e-02  -2.4203e-01
  2.1544e+01  1.0000e+02  5.0000e-01  7.7632e+12  8.0437e-01  1.3486e-01  1.4348e-03
  2.1544e+01  1.0000e+02  5.2000e-01  5.3707e+10  1.1571e+00  1.3035e-01  2.8046e-02
  2.1544e+01  1.0000e+02  5.4000e-01  3.3305e+10  1.1984e+00  1.2633e-01  3.3899e-02
  2.1544e+01  1.0000e+02  5.6000e-01  2.3723e+10  1.2129e+00  1.3060e-01  3.9734e-02
  2.1544e+01  1.0000e+02  5.8000e-01  2.2078e+10  1.2160e+00  1.2507e-01  3.8059e-02
  2.1544e+01  1.0000e+02  6.0000e-01  1.9603e+10  1.2198e+00  1.2188e-01  3.8310e-02
  2.1544e+01  1.5000e+02  1.0000e-02  4.1185e+11  1.2577e+00  3.7184e+00  2.8028e-01
  2.1544e+01  1.5000e+02  2.0000e-02  4.4513e+11  1.2777e+00  3.0654e+00  2.5415e-01
  2.1544e+01  1.5000e+02  4.0000e-02  4.5604e+11  1.2934e+00  2.3904e+00  2.3616e-01
  2.1544e+01  1.5000e+02  6.0000e-02  5.0052e+11  1.3140e+00  1.9026e+00  2.0817e-01
  2.1544e+01  1.5000e+02  8.0000e-02  5.6647e+11  1.3299e+00  1.5762e+00  1.8281e-01
  2.1544e+01  1.5000e+02  1.0000e-01  6.4202e+11  1.3405e+00  1.3519e+00  1.6288e-01
  2.1544e+01  1.5000e+02  1.2000e-01  7.2156e+11  1.3473e+00  1.1835e+00  1.4649e-01
  2.1544e+01  1.5000e+02  1.4000e-01  7.8175e+11  1.3532e+00  1.0549e+00  1.3739e-01
  2.1544e+01  1.5000e+02  1.6000e-01  8.4504e+11  1.3573e+00  9.3778e-01  1.2755e-01
  2.1544e+01  1.5000e+02  1.8000e-01  9.3679e+11  1.3581e+00  8.4349e-01  1.1642e-01
  2.1544e+01  1.5000e+02  2.0000e-01  9.9148e+11  1.3615e+00  7.7137e-01  1.1416e-01
  2.1544e+01  1.5000e+02  2.2000e-01  9.7824e+11  1.3698e+00  6.9179e-01  1.1777e-01
  2.1544e+01  1.5000e+02  2.4000e-01  1.0487e+12  1.3708e+00  5.9050e-01  1.0703e-01
  2.1544e+01  1.5000e+02  2.6000e-01  1.4449e+12  1.3462e+00  5.1629e-01  7.8060e-02
  2.1544e+01  1.5000e+02  2.8000e-01  2.1333e+12  1.3130e+00  4.6940e-01  5.7156e-02
  2.1544e+01  1.5000e+02  3.0000e-01  2.8277e+12  1.2885e+00  4.3231e-01  4.8729e-02
  2.1544e+01  1.5000e+02  3.2000e-01  3.2977e+12  1.2744e+00  3.9840e-01  4.5736e-02
  2.1544e+01  1.5000e+02  3.4000e-01  3.6586e+12  1.2721e+00  3.2692e-01  4.2388e-02
  2.1544e+01  1.5000e+02  3.6000e-01  3.5354e+12  1.2947e+00  2.1261e-01  3.0063e-02
  2.1544e+01  1.5000e+02  3.8000e-01  1.8867e+12  1.3571e+00  1.6618e-01  4.2350e-02
  2.1544e+01  1.5000e+02  4.0000e-01  1.9396e+12  1.3619e+00  1.2434e-01  4.4917e-02
  2.1544e+01  1.5000e+02  4.2000e-01  5.0365e+13  1.3184e+00  7.1946e-02  4.5249e-03
  2.1544e+01  1.5000e+02  4.4000e-01  1.4765e+13  1.2371e+00  2.2736e-02  1.2319e-02
  2.1544e+01  1.5000e+02  4.6000e-01  6.9409e+11  1.3015e+00  -9.1294e-01  9.3447e-02
  2.1544e+01  1.5000e+02  4.8000e-01  8.9454e+12  4.5595e-01  1.3017e-01  6.8007e-05
  2.1544e+01  1.5000e+02  5.0000e-01  2.9830e+12  8.4669e-01  1.3758e-01  1.9622e-03
  2.1544e+01  1.5000e+02  5.2000e-01  2.4402e+10  1.1623e+00  1.2541e-01  2.6719e-02
  2.1544e+01  1.5000e+02  5.4000e-01  1.8507e+10  1.1993e+00  1.1564e-01  2.8778e-02
  2.1544e+01  1.5000e+02  5.6000e-01  1.4039e+10  1.2176e+00  1.1370e-01  3.2579e-02
  2.1544e+01  1.5000e+02  5.8000e-01  1.0724e+10  1.2223e+00  1.1621e-01  3.8187e-02
  2.1544e+01  1.5000e+02  6.0000e-01  1.1100e+10  1.2206e+00  1.0993e-01  3.8290e-02
  2.1544e+01  2.0000e+02  1.0000e-02  3.6182e+11  1.2521e+00  4.1661e+00  3.0763e-01
  2.1544e+01  2.0000e+02  2.0000e-02  4.1040e+11  1.2670e+00  3.5054e+00  2.7232e-01
  2.1544e+01  2.0000e+02  4.0000e-02  4.3486e+11  1.2821e+00  2.8392e+00  2.4977e-01
  2.1544e+01  2.0000e+02  6.0000e-02  4.4590e+11  1.2959e+00  2.3823e+00  2.3382e-01
  2.1544e+01  2.0000e+02  8.0000e-02  4.7078e+11  1.3127e+00  2.0063e+00  2.1342e-01
  2.1544e+01  2.0000e+02  1.0000e-01  5.1004e+11  1.3271e+00  1.7148e+00  1.9261e-01
  2.1544e+01  2.0000e+02  1.2000e-01  5.6152e+11  1.3374e+00  1.4958e+00  1.7373e-01
  2.1544e+01  2.0000e+02  1.4000e-01  6.1329e+11  1.3454e+00  1.3207e+00  1.5809e-01
  2.1544e+01  2.0000e+02  1.6000e-01  6.6934e+11  1.3509e+00  1.1794e+00  1.4509e-01
  2.1544e+01  2.0000e+02  1.8000e-01  7.0258e+11  1.3570e+00  1.0580e+00  1.3780e-01
  2.1544e+01  2.0000e+02  2.0000e-01  7.4649e+11  1.3603e+00  9.4705e-01  1.2770e-01
  2.1544e+01  2.0000e+02  2.2000e-01  8.2250e+11  1.3601e+00  8.5858e-01  1.1675e-01
  2.1544e+01  2.0000e+02  2.4000e-01  8.4918e+11  1.3633e+00  7.9010e-01  1.1597e-01
  2.1544e+01  2.0000e+02  2.6000e-01  8.2394e+11  1.3715e+00  7.0902e-01  1.1983e-01
  2.1544e+01  2.0000e+02  2.8000e-01  8.7805e+11  1.3713e+00  6.0752e-01  1.0824e-01
  2.1544e+01  2.0000e+02  3.0000e-01  1.1760e+12  1.3472e+00  5.3665e-01  7.9682e-02
  2.1544e+01  2.0000e+02  3.2000e-01  1.6967e+12  1.3140e+00  4.9333e-01  5.8269e-02
  2.1544e+01  2.0000e+02  3.4000e-01  2.1934e+12  1.2893e+00  4.5970e-01  4.9473e-02
  2.1544e+01  2.0000e+02  3.6000e-01  2.5873e+12  1.2753e+00  4.2548e-01  4.5111e-02
  2.1544e+01  2.0000e+02  3.8000e-01  2.6839e+12  1.2713e+00  3.5004e-01  4.2629e-02
  2.1544e+01  2.0000e+02  4.0000e-01  2.9445e+12  1.2744e+00  2.3121e-01  3.0535e-02
  2.1544e+01  2.0000e+02  4.2000e-01  1.1977e+12  1.3534e+00  1.8043e-01  4.4129e-02
  2.1544e+01  2.0000e+02  4.4000e-01  1.0564e+12  1.3627e+00  1.3552e-01  4.8186e-02
  2.1544e+01  2.0000e+02  4.6000e-01  3.5552e+13  1.3087e+00  7.9054e-02  3.5800e-03
  2.1544e+01  2.0000e+02  4.8000e-01  4.1087e+12  1.2052e+00  -2.6388e-02  1.5112e-02
  2.1544e+01  2.0000e+02  5.0000e-01  6.6349e+11  8.8352e-01  1.4059e-01  3.0926e-03
  2.1544e+01  2.0000e+02  5.2000e-01  1.5602e+10  1.1475e+00  1.2499e-01  2.5945e-02
  2.1544e+01  2.0000e+02  5.4000e-01  1.3588e+10  1.1783e+00  1.1315e-01  2.5030e-02
  2.1544e+01  2.0000e+02  5.6000e-01  1.0189e+10  1.2049e+00  1.0828e-01  2.8753e-02
  2.1544e+01  2.0000e+02  5.8000e-01  7.6476e+09  1.0371e+00  7.8409e-01  2.8490e-02
  2.1544e+01  2.0000e+02  6.0000e-01  inf  -5.6460e+03  -5.2127e+00  -4.1392e-02
  2.1544e+01  2.5000e+02  1.0000e-02  3.1801e+11  1.2500e+00  4.5867e+00  3.3584e-01
  2.1544e+01  2.5000e+02  2.0000e-02  3.6979e+11  1.2617e+00  3.8651e+00  2.9327e-01
  2.1544e+01  2.5000e+02  4.0000e-02  4.1548e+11  1.2774e+00  3.1710e+00  2.5800e-01
  2.1544e+01  2.5000e+02  6.0000e-02  4.2337e+11  1.2857e+00  2.7561e+00  2.4572e-01
  2.1544e+01  2.5000e+02  8.0000e-02  4.3057e+11  1.2974e+00  2.4074e+00  2.3245e-01
  2.1544e+01  2.5000e+02  1.0000e-01  4.4422e+11  1.3115e+00  2.1004e+00  2.1669e-01
  2.1544e+01  2.5000e+02  1.2000e-01  4.6401e+11  1.3243e+00  1.8444e+00  2.0083e-01
  2.1544e+01  2.5000e+02  1.4000e-01  4.9325e+11  1.3344e+00  1.6352e+00  1.8460e-01
  2.1544e+01  2.5000e+02  1.6000e-01  5.2453e+11  1.3425e+00  1.4628e+00  1.7038e-01
  2.1544e+01  2.5000e+02  1.8000e-01  5.6116e+11  1.3484e+00  1.3147e+00  1.5660e-01
  2.1544e+01  2.5000e+02  2.0000e-01  5.9197e+11  1.3536e+00  1.1902e+00  1.4675e-01
  2.1544e+01  2.5000e+02  2.2000e-01  6.1034e+11  1.3591e+00  1.0760e+00  1.3976e-01
  2.1544e+01  2.5000e+02  2.4000e-01  6.4035e+11  1.3615e+00  9.7092e-01  1.2910e-01
  2.1544e+01  2.5000e+02  2.6000e-01  6.8512e+11  1.3609e+00  8.8920e-01  1.1910e-01
  2.1544e+01  2.5000e+02  2.8000e-01  6.9706e+11  1.3636e+00  8.2404e-01  1.1779e-01
  2.1544e+01  2.5000e+02  3.0000e-01  6.6496e+11  1.3710e+00  7.4851e-01  1.2187e-01
  2.1544e+01  2.5000e+02  3.2000e-01  6.7339e+11  1.3731e+00  6.4982e-01  1.1388e-01
  2.1544e+01  2.5000e+02  3.4000e-01  8.2536e+11  1.3548e+00  5.7578e-01  8.7980e-02
  2.1544e+01  2.5000e+02  3.6000e-01  1.1374e+12  1.3222e+00  5.3341e-01  6.3730e-02
  2.1544e+01  2.5000e+02  3.8000e-01  1.4485e+12  1.2947e+00  5.0255e-01  5.2304e-02
  2.1544e+01  2.5000e+02  4.0000e-01  1.6331e+12  1.2764e+00  4.7210e-01  4.7752e-02
  2.1544e+01  2.5000e+02  4.2000e-01  1.6393e+12  1.2703e+00  4.0347e-01  4.4736e-02
  2.1544e+01  2.5000e+02  4.4000e-01  2.0641e+12  1.2474e+00  2.7296e-01  3.2720e-02
  2.1544e+01  2.5000e+02  4.6000e-01  6.0078e+11  1.3424e+00  2.0315e-01  4.5169e-02
  2.1544e+01  2.5000e+02  4.8000e-01  4.1880e+11  1.3585e+00  1.3257e-01  4.6034e-02
  2.1544e+01  2.5000e+02  5.0000e-01  2.5444e+11  8.8086e-01  1.4306e-01  3.7775e-03
  2.1544e+01  2.5000e+02  5.2000e-01  1.0562e+10  1.1359e+00  1.2581e-01  2.5210e-02
  2.1544e+01  2.5000e+02  5.4000e-01  inf  -4.6084e+03  -5.6880e+00  -5.0992e-02
  2.1544e+01  2.5000e+02  5.6000e-01  9.3516e+09  1.1997e+00  1.0024e-01  2.2385e-02
  2.1544e+01  2.5000e+02  5.8000e-01  5.2871e+09  1.0257e+00  9.6024e-01  2.4746e-02
  2.1544e+01  2.5000e+02  6.0000e-01  inf  -4.8140e+03  -4.8459e+00  -4.2417e-02
  2.1544e+01  3.0000e+02  1.0000e-02  3.0060e+11  1.2578e+00  4.9007e+00  3.4208e-01
  2.1544e+01  3.0000e+02  2.0000e-02  3.3511e+11  1.2609e+00  4.1786e+00  3.1262e-01
  2.1544e+01  3.0000e+02  4.0000e-02  4.0672e+11  1.2767e+00  3.4244e+00  2.5921e-01
  2.1544e+01  3.0000e+02  6.0000e-02  4.0718e+11  1.2821e+00  3.0410e+00  2.5163e-01
  2.1544e+01  3.0000e+02  8.0000e-02  4.0628e+11  1.2891e+00  2.7273e+00  2.4350e-01
  2.1544e+01  3.0000e+02  1.0000e-01  4.1155e+11  1.2988e+00  2.4430e+00  2.3163e-01
  2.1544e+01  3.0000e+02  1.2000e-01  4.1822e+11  1.3104e+00  2.1863e+00  2.1889e-01
  2.1544e+01  3.0000e+02  1.4000e-01  4.2766e+11  1.3216e+00  1.9605e+00  2.0605e-01
  2.1544e+01  3.0000e+02  1.6000e-01  4.3956e+11  1.3313e+00  1.7665e+00  1.9350e-01
  2.1544e+01  3.0000e+02  1.8000e-01  4.5540e+11  1.3392e+00  1.6008e+00  1.8124e-01
  2.1544e+01  3.0000e+02  2.0000e-01  4.7333e+11  1.3456e+00  1.4535e+00  1.6918e-01
  2.1544e+01  3.0000e+02  2.2000e-01  4.9472e+11  1.3502e+00  1.3246e+00  1.5744e-01
  2.1544e+01  3.0000e+02  2.4000e-01  5.0635e+11  1.3549e+00  1.2133e+00  1.4978e-01
  2.1544e+01  3.0000e+02  2.6000e-01  5.0891e+11  1.3603e+00  1.1071e+00  1.4346e-01
  2.1544e+01  3.0000e+02  2.8000e-01  5.2595e+11  1.3621e+00  1.0077e+00  1.3244e-01
  2.1544e+01  3.0000e+02  3.0000e-01  5.4912e+11  1.3610e+00  9.3015e-01  1.2202e-01
  2.1544e+01  3.0000e+02  3.2000e-01  5.4544e+11  1.3628e+00  8.7016e-01  1.2004e-01
  2.1544e+01  3.0000e+02  3.4000e-01  5.0696e+11  1.3691e+00  8.0489e-01  1.2451e-01
  2.1544e+01  3.0000e+02  3.6000e-01  4.7538e+11  1.3744e+00  7.1345e-01  1.2208e-01
  2.1544e+01  3.0000e+02  3.8000e-01  5.1381e+11  1.3639e+00  6.3340e-01  1.0117e-01
  2.1544e+01  3.0000e+02  4.0000e-01  6.4494e+11  1.3351e+00  5.8796e-01  7.4090e-02
  2.1544e+01  3.0000e+02  4.2000e-01  7.9032e+11  1.3044e+00  5.6027e-01  5.7730e-02
  2.1544e+01  3.0000e+02  4.4000e-01  8.4004e+11  1.2819e+00  5.3158e-01  5.1033e-02
  2.1544e+01  3.0000e+02  4.6000e-01  7.4180e+11  1.2708e+00  4.5750e-01  4.7137e-02
  2.1544e+01  3.0000e+02  4.8000e-01  5.7555e+11  1.2576e+00  2.8531e-01  3.5700e-02
  2.1544e+01  3.0000e+02  5.0000e-01  1.7242e+11  8.4229e-01  1.4741e-01  3.4061e-03
  2.1544e+01  3.0000e+02  5.2000e-01  7.0060e+09  1.1372e+00  1.2586e-01  2.3568e-02
  2.1544e+01  3.0000e+02  5.4000e-01  4.4029e+09  1.0031e+00  1.3423e+00  2.5013e-02
  2.1544e+01  3.0000e+02  5.6000e-01  6.0333e+09  1.1990e+00  1.0180e-01  2.1666e-02
  2.1544e+01  3.0000e+02  5.8000e-01  3.0600e+09  1.0344e+00  1.1262e+00  2.5023e-02
  2.1544e+01  3.0000e+02  6.0000e-01  1.9411e+09  1.0651e+00  1.3251e+00  2.8721e-02
  2.9286e+01  3.3246e+00  1.0000e-02  5.8992e+11  1.3022e+00  5.9212e+00  1.6142e-01
  2.9286e+01  3.3246e+00  2.0000e-02  5.7138e+11  1.3028e+00  5.5080e+00  1.6468e-01
  2.9286e+01  3.3246e+00  4.0000e-02  5.7992e+11  1.3019e+00  4.9051e+00  1.6302e-01
  2.9286e+01  3.3246e+00  6.0000e-02  5.7291e+11  1.2945e+00  4.5032e+00  1.6627e-01
  2.9286e+01  3.3246e+00  8.0000e-02  5.9040e+11  1.2926e+00  4.0758e+00  1.6312e-01
  2.9286e+01  3.3246e+00  1.0000e-01  6.4821e+11  1.2938e+00  3.7252e+00  1.5295e-01
  2.9286e+01  3.3246e+00  1.2000e-01  5.3049e+11  1.3158e+00  3.3580e+00  1.7348e-01
  2.9286e+01  3.3246e+00  1.4000e-01  5.6842e+11  1.3243e+00  2.5157e+00  1.5491e-01
  2.9286e+01  3.3246e+00  1.6000e-01  7.7449e+11  1.3125e+00  2.1002e+00  1.2782e-01
  2.9286e+01  3.3246e+00  1.8000e-01  1.0366e+12  1.2907e+00  1.8241e+00  1.0892e-01
  2.9286e+01  3.3246e+00  2.0000e-01  1.7312e+12  1.2695e+00  1.5372e+00  8.1717e-02
  2.9286e+01  3.3246e+00  2.2000e-01  2.1336e+12  1.2406e+00  1.2982e+00  7.8783e-02
  2.9286e+01  3.3246e+00  2.4000e-01  2.4709e+12  1.2374e+00  1.0574e+00  7.6461e-02
  2.9286e+01  3.3246e+00  2.6000e-01  2.4968e+12  1.2420e+00  8.4326e-01  8.1404e-02
  2.9286e+01  3.3246e+00  2.8000e-01  2.0161e+12  1.2441e+00  7.0145e-01  1.0161e-01
  2.9286e+01  3.3246e+00  3.0000e-01  1.7199e+12  1.2718e+00  5.6200e-01  1.1245e-01
  2.9286e+01  3.3246e+00  3.2000e-01  1.4329e+12  1.3041e+00  3.7433e-01  1.2246e-01
  2.9286e+01  3.3246e+00  3.4000e-01  1.4875e+12  1.3373e+00  1.9066e-01  1.2006e-01
  2.9286e+01  3.3246e+00  3.6000e-01  7.4222e+13  1.3767e+00  4.1951e-02  5.8753e-03
  2.9286e+01  3.3246e+00  3.8000e-01  2.6125e+12  1.5626e+00  -1.6511e+00  6.5074e-02
  2.9286e+01  3.3246e+00  4.0000e-01  2.6840e+11  1.6051e+00  -8.0760e+00  2.2714e-01
  2.9286e+01  3.3246e+00  4.2000e-01  1.0491e+11  1.2512e+00  -1.6772e+01  4.9450e-01
  2.9286e+01  3.3246e+00  4.4000e-01  8.6970e+10  9.5332e-01  -6.3430e+00  1.0621e-01
  2.9286e+01  3.3246e+00  4.6000e-01  2.1863e+11  4.2610e-01  1.3668e-01  3.6495e-11
  2.9286e+01  3.3246e+00  4.8000e-01  6.8580e+48  -8.0270e+00  1.5344e-01  -2.3286e-02
  2.9286e+01  3.3246e+00  5.0000e-01  2.8665e+12  9.6821e-01  1.2005e-01  8.8519e-03
  2.9286e+01  3.3246e+00  5.2000e-01  1.6579e+11  1.1822e+00  5.2422e-01  1.9472e-01
  2.9286e+01  3.3246e+00  5.4000e-01  1.0511e+12  1.1615e+00  4.8228e-01  1.0636e-01
  2.9286e+01  3.3246e+00  5.6000e-01  2.7850e+12  1.1152e+00  5.1261e-01  6.7279e-02
  2.9286e+01  3.3246e+00  5.8000e-01  4.6290e+12  1.0997e+00  5.3445e-01  4.8662e-02
  2.9286e+01  3.3246e+00  6.0000e-01  4.2910e+12  1.1608e+00  5.0266e-01  5.2418e-02
  2.9286e+01  4.0616e+00  1.0000e-02  6.8891e+11  1.2924e+00  5.1877e+00  1.4654e-01
  2.9286e+01  4.0616e+00  2.0000e-02  6.8290e+11  1.2908e+00  4.8895e+00  1.4818e-01
  2.9286e+01  4.0616e+00  4.0000e-02  6.7569e+11  1.2940e+00  4.3876e+00  1.4825e-01
  2.9286e+01  4.0616e+00  6.0000e-02  6.9561e+11  1.2894e+00  4.0006e+00  1.4685e-01
  2.9286e+01  4.0616e+00  8.0000e-02  7.3441e+11  1.2923e+00  3.5520e+00  1.3964e-01
  2.9286e+01  4.0616e+00  1.0000e-01  8.5150e+11  1.2869e+00  3.2172e+00  1.3003e-01
  2.9286e+01  4.0616e+00  1.2000e-01  6.5824e+11  1.3148e+00  2.8099e+00  1.5011e-01
  2.9286e+01  4.0616e+00  1.4000e-01  6.6302e+11  1.3277e+00  2.2107e+00  1.3900e-01
  2.9286e+01  4.0616e+00  1.6000e-01  8.1459e+11  1.3189e+00  1.7887e+00  1.1941e-01
  2.9286e+01  4.0616e+00  1.8000e-01  1.1035e+12  1.3036e+00  1.5059e+00  1.0215e-01
  2.9286e+01  4.0616e+00  2.0000e-01  1.7250e+12  1.2604e+00  1.2739e+00  8.4042e-02
  2.9286e+01  4.0616e+00  2.2000e-01  2.2999e+12  1.2403e+00  1.0731e+00  7.3519e-02
  2.9286e+01  4.0616e+00  2.4000e-01  2.8266e+12  1.2315e+00  8.6837e-01  6.8504e-02
  2.9286e+01  4.0616e+00  2.6000e-01  2.8217e+12  1.2341e+00  6.9624e-01  7.4195e-02
  2.9286e+01  4.0616e+00  2.8000e-01  2.5261e+12  1.2480e+00  5.6567e-01  8.3712e-02
  2.9286e+01  4.0616e+00  3.0000e-01  1.8826e+12  1.2714e+00  4.8442e-01  1.0260e-01
  2.9286e+01  4.0616e+00  3.2000e-01  2.0011e+12  1.3042e+00  3.0560e-01  1.0170e-01
  2.9286e+01  4.0616e+00  3.4000e-01  2.2040e+12  1.3367e+00  1.7078e-01  8.3461e-02
  2.9286e+01  4.0616e+00  3.6000e-01  9.5869e+13  1.3716e+00  4.7662e-02  4.9743e-03
  2.9286e+01  4.0616e+00  3.8000e-01  2.4006e+12  1.5683e+00  -1.7210e+00  7.0499e-02
  2.9286e+01  4.0616e+00  4.0000e-01  2.0381e+11  1.6092e+00  -8.2727e+00  2.7256e-01
  2.9286e+01  4.0616e+00  4.2000e-01  1.1221e+11  1.2524e+00  -1.6943e+01  4.6993e-01
  2.9286e+01  4.0616e+00  4.4000e-01  7.3509e+10  9.3956e-01  -5.8364e+00  1.1899e-01
  2.9286e+01  4.0616e+00  4.6000e-01  3.7767e+09  1.7643e-01  2.3284e-01  7.1598e-11
  2.9286e+01  4.0616e+00  4.8000e-01  6.4171e+69  -1.1985e+01  1.3835e-01  -4.9665e-02
  2.9286e+01  4.0616e+00  5.0000e-01  2.9926e+12  9.7993e-01  1.1848e-01  8.9477e-03
  2.9286e+01  4.0616e+00  5.2000e-01  1.9661e+11  1.0867e+00  6.8939e-01  1.7920e-01
  2.9286e+01  4.0616e+00  5.4000e-01  2.8995e+11  1.2073e+00  4.9794e-01  1.8470e-01
  2.9286e+01  4.0616e+00  5.6000e-01  1.0425e+12  1.1796e+00  4.5448e-01  1.1101e-01
  2.9286e+01  4.0616e+00  5.8000e-01  2.6102e+12  1.1342e+00  4.6166e-01  6.7175e-02
  2.9286e+01  4.0616e+00  6.0000e-01  3.5625e+12  1.1113e+00  4.9603e-01  5.6771e-02
  2.9286e+01  4.9619e+00  1.0000e-02  8.0235e+11  1.2854e+00  4.3744e+00  1.3647e-01
  2.9286e+01  4.9619e+00  2.0000e-02  8.0712e+11  1.2881e+00  4.0951e+00  1.3524e-01
  2.9286e+01  4.9619e+00  4.0000e-02  8.0754e+11  1.2893e+00  3.6528e+00  1.3514e-01
  2.9286e+01  4.9619e+00  6.0000e-02  7.7642e+11  1.2963e+00  3.2693e+00  1.3752e-01
  2.9286e+01  4.9619e+00  8.0000e-02  8.8087e+11  1.2944e+00  2.8609e+00  1.2562e-01
  2.9286e+01  4.9619e+00  1.0000e-01  8.9653e+11  1.3032e+00  2.5300e+00  1.2468e-01
  2.9286e+01  4.9619e+00  1.2000e-01  6.6651e+11  1.3369e+00  2.1603e+00  1.5117e-01
  2.9286e+01  4.9619e+00  1.4000e-01  7.3473e+11  1.3378e+00  1.7795e+00  1.2890e-01
  2.9286e+01  4.9619e+00  1.6000e-01  9.4590e+11  1.3256e+00  1.4505e+00  1.0662e-01
  2.9286e+01  4.9619e+00  1.8000e-01  1.2628e+12  1.3067e+00  1.2138e+00  9.3739e-02
  2.9286e+01  4.9619e+00  2.0000e-01  1.7920e+12  1.2826e+00  1.0170e+00  8.0528e-02
  2.9286e+01  4.9619e+00  2.2000e-01  2.5784e+12  1.2537e+00  8.4487e-01  6.7953e-02
  2.9286e+01  4.9619e+00  2.4000e-01  3.8367e+12  1.2189e+00  7.0219e-01  5.5313e-02
  2.9286e+01  4.9619e+00  2.6000e-01  3.8226e+12  1.2321e+00  5.5308e-01  5.9093e-02
  2.9286e+01  4.9619e+00  2.8000e-01  3.6082e+12  1.2616e+00  3.8534e-01  6.0632e-02
  2.9286e+01  4.9619e+00  3.0000e-01  2.9914e+12  1.2863e+00  3.3031e-01  7.2085e-02
  2.9286e+01  4.9619e+00  3.2000e-01  2.9744e+12  1.3063e+00  2.3082e-01  8.1014e-02
  2.9286e+01  4.9619e+00  3.4000e-01  3.0633e+12  1.3341e+00  1.5627e-01  6.4865e-02
  2.9286e+01  4.9619e+00  3.6000e-01  8.3418e+13  1.3702e+00  5.0278e-02  5.5973e-03
  2.9286e+01  4.9619e+00  3.8000e-01  8.5032e+12  1.4981e+00  -7.1745e-01  3.1078e-02
  2.9286e+01  4.9619e+00  4.0000e-01  7.5113e+11  1.5813e+00  -5.8987e+00  1.2041e-01
  2.9286e+01  4.9619e+00  4.2000e-01  8.0342e+11  1.1510e+00  -5.3699e+00  9.6929e-02
  2.9286e+01  4.9619e+00  4.4000e-01  5.8405e+10  9.3141e-01  -5.9053e+00  1.4089e-01
  2.9286e+01  4.9619e+00  4.6000e-01  4.3230e+10  3.6688e-01  1.6665e-01  1.4413e-11
  2.9286e+01  4.9619e+00  4.8000e-01  2.6072e+114  -2.0976e+01  1.0011e-01  -7.1175e-02
  2.9286e+01  4.9619e+00  5.0000e-01  2.9688e+12  9.9039e-01  1.1713e-01  9.2509e-03
  2.9286e+01  4.9619e+00  5.2000e-01  2.6923e+11  1.0250e+00  6.1903e-01  1.1239e-01
  2.9286e+01  4.9619e+00  5.4000e-01  2.1690e+11  1.1323e+00  7.1162e-01  2.2180e-01
  2.9286e+01  4.9619e+00  5.6000e-01  5.0016e+11  1.1141e+00  7.4508e-01  2.0429e-01
  2.9286e+01  4.9619e+00  5.8000e-01  8.1193e+11  1.2063e+00  4.2329e-01  1.2394e-01
  2.9286e+01  4.9619e+00  6.0000e-01  1.5428e+12  1.1907e+00  3.8294e-01  8.5386e-02
  2.9286e+01  6.0619e+00  1.0000e-02  7.9852e+11  1.2984e+00  3.5661e+00  1.4292e-01
  2.9286e+01  6.0619e+00  2.0000e-02  8.0866e+11  1.3001e+00  3.3387e+00  1.4179e-01
  2.9286e+01  6.0619e+00  4.0000e-02  8.2977e+11  1.3024e+00  2.9616e+00  1.4120e-01
  2.9286e+01  6.0619e+00  6.0000e-02  8.0908e+11  1.3118e+00  2.6198e+00  1.4898e-01
  2.9286e+01  6.0619e+00  8.0000e-02  1.0220e+12  1.3058e+00  2.2609e+00  1.2252e-01
  2.9286e+01  6.0619e+00  1.0000e-01  1.0820e+12  1.3096e+00  1.9927e+00  1.2832e-01
  2.9286e+01  6.0619e+00  1.2000e-01  7.6325e+11  1.3513e+00  1.6869e+00  1.6782e-01
  2.9286e+01  6.0619e+00  1.4000e-01  8.6302e+11  1.3489e+00  1.3645e+00  1.3438e-01
  2.9286e+01  6.0619e+00  1.6000e-01  1.4328e+12  1.3113e+00  1.1441e+00  8.7160e-02
  2.9286e+01  6.0619e+00  1.8000e-01  1.8440e+12  1.2980e+00  9.7514e-01  7.4952e-02
  2.9286e+01  6.0619e+00  2.0000e-01  2.0917e+12  1.2934e+00  8.3489e-01  7.1277e-02
  2.9286e+01  6.0619e+00  2.2000e-01  3.1698e+12  1.2578e+00  6.8208e-01  5.8389e-02
  2.9286e+01  6.0619e+00  2.4000e-01  4.6054e+12  1.2158e+00  5.6734e-01  5.0107e-02
  2.9286e+01  6.0619e+00  2.6000e-01  4.0661e+12  1.2447e+00  4.6587e-01  5.6083e-02
  2.9286e+01  6.0619e+00  2.8000e-01  4.0774e+12  1.2768e+00  3.3728e-01  5.5444e-02
  2.9286e+01  6.0619e+00  3.0000e-01  2.6137e+12  1.2989e+00  3.5222e-01  8.4476e-02
  2.9286e+01  6.0619e+00  3.2000e-01  2.6243e+12  1.3139e+00  2.4776e-01  7.9246e-02
  2.9286e+01  6.0619e+00  3.4000e-01  2.8635e+12  1.3118e+00  1.9691e-01  7.4038e-02
  2.9286e+01  6.0619e+00  3.6000e-01  4.1686e+12  1.3606e+00  7.5246e-02  5.3343e-02
  2.9286e+01  6.0619e+00  3.8000e-01  1.2859e+13  1.4904e+00  -6.7712e-01  2.3915e-02
  2.9286e+01  6.0619e+00  4.0000e-01  8.1597e+11  1.5808e+00  -5.8594e+00  1.1322e-01
  2.9286e+01  6.0619e+00  4.2000e-01  7.3099e+11  1.1468e+00  -5.1383e+00  1.0702e-01
  2.9286e+01  6.0619e+00  4.4000e-01  1.7540e+13  5.6787e-01  1.5114e-01  5.8683e-06
  2.9286e+01  6.0619e+00  4.6000e-01  9.8596e+65  -1.1755e+01  1.8635e-01  -4.7264e-02
  2.9286e+01  6.0619e+00  4.8000e-01  1.2256e+87  -1.5417e+01  1.6240e-01  -1.2923e-01
  2.9286e+01  6.0619e+00  5.0000e-01  4.3626e+12  1.0175e+00  1.3902e-01  6.6213e-03
  2.9286e+01  6.0619e+00  5.2000e-01  4.0536e+11  9.9337e-01  6.2216e-01  7.1145e-02
  2.9286e+01  6.0619e+00  5.4000e-01  2.8352e+11  1.0789e+00  7.7697e-01  1.5244e-01
  2.9286e+01  6.0619e+00  5.6000e-01  2.3641e+11  1.1475e+00  6.9248e-01  2.2108e-01
  2.9286e+01  6.0619e+00  5.8000e-01  4.2270e+11  1.1392e+00  7.0499e-01  2.1071e-01
  2.9286e+01  6.0619e+00  6.0000e-01  7.0039e+11  1.1193e+00  6.9114e-01  1.7673e-01
  2.9286e+01  7.4057e+00  1.0000e-02  8.7748e+11  1.3055e+00  2.7477e+00  1.4667e-01
  2.9286e+01  7.4057e+00  2.0000e-02  8.9060e+11  1.3105e+00  2.5463e+00  1.4375e-01
  2.9286e+01  7.4057e+00  4.0000e-02  8.9135e+11  1.3169e+00  2.2307e+00  1.4257e-01
  2.9286e+01  7.4057e+00  6.0000e-02  8.4105e+11  1.3342e+00  1.9539e+00  1.5201e-01
  2.9286e+01  7.4057e+00  8.0000e-02  9.9504e+11  1.3335e+00  1.6545e+00  1.2814e-01
  2.9286e+01  7.4057e+00  1.0000e-01  1.0716e+12  1.3353e+00  1.4611e+00  1.2913e-01
  2.9286e+01  7.4057e+00  1.2000e-01  8.1350e+11  1.3685e+00  1.2629e+00  1.6600e-01
  2.9286e+01  7.4057e+00  1.4000e-01  8.6074e+11  1.3738e+00  1.0159e+00  1.4498e-01
  2.9286e+01  7.4057e+00  1.6000e-01  1.6537e+12  1.3200e+00  8.8996e-01  7.8755e-02
  2.9286e+01  7.4057e+00  1.8000e-01  2.0208e+12  1.3069e+00  7.8152e-01  6.9266e-02
  2.9286e+01  7.4057e+00  2.0000e-01  2.5520e+12  1.2825e+00  7.1433e-01  6.4681e-02
  2.9286e+01  7.4057e+00  2.2000e-01  4.6448e+12  1.2318e+00  5.8023e-01  4.7667e-02
  2.9286e+01  7.4057e+00  2.4000e-01  5.1827e+12  1.2340e+00  4.7568e-01  4.6122e-02
  2.9286e+01  7.4057e+00  2.6000e-01  4.3288e+12  1.2640e+00  4.1522e-01  5.2750e-02
  2.9286e+01  7.4057e+00  2.8000e-01  3.6295e+12  1.2826e+00  3.7457e-01  6.4216e-02
  2.9286e+01  7.4057e+00  3.0000e-01  3.1520e+12  1.3007e+00  2.9608e-01  7.7643e-02
  2.9286e+01  7.4057e+00  3.2000e-01  3.3376e+12  1.3041e+00  2.3531e-01  6.6735e-02
  2.9286e+01  7.4057e+00  3.4000e-01  3.0962e+12  1.3120e+00  1.9216e-01  7.0374e-02
  2.9286e+01  7.4057e+00  3.6000e-01  4.1739e+12  1.3611e+00  7.6993e-02  5.3549e-02
  2.9286e+01  7.4057e+00  3.8000e-01  8.5773e+12  1.4737e+00  -5.9630e-01  3.1878e-02
  2.9286e+01  7.4057e+00  4.0000e-01  8.6095e+11  1.5754e+00  -5.5597e+00  1.0764e-01
  2.9286e+01  7.4057e+00  4.2000e-01  1.1470e+12  1.1310e+00  -4.3590e+00  7.3543e-02
  2.9286e+01  7.4057e+00  4.4000e-01  1.6549e+13  5.6956e-01  1.5023e-01  5.2352e-06
  2.9286e+01  7.4057e+00  4.6000e-01  2.4062e+10  9.9809e-01  1.8071e-01  1.4508e-06
  2.9286e+01  7.4057e+00  4.8000e-01  3.8469e+96  -1.7336e+01  1.4680e-01  -1.4666e-01
  2.9286e+01  7.4057e+00  5.0000e-01  4.2114e+12  1.0212e+00  1.3533e-01  6.8167e-03
  2.9286e+01  7.4057e+00  5.2000e-01  4.6265e+11  9.6743e-01  5.0291e-01  5.4100e-02
  2.9286e+01  7.4057e+00  5.4000e-01  2.9200e+11  1.0439e+00  6.7514e-01  1.0703e-01
  2.9286e+01  7.4057e+00  5.6000e-01  2.5052e+11  1.1009e+00  7.4819e-01  1.6984e-01
  2.9286e+01  7.4057e+00  5.8000e-01  3.3382e+11  1.1153e+00  7.9133e-01  1.9801e-01
  2.9286e+01  7.4057e+00  6.0000e-01  5.2096e+11  1.1015e+00  8.2082e-01  1.9352e-01
  2.9286e+01  9.0474e+00  1.0000e-02  8.5022e+11  1.3306e+00  2.1069e+00  1.5892e-01
  2.9286e+01  9.0474e+00  2.0000e-02  8.4938e+11  1.3308e+00  1.9673e+00  1.5886e-01
  2.9286e+01  9.0474e+00  4.0000e-02  8.8339e+11  1.3342e+00  1.7194e+00  1.5293e-01
  2.9286e+01  9.0474e+00  6.0000e-02  9.5094e+11  1.3491e+00  1.4958e+00  1.4566e-01
  2.9286e+01  9.0474e+00  8.0000e-02  1.1562e+12  1.3455e+00  1.2853e+00  1.2118e-01
  2.9286e+01  9.0474e+00  1.0000e-01  1.2596e+12  1.3438e+00  1.1542e+00  1.1519e-01
  2.9286e+01  9.0474e+00  1.2000e-01  9.6825e+11  1.3757e+00  1.0100e+00  1.4421e-01
  2.9286e+01  9.0474e+00  1.4000e-01  1.1381e+12  1.3667e+00  8.4682e-01  1.1823e-01
  2.9286e+01  9.0474e+00  1.6000e-01  2.1383e+12  1.3095e+00  7.6431e-01  6.7026e-02
  2.9286e+01  9.0474e+00  1.8000e-01  3.2034e+12  1.2829e+00  6.8459e-01  5.4105e-02
  2.9286e+01  9.0474e+00  2.0000e-01  4.0075e+12  1.2573e+00  6.2409e-01  5.0923e-02
  2.9286e+01  9.0474e+00  2.2000e-01  6.1268e+12  1.2279e+00  5.0429e-01  4.0436e-02
  2.9286e+01  9.0474e+00  2.4000e-01  5.2772e+12  1.2532e+00  4.2980e-01  4.5053e-02
  2.9286e+01  9.0474e+00  2.6000e-01  4.6004e+12  1.2719e+00  3.8821e-01  5.2103e-02
  2.9286e+01  9.0474e+00  2.8000e-01  4.0098e+12  1.2833e+00  3.4574e-01  6.3676e-02
  2.9286e+01  9.0474e+00  3.0000e-01  3.4988e+12  1.3029e+00  2.6661e-01  6.8256e-02
  2.9286e+01  9.0474e+00  3.2000e-01  3.6260e+12  1.3019e+00  2.3012e-01  6.2810e-02
  2.9286e+01  9.0474e+00  3.4000e-01  3.1317e+12  1.3136e+00  1.9136e-01  6.9808e-02
  2.9286e+01  9.0474e+00  3.6000e-01  3.9818e+12  1.3624e+00  7.8852e-02  5.5304e-02
  2.9286e+01  9.0474e+00  3.8000e-01  1.5382e+13  1.4521e+00  -5.0441e-01  2.1644e-02
  2.9286e+01  9.0474e+00  4.0000e-01  7.2574e+11  1.5739e+00  -5.4710e+00  1.1671e-01
  2.9286e+01  9.0474e+00  4.2000e-01  8.0682e+11  1.1319e+00  -4.6527e+00  1.0311e-01
  2.9286e+01  9.0474e+00  4.4000e-01  2.0329e+13  5.5719e-01  1.4858e-01  2.0531e-06
  2.9286e+01  9.0474e+00  4.6000e-01  7.6996e+10  9.9210e-01  1.7422e-01  4.0336e-06
  2.9286e+01  9.0474e+00  4.8000e-01  2.0296e+106  -1.9306e+01  1.2940e-01  -1.5684e-01
  2.9286e+01  9.0474e+00  5.0000e-01  3.9350e+12  1.0210e+00  1.3187e-01  7.2237e-03
  2.9286e+01  9.0474e+00  5.2000e-01  1.3020e+12  1.0582e+00  1.2618e-01  1.8193e-02
  2.9286e+01  9.0474e+00  5.4000e-01  3.3868e+11  1.0018e+00  5.9945e-01  7.5913e-02
  2.9286e+01  9.0474e+00  5.6000e-01  2.5172e+11  1.0643e+00  6.6306e-01  1.1970e-01
  2.9286e+01  9.0474e+00  5.8000e-01  2.2408e+11  1.1115e+00  6.9604e-01  1.6383e-01
  2.9286e+01  9.0474e+00  6.0000e-01  2.3870e+11  1.1396e+00  7.1432e-01  1.9739e-01
  2.9286e+01  1.1053e+01  1.0000e-02  8.3497e+11  1.3405e+00  1.7099e+00  1.5748e-01
  2.9286e+01  1.1053e+01  2.0000e-02  8.9442e+11  1.3440e+00  1.5776e+00  1.4859e-01
  2.9286e+01  1.1053e+01  4.0000e-02  1.0556e+12  1.3483e+00  1.3712e+00  1.2924e-01
  2.9286e+01  1.1053e+01  6.0000e-02  1.0433e+12  1.3575e+00  1.2385e+00  1.3301e-01
  2.9286e+01  1.1053e+01  8.0000e-02  1.3945e+12  1.3395e+00  1.1016e+00  9.9959e-02
  2.9286e+01  1.1053e+01  1.0000e-01  1.2848e+12  1.3503e+00  1.0289e+00  1.1363e-01
  2.9286e+01  1.1053e+01  1.2000e-01  1.0565e+12  1.3730e+00  8.9592e-01  1.3419e-01
  2.9286e+01  1.1053e+01  1.4000e-01  1.5010e+12  1.3501e+00  7.7064e-01  9.4913e-02
  2.9286e+01  1.1053e+01  1.6000e-01  2.8283e+12  1.2955e+00  7.0139e-01  5.7435e-02
  2.9286e+01  1.1053e+01  1.8000e-01  4.1408e+12  1.2663e+00  6.3151e-01  4.7755e-02
  2.9286e+01  1.1053e+01  2.0000e-01  5.7306e+12  1.2418e+00  5.5443e-01  4.0778e-02
  2.9286e+01  1.1053e+01  2.2000e-01  6.4367e+12  1.2403e+00  4.6059e-01  3.8879e-02
  2.9286e+01  1.1053e+01  2.4000e-01  5.3778e+12  1.2629e+00  4.0532e-01  4.5170e-02
  2.9286e+01  1.1053e+01  2.6000e-01  4.8479e+12  1.2738e+00  3.6951e-01  5.2216e-02
  2.9286e+01  1.1053e+01  2.8000e-01  4.2463e+12  1.2844e+00  3.2381e-01  6.2670e-02
  2.9286e+01  1.1053e+01  3.0000e-01  3.7464e+12  1.3007e+00  2.5875e-01  6.3382e-02
  2.9286e+01  1.1053e+01  3.2000e-01  3.6169e+12  1.3027e+00  2.3009e-01  6.2559e-02
  2.9286e+01  1.1053e+01  3.4000e-01  3.0304e+12  1.3159e+00  1.9325e-01  7.1051e-02
  2.9286e+01  1.1053e+01  3.6000e-01  3.6003e+12  1.3640e+00  8.1345e-02  5.9193e-02
  2.9286e+01  1.1053e+01  3.8000e-01  1.7764e+13  1.4277e+00  -4.1680e-01  1.9729e-02
  2.9286e+01  1.1053e+01  4.0000e-01  8.7922e+11  1.5726e+00  -5.3610e+00  9.9593e-02
  2.9286e+01  1.1053e+01  4.2000e-01  1.0923e+12  1.1136e+00  -4.0378e+00  8.1166e-02
  2.9286e+01  1.1053e+01  4.4000e-01  1.9526e+13  5.5615e-01  1.4671e-01  1.0614e-06
  2.9286e+01  1.1053e+01  4.6000e-01  5.0633e+101  -1.8762e+01  1.5219e-01  -9.0218e-02
  2.9286e+01  1.1053e+01  4.8000e-01  4.3629e+120  -2.2213e+01  1.0369e-01  -1.5768e-01
  2.9286e+01  1.1053e+01  5.0000e-01  3.9479e+12  1.0209e+00  1.2935e-01  7.1344e-03
  2.9286e+01  1.1053e+01  5.2000e-01  1.1913e+12  1.0463e+00  1.3524e-01  1.8274e-02
  2.9286e+01  1.1053e+01  5.4000e-01  3.7829e+11  9.8056e-01  5.1310e-01  5.7903e-02
  2.9286e+01  1.1053e+01  5.6000e-01  2.8646e+11  1.0274e+00  5.9387e-01  8.4438e-02
  2.9286e+01  1.1053e+01  5.8000e-01  2.3398e+11  1.0728e+00  6.3247e-01  1.1575e-01
  2.9286e+01  1.1053e+01  6.0000e-01  2.0504e+11  1.1114e+00  6.5482e-01  1.4932e-01
  2.9286e+01  1.3503e+01  1.0000e-02  7.4498e+11  1.3311e+00  1.6367e+00  1.6791e-01
  2.9286e+01  1.3503e+01  2.0000e-02  8.2543e+11  1.3432e+00  1.4422e+00  1.5426e-01
  2.9286e+01  1.3503e+01  4.0000e-02  1.0125e+12  1.3508e+00  1.2293e+00  1.3126e-01
  2.9286e+01  1.3503e+01  6.0000e-02  1.0824e+12  1.3565e+00  1.1176e+00  1.2665e-01
  2.9286e+01  1.3503e+01  8.0000e-02  1.3388e+12  1.3462e+00  1.0013e+00  1.0397e-01
  2.9286e+01  1.3503e+01  1.0000e-01  1.3461e+12  1.3508e+00  9.3842e-01  1.0860e-01
  2.9286e+01  1.3503e+01  1.2000e-01  1.1942e+12  1.3681e+00  8.3581e-01  1.1946e-01
  2.9286e+01  1.3503e+01  1.4000e-01  1.9332e+12  1.3334e+00  7.3240e-01  7.7600e-02
  2.9286e+01  1.3503e+01  1.6000e-01  3.4382e+12  1.2862e+00  6.6370e-01  5.1582e-02
  2.9286e+01  1.3503e+01  1.8000e-01  4.9203e+12  1.2588e+00  5.9577e-01  4.3482e-02
  2.9286e+01  1.3503e+01  2.0000e-01  6.4397e+12  1.2397e+00  5.1746e-01  3.7659e-02
  2.9286e+01  1.3503e+01  2.2000e-01  6.3211e+12  1.2487e+00  4.3921e-01  3.9256e-02
  2.9286e+01  1.3503e+01  2.4000e-01  5.4288e+12  1.2680e+00  3.9040e-01  4.5279e-02
  2.9286e+01  1.3503e+01  2.6000e-01  4.9690e+12  1.2750e+00  3.5643e-01  5.2084e-02
  2.9286e+01  1.3503e+01  2.8000e-01  4.5134e+12  1.2824e+00  3.1229e-01  6.0256e-02
  2.9286e+01  1.3503e+01  3.0000e-01  3.9062e+12  1.2967e+00  2.5917e-01  6.1883e-02
  2.9286e+01  1.3503e+01  3.2000e-01  3.5072e+12  1.3042e+00  2.3202e-01  6.3474e-02
  2.9286e+01  1.3503e+01  3.4000e-01  2.8636e+12  1.3187e+00  1.9621e-01  7.3164e-02
  2.9286e+01  1.3503e+01  3.6000e-01  3.3252e+12  1.3647e+00  8.3301e-02  6.2208e-02
  2.9286e+01  1.3503e+01  3.8000e-01  1.3361e+13  1.4074e+00  -3.7357e-01  2.4334e-02
  2.9286e+01  1.3503e+01  4.0000e-01  8.1363e+11  1.5732e+00  -5.2802e+00  1.0016e-01
  2.9286e+01  1.3503e+01  4.2000e-01  6.9417e+11  1.1146e+00  -4.8587e+00  1.2679e-01
  2.9286e+01  1.3503e+01  4.4000e-01  5.9814e+12  5.7700e-01  1.4782e-01  2.3544e-06
  2.9286e+01  1.3503e+01  4.6000e-01  1.1481e+160  -3.0588e+01  9.7930e-02  -9.9179e-02
  2.9286e+01  1.3503e+01  4.8000e-01  4.6512e+131  -2.4455e+01  8.6767e-02  -1.5731e-01
  2.9286e+01  1.3503e+01  5.0000e-01  4.0537e+12  1.0199e+00  1.2816e-01  6.8663e-03
  2.9286e+01  1.3503e+01  5.2000e-01  1.0471e+12  1.0451e+00  1.4343e-01  1.9301e-02
  2.9286e+01  1.3503e+01  5.4000e-01  3.5348e+11  9.9260e-01  3.8063e-01  5.4441e-02
  2.9286e+01  1.3503e+01  5.6000e-01  3.2286e+11  1.0032e+00  5.2086e-01  6.3017e-02
  2.9286e+01  1.3503e+01  5.8000e-01  2.6014e+11  1.0399e+00  5.7056e-01  8.2947e-02
  2.9286e+01  1.3503e+01  6.0000e-01  2.1756e+11  1.0759e+00  5.9739e-01  1.0584e-01
  2.9286e+01  1.6496e+01  1.0000e-02  6.7641e+11  1.3170e+00  1.7540e+00  1.8217e-01
  2.9286e+01  1.6496e+01  2.0000e-02  7.6136e+11  1.3342e+00  1.4658e+00  1.6346e-01
  2.9286e+01  1.6496e+01  4.0000e-02  9.3276e+11  1.3481e+00  1.1774e+00  1.3707e-01
  2.9286e+01  1.6496e+01  6.0000e-02  9.9846e+11  1.3591e+00  1.0572e+00  1.3352e-01
  2.9286e+01  1.6496e+01  8.0000e-02  1.2671e+12  1.3520e+00  9.3907e-01  1.0598e-01
  2.9286e+01  1.6496e+01  1.0000e-01  1.3058e+12  1.3574e+00  8.8059e-01  1.0805e-01
  2.9286e+01  1.6496e+01  1.2000e-01  1.3234e+12  1.3633e+00  7.9915e-01  1.0839e-01
  2.9286e+01  1.6496e+01  1.4000e-01  2.0802e+12  1.3301e+00  7.0688e-01  7.3673e-02
  2.9286e+01  1.6496e+01  1.6000e-01  3.6567e+12  1.2841e+00  6.4020e-01  4.9666e-02
  2.9286e+01  1.6496e+01  1.8000e-01  5.2119e+12  1.2571e+00  5.7350e-01  4.1858e-02
  2.9286e+01  1.6496e+01  2.0000e-01  6.4378e+12  1.2430e+00  5.0014e-01  3.7690e-02
  2.9286e+01  1.6496e+01  2.2000e-01  6.1588e+12  1.2536e+00  4.2713e-01  3.9321e-02
  2.9286e+01  1.6496e+01  2.4000e-01  5.5023e+12  1.2692e+00  3.7850e-01  4.4537e-02
  2.9286e+01  1.6496e+01  2.6000e-01  5.1004e+12  1.2759e+00  3.4464e-01  5.0437e-02
  2.9286e+01  1.6496e+01  2.8000e-01  4.8890e+12  1.2780e+00  3.0489e-01  5.6540e-02
  2.9286e+01  1.6496e+01  3.0000e-01  4.1537e+12  1.2901e+00  2.6104e-01  6.1236e-02
  2.9286e+01  1.6496e+01  3.2000e-01  3.4966e+12  1.3031e+00  2.3252e-01  6.3737e-02
  2.9286e+01  1.6496e+01  3.4000e-01  2.7587e+12  1.3191e+00  1.9809e-01  7.4501e-02
  2.9286e+01  1.6496e+01  3.6000e-01  3.3792e+12  1.3659e+00  8.0640e-02  6.0773e-02
  2.9286e+01  1.6496e+01  3.8000e-01  1.3634e+13  1.3998e+00  -4.0938e-01  2.4266e-02
  2.9286e+01  1.6496e+01  4.0000e-01  4.0014e+11  1.5799e+00  -5.6056e+00  1.4994e-01
  2.9286e+01  1.6496e+01  4.2000e-01  9.9048e+11  1.0903e+00  -5.2564e+00  9.7204e-02
  2.9286e+01  1.6496e+01  4.4000e-01  3.0407e+12  5.3023e-01  1.5494e-01  3.1751e-07
  2.9286e+01  1.6496e+01  4.6000e-01  2.9596e+11  8.2037e-01  1.8320e-01  9.2867e-06
  2.9286e+01  1.6496e+01  4.8000e-01  5.1215e+138  -2.5895e+01  7.6637e-02  -1.5994e-01
  2.9286e+01  1.6496e+01  5.0000e-01  4.1883e+12  1.0161e+00  1.2825e-01  6.5349e-03
  2.9286e+01  1.6496e+01  5.2000e-01  9.7611e+11  1.0493e+00  1.4853e-01  1.9579e-02
  2.9286e+01  1.6496e+01  5.4000e-01  9.3276e+11  1.0743e+00  1.3142e-01  1.9331e-02
  2.9286e+01  1.6496e+01  5.6000e-01  3.0911e+11  1.0067e+00  4.2048e-01  5.5315e-02
  2.9286e+01  1.6496e+01  5.8000e-01  2.7564e+11  1.0232e+00  4.9816e-01  6.3960e-02
  2.9286e+01  1.6496e+01  6.0000e-01  2.3525e+11  1.0498e+00  5.3343e-01  7.7646e-02
  2.9286e+01  2.0153e+01  1.0000e-02  6.3259e+11  1.3061e+00  1.8553e+00  1.9240e-01
  2.9286e+01  2.0153e+01  2.0000e-02  7.1727e+11  1.3283e+00  1.5176e+00  1.7129e-01
  2.9286e+01  2.0153e+01  4.0000e-02  8.7129e+11  1.3451e+00  1.1903e+00  1.4461e-01
  2.9286e+01  2.0153e+01  6.0000e-02  9.9407e+11  1.3545e+00  1.0381e+00  1.3309e-01
  2.9286e+01  2.0153e+01  8.0000e-02  1.2166e+12  1.3538e+00  9.0210e-01  1.0744e-01
  2.9286e+01  2.0153e+01  1.0000e-01  1.3413e+12  1.3554e+00  8.5296e-01  1.0415e-01
  2.9286e+01  2.0153e+01  1.2000e-01  1.3509e+12  1.3620e+00  7.8146e-01  1.0583e-01
  2.9286e+01  2.0153e+01  1.4000e-01  1.9861e+12  1.3352e+00  6.9012e-01  7.6728e-02
  2.9286e+01  2.0153e+01  1.6000e-01  3.5711e+12  1.2876e+00  6.2277e-01  5.0278e-02
  2.9286e+01  2.0153e+01  1.8000e-01  5.0704e+12  1.2605e+00  5.6075e-01  4.2040e-02
  2.9286e+01  2.0153e+01  2.0000e-01  6.2294e+12  1.2465e+00  4.9444e-01  3.8420e-02
  2.9286e+01  2.0153e+01  2.2000e-01  6.1956e+12  1.2530e+00  4.2019e-01  3.8564e-02
  2.9286e+01  2.0153e+01  2.4000e-01  5.4576e+12  1.2698e+00  3.6861e-01  4.3295e-02
  2.9286e+01  2.0153e+01  2.6000e-01  5.1203e+12  1.2761e+00  3.3634e-01  4.8425e-02
  2.9286e+01  2.0153e+01  2.8000e-01  5.1571e+12  1.2725e+00  3.0290e-01  5.3427e-02
  2.9286e+01  2.0153e+01  3.0000e-01  4.6543e+12  1.2778e+00  2.6703e-01  5.9024e-02
  2.9286e+01  2.0153e+01  3.2000e-01  3.5605e+12  1.2965e+00  2.3640e-01  6.5221e-02
  2.9286e+01  2.0153e+01  3.4000e-01  2.7788e+12  1.3112e+00  2.0388e-01  7.5627e-02
  2.9286e+01  2.0153e+01  3.6000e-01  3.0706e+12  1.3605e+00  8.4929e-02  6.5376e-02
  2.9286e+01  2.0153e+01  3.8000e-01  1.2709e+13  1.3820e+00  -3.8802e-01  2.5493e-02
  2.9286e+01  2.0153e+01  4.0000e-01  2.3480e+11  1.5836e+00  -6.0372e+00  2.0497e-01
  2.9286e+01  2.0153e+01  4.2000e-01  1.1687e+12  9.9329e-01  -3.9904e+00  8.8977e-02
  2.9286e+01  2.0153e+01  4.4000e-01  1.6728e+13  4.1680e-01  1.5708e-01  8.3325e-11
  2.9286e+01  2.0153e+01  4.6000e-01  3.7942e+11  4.8763e-01  3.3616e-01  6.0416e-08
  2.9286e+01  2.0153e+01  4.8000e-01  4.4218e+145  -2.7317e+01  6.7364e-02  -1.6275e-01
  2.9286e+01  2.0153e+01  5.0000e-01  4.3729e+12  1.0096e+00  1.2922e-01  6.1217e-03
  2.9286e+01  2.0153e+01  5.2000e-01  8.5873e+11  1.0599e+00  1.5254e-01  2.0615e-02
  2.9286e+01  2.0153e+01  5.4000e-01  8.1814e+11  1.0811e+00  1.3764e-01  1.9688e-02
  2.9286e+01  2.0153e+01  5.6000e-01  8.2078e+11  1.1044e+00  1.2578e-01  1.9239e-02
  2.9286e+01  2.0153e+01  5.8000e-01  2.4799e+11  1.0395e+00  3.8174e-01  5.7611e-02
  2.9286e+01  2.0153e+01  6.0000e-01  2.2982e+11  1.0460e+00  4.5160e-01  6.2717e-02
  2.9286e+01  2.4621e+01  1.0000e-02  6.0246e+11  1.2994e+00  1.9328e+00  1.9915e-01
  2.9286e+01  2.4621e+01  2.0000e-02  6.6007e+11  1.3183e+00  1.6051e+00  1.8315e-01
  2.9286e+01  2.4621e+01  4.0000e-02  8.3715e+11  1.3435e+00  1.2179e+00  1.5011e-01
  2.9286e+01  2.4621e+01  6.0000e-02  9.5631e+11  1.3483e+00  1.0635e+00  1.3701e-01
  2.9286e+01  2.4621e+01  8.0000e-02  1.0713e+12  1.3548e+00  9.1652e-01  1.2029e-01
  2.9286e+01  2.4621e+01  1.0000e-01  1.3216e+12  1.3508e+00  8.4311e-01  1.0296e-01
  2.9286e+01  2.4621e+01  1.2000e-01  1.3196e+12  1.3593e+00  7.8761e-01  1.0821e-01
  2.9286e+01  2.4621e+01  1.4000e-01  1.6809e+12  1.3458e+00  6.9343e-01  8.7481e-02
  2.9286e+01  2.4621e+01  1.6000e-01  3.0502e+12  1.2986e+00  6.2012e-01  5.5541e-02
  2.9286e+01  2.4621e+01  1.8000e-01  4.5977e+12  1.2660e+00  5.6046e-01  4.4059e-02
  2.9286e+01  2.4621e+01  2.0000e-01  5.7641e+12  1.2492e+00  5.0016e-01  4.0025e-02
  2.9286e+01  2.4621e+01  2.2000e-01  6.2956e+12  1.2453e+00  4.2747e-01  3.8561e-02
  2.9286e+01  2.4621e+01  2.4000e-01  5.2029e+12  1.2682e+00  3.6674e-01  4.2400e-02
  2.9286e+01  2.4621e+01  2.6000e-01  4.8932e+12  1.2760e+00  3.3540e-01  4.6996e-02
  2.9286e+01  2.4621e+01  2.8000e-01  5.1525e+12  1.2675e+00  3.0858e-01  5.1252e-02
  2.9286e+01  2.4621e+01  3.0000e-01  4.7948e+12  1.2679e+00  2.7925e-01  5.7852e-02
  2.9286e+01  2.4621e+01  3.2000e-01  3.8055e+12  1.2796e+00  2.4953e-01  6.8093e-02
  2.9286e+01  2.4621e+01  3.4000e-01  2.8441e+12  1.2978e+00  2.1300e-01  7.9445e-02
  2.9286e+01  2.4621e+01  3.6000e-01  2.8749e+12  1.3447e+00  9.2596e-02  7.1746e-02
  2.9286e+01  2.4621e+01  3.8000e-01  1.3260e+13  1.3548e+00  -3.2318e-01  2.4528e-02
  2.9286e+01  2.4621e+01  4.0000e-01  1.8821e+11  1.5792e+00  -6.9089e+00  2.4558e-01
  2.9286e+01  2.4621e+01  4.2000e-01  3.9861e+13  5.0277e-01  1.3158e-01  7.5112e-05
  2.9286e+01  2.4621e+01  4.4000e-01  7.4276e+11  5.8651e-01  1.5100e-01  9.7590e-07
  2.9286e+01  2.4621e+01  4.6000e-01  inf  -9.0369e+03  1.5870e-03  -6.8708e-04
  2.9286e+01  2.4621e+01  4.8000e-01  9.0242e+152  -2.8819e+01  5.8396e-02  -1.6503e-01
  2.9286e+01  2.4621e+01  5.0000e-01  4.6095e+12  9.9946e-01  1.3118e-01  5.6161e-03
  2.9286e+01  2.4621e+01  5.2000e-01  7.3552e+11  1.0789e+00  1.5340e-01  2.1742e-02
  2.9286e+01  2.4621e+01  5.4000e-01  7.0351e+11  1.0922e+00  1.4265e-01  2.0336e-02
  2.9286e+01  2.4621e+01  5.6000e-01  6.9969e+11  1.1100e+00  1.3321e-01  1.9355e-02
  2.9286e+01  2.4621e+01  5.8000e-01  6.7004e+11  1.1309e+00  1.2515e-01  1.9546e-02
  2.9286e+01  2.4621e+01  6.0000e-01  6.6934e+11  1.1527e+00  1.1673e-01  1.9328e-02
  2.9286e+01  3.0079e+01  1.0000e-02  5.6490e+11  1.2891e+00  2.0512e+00  2.1018e-01
  2.9286e+01  3.0079e+01  2.0000e-02  6.0737e+11  1.3066e+00  1.7123e+00  1.9606e-01
  2.9286e+01  3.0079e+01  4.0000e-02  8.0019e+11  1.3397e+00  1.2604e+00  1.5580e-01
  2.9286e+01  3.0079e+01  6.0000e-02  9.7707e+11  1.3467e+00  1.0659e+00  1.3254e-01
  2.9286e+01  3.0079e+01  8.0000e-02  1.0146e+12  1.3589e+00  9.3311e-01  1.2830e-01
  2.9286e+01  3.0079e+01  1.0000e-01  1.1905e+12  1.3481e+00  8.5881e-01  1.0971e-01
  2.9286e+01  3.0079e+01  1.2000e-01  1.2255e+12  1.3538e+00  8.1152e-01  1.1339e-01
  2.9286e+01  3.0079e+01  1.4000e-01  1.2978e+12  1.3574e+00  7.2136e-01  1.0800e-01
  2.9286e+01  3.0079e+01  1.6000e-01  2.1491e+12  1.3200e+00  6.3327e-01  7.0262e-02
  2.9286e+01  3.0079e+01  1.8000e-01  3.6067e+12  1.2784e+00  5.7138e-01  5.0107e-02
  2.9286e+01  3.0079e+01  2.0000e-01  4.8727e+12  1.2541e+00  5.1800e-01  4.3964e-02
  2.9286e+01  3.0079e+01  2.2000e-01  5.9442e+12  1.2384e+00  4.5214e-01  4.0597e-02
  2.9286e+01  3.0079e+01  2.4000e-01  4.9196e+12  1.2605e+00  3.7352e-01  4.1296e-02
  2.9286e+01  3.0079e+01  2.6000e-01  4.2367e+12  1.2781e+00  3.4216e-01  4.6928e-02
  2.9286e+01  3.0079e+01  2.8000e-01  4.7490e+12  1.2649e+00  3.2022e-01  5.0351e-02
  2.9286e+01  3.0079e+01  3.0000e-01  4.5874e+12  1.2590e+00  2.9830e-01  5.7916e-02
  2.9286e+01  3.0079e+01  3.2000e-01  4.1104e+12  1.2575e+00  2.7426e-01  6.8393e-02
  2.9286e+01  3.0079e+01  3.4000e-01  3.0434e+12  1.2737e+00  2.3257e-01  8.5768e-02
  2.9286e+01  3.0079e+01  3.6000e-01  3.4073e+12  1.3150e+00  9.3975e-02  7.3051e-02
  2.9286e+01  3.0079e+01  3.8000e-01  1.7783e+13  1.3085e+00  -2.1014e-01  1.9783e-02
  2.9286e+01  3.0079e+01  4.0000e-01  2.2253e+11  1.5508e+00  -8.7396e+00  2.6138e-01
  2.9286e+01  3.0079e+01  4.2000e-01  2.5491e+13  4.7223e-01  1.3378e-01  3.3000e-05
  2.9286e+01  3.0079e+01  4.4000e-01  2.3473e+11  6.1918e-01  1.5536e-01  5.3698e-06
  2.9286e+01  3.0079e+01  4.6000e-01  4.5544e+09  7.2783e-01  -5.7670e+00  -1.8447e-05
  2.9286e+01  3.0079e+01  4.8000e-01  5.2361e+176  -3.3669e+01  3.5455e-02  -1.6167e-01
  2.9286e+01  3.0079e+01  5.0000e-01  4.9301e+12  9.8411e-01  1.3430e-01  4.9860e-03
  2.9286e+01  3.0079e+01  5.2000e-01  6.0873e+11  1.0973e+00  1.5495e-01  2.2904e-02
  2.9286e+01  3.0079e+01  5.4000e-01  5.7709e+11  1.1107e+00  1.4525e-01  2.1324e-02
  2.9286e+01  3.0079e+01  5.6000e-01  5.5821e+11  1.1253e+00  1.3824e-01  2.0217e-02
  2.9286e+01  3.0079e+01  5.8000e-01  5.2539e+11  1.1425e+00  1.3198e-01  2.0043e-02
  2.9286e+01  3.0079e+01  6.0000e-01  5.0744e+11  1.1591e+00  1.2580e-01  1.9722e-02
  2.9286e+01  3.6747e+01  1.0000e-02  5.6323e+11  1.2903e+00  2.0959e+00  2.0910e-01
  2.9286e+01  3.6747e+01  2.0000e-02  6.3137e+11  1.3098e+00  1.7086e+00  1.8854e-01
  2.9286e+01  3.6747e+01  4.0000e-02  7.6435e+11  1.3350e+00  1.3118e+00  1.6137e-01
  2.9286e+01  3.6747e+01  6.0000e-02  9.2454e+11  1.3435e+00  1.0998e+00  1.3709e-01
  2.9286e+01  3.6747e+01  8.0000e-02  9.5547e+11  1.3560e+00  9.7825e-01  1.3637e-01
  2.9286e+01  3.6747e+01  1.0000e-01  1.1498e+12  1.3547e+00  8.5433e-01  1.1178e-01
  2.9286e+01  3.6747e+01  1.2000e-01  1.2975e+12  1.3547e+00  7.9971e-01  1.0514e-01
  2.9286e+01  3.6747e+01  1.4000e-01  1.2152e+12  1.3640e+00  7.4728e-01  1.1516e-01
  2.9286e+01  3.6747e+01  1.6000e-01  1.3712e+12  1.3523e+00  6.5773e-01  9.9078e-02
  2.9286e+01  3.6747e+01  1.8000e-01  2.3032e+12  1.3061e+00  5.9135e-01  6.4341e-02
  2.9286e+01  3.6747e+01  2.0000e-01  3.5025e+12  1.2695e+00  5.4065e-01  5.1965e-02
  2.9286e+01  3.6747e+01  2.2000e-01  4.3780e+12  1.2480e+00  4.9109e-01  4.8485e-02
  2.9286e+01  3.6747e+01  2.4000e-01  5.4054e+12  1.2300e+00  3.9448e-01  4.0472e-02
  2.9286e+01  3.6747e+01  2.6000e-01  3.2632e+12  1.2830e+00  3.5650e-01  4.7810e-02
  2.9286e+01  3.6747e+01  2.8000e-01  3.9290e+12  1.2665e+00  3.3650e-01  5.0865e-02
  2.9286e+01  3.6747e+01  3.0000e-01  4.1021e+12  1.2534e+00  3.2058e-01  5.7844e-02
  2.9286e+01  3.6747e+01  3.2000e-01  3.9246e+12  1.2441e+00  3.0405e-01  6.8461e-02
  2.9286e+01  3.6747e+01  3.4000e-01  3.4922e+12  1.2366e+00  2.7436e-01  8.6739e-02
  2.9286e+01  3.6747e+01  3.6000e-01  3.7225e+12  1.2706e+00  1.1768e-01  8.2375e-02
  2.9286e+01  3.6747e+01  3.8000e-01  1.6086e+14  1.1124e+00  7.1343e-02  3.4387e-03
  2.9286e+01  3.6747e+01  4.0000e-01  5.5229e+11  1.3710e+00  -6.7509e+00  2.1682e-01
  2.9286e+01  3.6747e+01  4.2000e-01  1.2592e+13  4.9091e-01  1.3437e-01  2.6845e-05
  2.9286e+01  3.6747e+01  4.4000e-01  1.6894e+11  6.4930e-01  1.5341e-01  9.6508e-06
  2.9286e+01  3.6747e+01  4.6000e-01  inf  -9.5420e+03  -2.1409e-02  -7.8047e-04
  2.9286e+01  3.6747e+01  4.8000e-01  4.0544e+12  7.5492e-01  1.7136e-01  7.9302e-05
  2.9286e+01  3.6747e+01  5.0000e-01  5.5272e+12  9.6398e-01  1.3839e-01  4.1727e-03
  2.9286e+01  3.6747e+01  5.2000e-01  4.9178e+11  1.1197e+00  1.5351e-01  2.3637e-02
  2.9286e+01  3.6747e+01  5.4000e-01  4.3623e+11  1.1348e+00  1.4647e-01  2.2827e-02
  2.9286e+01  3.6747e+01  5.6000e-01  4.1992e+11  1.1484e+00  1.3990e-01  2.1404e-02
  2.9286e+01  3.6747e+01  5.8000e-01  3.9342e+11  1.1602e+00  1.3568e-01  2.0671e-02
  2.9286e+01  3.6747e+01  6.0000e-01  3.6308e+11  1.1728e+00  1.3152e-01  2.0549e-02
  2.9286e+01  4.4893e+01  1.0000e-02  5.3208e+11  1.2885e+00  2.2052e+00  2.1715e-01
  2.9286e+01  4.4893e+01  2.0000e-02  6.0507e+11  1.3044e+00  1.7977e+00  1.9456e-01
  2.9286e+01  4.4893e+01  4.0000e-02  6.9141e+11  1.3245e+00  1.4147e+00  1.7401e-01
  2.9286e+01  4.4893e+01  6.0000e-02  8.5815e+11  1.3404e+00  1.1477e+00  1.4430e-01
  2.9286e+01  4.4893e+01  8.0000e-02  9.2638e+11  1.3514e+00  1.0231e+00  1.3973e-01
  2.9286e+01  4.4893e+01  1.0000e-01  1.0304e+12  1.3560e+00  8.9159e-01  1.2340e-01
  2.9286e+01  4.4893e+01  1.2000e-01  1.2087e+12  1.3535e+00  8.1757e-01  1.0878e-01
  2.9286e+01  4.4893e+01  1.4000e-01  1.2277e+12  1.3606e+00  7.6701e-01  1.1284e-01
  2.9286e+01  4.4893e+01  1.6000e-01  1.1880e+12  1.3704e+00  6.8777e-01  1.1605e-01
  2.9286e+01  4.4893e+01  1.8000e-01  1.5692e+12  1.3540e+00  5.9560e-01  8.7170e-02
  2.9286e+01  4.4893e+01  2.0000e-01  2.6083e+12  1.3158e+00  5.3577e-01  5.7520e-02
  2.9286e+01  4.4893e+01  2.2000e-01  3.7581e+12  1.2840e+00  4.9056e-01  4.7797e-02
  2.9286e+01  4.4893e+01  2.4000e-01  4.5430e+12  1.2685e+00  4.4459e-01  4.5483e-02
  2.9286e+01  4.4893e+01  2.6000e-01  7.4294e+12  1.2337e+00  3.5304e-01  3.3716e-02
  2.9286e+01  4.4893e+01  2.8000e-01  3.8167e+12  1.2996e+00  2.8410e-01  3.9153e-02
  2.9286e+01  4.4893e+01  3.0000e-01  3.7184e+12  1.3032e+00  2.5410e-01  4.5570e-02
  2.9286e+01  4.4893e+01  3.2000e-01  3.8438e+12  1.3001e+00  2.1931e-01  5.0288e-02
  2.9286e+01  4.4893e+01  3.4000e-01  4.4394e+12  1.2893e+00  1.7863e-01  5.1279e-02
  2.9286e+01  4.4893e+01  3.6000e-01  1.0263e+13  1.2468e+00  1.1689e-01  3.2166e-02
  2.9286e+01  4.4893e+01  3.8000e-01  1.4634e+14  1.1239e+00  8.9419e-02  4.0333e-03
  2.9286e+01  4.4893e+01  4.0000e-01  1.3324e+12  1.5066e+00  -7.6832e+00  1.0562e-01
  2.9286e+01  4.4893e+01  4.2000e-01  2.4198e+10  1.1799e+00  -2.0748e+01  3.5334e-01
  2.9286e+01  4.4893e+01  4.4000e-01  8.1507e+178  -3.4420e+01  8.0695e-02  -7.0524e-02
  2.9286e+01  4.4893e+01  4.6000e-01  inf  -9.4629e+03  -3.4715e-02  -8.6600e-04
  2.9286e+01  4.4893e+01  4.8000e-01  inf  -7.1902e+01  -4.7802e-02  -1.1954e-01
  2.9286e+01  4.4893e+01  5.0000e-01  6.5311e+12  9.3667e-01  1.4374e-01  3.2262e-03
  2.9286e+01  4.4893e+01  5.2000e-01  3.7706e+11  1.1446e+00  1.5009e-01  2.4120e-02
  2.9286e+01  4.4893e+01  5.4000e-01  3.0946e+11  1.1594e+00  1.4689e-01  2.4492e-02
  2.9286e+01  4.4893e+01  5.6000e-01  2.8990e+11  1.1738e+00  1.4047e-01  2.2862e-02
  2.9286e+01  4.4893e+01  5.8000e-01  2.6706e+11  1.1847e+00  1.3642e-01  2.2403e-02
  2.9286e+01  4.4893e+01  6.0000e-01  2.4601e+11  1.1927e+00  1.3366e-01  2.1599e-02
  2.9286e+01  5.4844e+01  1.0000e-02  4.9167e+11  1.2872e+00  2.3565e+00  2.2917e-01
  2.9286e+01  5.4844e+01  2.0000e-02  5.3546e+11  1.2924e+00  1.9777e+00  2.1462e-01
  2.9286e+01  5.4844e+01  4.0000e-02  6.9436e+11  1.3228e+00  1.4618e+00  1.7206e-01
  2.9286e+01  5.4844e+01  6.0000e-02  7.9309e+11  1.3367e+00  1.2135e+00  1.5304e-01
  2.9286e+01  5.4844e+01  8.0000e-02  8.8702e+11  1.3457e+00  1.0754e+00  1.4317e-01
  2.9286e+01  5.4844e+01  1.0000e-01  9.4391e+11  1.3548e+00  9.4198e-01  1.3384e-01
  2.9286e+01  5.4844e+01  1.2000e-01  1.1047e+12  1.3530e+00  8.4801e-01  1.1593e-01
  2.9286e+01  5.4844e+01  1.4000e-01  1.1715e+12  1.3572e+00  7.9240e-01  1.1519e-01
  2.9286e+01  5.4844e+01  1.6000e-01  1.1379e+12  1.3674e+00  7.2319e-01  1.2097e-01
  2.9286e+01  5.4844e+01  1.8000e-01  1.2586e+12  1.3662e+00  6.2421e-01  1.0671e-01
  2.9286e+01  5.4844e+01  2.0000e-01  1.8908e+12  1.3348e+00  5.5443e-01  7.3211e-02
  2.9286e+01  5.4844e+01  2.2000e-01  2.8519e+12  1.3018e+00  5.0516e-01  5.5017e-02
  2.9286e+01  5.4844e+01  2.4000e-01  3.8200e+12  1.2794e+00  4.6243e-01  4.8351e-02
  2.9286e+01  5.4844e+01  2.6000e-01  4.6914e+12  1.2677e+00  4.1616e-01  4.4497e-02
  2.9286e+01  5.4844e+01  2.8000e-01  7.6114e+12  1.2344e+00  3.1620e-01  3.2814e-02
  2.9286e+01  5.4844e+01  3.0000e-01  3.9507e+12  1.3062e+00  2.3915e-01  3.7004e-02
  2.9286e+01  5.4844e+01  3.2000e-01  3.5455e+12  1.3212e+00  2.0170e-01  4.4192e-02
  2.9286e+01  5.4844e+01  3.4000e-01  4.1928e+12  1.3252e+00  1.5259e-01  4.3785e-02
  2.9286e+01  5.4844e+01  3.6000e-01  9.8095e+12  1.2591e+00  1.1738e-01  2.9466e-02
  2.9286e+01  5.4844e+01  3.8000e-01  1.0995e+14  1.1888e+00  8.6319e-02  4.3920e-03
  2.9286e+01  5.4844e+01  4.0000e-01  5.1495e+12  1.2579e+00  -5.5515e-01  4.3347e-02
  2.9286e+01  5.4844e+01  4.2000e-01  1.0210e+14  3.9378e-01  1.6043e-01  3.9176e-06
  2.9286e+01  5.4844e+01  4.4000e-01  3.7427e+11  6.6383e-01  1.5221e-01  4.7050e-06
  2.9286e+01  5.4844e+01  4.6000e-01  1.5062e+10  1.1828e+00  1.3919e-01  7.0953e-04
  2.9286e+01  5.4844e+01  4.8000e-01  2.9022e+11  9.7420e-01  1.6025e-01  4.9374e-04
  2.9286e+01  5.4844e+01  5.0000e-01  8.4069e+12  9.0325e-01  1.5006e-01  2.2079e-03
  2.9286e+01  5.4844e+01  5.2000e-01  2.6798e+11  1.1674e+00  1.4735e-01  2.4626e-02
  2.9286e+01  5.4844e+01  5.4000e-01  2.0547e+11  1.1857e+00  1.4538e-01  2.5776e-02
  2.9286e+01  5.4844e+01  5.6000e-01  1.9398e+11  1.1960e+00  1.4002e-01  2.3974e-02
  2.9286e+01  5.4844e+01  5.8000e-01  1.7019e+11  1.2061e+00  1.3732e-01  2.3801e-02
  2.9286e+01  5.4844e+01  6.0000e-01  1.4799e+11  1.2182e+00  1.3418e-01  2.3856e-02
  2.9286e+01  6.7002e+01  1.0000e-02  4.6417e+11  1.2885e+00  2.5124e+00  2.3753e-01
  2.9286e+01  6.7002e+01  2.0000e-02  5.2688e+11  1.2971e+00  2.0551e+00  2.1409e-01
  2.9286e+01  6.7002e+01  4.0000e-02  6.5269e+11  1.3184e+00  1.5595e+00  1.7896e-01
  2.9286e+01  6.7002e+01  6.0000e-02  7.4606e+11  1.3329e+00  1.2944e+00  1.6044e-01
  2.9286e+01  6.7002e+01  8.0000e-02  8.4672e+11  1.3410e+00  1.1321e+00  1.4610e-01
  2.9286e+01  6.7002e+01  1.0000e-01  8.8463e+11  1.3517e+00  1.0030e+00  1.4139e-01
  2.9286e+01  6.7002e+01  1.2000e-01  1.0033e+12  1.3530e+00  8.9022e-01  1.2465e-01
  2.9286e+01  6.7002e+01  1.4000e-01  1.1061e+12  1.3545e+00  8.2390e-01  1.1840e-01
  2.9286e+01  6.7002e+01  1.6000e-01  1.0936e+12  1.3634e+00  7.6081e-01  1.2394e-01
  2.9286e+01  6.7002e+01  1.8000e-01  1.1131e+12  1.3696e+00  6.6197e-01  1.1965e-01
  2.9286e+01  6.7002e+01  2.0000e-01  1.5198e+12  1.3480e+00  5.7602e-01  8.7738e-02
  2.9286e+01  6.7002e+01  2.2000e-01  2.3337e+12  1.3134e+00  5.2222e-01  6.2195e-02
  2.9286e+01  6.7002e+01  2.4000e-01  3.2374e+12  1.2873e+00  4.7869e-01  5.2288e-02
  2.9286e+01  6.7002e+01  2.6000e-01  3.9924e+12  1.2706e+00  4.3838e-01  4.8386e-02
  2.9286e+01  6.7002e+01  2.8000e-01  4.3186e+12  1.2714e+00  3.7445e-01  4.7364e-02
  2.9286e+01  6.7002e+01  3.0000e-01  5.0906e+12  1.2761e+00  2.5689e-01  3.0687e-02
  2.9286e+01  6.7002e+01  3.2000e-01  3.3204e+12  1.3228e+00  2.0872e-01  4.1900e-02
  2.9286e+01  6.7002e+01  3.4000e-01  3.5701e+12  1.3298e+00  1.6572e-01  4.4930e-02
  2.9286e+01  6.7002e+01  3.6000e-01  7.3003e+12  1.2907e+00  1.2010e-01  3.1831e-02
  2.9286e+01  6.7002e+01  3.8000e-01  2.7542e+13  1.2355e+00  8.6460e-02  1.2554e-02
  2.9286e+01  6.7002e+01  4.0000e-01  1.3892e+13  1.2346e+00  -1.1509e-01  1.8534e-02
  2.9286e+01  6.7002e+01  4.2000e-01  5.3445e+13  5.8021e-01  1.2591e-01  1.1408e-03
  2.9286e+01  6.7002e+01  4.4000e-01  7.5284e+11  6.3946e-01  1.4694e-01  2.8456e-05
  2.9286e+01  6.7002e+01  4.6000e-01  1.4975e+11  5.7759e-01  3.6295e-01  3.0537e-07
  2.9286e+01  6.7002e+01  4.8000e-01  1.0548e+11  1.0455e+00  1.6396e-01  7.6788e-04
  2.9286e+01  6.7002e+01  5.0000e-01  9.7637e+12  8.7340e-01  1.5733e-01  1.6652e-03
  2.9286e+01  6.7002e+01  5.2000e-01  1.9923e+11  1.1856e+00  1.4229e-01  2.3608e-02
  2.9286e+01  6.7002e+01  5.4000e-01  1.3499e+11  1.2069e+00  1.4312e-01  2.6605e-02
  2.9286e+01  6.7002e+01  5.6000e-01  1.1895e+11  1.2222e+00  1.3786e-01  2.6032e-02
  2.9286e+01  6.7002e+01  5.8000e-01  1.0676e+11  1.2291e+00  1.3521e-01  2.5230e-02
  2.9286e+01  6.7002e+01  6.0000e-01  9.5559e+10  1.2392e+00  1.3137e-01  2.4715e-02
  2.9286e+01  8.1855e+01  1.0000e-02  4.5339e+11  1.2878e+00  2.6813e+00  2.4165e-01
  2.9286e+01  8.1855e+01  2.0000e-02  4.7724e+11  1.2934e+00  2.2438e+00  2.2988e-01
  2.9286e+01  8.1855e+01  4.0000e-02  5.9986e+11  1.3143e+00  1.6899e+00  1.8935e-01
  2.9286e+01  8.1855e+01  6.0000e-02  7.0406e+11  1.3287e+00  1.3925e+00  1.6683e-01
  2.9286e+01  8.1855e+01  8.0000e-02  7.9770e+11  1.3375e+00  1.2009e+00  1.5047e-01
  2.9286e+01  8.1855e+01  1.0000e-01  8.4734e+11  1.3470e+00  1.0710e+00  1.4526e-01
  2.9286e+01  8.1855e+01  1.2000e-01  9.1822e+11  1.3527e+00  9.4541e-01  1.3325e-01
  2.9286e+01  8.1855e+01  1.4000e-01  1.0288e+12  1.3532e+00  8.6339e-01  1.2252e-01
  2.9286e+01  8.1855e+01  1.6000e-01  1.0547e+12  1.3596e+00  8.0086e-01  1.2518e-01
  2.9286e+01  8.1855e+01  1.8000e-01  1.0313e+12  1.3694e+00  7.1040e-01  1.2770e-01
  2.9286e+01  8.1855e+01  2.0000e-01  1.2436e+12  1.3599e+00  6.0809e-01  1.0402e-01
  2.9286e+01  8.1855e+01  2.2000e-01  1.8964e+12  1.3264e+00  5.4460e-01  7.1755e-02
  2.9286e+01  8.1855e+01  2.4000e-01  2.7425e+12  1.2966e+00  4.9840e-01  5.6473e-02
  2.9286e+01  8.1855e+01  2.6000e-01  3.5038e+12  1.2771e+00  4.5863e-01  5.0922e-02
  2.9286e+01  8.1855e+01  2.8000e-01  3.9968e+12  1.2681e+00  4.1744e-01  4.8925e-02
  2.9286e+01  8.1855e+01  3.0000e-01  6.8795e+12  1.2349e+00  3.0208e-01  3.4245e-02
  2.9286e+01  8.1855e+01  3.2000e-01  3.2673e+12  1.3184e+00  2.2184e-01  3.8591e-02
  2.9286e+01  8.1855e+01  3.4000e-01  3.0228e+12  1.3325e+00  1.8579e-01  4.5732e-02
  2.9286e+01  8.1855e+01  3.6000e-01  4.9450e+12  1.3187e+00  1.3068e-01  3.7102e-02
  2.9286e+01  8.1855e+01  3.8000e-01  7.7144e+12  1.2660e+00  1.0220e-01  3.1022e-02
  2.9286e+01  8.1855e+01  4.0000e-01  7.0684e+13  1.1896e+00  6.2729e-02  4.8721e-03
  2.9286e+01  8.1855e+01  4.2000e-01  2.6277e+12  1.3101e+00  -1.8790e+00  6.0084e-02
  2.9286e+01  8.1855e+01  4.4000e-01  4.0780e+13  4.4415e-01  1.5754e-01  2.1828e-06
  2.9286e+01  8.1855e+01  4.6000e-01  2.0969e+09  1.3119e+00  1.4702e-01  1.9777e-03
  2.9286e+01  8.1855e+01  4.8000e-01  2.7309e+10  1.1686e+00  1.5793e-01  1.4217e-03
  2.9286e+01  8.1855e+01  5.0000e-01  1.0355e+13  8.5176e-01  1.6320e-01  1.4019e-03
  2.9286e+01  8.1855e+01  5.2000e-01  1.3778e+11  1.1983e+00  1.4004e-01  2.2981e-02
  2.9286e+01  8.1855e+01  5.4000e-01  9.1542e+10  1.2262e+00  1.3830e-01  2.6321e-02
  2.9286e+01  8.1855e+01  5.6000e-01  7.8585e+10  1.2373e+00  1.3511e-01  2.6365e-02
  2.9286e+01  8.1855e+01  5.8000e-01  7.4292e+10  1.2466e+00  1.2958e-01  2.4959e-02
  2.9286e+01  8.1855e+01  6.0000e-01  6.5356e+10  1.2520e+00  1.2794e-01  2.4917e-02
  2.9286e+01  1.0000e+02  1.0000e-02  4.4244e+11  1.2830e+00  2.8839e+00  2.4915e-01
  2.9286e+01  1.0000e+02  2.0000e-02  4.4627e+11  1.2895e+00  2.4497e+00  2.4214e-01
  2.9286e+01  1.0000e+02  4.0000e-02  5.4498e+11  1.3103e+00  1.8553e+00  2.0192e-01
  2.9286e+01  1.0000e+02  6.0000e-02  6.4781e+11  1.3246e+00  1.5164e+00  1.7507e-01
  2.9286e+01  1.0000e+02  8.0000e-02  7.3512e+11  1.3348e+00  1.2937e+00  1.5765e-01
  2.9286e+01  1.0000e+02  1.0000e-01  7.9005e+11  1.3406e+00  1.1600e+00  1.5068e-01
  2.9286e+01  1.0000e+02  1.2000e-01  8.4867e+11  1.3510e+00  1.0181e+00  1.4112e-01
  2.9286e+01  1.0000e+02  1.4000e-01  9.4695e+11  1.3524e+00  9.1482e-01  1.2749e-01
  2.9286e+01  1.0000e+02  1.6000e-01  1.0092e+12  1.3560e+00  8.4706e-01  1.2532e-01
  2.9286e+01  1.0000e+02  1.8000e-01  9.8980e+11  1.3656e+00  7.6908e-01  1.3070e-01
  2.9286e+01  1.0000e+02  2.0000e-01  1.0472e+12  1.3686e+00  6.5834e-01  1.2045e-01
  2.9286e+01  1.0000e+02  2.2000e-01  1.4702e+12  1.3435e+00  5.7648e-01  8.6977e-02
  2.9286e+01  1.0000e+02  2.4000e-01  2.2250e+12  1.3097e+00  5.2512e-01  6.2983e-02
  2.9286e+01  1.0000e+02  2.6000e-01  2.9927e+12  1.2858e+00  4.8348e-01  5.3870e-02
  2.9286e+01  1.0000e+02  2.8000e-01  3.6058e+12  1.2712e+00  4.4567e-01  5.0055e-02
  2.9286e+01  1.0000e+02  3.0000e-01  3.8421e+12  1.2747e+00  3.7071e-01  4.8344e-02
  2.9286e+01  1.0000e+02  3.2000e-01  4.4452e+12  1.2800e+00  2.5239e-01  3.1504e-02
  2.9286e+01  1.0000e+02  3.4000e-01  2.7875e+12  1.3301e+00  2.0536e-01  4.3375e-02
  2.9286e+01  1.0000e+02  3.6000e-01  3.1828e+12  1.3331e+00  1.5743e-01  4.4853e-02
  2.9286e+01  1.0000e+02  3.8000e-01  5.2004e+12  1.2935e+00  1.1862e-01  3.6514e-02
  2.9286e+01  1.0000e+02  4.0000e-01  9.7957e+13  1.2215e+00  8.4978e-02  3.8109e-03
  2.9286e+01  1.0000e+02  4.2000e-01  7.6692e+12  1.2656e+00  -2.3195e-01  2.3647e-02
  2.9286e+01  1.0000e+02  4.4000e-01  9.9368e+13  4.8498e-01  1.4438e-01  6.9290e-05
  2.9286e+01  1.0000e+02  4.6000e-01  2.3235e+11  5.2738e-01  4.6141e-01  1.6750e-08
  2.9286e+01  1.0000e+02  4.8000e-01  1.3626e+10  1.1992e+00  1.6008e-01  1.7283e-03
  2.9286e+01  1.0000e+02  5.0000e-01  9.5848e+12  8.4946e-01  1.6335e-01  1.4206e-03
  2.9286e+01  1.0000e+02  5.2000e-01  9.4282e+10  1.2044e+00  1.3947e-01  2.2060e-02
  2.9286e+01  1.0000e+02  5.4000e-01  6.3778e+10  1.2374e+00  1.3423e-01  2.5452e-02
  2.9286e+01  1.0000e+02  5.6000e-01  5.5306e+10  1.2541e+00  1.2900e-01  2.5290e-02
  2.9286e+01  1.0000e+02  5.8000e-01  4.6150e+10  1.2627e+00  1.2702e-01  2.6510e-02
  2.9286e+01  1.0000e+02  6.0000e-01  4.3784e+10  1.2662e+00  1.2389e-01  2.5007e-02
  2.9286e+01  1.5000e+02  1.0000e-02  4.0783e+11  1.2630e+00  3.3990e+00  2.7855e-01
  2.9286e+01  1.5000e+02  2.0000e-02  4.3900e+11  1.2828e+00  2.8507e+00  2.5024e-01
  2.9286e+01  1.5000e+02  4.0000e-02  4.4741e+11  1.2949e+00  2.3307e+00  2.3566e-01
  2.9286e+01  1.5000e+02  6.0000e-02  5.0779e+11  1.3137e+00  1.9099e+00  2.0614e-01
  2.9286e+01  1.5000e+02  8.0000e-02  5.7989e+11  1.3268e+00  1.6133e+00  1.8237e-01
  2.9286e+01  1.5000e+02  1.0000e-01  6.4822e+11  1.3356e+00  1.3971e+00  1.6539e-01
  2.9286e+01  1.5000e+02  1.2000e-01  7.2232e+11  1.3416e+00  1.2367e+00  1.5187e-01
  2.9286e+01  1.5000e+02  1.4000e-01  7.5583e+11  1.3497e+00  1.1057e+00  1.4656e-01
  2.9286e+01  1.5000e+02  1.6000e-01  8.2398e+11  1.3529e+00  9.8760e-01  1.3390e-01
  2.9286e+01  1.5000e+02  1.8000e-01  9.0945e+11  1.3535e+00  9.0964e-01  1.2592e-01
  2.9286e+01  1.5000e+02  2.0000e-01  9.0331e+11  1.3613e+00  8.3797e-01  1.3097e-01
  2.9286e+01  1.5000e+02  2.2000e-01  8.9151e+11  1.3702e+00  7.2881e-01  1.3029e-01
  2.9286e+01  1.5000e+02  2.4000e-01  1.0907e+12  1.3583e+00  6.2700e-01  1.0448e-01
  2.9286e+01  1.5000e+02  2.6000e-01  1.6271e+12  1.3254e+00  5.6685e-01  7.3422e-02
  2.9286e+01  1.5000e+02  2.8000e-01  2.3059e+12  1.2961e+00  5.2440e-01  5.7988e-02
  2.9286e+01  1.5000e+02  3.0000e-01  2.8703e+12  1.2779e+00  4.8655e-01  5.2246e-02
  2.9286e+01  1.5000e+02  3.2000e-01  3.1515e+12  1.2723e+00  4.4047e-01  5.0438e-02
  2.9286e+01  1.5000e+02  3.4000e-01  5.2259e+12  1.2400e+00  3.2011e-01  3.5406e-02
  2.9286e+01  1.5000e+02  3.6000e-01  2.4051e+12  1.3218e+00  2.3146e-01  3.9452e-02
  2.9286e+01  1.5000e+02  3.8000e-01  2.0043e+12  1.3403e+00  1.9396e-01  4.8254e-02
  2.9286e+01  1.5000e+02  4.0000e-01  2.7918e+12  1.3223e+00  1.4135e-01  4.3232e-02
  2.9286e+01  1.5000e+02  4.2000e-01  5.1169e+12  1.2652e+00  1.0527e-01  3.1598e-02
  2.9286e+01  1.5000e+02  4.4000e-01  8.2550e+13  1.1634e+00  8.5012e-02  2.6549e-03
  2.9286e+01  1.5000e+02  4.6000e-01  1.2725e+12  1.2294e+00  -2.5306e+00  7.3783e-02
  2.9286e+01  1.5000e+02  4.8000e-01  6.1586e+11  8.1245e-01  1.6242e-01  3.2055e-04
  2.9286e+01  1.5000e+02  5.0000e-01  4.5840e+12  8.4012e-01  1.8231e-01  1.6886e-03
  2.9286e+01  1.5000e+02  5.2000e-01  4.3282e+10  1.2194e+00  1.3126e-01  2.1354e-02
  2.9286e+01  1.5000e+02  5.4000e-01  3.3848e+10  1.2442e+00  1.2730e-01  2.2589e-02
  2.9286e+01  1.5000e+02  5.6000e-01  2.8084e+10  1.2678e+00  1.2032e-01  2.3729e-02
  2.9286e+01  1.5000e+02  5.8000e-01  2.4525e+10  1.2724e+00  1.1924e-01  2.4222e-02
  2.9286e+01  1.5000e+02  6.0000e-01  2.3685e+10  1.2745e+00  1.1503e-01  2.3844e-02
  2.9286e+01  2.0000e+02  1.0000e-02  3.9497e+11  1.2518e+00  3.7426e+00  2.9278e-01
  2.9286e+01  2.0000e+02  2.0000e-02  4.2234e+11  1.2710e+00  3.2052e+00  2.6554e-01
  2.9286e+01  2.0000e+02  4.0000e-02  4.2437e+11  1.2842e+00  2.6965e+00  2.5052e-01
  2.9286e+01  2.0000e+02  6.0000e-02  4.4368e+11  1.2984e+00  2.3048e+00  2.3101e-01
  2.9286e+01  2.0000e+02  8.0000e-02  4.8037e+11  1.3142e+00  1.9760e+00  2.0881e-01
  2.9286e+01  2.0000e+02  1.0000e-01  5.2557e+11  1.3266e+00  1.7126e+00  1.8921e-01
  2.9286e+01  2.0000e+02  1.2000e-01  5.7072e+11  1.3358e+00  1.5050e+00  1.7403e-01
  2.9286e+01  2.0000e+02  1.4000e-01  6.2255e+11  1.3417e+00  1.3373e+00  1.5997e-01
  2.9286e+01  2.0000e+02  1.6000e-01  6.6088e+11  1.3477e+00  1.2062e+00  1.5238e-01
  2.9286e+01  2.0000e+02  1.8000e-01  6.9287e+11  1.3536e+00  1.0805e+00  1.4368e-01
  2.9286e+01  2.0000e+02  2.0000e-01  7.7113e+11  1.3533e+00  9.8255e-01  1.2982e-01
  2.9286e+01  2.0000e+02  2.2000e-01  8.1688e+11  1.3552e+00  9.1617e-01  1.2711e-01
  2.9286e+01  2.0000e+02  2.4000e-01  7.9560e+11  1.3649e+00  8.3013e-01  1.3190e-01
  2.9286e+01  2.0000e+02  2.6000e-01  8.0410e+11  1.3694e+00  7.1719e-01  1.2512e-01
  2.9286e+01  2.0000e+02  2.8000e-01  1.0293e+12  1.3511e+00  6.3079e-01  9.6063e-02
  2.9286e+01  2.0000e+02  3.0000e-01  1.5144e+12  1.3174e+00  5.8099e-01  6.8687e-02
  2.9286e+01  2.0000e+02  3.2000e-01  2.0257e+12  1.2916e+00  5.4249e-01  5.6543e-02
  2.9286e+01  2.0000e+02  3.4000e-01  2.4226e+12  1.2755e+00  5.0542e-01  5.1600e-02
  2.9286e+01  2.0000e+02  3.6000e-01  2.4851e+12  1.2756e+00  4.3625e-01  4.9849e-02
  2.9286e+01  2.0000e+02  3.8000e-01  4.1855e+12  1.2377e+00  3.0856e-01  3.3391e-02
  2.9286e+01  2.0000e+02  4.0000e-01  1.5712e+12  1.3286e+00  2.3525e-01  4.3407e-02
  2.9286e+01  2.0000e+02  4.2000e-01  1.2645e+12  1.3442e+00  1.9449e-01  5.1957e-02
  2.9286e+01  2.0000e+02  4.4000e-01  1.8691e+12  1.3077e+00  1.4216e-01  4.3477e-02
  2.9286e+01  2.0000e+02  4.6000e-01  5.3494e+12  1.2267e+00  1.0141e-01  1.9949e-02
  2.9286e+01  2.0000e+02  4.8000e-01  2.7283e+13  1.0070e+00  9.9845e-02  2.0791e-03
  2.9286e+01  2.0000e+02  5.0000e-01  1.0048e+12  8.8858e-01  1.8636e-01  3.5226e-03
  2.9286e+01  2.0000e+02  5.2000e-01  2.7850e+10  1.2171e+00  1.2622e-01  2.0324e-02
  2.9286e+01  2.0000e+02  5.4000e-01  2.2430e+10  1.2444e+00  1.2026e-01  2.1024e-02
  2.9286e+01  2.0000e+02  5.6000e-01  1.9724e+10  1.2503e+00  1.1791e-01  2.2206e-02
  2.9286e+01  2.0000e+02  5.8000e-01  2.0571e+10  1.2574e+00  1.1153e-01  2.1253e-02
  2.9286e+01  2.0000e+02  6.0000e-01  inf  -6.6947e+03  -2.6555e+00  -1.8900e-02
  2.9286e+01  2.5000e+02  1.0000e-02  3.7593e+11  1.2430e+00  4.0444e+00  3.0821e-01
  2.9286e+01  2.5000e+02  2.0000e-02  4.0884e+11  1.2618e+00  3.4818e+00  2.7704e-01
  2.9286e+01  2.5000e+02  4.0000e-02  4.2034e+11  1.2784e+00  2.9588e+00  2.5641e-01
  2.9286e+01  2.5000e+02  6.0000e-02  4.1795e+11  1.2873e+00  2.6255e+00  2.4635e-01
  2.9286e+01  2.5000e+02  8.0000e-02  4.3364e+11  1.3007e+00  2.3109e+00  2.2854e-01
  2.9286e+01  2.5000e+02  1.0000e-01  4.5482e+11  1.3138e+00  2.0401e+00  2.1136e-01
  2.9286e+01  2.5000e+02  1.2000e-01  4.8200e+11  1.3252e+00  1.8057e+00  1.9500e-01
  2.9286e+01  2.5000e+02  1.4000e-01  5.1037e+11  1.3343e+00  1.6103e+00  1.8145e-01
  2.9286e+01  2.5000e+02  1.6000e-01  5.3748e+11  1.3412e+00  1.4426e+00  1.6933e-01
  2.9286e+01  2.5000e+02  1.8000e-01  5.6756e+11  1.3461e+00  1.3099e+00  1.5974e-01
  2.9286e+01  2.5000e+02  2.0000e-01  5.8342e+11  1.3525e+00  1.1897e+00  1.5367e-01
  2.9286e+01  2.5000e+02  2.2000e-01  6.2408e+11  1.3548e+00  1.0756e+00  1.4079e-01
  2.9286e+01  2.5000e+02  2.4000e-01  6.9200e+11  1.3534e+00  9.9194e-01  1.2771e-01
  2.9286e+01  2.5000e+02  2.6000e-01  7.0708e+11  1.3558e+00  9.3108e-01  1.2776e-01
  2.9286e+01  2.5000e+02  2.8000e-01  6.6708e+11  1.3655e+00  8.4383e-01  1.3294e-01
  2.9286e+01  2.5000e+02  3.0000e-01  6.7697e+11  1.3687e+00  7.3445e-01  1.2333e-01
  2.9286e+01  2.5000e+02  3.2000e-01  8.5033e+11  1.3497e+00  6.5663e-01  9.5034e-02
  2.9286e+01  2.5000e+02  3.4000e-01  1.2097e+12  1.3166e+00  6.1181e-01  6.8782e-02
  2.9286e+01  2.5000e+02  3.6000e-01  1.5630e+12  1.2913e+00  5.7552e-01  5.6804e-02
  2.9286e+01  2.5000e+02  3.8000e-01  1.7818e+12  1.2757e+00  5.3623e-01  5.2138e-02
  2.9286e+01  2.5000e+02  4.0000e-01  1.7203e+12  1.2767e+00  4.5583e-01  5.0083e-02
  2.9286e+01  2.5000e+02  4.2000e-01  2.5927e+12  1.2400e+00  3.2710e-01  3.5248e-02
  2.9286e+01  2.5000e+02  4.4000e-01  9.1560e+11  1.3261e+00  2.4967e-01  4.5843e-02
  2.9286e+01  2.5000e+02  4.6000e-01  6.1142e+11  1.3458e+00  2.0053e-01  5.5027e-02
  2.9286e+01  2.5000e+02  4.8000e-01  8.3341e+11  1.2839e+00  1.3456e-01  4.0735e-02
  2.9286e+01  2.5000e+02  5.0000e-01  3.6520e+11  9.2212e-01  1.8470e-01  4.0916e-03
  2.9286e+01  2.5000e+02  5.2000e-01  1.9216e+10  1.2098e+00  1.2561e-01  1.9432e-02
  2.9286e+01  2.5000e+02  5.4000e-01  1.6725e+10  1.2325e+00  1.2000e-01  1.9085e-02
  2.9286e+01  2.5000e+02  5.6000e-01  1.4157e+10  1.0083e+00  1.1220e+00  1.4079e-02
  2.9286e+01  2.5000e+02  5.8000e-01  inf  -6.3191e+03  -1.7694e+00  -1.2992e-02
  2.9286e+01  2.5000e+02  6.0000e-01  inf  -5.9923e+03  -1.5988e+00  -1.2593e-02
  2.9286e+01  3.0000e+02  1.0000e-02  3.5635e+11  1.2380e+00  4.3051e+00  3.2222e-01
  2.9286e+01  3.0000e+02  2.0000e-02  3.9298e+11  1.2550e+00  3.7177e+00  2.8801e-01
  2.9286e+01  3.0000e+02  4.0000e-02  4.1193e+11  1.2721e+00  3.1842e+00  2.6338e-01
  2.9286e+01  3.0000e+02  6.0000e-02  4.0956e+11  1.2807e+00  2.8677e+00  2.5333e-01
  2.9286e+01  3.0000e+02  8.0000e-02  4.0948e+11  1.2903e+00  2.5914e+00  2.4231e-01
  2.9286e+01  3.0000e+02  1.0000e-01  4.1722e+11  1.3019e+00  2.3328e+00  2.2820e-01
  2.9286e+01  3.0000e+02  1.2000e-01  4.2932e+11  1.3132e+00  2.1009e+00  2.1387e-01
  2.9286e+01  3.0000e+02  1.4000e-01  4.4317e+11  1.3235e+00  1.8910e+00  2.0037e-01
  2.9286e+01  3.0000e+02  1.6000e-01  4.5872e+11  1.3321e+00  1.7092e+00  1.8849e-01
  2.9286e+01  3.0000e+02  1.8000e-01  4.7374e+11  1.3393e+00  1.5478e+00  1.7754e-01
  2.9286e+01  3.0000e+02  2.0000e-01  4.9390e+11  1.3442e+00  1.4119e+00  1.6654e-01
  2.9286e+01  3.0000e+02  2.2000e-01  5.0125e+11  1.3498e+00  1.2995e+00  1.6094e-01
  2.9286e+01  3.0000e+02  2.4000e-01  5.0745e+11  1.3552e+00  1.1874e+00  1.5397e-01
  2.9286e+01  3.0000e+02  2.6000e-01  5.4418e+11  1.3550e+00  1.0859e+00  1.3901e-01
  2.9286e+01  3.0000e+02  2.8000e-01  5.8898e+11  1.3526e+00  1.0147e+00  1.2764e-01
  2.9286e+01  3.0000e+02  3.0000e-01  5.8599e+11  1.3556e+00  9.5535e-01  1.2835e-01
  2.9286e+01  3.0000e+02  3.2000e-01  5.4037e+11  1.3650e+00  8.7302e-01  1.3310e-01
  2.9286e+01  3.0000e+02  3.4000e-01  5.2934e+11  1.3684e+00  7.7234e-01  1.2458e-01
  2.9286e+01  3.0000e+02  3.6000e-01  6.2128e+11  1.3523e+00  6.9917e-01  9.8848e-02
  2.9286e+01  3.0000e+02  3.8000e-01  8.4051e+11  1.3197e+00  6.5710e-01  7.2119e-02
  2.9286e+01  3.0000e+02  4.0000e-01  1.0376e+12  1.2932e+00  6.2248e-01  5.8950e-02
  2.9286e+01  3.0000e+02  4.2000e-01  1.1112e+12  1.2769e+00  5.7833e-01  5.3754e-02
  2.9286e+01  3.0000e+02  4.4000e-01  9.6553e+11  1.2781e+00  4.9031e-01  5.1414e-02
  2.9286e+01  3.0000e+02  4.6000e-01  1.1848e+12  1.2431e+00  3.4754e-01  3.7570e-02
  2.9286e+01  3.0000e+02  4.8000e-01  2.7822e+11  1.3342e+00  2.5644e-01  5.3474e-02
  2.9286e+01  3.0000e+02  5.0000e-01  2.6528e+11  9.1770e-01  1.7708e-01  3.2169e-03
  2.9286e+01  3.0000e+02  5.2000e-01  1.4807e+10  1.2101e+00  1.2192e-01  1.7949e-02
  2.9286e+01  3.0000e+02  5.4000e-01  1.2134e+10  1.2190e+00  1.2154e-01  1.9210e-02
  2.9286e+01  3.0000e+02  5.6000e-01  1.0823e+10  1.2436e+00  1.1328e-01  1.9199e-02
  2.9286e+01  3.0000e+02  5.8000e-01  inf  -6.1147e+03  -9.6839e-01  -7.2609e-03
  2.9286e+01  3.0000e+02  6.0000e-01  inf  -6.2572e+03  -1.1472e+00  -8.4312e-03
  3.9811e+01  3.3246e+00  1.0000e-02  4.7668e+11  1.3051e+00  7.0843e+00  1.8539e-01
  3.9811e+01  3.3246e+00  2.0000e-02  4.4404e+11  1.3129e+00  6.7094e+00  1.9146e-01
  3.9811e+01  3.3246e+00  4.0000e-02  4.0149e+11  1.3177e+00  6.0372e+00  2.0427e-01
  3.9811e+01  3.3246e+00  6.0000e-02  4.5929e+11  1.3008e+00  5.5261e+00  1.9192e-01
  3.9811e+01  3.3246e+00  8.0000e-02  4.5409e+11  1.3020e+00  4.9736e+00  1.9401e-01
  3.9811e+01  3.3246e+00  1.0000e-01  5.9671e+11  1.2829e+00  4.5216e+00  1.6277e-01
  3.9811e+01  3.3246e+00  1.2000e-01  3.9205e+11  1.3225e+00  4.2625e+00  2.0928e-01
  3.9811e+01  3.3246e+00  1.4000e-01  5.4097e+11  1.3152e+00  3.0460e+00  1.7057e-01
  3.9811e+01  3.3246e+00  1.6000e-01  6.8902e+11  1.3028e+00  2.5882e+00  1.4397e-01
  3.9811e+01  3.3246e+00  1.8000e-01  9.0408e+11  1.2838e+00  2.2632e+00  1.1916e-01
  3.9811e+01  3.3246e+00  2.0000e-01  1.4598e+12  1.2526e+00  1.9299e+00  8.9548e-02
  3.9811e+01  3.3246e+00  2.2000e-01  1.9406e+12  1.2316e+00  1.5916e+00  8.0505e-02
  3.9811e+01  3.3246e+00  2.4000e-01  2.2111e+12  1.2438e+00  1.2720e+00  7.8151e-02
  3.9811e+01  3.3246e+00  2.6000e-01  2.2736e+12  1.2528e+00  1.0115e+00  8.2904e-02
  3.9811e+01  3.3246e+00  2.8000e-01  1.8801e+12  1.2431e+00  8.5559e-01  1.0635e-01
  3.9811e+01  3.3246e+00  3.0000e-01  1.5901e+12  1.2494e+00  7.2785e-01  1.2754e-01
  3.9811e+01  3.3246e+00  3.2000e-01  9.4263e+11  1.2988e+00  5.1839e-01  1.6721e-01
  3.9811e+01  3.3246e+00  3.4000e-01  8.5973e+11  1.3463e+00  2.7137e-01  1.7264e-01
  3.9811e+01  3.3246e+00  3.6000e-01  1.7200e+12  1.3636e+00  8.9252e-02  9.5308e-02
  3.9811e+01  3.3246e+00  3.8000e-01  7.4156e+12  1.5028e+00  -7.1581e-01  3.1871e-02
  3.9811e+01  3.3246e+00  4.0000e-01  7.5511e+11  1.5737e+00  -5.4308e+00  1.1802e-01
  3.9811e+01  3.3246e+00  4.2000e-01  1.0677e+12  1.1233e+00  -4.0379e+00  7.3299e-02
  3.9811e+01  3.3246e+00  4.4000e-01  1.7526e+13  5.6948e-01  1.4616e-01  9.1113e-06
  3.9811e+01  3.3246e+00  4.6000e-01  6.6921e+48  -8.1377e+00  1.8108e-01  -2.3061e-02
  3.9811e+01  3.3246e+00  4.8000e-01  2.7565e+10  4.5808e-01  -6.6556e+00  -9.8182e-05
  3.9811e+01  3.3246e+00  5.0000e-01  4.3402e+12  1.0045e+00  1.4407e-01  5.9033e-03
  3.9811e+01  3.3246e+00  5.2000e-01  1.9907e+11  1.1201e+00  7.6034e-01  2.4348e-01
  3.9811e+01  3.3246e+00  5.4000e-01  1.4616e+12  1.0596e+00  7.4699e-01  1.0559e-01
  3.9811e+01  3.3246e+00  5.6000e-01  2.6217e+12  1.0432e+00  7.7486e-01  8.1414e-02
  3.9811e+01  3.3246e+00  5.8000e-01  4.0607e+12  1.0747e+00  7.3473e-01  5.7729e-02
  3.9811e+01  3.3246e+00  6.0000e-01  2.7810e+12  1.1443e+00  7.8574e-01  7.7611e-02
  3.9811e+01  4.0616e+00  1.0000e-02  5.7402e+11  1.2970e+00  6.2675e+00  1.6619e-01
  3.9811e+01  4.0616e+00  2.0000e-02  5.6410e+11  1.2970e+00  5.8941e+00  1.6803e-01
  3.9811e+01  4.0616e+00  4.0000e-02  5.6144e+11  1.2996e+00  5.2864e+00  1.6755e-01
  3.9811e+01  4.0616e+00  6.0000e-02  5.6163e+11  1.2942e+00  4.8196e+00  1.6901e-01
  3.9811e+01  4.0616e+00  8.0000e-02  6.0600e+11  1.3007e+00  4.2800e+00  1.5794e-01
  3.9811e+01  4.0616e+00  1.0000e-01  6.8084e+11  1.2959e+00  3.8487e+00  1.4728e-01
  3.9811e+01  4.0616e+00  1.2000e-01  6.0325e+11  1.3101e+00  3.4396e+00  1.6037e-01
  3.9811e+01  4.0616e+00  1.4000e-01  5.4586e+11  1.3318e+00  2.6670e+00  1.5578e-01
  3.9811e+01  4.0616e+00  1.6000e-01  7.5132e+11  1.3157e+00  2.1236e+00  1.2875e-01
  3.9811e+01  4.0616e+00  1.8000e-01  9.5797e+11  1.2939e+00  1.8187e+00  1.1429e-01
  3.9811e+01  4.0616e+00  2.0000e-01  1.5566e+12  1.2533e+00  1.5446e+00  9.0333e-02
  3.9811e+01  4.0616e+00  2.2000e-01  2.0134e+12  1.2356e+00  1.3076e+00  8.0639e-02
  3.9811e+01  4.0616e+00  2.4000e-01  2.3192e+12  1.2188e+00  1.0818e+00  8.0239e-02
  3.9811e+01  4.0616e+00  2.6000e-01  2.4102e+12  1.2233e+00  8.7726e-01  8.4489e-02
  3.9811e+01  4.0616e+00  2.8000e-01  2.0849e+12  1.2319e+00  7.3443e-01  1.0013e-01
  3.9811e+01  4.0616e+00  3.0000e-01  1.6436e+12  1.2587e+00  6.2445e-01  1.1915e-01
  3.9811e+01  4.0616e+00  3.2000e-01  1.3157e+12  1.3122e+00  4.0752e-01  1.3262e-01
  3.9811e+01  4.0616e+00  3.4000e-01  1.3839e+12  1.3351e+00  2.3629e-01  1.1935e-01
  3.9811e+01  4.0616e+00  3.6000e-01  2.2642e+12  1.3583e+00  8.8443e-02  8.0745e-02
  3.9811e+01  4.0616e+00  3.8000e-01  9.3779e+12  1.4997e+00  -7.1009e-01  2.8278e-02
  3.9811e+01  4.0616e+00  4.0000e-01  6.9740e+11  1.5790e+00  -5.7437e+00  1.2617e-01
  3.9811e+01  4.0616e+00  4.2000e-01  9.6449e+11  1.1220e+00  -3.9322e+00  8.0659e-02
  3.9811e+01  4.0616e+00  4.4000e-01  1.7547e+13  5.6682e-01  1.5025e-01  8.0813e-06
  3.9811e+01  4.0616e+00  4.6000e-01  2.1753e+08  6.7177e-01  -1.4162e+00  -9.6851e-08
  3.9811e+01  4.0616e+00  4.8000e-01  5.3975e+52  -8.5621e+00  2.0679e-01  -4.7185e-02
  3.9811e+01  4.0616e+00  5.0000e-01  4.3505e+12  1.0083e+00  1.4599e-01  6.2010e-03
  3.9811e+01  4.0616e+00  5.2000e-01  2.5504e+11  1.0610e+00  8.6329e-01  1.7982e-01
  3.9811e+01  4.0616e+00  5.4000e-01  4.1383e+11  1.1067e+00  7.7241e-01  2.1872e-01
  3.9811e+01  4.0616e+00  5.6000e-01  1.3756e+12  1.0688e+00  7.3546e-01  1.2045e-01
  3.9811e+01  4.0616e+00  5.8000e-01  2.6361e+12  1.0459e+00  7.3749e-01  7.9856e-02
  3.9811e+01  4.0616e+00  6.0000e-01  3.4891e+12  1.0721e+00  7.0315e-01  6.2986e-02
  3.9811e+01  4.9619e+00  1.0000e-02  6.8315e+11  1.2872e+00  5.3283e+00  1.4897e-01
  3.9811e+01  4.9619e+00  2.0000e-02  6.9261e+11  1.2882e+00  5.0155e+00  1.4735e-01
  3.9811e+01  4.9619e+00  4.0000e-02  6.9224e+11  1.2905e+00  4.5067e+00  1.4723e-01
  3.9811e+01  4.9619e+00  6.0000e-02  7.0560e+11  1.2882e+00  4.0725e+00  1.4678e-01
  3.9811e+01  4.9619e+00  8.0000e-02  7.4260e+11  1.3002e+00  3.5133e+00  1.3665e-01
  3.9811e+01  4.9619e+00  1.0000e-01  9.1229e+11  1.2889e+00  3.1377e+00  1.2379e-01
  3.9811e+01  4.9619e+00  1.2000e-01  6.4627e+11  1.3238e+00  2.7433e+00  1.5061e-01
  3.9811e+01  4.9619e+00  1.4000e-01  6.1647e+11  1.3380e+00  2.2034e+00  1.4312e-01
  3.9811e+01  4.9619e+00  1.6000e-01  8.4421e+11  1.3194e+00  1.7724e+00  1.1794e-01
  3.9811e+01  4.9619e+00  1.8000e-01  1.0764e+12  1.3048e+00  1.4776e+00  1.0449e-01
  3.9811e+01  4.9619e+00  2.0000e-01  1.4138e+12  1.2855e+00  1.2478e+00  9.1698e-02
  3.9811e+01  4.9619e+00  2.2000e-01  2.0409e+12  1.2503e+00  1.0718e+00  7.7123e-02
  3.9811e+01  4.9619e+00  2.4000e-01  2.8390e+12  1.2117e+00  8.9770e-01  6.8237e-02
  3.9811e+01  4.9619e+00  2.6000e-01  2.7202e+12  1.2176e+00  7.3084e-01  7.7642e-02
  3.9811e+01  4.9619e+00  2.8000e-01  2.8313e+12  1.2480e+00  5.1086e-01  7.6283e-02
  3.9811e+01  4.9619e+00  3.0000e-01  2.1386e+12  1.2865e+00  4.3469e-01  9.1781e-02
  3.9811e+01  4.9619e+00  3.2000e-01  1.7239e+12  1.3178e+00  3.1025e-01  1.1446e-01
  3.9811e+01  4.9619e+00  3.4000e-01  2.1682e+12  1.3138e+00  2.2069e-01  9.0203e-02
  3.9811e+01  4.9619e+00  3.6000e-01  2.7470e+12  1.3566e+00  8.7154e-02  7.1878e-02
  3.9811e+01  4.9619e+00  3.8000e-01  7.1308e+13  1.3109e+00  4.1319e-02  6.0617e-03
  3.9811e+01  4.9619e+00  4.0000e-01  3.4596e+12  1.4917e+00  -2.2585e+00  4.4033e-02
  3.9811e+01  4.9619e+00  4.2000e-01  3.8974e+13  7.2389e-01  1.3917e-01  6.0290e-04
  3.9811e+01  4.9619e+00  4.4000e-01  1.6058e+13  5.6567e-01  1.5497e-01  8.2258e-06
  3.9811e+01  4.9619e+00  4.6000e-01  1.2013e+08  6.8295e-01  -1.8238e+00  -7.7286e-06
  3.9811e+01  4.9619e+00  4.8000e-01  7.5906e+68  -1.1759e+01  1.9573e-01  -9.3659e-02
  3.9811e+01  4.9619e+00  5.0000e-01  4.2726e+12  1.0148e+00  1.4637e-01  6.4920e-03
  3.9811e+01  4.9619e+00  5.2000e-01  2.9710e+11  1.0300e+00  7.5453e-01  1.1407e-01
  3.9811e+01  4.9619e+00  5.4000e-01  3.6358e+11  1.0673e+00  9.2384e-01  2.0826e-01
  3.9811e+01  4.9619e+00  5.6000e-01  4.6877e+11  1.1175e+00  7.4605e-01  2.1181e-01
  3.9811e+01  4.9619e+00  5.8000e-01  8.7746e+11  1.0908e+00  7.3820e-01  1.6632e-01
  3.9811e+01  4.9619e+00  6.0000e-01  1.9847e+12  1.0682e+00  6.7244e-01  9.4548e-02
  3.9811e+01  6.0619e+00  1.0000e-02  8.1088e+11  1.2838e+00  4.3213e+00  1.3654e-01
  3.9811e+01  6.0619e+00  2.0000e-02  8.1469e+11  1.2875e+00  4.0422e+00  1.3529e-01
  3.9811e+01  6.0619e+00  4.0000e-02  8.0828e+11  1.2924e+00  3.5875e+00  1.3443e-01
  3.9811e+01  6.0619e+00  6.0000e-02  7.6688e+11  1.3065e+00  3.1704e+00  1.3699e-01
  3.9811e+01  6.0619e+00  8.0000e-02  8.7869e+11  1.3062e+00  2.7313e+00  1.2194e-01
  3.9811e+01  6.0619e+00  1.0000e-01  9.3939e+11  1.3080e+00  2.4228e+00  1.2413e-01
  3.9811e+01  6.0619e+00  1.2000e-01  7.4493e+11  1.3369e+00  2.0566e+00  1.5619e-01
  3.9811e+01  6.0619e+00  1.4000e-01  8.6083e+11  1.3325e+00  1.6743e+00  1.2463e-01
  3.9811e+01  6.0619e+00  1.6000e-01  1.1315e+12  1.3160e+00  1.3860e+00  9.8070e-02
  3.9811e+01  6.0619e+00  1.8000e-01  1.4239e+12  1.3007e+00  1.1765e+00  8.7922e-02
  3.9811e+01  6.0619e+00  2.0000e-01  1.8166e+12  1.2768e+00  1.0187e+00  8.1280e-02
  3.9811e+01  6.0619e+00  2.2000e-01  2.3955e+12  1.2458e+00  8.7106e-01  7.2639e-02
  3.9811e+01  6.0619e+00  2.4000e-01  3.6608e+12  1.2074e+00  7.3736e-01  5.9057e-02
  3.9811e+01  6.0619e+00  2.6000e-01  3.1784e+12  1.2331e+00  6.1242e-01  6.9891e-02
  3.9811e+01  6.0619e+00  2.8000e-01  3.0996e+12  1.2704e+00  4.4149e-01  6.9572e-02
  3.9811e+01  6.0619e+00  3.0000e-01  2.3603e+12  1.2991e+00  3.7946e-01  8.9470e-02
  3.9811e+01  6.0619e+00  3.2000e-01  1.6968e+12  1.3107e+00  3.3381e-01  1.1192e-01
  3.9811e+01  6.0619e+00  3.4000e-01  2.0182e+12  1.3052e+00  2.6096e-01  9.7552e-02
  3.9811e+01  6.0619e+00  3.6000e-01  1.6897e+12  1.3406e+00  1.5402e-01  1.0804e-01
  3.9811e+01  6.0619e+00  3.8000e-01  7.2788e+13  1.3060e+00  4.5643e-02  6.0439e-03
  3.9811e+01  6.0619e+00  4.0000e-01  3.0875e+12  1.4907e+00  -2.2754e+00  4.7094e-02
  3.9811e+01  6.0619e+00  4.2000e-01  4.1297e+13  7.2401e-01  1.3822e-01  5.6817e-04
  3.9811e+01  6.0619e+00  4.4000e-01  4.0204e+13  6.2936e-01  1.8839e-01  3.6574e-06
  3.9811e+01  6.0619e+00  4.6000e-01  4.1134e+10  1.2056e+00  2.0866e-01  9.5032e-07
  3.9811e+01  6.0619e+00  4.8000e-01  3.6404e+14  4.2642e-01  3.2706e-01  1.6266e-10
  3.9811e+01  6.0619e+00  5.0000e-01  6.4399e+12  1.0641e+00  1.6202e-01  4.7466e-03
  3.9811e+01  6.0619e+00  5.2000e-01  6.6696e+12  1.1546e+00  1.1469e-01  6.4484e-03
  3.9811e+01  6.0619e+00  5.4000e-01  2.6842e+11  1.0742e+00  8.2021e-01  1.6328e-01
  3.9811e+01  6.0619e+00  5.6000e-01  4.1562e+11  1.0777e+00  9.0240e-01  2.0242e-01
  3.9811e+01  6.0619e+00  5.8000e-01  7.2619e+11  1.0493e+00  9.4331e-01  1.9217e-01
  3.9811e+01  6.0619e+00  6.0000e-01  9.3975e+11  1.0312e+00  9.4892e-01  1.8132e-01
  3.9811e+01  7.4057e+00  1.0000e-02  8.1487e+11  1.2985e+00  3.3398e+00  1.5199e-01
  3.9811e+01  7.4057e+00  2.0000e-02  8.4806e+11  1.3015e+00  3.1096e+00  1.4761e-01
  3.9811e+01  7.4057e+00  4.0000e-02  9.1164e+11  1.3027e+00  2.7279e+00  1.4052e-01
  3.9811e+01  7.4057e+00  6.0000e-02  8.0257e+11  1.3244e+00  2.4044e+00  1.5956e-01
  3.9811e+01  7.4057e+00  8.0000e-02  1.1066e+12  1.3095e+00  2.0405e+00  1.1597e-01
  3.9811e+01  7.4057e+00  1.0000e-01  1.1377e+12  1.3154e+00  1.8256e+00  1.2090e-01
  3.9811e+01  7.4057e+00  1.2000e-01  7.5048e+11  1.3583e+00  1.5967e+00  1.7287e-01
  3.9811e+01  7.4057e+00  1.4000e-01  7.9599e+11  1.3612e+00  1.2990e+00  1.4577e-01
  3.9811e+01  7.4057e+00  1.6000e-01  1.3513e+12  1.3161e+00  1.1169e+00  8.9952e-02
  3.9811e+01  7.4057e+00  1.8000e-01  1.7202e+12  1.2945e+00  9.9209e-01  7.8732e-02
  3.9811e+01  7.4057e+00  2.0000e-01  1.9700e+12  1.2790e+00  8.8195e-01  7.7159e-02
  3.9811e+01  7.4057e+00  2.2000e-01  3.3755e+12  1.2278e+00  7.4230e-01  6.0339e-02
  3.9811e+01  7.4057e+00  2.4000e-01  4.0270e+12  1.2216e+00  6.2250e-01  5.7362e-02
  3.9811e+01  7.4057e+00  2.6000e-01  3.2972e+12  1.2512e+00  5.4561e-01  6.7611e-02
  3.9811e+01  7.4057e+00  2.8000e-01  2.4025e+12  1.2821e+00  4.9584e-01  8.6275e-02
  3.9811e+01  7.4057e+00  3.0000e-01  1.7816e+12  1.3119e+00  3.9194e-01  1.1188e-01
  3.9811e+01  7.4057e+00  3.2000e-01  2.4518e+12  1.2903e+00  3.1370e-01  8.9045e-02
  3.9811e+01  7.4057e+00  3.4000e-01  2.2615e+12  1.3025e+00  2.5427e-01  9.1336e-02
  3.9811e+01  7.4057e+00  3.6000e-01  1.7824e+12  1.3369e+00  1.5774e-01  1.0600e-01
  3.9811e+01  7.4057e+00  3.8000e-01  8.3629e+13  1.2973e+00  5.2722e-02  5.4792e-03
  3.9811e+01  7.4057e+00  4.0000e-01  3.6191e+12  1.4816e+00  -2.1040e+00  4.1597e-02
  3.9811e+01  7.4057e+00  4.2000e-01  4.0852e+13  7.3031e-01  1.3658e-01  6.1423e-04
  3.9811e+01  7.4057e+00  4.4000e-01  4.2752e+13  6.2596e-01  1.8483e-01  2.5494e-06
  3.9811e+01  7.4057e+00  4.6000e-01  3.5942e+10  1.3145e+00  2.0246e-01  3.4757e-06
  3.9811e+01  7.4057e+00  4.8000e-01  3.4333e+14  4.4050e-01  3.3258e-01  5.6798e-10
  3.9811e+01  7.4057e+00  5.0000e-01  5.9323e+12  1.0648e+00  1.5997e-01  5.0922e-03
  3.9811e+01  7.4057e+00  5.2000e-01  3.8280e+12  1.1345e+00  1.1911e-01  8.4156e-03
  3.9811e+01  7.4057e+00  5.4000e-01  3.8922e+11  1.0618e+00  7.7012e-01  9.2754e-02
  3.9811e+01  7.4057e+00  5.6000e-01  4.4046e+11  1.0778e+00  8.8069e-01  1.3465e-01
  3.9811e+01  7.4057e+00  5.8000e-01  7.0397e+11  1.0609e+00  9.5418e-01  1.4391e-01
  3.9811e+01  7.4057e+00  6.0000e-01  1.0922e+12  1.0393e+00  9.8757e-01  1.3394e-01
  3.9811e+01  9.0474e+00  1.0000e-02  7.2116e+11  1.3249e+00  2.5332e+00  1.7910e-01
  3.9811e+01  9.0474e+00  2.0000e-02  7.4093e+11  1.3288e+00  2.3481e+00  1.7511e-01
  3.9811e+01  9.0474e+00  4.0000e-02  8.5786e+11  1.3398e+00  2.0081e+00  1.5482e-01
  3.9811e+01  9.0474e+00  6.0000e-02  8.2026e+11  1.3496e+00  1.7857e+00  1.6532e-01
  3.9811e+01  9.0474e+00  8.0000e-02  1.0504e+12  1.3382e+00  1.5374e+00  1.2772e-01
  3.9811e+01  9.0474e+00  1.0000e-01  1.0974e+12  1.3364e+00  1.4163e+00  1.3001e-01
  3.9811e+01  9.0474e+00  1.2000e-01  7.2813e+11  1.3691e+00  1.2729e+00  1.8519e-01
  3.9811e+01  9.0474e+00  1.4000e-01  8.6746e+11  1.3586e+00  1.0587e+00  1.4303e-01
  3.9811e+01  9.0474e+00  1.6000e-01  1.5652e+12  1.3074e+00  9.5349e-01  8.2416e-02
  3.9811e+01  9.0474e+00  1.8000e-01  1.9684e+12  1.2914e+00  8.6894e-01  7.3496e-02
  3.9811e+01  9.0474e+00  2.0000e-01  2.6432e+12  1.2634e+00  7.7319e-01  6.5697e-02
  3.9811e+01  9.0474e+00  2.2000e-01  4.4836e+12  1.2170e+00  6.4956e-01  5.2485e-02
  3.9811e+01  9.0474e+00  2.4000e-01  4.1057e+12  1.2382e+00  5.5932e-01  5.6711e-02
  3.9811e+01  9.0474e+00  2.6000e-01  3.2656e+12  1.2646e+00  5.0994e-01  6.8358e-02
  3.9811e+01  9.0474e+00  2.8000e-01  2.4088e+12  1.2912e+00  4.5894e-01  8.9110e-02
  3.9811e+01  9.0474e+00  3.0000e-01  2.1270e+12  1.3068e+00  3.5005e-01  9.7073e-02
  3.9811e+01  9.0474e+00  3.2000e-01  2.7299e+12  1.2880e+00  3.0353e-01  8.2254e-02
  3.9811e+01  9.0474e+00  3.4000e-01  2.4214e+12  1.2992e+00  2.5410e-01  8.8493e-02
  3.9811e+01  9.0474e+00  3.6000e-01  1.8240e+12  1.3344e+00  1.6175e-01  1.0568e-01
  3.9811e+01  9.0474e+00  3.8000e-01  6.5137e+13  1.2882e+00  5.9126e-02  6.6962e-03
  3.9811e+01  9.0474e+00  4.0000e-01  3.7783e+12  1.4737e+00  -1.9105e+00  3.9248e-02
  3.9811e+01  9.0474e+00  4.2000e-01  4.0755e+13  7.3997e-01  1.3382e-01  6.7782e-04
  3.9811e+01  9.0474e+00  4.4000e-01  4.5232e+13  6.2531e-01  1.8663e-01  1.7325e-06
  3.9811e+01  9.0474e+00  4.6000e-01  1.0496e+11  1.2459e+00  2.0593e-01  3.9295e-06
  3.9811e+01  9.0474e+00  4.8000e-01  6.5846e+85  -1.5156e+01  2.2578e-01  -2.0609e-01
  3.9811e+01  9.0474e+00  5.0000e-01  5.3984e+12  1.0622e+00  1.5837e-01  5.4930e-03
  3.9811e+01  9.0474e+00  5.2000e-01  2.7740e+12  1.1142e+00  1.2735e-01  9.6842e-03
  3.9811e+01  9.0474e+00  5.4000e-01  3.8784e+11  1.0353e+00  6.7260e-01  7.1078e-02
  3.9811e+01  9.0474e+00  5.6000e-01  3.3599e+11  1.0689e+00  7.8089e-01  1.0797e-01
  3.9811e+01  9.0474e+00  5.8000e-01  3.5317e+11  1.0888e+00  8.3861e-01  1.4286e-01
  3.9811e+01  9.0474e+00  6.0000e-01  4.3378e+11  1.0918e+00  8.8008e-01  1.6515e-01
  3.9811e+01  1.1053e+01  1.0000e-02  7.2094e+11  1.3257e+00  2.1119e+00  1.8237e-01
  3.9811e+01  1.1053e+01  2.0000e-02  7.8605e+11  1.3341e+00  1.9260e+00  1.6933e-01
  3.9811e+01  1.1053e+01  4.0000e-02  9.3489e+11  1.3397e+00  1.6718e+00  1.4588e-01
  3.9811e+01  1.1053e+01  6.0000e-02  8.3452e+11  1.3488e+00  1.5450e+00  1.6208e-01
  3.9811e+01  1.1053e+01  8.0000e-02  1.0315e+12  1.3365e+00  1.3644e+00  1.3295e-01
  3.9811e+01  1.1053e+01  1.0000e-01  1.0510e+12  1.3401e+00  1.2519e+00  1.3420e-01
  3.9811e+01  1.1053e+01  1.2000e-01  8.0000e+11  1.3712e+00  1.1024e+00  1.6741e-01
  3.9811e+01  1.1053e+01  1.4000e-01  1.3252e+12  1.3349e+00  9.3751e-01  1.0272e-01
  3.9811e+01  1.1053e+01  1.6000e-01  2.1743e+12  1.2941e+00  8.5350e-01  6.8235e-02
  3.9811e+01  1.1053e+01  1.8000e-01  2.8342e+12  1.2689e+00  7.9110e-01  6.1951e-02
  3.9811e+01  1.1053e+01  2.0000e-01  4.0855e+12  1.2345e+00  6.8735e-01  5.2089e-02
  3.9811e+01  1.1053e+01  2.2000e-01  4.9116e+12  1.2248e+00  5.8716e-01  4.9625e-02
  3.9811e+01  1.1053e+01  2.4000e-01  4.0939e+12  1.2496e+00  5.2689e-01  5.6926e-02
  3.9811e+01  1.1053e+01  2.6000e-01  3.3270e+12  1.2693e+00  4.8709e-01  6.9337e-02
  3.9811e+01  1.1053e+01  2.8000e-01  2.5458e+12  1.2918e+00  4.2894e-01  8.9288e-02
  3.9811e+01  1.1053e+01  3.0000e-01  2.4567e+12  1.2983e+00  3.3910e-01  8.7495e-02
  3.9811e+01  1.1053e+01  3.2000e-01  2.8761e+12  1.2858e+00  3.0206e-01  7.9700e-02
  3.9811e+01  1.1053e+01  3.4000e-01  2.4998e+12  1.2962e+00  2.5727e-01  8.7902e-02
  3.9811e+01  1.1053e+01  3.6000e-01  1.8413e+12  1.3312e+00  1.6692e-01  1.0624e-01
  3.9811e+01  1.1053e+01  3.8000e-01  9.3547e+13  1.2783e+00  6.4642e-02  5.0692e-03
  3.9811e+01  1.1053e+01  4.0000e-01  3.1876e+12  1.4714e+00  -1.8543e+00  4.2519e-02
  3.9811e+01  1.1053e+01  4.2000e-01  4.1827e+13  7.3902e-01  1.3287e-01  6.7362e-04
  3.9811e+01  1.1053e+01  4.4000e-01  4.1809e+13  6.2346e-01  1.8736e-01  1.0837e-06
  3.9811e+01  1.1053e+01  4.6000e-01  2.4963e+13  6.9686e-01  2.4563e-01  7.0650e-10
  3.9811e+01  1.1053e+01  4.8000e-01  2.6915e+88  -1.5687e+01  2.1755e-01  -2.1784e-01
  3.9811e+01  1.1053e+01  5.0000e-01  5.4379e+12  1.0528e+00  1.6150e-01  5.3694e-03
  3.9811e+01  1.1053e+01  5.2000e-01  2.3931e+12  1.1037e+00  1.3500e-01  1.0153e-02
  3.9811e+01  1.1053e+01  5.4000e-01  3.4599e+11  1.0413e+00  5.2102e-01  6.4924e-02
  3.9811e+01  1.1053e+01  5.6000e-01  3.3502e+11  1.0457e+00  7.0162e-01  8.0578e-02
  3.9811e+01  1.1053e+01  5.8000e-01  2.9860e+11  1.0738e+00  7.6236e-01  1.0974e-01
  3.9811e+01  1.1053e+01  6.0000e-01  2.9492e+11  1.0952e+00  7.9628e-01  1.3793e-01
  3.9811e+01  1.3503e+01  1.0000e-02  6.6574e+11  1.3170e+00  1.9820e+00  1.9055e-01
  3.9811e+01  1.3503e+01  2.0000e-02  7.3158e+11  1.3298e+00  1.7580e+00  1.7505e-01
  3.9811e+01  1.3503e+01  4.0000e-02  8.3316e+11  1.3362e+00  1.5348e+00  1.5633e-01
  3.9811e+01  1.3503e+01  6.0000e-02  8.0435e+11  1.3493e+00  1.4024e+00  1.6301e-01
  3.9811e+01  1.3503e+01  8.0000e-02  1.1348e+12  1.3307e+00  1.2483e+00  1.1952e-01
  3.9811e+01  1.3503e+01  1.0000e-01  9.8398e+11  1.3501e+00  1.1688e+00  1.4177e-01
  3.9811e+01  1.3503e+01  1.2000e-01  9.0747e+11  1.3685e+00  1.0007e+00  1.5015e-01
  3.9811e+01  1.3503e+01  1.4000e-01  1.6138e+12  1.3226e+00  8.8112e-01  8.8461e-02
  3.9811e+01  1.3503e+01  1.6000e-01  2.7219e+12  1.2786e+00  8.0181e-01  6.1281e-02
  3.9811e+01  1.3503e+01  1.8000e-01  3.6214e+12  1.2540e+00  7.3741e-01  5.4793e-02
  3.9811e+01  1.3503e+01  2.0000e-01  5.1548e+12  1.2242e+00  6.3337e-01  4.5471e-02
  3.9811e+01  1.3503e+01  2.2000e-01  4.9177e+12  1.2342e+00  5.5426e-01  4.9287e-02
  3.9811e+01  1.3503e+01  2.4000e-01  4.1549e+12  1.2537e+00  5.0778e-01  5.7105e-02
  3.9811e+01  1.3503e+01  2.6000e-01  3.5018e+12  1.2687e+00  4.6981e-01  6.8810e-02
  3.9811e+01  1.3503e+01  2.8000e-01  2.7593e+12  1.2876e+00  4.1193e-01  8.6052e-02
  3.9811e+01  1.3503e+01  3.0000e-01  2.6337e+12  1.2937e+00  3.3674e-01  8.3557e-02
  3.9811e+01  1.3503e+01  3.2000e-01  2.9225e+12  1.2844e+00  3.0445e-01  7.9000e-02
  3.9811e+01  1.3503e+01  3.4000e-01  2.5195e+12  1.2936e+00  2.6193e-01  8.8495e-02
  3.9811e+01  1.3503e+01  3.6000e-01  1.8338e+12  1.3292e+00  1.7013e-01  1.0708e-01
  3.9811e+01  1.3503e+01  3.8000e-01  5.3512e+13  1.2653e+00  6.9012e-02  7.8934e-03
  3.9811e+01  1.3503e+01  4.0000e-01  2.5096e+12  1.4832e+00  -1.9377e+00  4.7875e-02
  3.9811e+01  1.3503e+01  4.2000e-01  3.5225e+13  7.2458e-01  1.3368e-01  8.3009e-04
  3.9811e+01  1.3503e+01  4.4000e-01  1.2354e+13  6.9289e-01  1.8110e-01  5.3022e-06
  3.9811e+01  1.3503e+01  4.6000e-01  4.1487e+09  9.3940e-01  -1.4754e+00  -4.3426e-06
  3.9811e+01  1.3503e+01  4.8000e-01  4.2907e+13  7.7221e-01  1.8325e-01  2.3014e-05
  3.9811e+01  1.3503e+01  5.0000e-01  5.5543e+12  1.0506e+00  1.6130e-01  5.1997e-03
  3.9811e+01  1.3503e+01  5.2000e-01  2.1628e+12  1.1043e+00  1.4083e-01  1.0520e-02
  3.9811e+01  1.3503e+01  5.4000e-01  1.7008e+12  1.1275e+00  1.3239e-01  1.3561e-02
  3.9811e+01  1.3503e+01  5.6000e-01  3.3608e+11  1.0356e+00  6.0249e-01  6.4351e-02
  3.9811e+01  1.3503e+01  5.8000e-01  3.0269e+11  1.0545e+00  6.8515e-01  8.0859e-02
  3.9811e+01  1.3503e+01  6.0000e-01  2.7366e+11  1.0771e+00  7.2774e-01  1.0203e-01
  3.9811e+01  1.6496e+01  1.0000e-02  6.5040e+11  1.2988e+00  2.0131e+00  1.9303e-01
  3.9811e+01  1.6496e+01  2.0000e-02  6.6541e+11  1.3190e+00  1.7444e+00  1.8646e-01
  3.9811e+01  1.6496e+01  4.0000e-02  8.1888e+11  1.3367e+00  1.4282e+00  1.5650e-01
  3.9811e+01  1.6496e+01  6.0000e-02  8.7330e+11  1.3458e+00  1.2983e+00  1.5107e-01
  3.9811e+01  1.6496e+01  8.0000e-02  1.1343e+12  1.3348e+00  1.1580e+00  1.1906e-01
  3.9811e+01  1.6496e+01  1.0000e-01  1.0504e+12  1.3475e+00  1.1030e+00  1.3408e-01
  3.9811e+01  1.6496e+01  1.2000e-01  9.9504e+11  1.3616e+00  9.5441e-01  1.3734e-01
  3.9811e+01  1.6496e+01  1.4000e-01  1.7366e+12  1.3198e+00  8.4071e-01  8.5345e-02
  3.9811e+01  1.6496e+01  1.6000e-01  3.0459e+12  1.2727e+00  7.6744e-01  5.7966e-02
  3.9811e+01  1.6496e+01  1.8000e-01  4.0902e+12  1.2482e+00  6.9830e-01  5.1172e-02
  3.9811e+01  1.6496e+01  2.0000e-01  5.3737e+12  1.2256e+00  6.0428e-01  4.4057e-02
  3.9811e+01  1.6496e+01  2.2000e-01  4.9740e+12  1.2391e+00  5.3245e-01  4.8404e-02
  3.9811e+01  1.6496e+01  2.4000e-01  4.2790e+12  1.2551e+00  4.8974e-01  5.6039e-02
  3.9811e+01  1.6496e+01  2.6000e-01  3.7401e+12  1.2659e+00  4.5297e-01  6.6228e-02
  3.9811e+01  1.6496e+01  2.8000e-01  3.0989e+12  1.2804e+00  4.0159e-01  7.9579e-02
  3.9811e+01  1.6496e+01  3.0000e-01  2.7299e+12  1.2915e+00  3.3537e-01  8.1889e-02
  3.9811e+01  1.6496e+01  3.2000e-01  2.7927e+12  1.2884e+00  3.0445e-01  8.0165e-02
  3.9811e+01  1.6496e+01  3.4000e-01  2.3921e+12  1.2972e+00  2.6307e-01  9.0681e-02
  3.9811e+01  1.6496e+01  3.6000e-01  1.7847e+12  1.3319e+00  1.6582e-01  1.0780e-01
  3.9811e+01  1.6496e+01  3.8000e-01  7.2381e+13  1.2556e+00  6.9027e-02  6.1795e-03
  3.9811e+01  1.6496e+01  4.0000e-01  1.7605e+12  1.5054e+00  -2.4378e+00  5.8100e-02
  3.9811e+01  1.6496e+01  4.2000e-01  3.2379e+13  7.0483e-01  1.3539e-01  8.8356e-04
  3.9811e+01  1.6496e+01  4.4000e-01  4.6504e+12  7.3772e-01  1.8086e-01  5.0433e-06
  3.9811e+01  1.6496e+01  4.6000e-01  6.6683e+12  8.0573e-01  2.3610e-01  1.7389e-07
  3.9811e+01  1.6496e+01  4.8000e-01  5.6682e+13  6.3629e-01  2.6290e-01  2.3108e-06
  3.9811e+01  1.6496e+01  5.0000e-01  5.7721e+12  1.0483e+00  1.6154e-01  4.9383e-03
  3.9811e+01  1.6496e+01  5.2000e-01  1.9681e+12  1.1134e+00  1.4424e-01  1.0919e-02
  3.9811e+01  1.6496e+01  5.4000e-01  1.6602e+12  1.1173e+00  1.4343e-01  1.2403e-02
  3.9811e+01  1.6496e+01  5.6000e-01  1.4213e+12  1.1498e+00  1.3038e-01  1.5059e-02
  3.9811e+01  1.6496e+01  5.8000e-01  2.9137e+11  1.0535e+00  5.7794e-01  6.5849e-02
  3.9811e+01  1.6496e+01  6.0000e-01  2.7179e+11  1.0647e+00  6.4499e-01  7.6770e-02
  3.9811e+01  2.0153e+01  1.0000e-02  6.1853e+11  1.2873e+00  2.1092e+00  2.0284e-01
  3.9811e+01  2.0153e+01  2.0000e-02  6.5219e+11  1.3105e+00  1.7705e+00  1.8885e-01
  3.9811e+01  2.0153e+01  4.0000e-02  7.4257e+11  1.3343e+00  1.4019e+00  1.6582e-01
  3.9811e+01  2.0153e+01  6.0000e-02  8.0699e+11  1.3467e+00  1.2645e+00  1.5899e-01
  3.9811e+01  2.0153e+01  8.0000e-02  1.0323e+12  1.3420e+00  1.1060e+00  1.2733e-01
  3.9811e+01  2.0153e+01  1.0000e-01  1.0781e+12  1.3461e+00  1.0464e+00  1.2848e-01
  3.9811e+01  2.0153e+01  1.2000e-01  1.0250e+12  1.3586e+00  9.3476e-01  1.3364e-01
  3.9811e+01  2.0153e+01  1.4000e-01  1.7270e+12  1.3209e+00  8.1566e-01  8.5364e-02
  3.9811e+01  2.0153e+01  1.6000e-01  3.0412e+12  1.2743e+00  7.4260e-01  5.7938e-02
  3.9811e+01  2.0153e+01  1.8000e-01  4.1810e+12  1.2486e+00  6.7481e-01  5.0271e-02
  3.9811e+01  2.0153e+01  2.0000e-01  5.2889e+12  1.2289e+00  5.9111e-01  4.4347e-02
  3.9811e+01  2.0153e+01  2.2000e-01  5.0433e+12  1.2386e+00  5.1797e-01  4.7117e-02
  3.9811e+01  2.0153e+01  2.4000e-01  4.3423e+12  1.2554e+00  4.7429e-01  5.4463e-02
  3.9811e+01  2.0153e+01  2.6000e-01  3.9779e+12  1.2626e+00  4.3899e-01  6.2367e-02
  3.9811e+01  2.0153e+01  2.8000e-01  3.4975e+12  1.2717e+00  3.9666e-01  7.2307e-02
  3.9811e+01  2.0153e+01  3.0000e-01  2.8776e+12  1.2852e+00  3.4323e-01  8.1326e-02
  3.9811e+01  2.0153e+01  3.2000e-01  2.6197e+12  1.2917e+00  3.0722e-01  8.2903e-02
  3.9811e+01  2.0153e+01  3.4000e-01  2.1667e+12  1.3030e+00  2.6660e-01  9.5084e-02
  3.9811e+01  2.0153e+01  3.6000e-01  1.6795e+12  1.3374e+00  1.6054e-01  1.0997e-01
  3.9811e+01  2.0153e+01  3.8000e-01  1.0467e+14  1.2428e+00  7.1518e-02  4.5551e-03
  3.9811e+01  2.0153e+01  4.0000e-01  1.5553e+12  1.5173e+00  -2.7244e+00  6.0828e-02
  3.9811e+01  2.0153e+01  4.2000e-01  4.1435e+13  6.5144e-01  1.4807e-01  4.6553e-04
  3.9811e+01  2.0153e+01  4.4000e-01  1.4789e+12  7.8140e-01  1.8927e-01  7.3704e-06
  3.9811e+01  2.0153e+01  4.6000e-01  4.5330e+12  5.3337e-01  4.1563e-01  1.6094e-09
  3.9811e+01  2.0153e+01  4.8000e-01  2.9941e+13  7.9678e-01  1.8127e-01  3.6458e-05
  3.9811e+01  2.0153e+01  5.0000e-01  6.0046e+12  1.0451e+00  1.6263e-01  4.6452e-03
  3.9811e+01  2.0153e+01  5.2000e-01  1.8266e+12  1.1279e+00  1.4441e-01  1.1176e-02
  3.9811e+01  2.0153e+01  5.4000e-01  1.5701e+12  1.1252e+00  1.4781e-01  1.1741e-02
  3.9811e+01  2.0153e+01  5.6000e-01  1.3602e+12  1.1436e+00  1.4105e-01  1.3463e-02
  3.9811e+01  2.0153e+01  5.8000e-01  1.2560e+12  1.1685e+00  1.3103e-01  1.5036e-02
  3.9811e+01  2.0153e+01  6.0000e-01  2.2891e+11  1.0825e+00  5.1113e-01  6.8775e-02
  3.9811e+01  2.4621e+01  1.0000e-02  5.8917e+11  1.2826e+00  2.1707e+00  2.1055e-01
  3.9811e+01  2.4621e+01  2.0000e-02  6.1759e+11  1.2993e+00  1.8635e+00  1.9940e-01
  3.9811e+01  2.4621e+01  4.0000e-02  7.1077e+11  1.3334e+00  1.4113e+00  1.7176e-01
  3.9811e+01  2.4621e+01  6.0000e-02  7.8248e+11  1.3399e+00  1.2853e+00  1.6406e-01
  3.9811e+01  2.4621e+01  8.0000e-02  9.4673e+11  1.3419e+00  1.0899e+00  1.3273e-01
  3.9811e+01  2.4621e+01  1.0000e-01  1.0309e+12  1.3460e+00  1.0312e+00  1.2982e-01
  3.9811e+01  2.4621e+01  1.2000e-01  1.0173e+12  1.3556e+00  9.4066e-01  1.3413e-01
  3.9811e+01  2.4621e+01  1.4000e-01  1.4708e+12  1.3318e+00  8.1209e-01  9.6763e-02
  3.9811e+01  2.4621e+01  1.6000e-01  2.6726e+12  1.2832e+00  7.3542e-01  6.2255e-02
  3.9811e+01  2.4621e+01  1.8000e-01  3.9121e+12  1.2523e+00  6.6950e-01  5.1649e-02
  3.9811e+01  2.4621e+01  2.0000e-01  4.8758e+12  1.2336e+00  5.9897e-01  4.7098e-02
  3.9811e+01  2.4621e+01  2.2000e-01  5.0519e+12  1.2341e+00  5.1813e-01  4.5857e-02
  3.9811e+01  2.4621e+01  2.4000e-01  4.3332e+12  1.2525e+00  4.6925e-01  5.2444e-02
  3.9811e+01  2.4621e+01  2.6000e-01  4.0352e+12  1.2591e+00  4.3583e-01  5.9255e-02
  3.9811e+01  2.4621e+01  2.8000e-01  3.7644e+12  1.2629e+00  4.0024e-01  6.7003e-02
  3.9811e+01  2.4621e+01  3.0000e-01  3.2070e+12  1.2718e+00  3.6170e-01  7.7828e-02
  3.9811e+01  2.4621e+01  3.2000e-01  2.5507e+12  1.2876e+00  3.1801e-01  8.6742e-02
  3.9811e+01  2.4621e+01  3.4000e-01  2.0663e+12  1.2995e+00  2.7756e-01  9.9598e-02
  3.9811e+01  2.4621e+01  3.6000e-01  1.5730e+12  1.3406e+00  1.5801e-01  1.1334e-01
  3.9811e+01  2.4621e+01  3.8000e-01  8.2348e+13  1.2302e+00  7.5033e-02  5.4229e-03
  3.9811e+01  2.4621e+01  4.0000e-01  1.1114e+12  1.5166e+00  -3.0317e+00  7.6800e-02
  3.9811e+01  2.4621e+01  4.2000e-01  7.6853e+13  5.7023e-01  1.6087e-01  6.5288e-05
  3.9811e+01  2.4621e+01  4.4000e-01  2.5650e+12  7.8489e-01  1.8401e-01  1.6760e-06
  3.9811e+01  2.4621e+01  4.6000e-01  3.0274e+10  7.9927e-01  -6.0645e+00  -5.0739e-05
  3.9811e+01  2.4621e+01  4.8000e-01  3.2496e+13  7.9404e-01  1.8014e-01  2.9291e-05
  3.9811e+01  2.4621e+01  5.0000e-01  6.4813e+12  1.0379e+00  1.6456e-01  4.1990e-03
  3.9811e+01  2.4621e+01  5.2000e-01  1.6742e+12  1.1439e+00  1.4415e-01  1.1436e-02
  3.9811e+01  2.4621e+01  5.4000e-01  1.4168e+12  1.1428e+00  1.4881e-01  1.1799e-02
  3.9811e+01  2.4621e+01  5.6000e-01  1.2601e+12  1.1535e+00  1.4569e-01  1.2587e-02
  3.9811e+01  2.4621e+01  5.8000e-01  1.1526e+12  1.1699e+00  1.4007e-01  1.3510e-02
  3.9811e+01  2.4621e+01  6.0000e-01  1.0518e+12  1.1884e+00  1.3379e-01  1.4789e-02
  3.9811e+01  3.0079e+01  1.0000e-02  5.5706e+11  1.2779e+00  2.2478e+00  2.1966e-01
  3.9811e+01  3.0079e+01  2.0000e-02  6.2601e+11  1.3034e+00  1.8506e+00  1.9587e-01
  3.9811e+01  3.0079e+01  4.0000e-02  6.6250e+11  1.3259e+00  1.4901e+00  1.8358e-01
  3.9811e+01  3.0079e+01  6.0000e-02  8.2988e+11  1.3377e+00  1.2558e+00  1.5458e-01
  3.9811e+01  3.0079e+01  8.0000e-02  8.1902e+11  1.3444e+00  1.1063e+00  1.4907e-01
  3.9811e+01  3.0079e+01  1.0000e-01  9.8181e+11  1.3395e+00  1.0446e+00  1.3203e-01
  3.9811e+01  3.0079e+01  1.2000e-01  9.5029e+11  1.3519e+00  9.7760e-01  1.4142e-01
  3.9811e+01  3.0079e+01  1.4000e-01  1.1196e+12  1.3474e+00  8.3862e-01  1.2063e-01
  3.9811e+01  3.0079e+01  1.6000e-01  2.0570e+12  1.2998e+00  7.4289e-01  7.3435e-02
  3.9811e+01  3.0079e+01  1.8000e-01  3.2203e+12  1.2633e+00  6.7988e-01  5.6705e-02
  3.9811e+01  3.0079e+01  2.0000e-01  4.2025e+12  1.2405e+00  6.2020e-01  5.1204e-02
  3.9811e+01  3.0079e+01  2.2000e-01  5.0356e+12  1.2245e+00  5.3597e-01  4.6354e-02
  3.9811e+01  3.0079e+01  2.4000e-01  4.2174e+12  1.2454e+00  4.7436e-01  5.0302e-02
  3.9811e+01  3.0079e+01  2.6000e-01  3.8898e+12  1.2554e+00  4.4166e-01  5.6646e-02
  3.9811e+01  3.0079e+01  2.8000e-01  3.7649e+12  1.2553e+00  4.1193e-01  6.3847e-02
  3.9811e+01  3.0079e+01  3.0000e-01  3.3080e+12  1.2622e+00  3.8200e-01  7.3893e-02
  3.9811e+01  3.0079e+01  3.2000e-01  2.6215e+12  1.2746e+00  3.4605e-01  8.9916e-02
  3.9811e+01  3.0079e+01  3.4000e-01  2.0756e+12  1.2878e+00  2.9555e-01  1.0537e-01
  3.9811e+01  3.0079e+01  3.6000e-01  1.5870e+12  1.3318e+00  1.6063e-01  1.1685e-01
  3.9811e+01  3.0079e+01  3.8000e-01  1.0448e+14  1.2166e+00  7.8540e-02  4.3819e-03
  3.9811e+01  3.0079e+01  4.0000e-01  8.1266e+11  1.4977e+00  -3.6220e+00  1.0501e-01
  3.9811e+01  3.0079e+01  4.2000e-01  7.1526e+13  5.3959e-01  1.6280e-01  1.7745e-05
  3.9811e+01  3.0079e+01  4.4000e-01  2.8715e+12  8.0380e-01  1.7910e-01  1.2002e-06
  3.9811e+01  3.0079e+01  4.6000e-01  8.6587e+09  9.2112e-01  -3.0799e+00  -2.8303e-07
  3.9811e+01  3.0079e+01  4.8000e-01  1.8138e+13  8.4080e-01  1.7676e-01  6.0445e-05
  3.9811e+01  3.0079e+01  5.0000e-01  7.2473e+12  1.0259e+00  1.6761e-01  3.6198e-03
  3.9811e+01  3.0079e+01  5.2000e-01  1.4434e+12  1.1665e+00  1.4287e-01  1.1912e-02
  3.9811e+01  3.0079e+01  5.4000e-01  1.2283e+12  1.1636e+00  1.4937e-01  1.2091e-02
  3.9811e+01  3.0079e+01  5.6000e-01  1.0848e+12  1.1726e+00  1.4756e-01  1.2598e-02
  3.9811e+01  3.0079e+01  5.8000e-01  9.9924e+11  1.1841e+00  1.4426e-01  1.2946e-02
  3.9811e+01  3.0079e+01  6.0000e-01  8.9799e+11  1.1966e+00  1.4100e-01  1.3776e-02
  3.9811e+01  3.6747e+01  1.0000e-02  5.4447e+11  1.2781e+00  2.2925e+00  2.2141e-01
  3.9811e+01  3.6747e+01  2.0000e-02  6.0089e+11  1.2968e+00  1.9273e+00  2.0257e-01
  3.9811e+01  3.6747e+01  4.0000e-02  6.4566e+11  1.3185e+00  1.5616e+00  1.8892e-01
  3.9811e+01  3.6747e+01  6.0000e-02  7.8759e+11  1.3329e+00  1.2882e+00  1.5927e-01
  3.9811e+01  3.6747e+01  8.0000e-02  7.6732e+11  1.3492e+00  1.1435e+00  1.6180e-01
  3.9811e+01  3.6747e+01  1.0000e-01  9.8314e+11  1.3427e+00  1.0097e+00  1.2727e-01
  3.9811e+01  3.6747e+01  1.2000e-01  9.8209e+11  1.3480e+00  9.8902e-01  1.3684e-01
  3.9811e+01  3.6747e+01  1.4000e-01  9.1110e+11  1.3581e+00  8.9680e-01  1.4442e-01
  3.9811e+01  3.6747e+01  1.6000e-01  1.2919e+12  1.3295e+00  7.7088e-01  1.0260e-01
  3.9811e+01  3.6747e+01  1.8000e-01  2.2435e+12  1.2837e+00  7.0071e-01  6.8436e-02
  3.9811e+01  3.6747e+01  2.0000e-01  3.2079e+12  1.2526e+00  6.4768e-01  5.8692e-02
  3.9811e+01  3.6747e+01  2.2000e-01  3.8326e+12  1.2330e+00  5.8964e-01  5.6199e-02
  3.9811e+01  3.6747e+01  2.4000e-01  4.1512e+12  1.2273e+00  4.9305e-01  4.8054e-02
  3.9811e+01  3.6747e+01  2.6000e-01  3.4749e+12  1.2520e+00  4.5564e-01  5.4580e-02
  3.9811e+01  3.6747e+01  2.8000e-01  3.5499e+12  1.2498e+00  4.2870e-01  6.0903e-02
  3.9811e+01  3.6747e+01  3.0000e-01  3.2119e+12  1.2542e+00  4.0548e-01  7.0806e-02
  3.9811e+01  3.6747e+01  3.2000e-01  2.7129e+12  1.2592e+00  3.8267e-01  8.6755e-02
  3.9811e+01  3.6747e+01  3.4000e-01  1.9978e+12  1.2751e+00  3.3436e-01  1.1393e-01
  3.9811e+01  3.6747e+01  3.6000e-01  1.9729e+12  1.2979e+00  1.6833e-01  1.1948e-01
  3.9811e+01  3.6747e+01  3.8000e-01  8.8699e+13  1.1815e+00  8.3736e-02  5.2751e-03
  3.9811e+01  3.6747e+01  4.0000e-01  8.3457e+11  1.3975e+00  -3.5741e+00  1.3643e-01
  3.9811e+01  3.6747e+01  4.2000e-01  5.9206e+13  5.5306e-01  1.6278e-01  6.8478e-06
  3.9811e+01  3.6747e+01  4.4000e-01  7.6219e+11  8.5710e-01  1.8939e-01  5.3647e-06
  3.9811e+01  3.6747e+01  4.6000e-01  3.0222e+10  8.1146e-01  -8.8550e+00  -1.7703e-05
  3.9811e+01  3.6747e+01  4.8000e-01  1.3808e+13  8.6069e-01  1.7661e-01  6.6401e-05
  3.9811e+01  3.6747e+01  5.0000e-01  8.2219e+12  1.0098e+00  1.7139e-01  3.0184e-03
  3.9811e+01  3.6747e+01  5.2000e-01  1.2187e+12  1.1860e+00  1.4277e-01  1.2276e-02
  3.9811e+01  3.6747e+01  5.4000e-01  9.9608e+11  1.1878e+00  1.4918e-01  1.2777e-02
  3.9811e+01  3.6747e+01  5.6000e-01  8.7653e+11  1.1971e+00  1.4789e-01  1.2992e-02
  3.9811e+01  3.6747e+01  5.8000e-01  7.8033e+11  1.2073e+00  1.4592e-01  1.3322e-02
  3.9811e+01  3.6747e+01  6.0000e-01  6.9896e+11  1.2160e+00  1.4407e-01  1.3750e-02
  3.9811e+01  4.4893e+01  1.0000e-02  5.3111e+11  1.2764e+00  2.3749e+00  2.2438e-01
  3.9811e+01  4.4893e+01  2.0000e-02  5.6702e+11  1.2890e+00  2.0272e+00  2.1180e-01
  3.9811e+01  4.4893e+01  4.0000e-02  6.3265e+11  1.3121e+00  1.6337e+00  1.9256e-01
  3.9811e+01  4.4893e+01  6.0000e-02  7.5059e+11  1.3308e+00  1.3237e+00  1.6394e-01
  3.9811e+01  4.4893e+01  8.0000e-02  7.9651e+11  1.3472e+00  1.1697e+00  1.5948e-01
  3.9811e+01  4.4893e+01  1.0000e-01  8.6121e+11  1.3451e+00  1.0378e+00  1.4121e-01
  3.9811e+01  4.4893e+01  1.2000e-01  1.0338e+12  1.3470e+00  9.6716e-01  1.2710e-01
  3.9811e+01  4.4893e+01  1.4000e-01  9.6758e+11  1.3587e+00  9.1378e-01  1.3963e-01
  3.9811e+01  4.4893e+01  1.6000e-01  1.0090e+12  1.3668e+00  7.9048e-01  1.3105e-01
  3.9811e+01  4.4893e+01  1.8000e-01  1.5434e+12  1.3330e+00  6.9357e-01  8.7116e-02
  3.9811e+01  4.4893e+01  2.0000e-01  2.4497e+12  1.2919e+00  6.4078e-01  6.2677e-02
  3.9811e+01  4.4893e+01  2.2000e-01  3.3170e+12  1.2624e+00  5.9550e-01  5.6151e-02
  3.9811e+01  4.4893e+01  2.4000e-01  3.6743e+12  1.2493e+00  5.4186e-01  5.6004e-02
  3.9811e+01  4.4893e+01  2.6000e-01  3.7814e+12  1.2464e+00  4.3355e-01  4.3556e-02
  3.9811e+01  4.4893e+01  2.8000e-01  3.3380e+12  1.2647e+00  3.9730e-01  5.2219e-02
  3.9811e+01  4.4893e+01  3.0000e-01  3.2257e+12  1.2673e+00  3.6752e-01  5.9978e-02
  3.9811e+01  4.4893e+01  3.2000e-01  2.9907e+12  1.2729e+00  3.2598e-01  6.8683e-02
  3.9811e+01  4.4893e+01  3.4000e-01  3.1332e+12  1.2654e+00  2.7721e-01  7.5011e-02
  3.9811e+01  4.4893e+01  3.6000e-01  3.3566e+12  1.2709e+00  1.8139e-01  7.6175e-02
  3.9811e+01  4.4893e+01  3.8000e-01  2.3121e+13  1.1075e+00  1.2660e-01  2.2989e-02
  3.9811e+01  4.4893e+01  4.0000e-01  9.8397e+13  8.6936e-01  1.2716e-01  1.3405e-03
  3.9811e+01  4.4893e+01  4.2000e-01  2.6756e+13  6.0343e-01  1.6482e-01  6.7681e-06
  3.9811e+01  4.4893e+01  4.4000e-01  7.2164e+11  9.1378e-01  1.7635e-01  8.8964e-06
  3.9811e+01  4.4893e+01  4.6000e-01  5.4453e+09  9.5662e-01  -3.8639e+00  -2.0916e-06
  3.9811e+01  4.4893e+01  4.8000e-01  8.8774e+09  8.8976e-01  -4.6317e+00  -8.6814e-06
  3.9811e+01  4.4893e+01  5.0000e-01  9.4205e+12  9.8832e-01  1.7634e-01  2.4506e-03
  3.9811e+01  4.4893e+01  5.2000e-01  9.7481e+11  1.2060e+00  1.4244e-01  1.2674e-02
  3.9811e+01  4.4893e+01  5.4000e-01  7.6824e+11  1.2096e+00  1.4921e-01  1.3306e-02
  3.9811e+01  4.4893e+01  5.6000e-01  6.6172e+11  1.2210e+00  1.4750e-01  1.3676e-02
  3.9811e+01  4.4893e+01  5.8000e-01  5.8310e+11  1.2298e+00  1.4629e-01  1.3775e-02
  3.9811e+01  4.4893e+01  6.0000e-01  4.9652e+11  1.2411e+00  1.4462e-01  1.4299e-02
  3.9811e+01  5.4844e+01  1.0000e-02  5.1384e+11  1.2753e+00  2.4876e+00  2.2899e-01
  3.9811e+01  5.4844e+01  2.0000e-02  5.6544e+11  1.2902e+00  2.0742e+00  2.0998e-01
  3.9811e+01  5.4844e+01  4.0000e-02  6.4524e+11  1.3144e+00  1.6460e+00  1.8738e-01
  3.9811e+01  5.4844e+01  6.0000e-02  7.2729e+11  1.3300e+00  1.3640e+00  1.6701e-01
  3.9811e+01  5.4844e+01  8.0000e-02  7.8773e+11  1.3414e+00  1.2234e+00  1.6137e-01
  3.9811e+01  5.4844e+01  1.0000e-01  8.5615e+11  1.3489e+00  1.0570e+00  1.4413e-01
  3.9811e+01  5.4844e+01  1.2000e-01  1.0211e+12  1.3457e+00  9.7519e-01  1.2625e-01
  3.9811e+01  5.4844e+01  1.4000e-01  1.0135e+12  1.3552e+00  9.2495e-01  1.3402e-01
  3.9811e+01  5.4844e+01  1.6000e-01  9.5107e+11  1.3678e+00  8.3271e-01  1.4044e-01
  3.9811e+01  5.4844e+01  1.8000e-01  1.0672e+12  1.3610e+00  7.1924e-01  1.1995e-01
  3.9811e+01  5.4844e+01  2.0000e-01  1.7708e+12  1.3215e+00  6.4754e-01  7.6723e-02
  3.9811e+01  5.4844e+01  2.2000e-01  2.6674e+12  1.2919e+00  5.9481e-01  5.9369e-02
  3.9811e+01  5.4844e+01  2.4000e-01  3.4916e+12  1.2710e+00  5.4958e-01  5.3133e-02
  3.9811e+01  5.4844e+01  2.6000e-01  3.5173e+12  1.2710e+00  4.9705e-01  5.6179e-02
  3.9811e+01  5.4844e+01  2.8000e-01  6.7494e+12  1.2272e+00  3.6727e-01  3.2018e-02
  3.9811e+01  5.4844e+01  3.0000e-01  3.8766e+12  1.2823e+00  3.0054e-01  4.3326e-02
  3.9811e+01  5.4844e+01  3.2000e-01  3.4238e+12  1.2939e+00  2.6911e-01  5.1938e-02
  3.9811e+01  5.4844e+01  3.4000e-01  3.7755e+12  1.2874e+00  2.1939e-01  5.4992e-02
  3.9811e+01  5.4844e+01  3.6000e-01  6.9354e+12  1.2242e+00  1.7869e-01  4.4039e-02
  3.9811e+01  5.4844e+01  3.8000e-01  1.4583e+13  1.1721e+00  1.2847e-01  2.5240e-02
  3.9811e+01  5.4844e+01  4.0000e-01  5.4433e+13  1.0012e+00  1.1711e-01  4.9644e-03
  3.9811e+01  5.4844e+01  4.2000e-01  9.3296e+13  4.8446e-01  1.9332e-01  6.4676e-06
  3.9811e+01  5.4844e+01  4.4000e-01  4.1796e+12  8.4238e-01  1.6687e-01  9.3437e-07
  3.9811e+01  5.4844e+01  4.6000e-01  2.7652e+09  1.0095e+00  -4.5662e+00  -5.8430e-06
  3.9811e+01  5.4844e+01  4.8000e-01  1.0378e+12  1.0750e+00  1.7321e-01  3.3667e-04
  3.9811e+01  5.4844e+01  5.0000e-01  1.1862e+13  9.5443e-01  1.8336e-01  1.7264e-03
  3.9811e+01  5.4844e+01  5.2000e-01  7.4034e+11  1.2265e+00  1.4121e-01  1.2963e-02
  3.9811e+01  5.4844e+01  5.4000e-01  5.3806e+11  1.2356e+00  1.4807e-01  1.4218e-02
  3.9811e+01  5.4844e+01  5.6000e-01  4.5512e+11  1.2438e+00  1.4763e-01  1.4475e-02
  3.9811e+01  5.4844e+01  5.8000e-01  3.9883e+11  1.2524e+00  1.4601e-01  1.4590e-02
  3.9811e+01  5.4844e+01  6.0000e-01  3.3751e+11  1.2619e+00  1.4470e-01  1.5070e-02
  3.9811e+01  6.7002e+01  1.0000e-02  4.9090e+11  1.2757e+00  2.6200e+00  2.3520e-01
  3.9811e+01  6.7002e+01  2.0000e-02  5.3999e+11  1.2859e+00  2.1995e+00  2.1702e-01
  3.9811e+01  6.7002e+01  4.0000e-02  6.2628e+11  1.3106e+00  1.7197e+00  1.8972e-01
  3.9811e+01  6.7002e+01  6.0000e-02  6.8796e+11  1.3274e+00  1.4371e+00  1.7399e-01
  3.9811e+01  6.7002e+01  8.0000e-02  7.6880e+11  1.3361e+00  1.2810e+00  1.6298e-01
  3.9811e+01  6.7002e+01  1.0000e-01  7.9376e+11  1.3482e+00  1.1167e+00  1.5500e-01
  3.9811e+01  6.7002e+01  1.2000e-01  9.6111e+11  1.3447e+00  1.0041e+00  1.3085e-01
  3.9811e+01  6.7002e+01  1.4000e-01  1.0077e+12  1.3501e+00  9.5201e-01  1.3288e-01
  3.9811e+01  6.7002e+01  1.6000e-01  9.4203e+11  1.3633e+00  8.7223e-01  1.4301e-01
  3.9811e+01  6.7002e+01  1.8000e-01  9.9406e+11  1.3678e+00  7.4675e-01  1.3044e-01
  3.9811e+01  6.7002e+01  2.0000e-01  1.4764e+12  1.3376e+00  6.6082e-01  8.9388e-02
  3.9811e+01  6.7002e+01  2.2000e-01  2.2578e+12  1.3044e+00  6.0759e-01  6.4541e-02
  3.9811e+01  6.7002e+01  2.4000e-01  2.9858e+12  1.2807e+00  5.6245e-01  5.6966e-02
  3.9811e+01  6.7002e+01  2.6000e-01  3.5200e+12  1.2679e+00  5.2759e-01  5.4392e-02
  3.9811e+01  6.7002e+01  2.8000e-01  3.9347e+12  1.2678e+00  4.2533e-01  4.9910e-02
  3.9811e+01  6.7002e+01  3.0000e-01  4.4177e+12  1.2693e+00  3.0887e-01  3.6365e-02
  3.9811e+01  6.7002e+01  3.2000e-01  3.3768e+12  1.2954e+00  2.7095e-01  4.7702e-02
  3.9811e+01  6.7002e+01  3.4000e-01  3.2671e+12  1.3029e+00  2.2251e-01  5.4028e-02
  3.9811e+01  6.7002e+01  3.6000e-01  4.8906e+12  1.2649e+00  1.7716e-01  4.7380e-02
  3.9811e+01  6.7002e+01  3.8000e-01  9.9476e+12  1.2190e+00  1.2924e-01  2.9666e-02
  3.9811e+01  6.7002e+01  4.0000e-01  3.1068e+13  1.0974e+00  1.1341e-01  9.3261e-03
  3.9811e+01  6.7002e+01  4.2000e-01  2.4652e+14  5.1465e-01  1.7488e-01  2.1940e-05
  3.9811e+01  6.7002e+01  4.4000e-01  1.7311e+12  5.9557e-01  2.6622e-01  1.6457e-07
  3.9811e+01  6.7002e+01  4.6000e-01  3.3633e+10  8.5740e-01  2.0895e+01  1.7613e-04
  3.9811e+01  6.7002e+01  4.8000e-01  4.3767e+11  1.1352e+00  1.7920e-01  4.0905e-04
  3.9811e+01  6.7002e+01  5.0000e-01  1.3613e+13  9.2091e-01  1.9217e-01  1.3287e-03
  3.9811e+01  6.7002e+01  5.2000e-01  5.2506e+11  1.2461e+00  1.3982e-01  1.3220e-02
  3.9811e+01  6.7002e+01  5.4000e-01  3.6318e+11  1.2572e+00  1.4675e-01  1.4898e-02
  3.9811e+01  6.7002e+01  5.6000e-01  3.0108e+11  1.2644e+00  1.4688e-01  1.5135e-02
  3.9811e+01  6.7002e+01  5.8000e-01  2.6473e+11  1.2818e+00  1.3859e-01  1.5012e-02
  3.9811e+01  6.7002e+01  6.0000e-01  2.1358e+11  1.2848e+00  1.4353e-01  1.5828e-02
  3.9811e+01  8.1855e+01  1.0000e-02  4.7304e+11  1.2793e+00  2.7392e+00  2.3929e-01
  3.9811e+01  8.1855e+01  2.0000e-02  5.0662e+11  1.2820e+00  2.3585e+00  2.2693e-01
  3.9811e+01  8.1855e+01  4.0000e-02  5.9826e+11  1.3064e+00  1.8273e+00  1.9516e-01
  3.9811e+01  8.1855e+01  6.0000e-02  6.5988e+11  1.3242e+00  1.5288e+00  1.7949e-01
  3.9811e+01  8.1855e+01  8.0000e-02  7.4855e+11  1.3321e+00  1.3390e+00  1.6324e-01
  3.9811e+01  8.1855e+01  1.0000e-01  7.5390e+11  1.3452e+00  1.1929e+00  1.6275e-01
  3.9811e+01  8.1855e+01  1.2000e-01  8.7719e+11  1.3456e+00  1.0485e+00  1.3934e-01
  3.9811e+01  8.1855e+01  1.4000e-01  9.7766e+11  1.3464e+00  9.8344e-01  1.3263e-01
  3.9811e+01  8.1855e+01  1.6000e-01  9.4123e+11  1.3579e+00  9.1643e-01  1.4236e-01
  3.9811e+01  8.1855e+01  1.8000e-01  9.1768e+11  1.3685e+00  7.9744e-01  1.4124e-01
  3.9811e+01  8.1855e+01  2.0000e-01  1.1847e+12  1.3524e+00  6.8749e-01  1.0788e-01
  3.9811e+01  8.1855e+01  2.2000e-01  1.8625e+12  1.3150e+00  6.2874e-01  7.3123e-02
  3.9811e+01  8.1855e+01  2.4000e-01  2.5266e+12  1.2887e+00  5.8282e-01  6.1731e-02
  3.9811e+01  8.1855e+01  2.6000e-01  3.2182e+12  1.2714e+00  5.4461e-01  5.5579e-02
  3.9811e+01  8.1855e+01  2.8000e-01  3.3220e+12  1.2731e+00  4.8582e-01  5.6795e-02
  3.9811e+01  8.1855e+01  3.0000e-01  6.9677e+12  1.2212e+00  3.4918e-01  3.1839e-02
  3.9811e+01  8.1855e+01  3.2000e-01  3.3463e+12  1.2926e+00  2.8095e-01  4.3983e-02
  3.9811e+01  8.1855e+01  3.4000e-01  3.0597e+12  1.3041e+00  2.3750e-01  5.2410e-02
  3.9811e+01  8.1855e+01  3.6000e-01  3.9872e+12  1.2847e+00  1.8641e-01  4.9294e-02
  3.9811e+01  8.1855e+01  3.8000e-01  6.5078e+12  1.2529e+00  1.3805e-01  3.7354e-02
  3.9811e+01  8.1855e+01  4.0000e-01  1.9629e+13  1.1611e+00  1.1431e-01  1.3914e-02
  3.9811e+01  8.1855e+01  4.2000e-01  1.8091e+14  8.1416e-01  1.2866e-01  5.2062e-04
  3.9811e+01  8.1855e+01  4.4000e-01  7.1676e+12  6.8883e-01  1.8377e-01  9.5189e-06
  3.9811e+01  8.1855e+01  4.6000e-01  1.4913e+10  1.4493e+00  1.5600e-01  7.1574e-04
  3.9811e+01  8.1855e+01  4.8000e-01  1.0786e+11  1.2740e+00  1.7309e-01  7.6171e-04
  3.9811e+01  8.1855e+01  5.0000e-01  1.2249e+13  9.0878e-01  1.9361e-01  1.3951e-03
  3.9811e+01  8.1855e+01  5.2000e-01  3.6444e+11  1.2607e+00  1.3834e-01  1.3317e-02
  3.9811e+01  8.1855e+01  5.4000e-01  2.3469e+11  1.2786e+00  1.4360e-01  1.5529e-02
  3.9811e+01  8.1855e+01  5.6000e-01  1.8684e+11  1.2914e+00  1.4282e-01  1.6340e-02
  3.9811e+01  8.1855e+01  5.8000e-01  1.6160e+11  1.2965e+00  1.4204e-01  1.6415e-02
  3.9811e+01  8.1855e+01  6.0000e-01  1.4148e+11  1.3041e+00  1.3931e-01  1.6751e-02
  3.9811e+01  1.0000e+02  1.0000e-02  4.3800e+11  1.2777e+00  2.9150e+00  2.5327e-01
  3.9811e+01  1.0000e+02  2.0000e-02  4.6739e+11  1.2794e+00  2.5449e+00  2.4008e-01
  3.9811e+01  1.0000e+02  4.0000e-02  5.6573e+11  1.3009e+00  1.9761e+00  2.0276e-01
  3.9811e+01  1.0000e+02  6.0000e-02  6.3533e+11  1.3185e+00  1.6466e+00  1.8361e-01
  3.9811e+01  1.0000e+02  8.0000e-02  7.0555e+11  1.3298e+00  1.4124e+00  1.6682e-01
  3.9811e+01  1.0000e+02  1.0000e-01  7.4185e+11  1.3392e+00  1.2796e+00  1.6425e-01
  3.9811e+01  1.0000e+02  1.2000e-01  7.9156e+11  1.3471e+00  1.1153e+00  1.5080e-01
  3.9811e+01  1.0000e+02  1.4000e-01  9.2369e+11  1.3448e+00  1.0210e+00  1.3410e-01
  3.9811e+01  1.0000e+02  1.6000e-01  9.4280e+11  1.3515e+00  9.6304e-01  1.3893e-01
  3.9811e+01  1.0000e+02  1.8000e-01  8.8749e+11  1.3647e+00  8.6243e-01  1.4612e-01
  3.9811e+01  1.0000e+02  2.0000e-01  9.8556e+11  1.3633e+00  7.3306e-01  1.2653e-01
  3.9811e+01  1.0000e+02  2.2000e-01  1.4850e+12  1.3305e+00  6.5616e-01  8.6721e-02
  3.9811e+01  1.0000e+02  2.4000e-01  2.1779e+12  1.2989e+00  6.0718e-01  6.5589e-02
  3.9811e+01  1.0000e+02  2.6000e-01  2.8366e+12  1.2781e+00  5.6476e-01  5.7895e-02
  3.9811e+01  1.0000e+02  2.8000e-01  3.2250e+12  1.2688e+00  5.2907e-01  5.6487e-02
  3.9811e+01  1.0000e+02  3.0000e-01  3.9563e+12  1.2613e+00  4.1264e-01  4.7697e-02
  3.9811e+01  1.0000e+02  3.2000e-01  3.5393e+12  1.2819e+00  2.9864e-01  3.8701e-02
  3.9811e+01  1.0000e+02  3.4000e-01  2.9377e+12  1.3015e+00  2.6015e-01  4.9242e-02
  3.9811e+01  1.0000e+02  3.6000e-01  3.1225e+12  1.3030e+00  2.0619e-01  5.2191e-02
  3.9811e+01  1.0000e+02  3.8000e-01  4.3138e+12  1.2770e+00  1.5872e-01  4.5731e-02
  3.9811e+01  1.0000e+02  4.0000e-01  1.2421e+13  1.2044e+00  1.2072e-01  2.0864e-02
  3.9811e+01  1.0000e+02  4.2000e-01  3.2354e+13  1.0577e+00  1.1685e-01  6.7408e-03
  3.9811e+01  1.0000e+02  4.4000e-01  1.9036e+14  4.8711e-01  1.8893e-01  4.4946e-06
  3.9811e+01  1.0000e+02  4.6000e-01  inf  -9.7842e+03  -1.1637e-01  -1.5422e-03
  3.9811e+01  1.0000e+02  4.8000e-01  1.5694e+11  7.3723e-01  -1.0765e+01  -1.6449e-06
  3.9811e+01  1.0000e+02  5.0000e-01  1.1014e+13  8.9236e-01  2.0223e-01  1.4234e-03
  3.9811e+01  1.0000e+02  5.2000e-01  2.4443e+11  1.2702e+00  1.3815e-01  1.3210e-02
  3.9811e+01  1.0000e+02  5.4000e-01  1.6303e+11  1.2908e+00  1.3979e-01  1.5750e-02
  3.9811e+01  1.0000e+02  5.6000e-01  1.2563e+11  1.3045e+00  1.3979e-01  1.6463e-02
  3.9811e+01  1.0000e+02  5.8000e-01  1.0599e+11  1.3120e+00  1.3820e-01  1.7087e-02
  3.9811e+01  1.0000e+02  6.0000e-01  9.2398e+10  1.3194e+00  1.3551e-01  1.7457e-02
  3.9811e+01  1.5000e+02  1.0000e-02  3.8712e+11  1.2657e+00  3.3228e+00  2.8351e-01
  3.9811e+01  1.5000e+02  2.0000e-02  4.1746e+11  1.2784e+00  2.8964e+00  2.5991e-01
  3.9811e+01  1.5000e+02  4.0000e-02  4.6275e+11  1.2888e+00  2.4058e+00  2.3385e-01
  3.9811e+01  1.5000e+02  6.0000e-02  5.3137e+11  1.3058e+00  1.9971e+00  2.0490e-01
  3.9811e+01  1.5000e+02  8.0000e-02  5.9449e+11  1.3203e+00  1.7047e+00  1.8541e-01
  3.9811e+01  1.5000e+02  1.0000e-01  6.4738e+11  1.3309e+00  1.4862e+00  1.7105e-01
  3.9811e+01  1.5000e+02  1.2000e-01  6.9759e+11  1.3386e+00  1.3397e+00  1.6321e-01
  3.9811e+01  1.5000e+02  1.4000e-01  7.2697e+11  1.3473e+00  1.1862e+00  1.5494e-01
  3.9811e+01  1.5000e+02  1.6000e-01  8.3470e+11  1.3456e+00  1.0735e+00  1.3733e-01
  3.9811e+01  1.5000e+02  1.8000e-01  8.8637e+11  1.3485e+00  1.0072e+00  1.3631e-01
  3.9811e+01  1.5000e+02  2.0000e-01  8.4180e+11  1.3601e+00  9.1782e-01  1.4432e-01
  3.9811e+01  1.5000e+02  2.2000e-01  8.6422e+11  1.3653e+00  7.8697e-01  1.3416e-01
  3.9811e+01  1.5000e+02  2.4000e-01  1.1899e+12  1.3411e+00  6.9443e-01  9.8628e-02
  3.9811e+01  1.5000e+02  2.6000e-01  1.7982e+12  1.3061e+00  6.4229e-01  7.0460e-02
  3.9811e+01  1.5000e+02  2.8000e-01  2.3615e+12  1.2840e+00  5.9789e-01  6.0250e-02
  3.9811e+01  1.5000e+02  3.0000e-01  2.8037e+12  1.2704e+00  5.6281e-01  5.6475e-02
  3.9811e+01  1.5000e+02  3.2000e-01  2.7439e+12  1.2783e+00  4.7104e-01  5.6089e-02
  3.9811e+01  1.5000e+02  3.4000e-01  5.0237e+12  1.2353e+00  3.3657e-01  3.2479e-02
  3.9811e+01  1.5000e+02  3.6000e-01  2.4160e+12  1.3044e+00  2.7985e-01  4.6850e-02
  3.9811e+01  1.5000e+02  3.8000e-01  2.2272e+12  1.3164e+00  2.2843e-01  5.3841e-02
  3.9811e+01  1.5000e+02  4.0000e-01  3.0404e+12  1.2911e+00  1.7501e-01  4.8015e-02
  3.9811e+01  1.5000e+02  4.2000e-01  6.8969e+12  1.2322e+00  1.3142e-01  2.7235e-02
  3.9811e+01  1.5000e+02  4.4000e-01  1.6369e+13  1.1156e+00  1.2065e-01  9.9820e-03
  3.9811e+01  1.5000e+02  4.6000e-01  2.0254e+14  5.9643e-01  1.5821e-01  3.1544e-05
  3.9811e+01  1.5000e+02  4.8000e-01  1.9888e+09  1.4960e+00  1.7910e-01  3.2460e-03
  3.9811e+01  1.5000e+02  5.0000e-01  7.3949e+12  8.5272e-01  2.2998e-01  1.2836e-03
  3.9811e+01  1.5000e+02  5.2000e-01  1.0871e+11  1.2845e+00  1.3539e-01  1.3147e-02
  3.9811e+01  1.5000e+02  5.4000e-01  7.2468e+10  1.3071e+00  1.3483e-01  1.5658e-02
  3.9811e+01  1.5000e+02  5.6000e-01  6.1347e+10  1.3153e+00  1.3308e-01  1.6608e-02
  3.9811e+01  1.5000e+02  5.8000e-01  5.4371e+10  1.3186e+00  1.3125e-01  1.7004e-02
  3.9811e+01  1.5000e+02  6.0000e-01  4.6310e+10  1.3278e+00  1.2839e-01  1.7869e-02
  3.9811e+01  2.0000e+02  1.0000e-02  3.6773e+11  1.2537e+00  3.6447e+00  3.0277e-01
  3.9811e+01  2.0000e+02  2.0000e-02  3.9450e+11  1.2704e+00  3.1859e+00  2.7552e-01
  3.9811e+01  2.0000e+02  4.0000e-02  4.0658e+11  1.2795e+00  2.7644e+00  2.5945e-01
  3.9811e+01  2.0000e+02  6.0000e-02  4.5217e+11  1.2947e+00  2.3595e+00  2.3032e-01
  3.9811e+01  2.0000e+02  8.0000e-02  4.9903e+11  1.3091e+00  2.0304e+00  2.0726e-01
  3.9811e+01  2.0000e+02  1.0000e-01  5.4509e+11  1.3212e+00  1.7701e+00  1.8984e-01
  3.9811e+01  2.0000e+02  1.2000e-01  5.8473e+11  1.3312e+00  1.5622e+00  1.7646e-01
  3.9811e+01  2.0000e+02  1.4000e-01  6.3541e+11  1.3376e+00  1.4116e+00  1.6544e-01
  3.9811e+01  2.0000e+02  1.6000e-01  6.5861e+11  1.3458e+00  1.2703e+00  1.5902e-01
  3.9811e+01  2.0000e+02  1.8000e-01  7.2918e+11  1.3469e+00  1.1405e+00  1.4262e-01
  3.9811e+01  2.0000e+02  2.0000e-01  8.0799e+11  1.3459e+00  1.0609e+00  1.3359e-01
  3.9811e+01  2.0000e+02  2.2000e-01  7.9836e+11  1.3533e+00  9.8701e-01  1.3842e-01
  3.9811e+01  2.0000e+02  2.4000e-01  7.6034e+11  1.3645e+00  8.7234e-01  1.3952e-01
  3.9811e+01  2.0000e+02  2.6000e-01  8.7772e+11  1.3565e+00  7.5968e-01  1.1692e-01
  3.9811e+01  2.0000e+02  2.8000e-01  1.3019e+12  1.3230e+00  6.9441e-01  8.2236e-02
  3.9811e+01  2.0000e+02  3.0000e-01  1.8185e+12  1.2942e+00  6.4698e-01  6.4240e-02
  3.9811e+01  2.0000e+02  3.2000e-01  2.2356e+12  1.2767e+00  6.0735e-01  5.7753e-02
  3.9811e+01  2.0000e+02  3.4000e-01  2.3497e+12  1.2734e+00  5.4906e-01  5.6651e-02
  3.9811e+01  2.0000e+02  3.6000e-01  3.0663e+12  1.2564e+00  4.2345e-01  4.5201e-02
  3.9811e+01  2.0000e+02  3.8000e-01  2.2793e+12  1.2896e+00  3.1044e-01  4.0196e-02
  3.9811e+01  2.0000e+02  4.0000e-01  1.6578e+12  1.3176e+00  2.6667e-01  5.1299e-02
  3.9811e+01  2.0000e+02  4.2000e-01  1.7847e+12  1.3131e+00  2.0791e-01  5.2014e-02
  3.9811e+01  2.0000e+02  4.4000e-01  2.8046e+12  1.2725e+00  1.5336e-01  4.0192e-02
  3.9811e+01  2.0000e+02  4.6000e-01  7.1944e+12  1.1631e+00  1.3102e-01  1.5652e-02
  3.9811e+01  2.0000e+02  4.8000e-01  1.5585e+14  6.8861e-01  1.5050e-01  5.5215e-05
  3.9811e+01  2.0000e+02  5.0000e-01  2.2744e+12  8.9529e-01  2.3942e-01  2.4130e-03
  3.9811e+01  2.0000e+02  5.2000e-01  6.3864e+10  1.2850e+00  1.3374e-01  1.2877e-02
  3.9811e+01  2.0000e+02  5.4000e-01  4.6494e+10  1.3011e+00  1.3225e-01  1.5265e-02
  3.9811e+01  2.0000e+02  5.6000e-01  3.9002e+10  1.3111e+00  1.2987e-01  1.6337e-02
  3.9811e+01  2.0000e+02  5.8000e-01  3.6397e+10  1.3122e+00  1.2700e-01  1.6814e-02
  3.9811e+01  2.0000e+02  6.0000e-01  inf  -7.9469e+03  -1.3403e+00  -8.8653e-03
  3.9811e+01  2.5000e+02  1.0000e-02  3.6216e+11  1.2457e+00  3.8865e+00  3.1307e-01
  3.9811e+01  2.5000e+02  2.0000e-02  3.8019e+11  1.2606e+00  3.4413e+00  2.8941e-01
  3.9811e+01  2.5000e+02  4.0000e-02  3.9546e+11  1.2751e+00  2.9888e+00  2.6699e-01
  3.9811e+01  2.5000e+02  6.0000e-02  4.0751e+11  1.2845e+00  2.6680e+00  2.5118e-01
  3.9811e+01  2.5000e+02  8.0000e-02  4.3805e+11  1.2986e+00  2.3424e+00  2.2841e-01
  3.9811e+01  2.5000e+02  1.0000e-01  4.6837e+11  1.3112e+00  2.0651e+00  2.0985e-01
  3.9811e+01  2.5000e+02  1.2000e-01  4.9725e+11  1.3216e+00  1.8359e+00  1.9534e-01
  3.9811e+01  2.5000e+02  1.4000e-01  5.2594e+11  1.3308e+00  1.6399e+00  1.8251e-01
  3.9811e+01  2.5000e+02  1.6000e-01  5.6486e+11  1.3369e+00  1.4877e+00  1.7026e-01
  3.9811e+01  2.5000e+02  1.8000e-01  5.8809e+11  1.3436e+00  1.3596e+00  1.6340e-01
  3.9811e+01  2.5000e+02  2.0000e-01  6.2262e+11  1.3479e+00  1.2254e+00  1.5099e-01
  3.9811e+01  2.5000e+02  2.2000e-01  6.9776e+11  1.3456e+00  1.1264e+00  1.3551e-01
  3.9811e+01  2.5000e+02  2.4000e-01  7.3390e+11  1.3469e+00  1.0574e+00  1.3258e-01
  3.9811e+01  2.5000e+02  2.6000e-01  6.9600e+11  1.3566e+00  9.7289e-01  1.3773e-01
  3.9811e+01  2.5000e+02  2.8000e-01  6.7686e+11  1.3639e+00  8.5967e-01  1.3260e-01
  3.9811e+01  2.5000e+02  3.0000e-01  8.3185e+11  1.3480e+00  7.6738e-01  1.0535e-01
  3.9811e+01  2.5000e+02  3.2000e-01  1.2229e+12  1.3133e+00  7.1294e-01  7.5059e-02
  3.9811e+01  2.5000e+02  3.4000e-01  1.5982e+12  1.2887e+00  6.6752e-01  6.1882e-02
  3.9811e+01  2.5000e+02  3.6000e-01  1.8394e+12  1.2749e+00  6.2207e-01  5.7069e-02
  3.9811e+01  2.5000e+02  3.8000e-01  1.7340e+12  1.2799e+00  5.3920e-01  5.6503e-02
  3.9811e+01  2.5000e+02  4.0000e-01  2.8111e+12  1.2394e+00  4.0893e-01  3.9580e-02
  3.9811e+01  2.5000e+02  4.2000e-01  1.3472e+12  1.3046e+00  3.1099e-01  4.4639e-02
  3.9811e+01  2.5000e+02  4.4000e-01  9.7021e+11  1.3258e+00  2.6162e-01  5.4575e-02
  3.9811e+01  2.5000e+02  4.6000e-01  1.1471e+12  1.2967e+00  1.9800e-01  4.9225e-02
  3.9811e+01  2.5000e+02  4.8000e-01  2.3878e+12  1.1979e+00  1.4543e-01  2.3250e-02
  3.9811e+01  2.5000e+02  5.0000e-01  6.8167e+11  9.4870e-01  2.3658e-01  3.7279e-03
  3.9811e+01  2.5000e+02  5.2000e-01  4.3866e+10  1.2799e+00  1.3302e-01  1.2646e-02
  3.9811e+01  2.5000e+02  5.4000e-01  3.2647e+10  1.2909e+00  1.3226e-01  1.4736e-02
  3.9811e+01  2.5000e+02  5.6000e-01  inf  -7.8893e+03  -9.6150e-01  -6.6879e-03
  3.9811e+01  2.5000e+02  5.8000e-01  2.9017e+10  1.2935e+00  1.2587e-01  1.6051e-02
  3.9811e+01  2.5000e+02  6.0000e-01  inf  -7.7086e+03  -1.0992e+00  -7.6747e-03
  3.9811e+01  3.0000e+02  1.0000e-02  3.6404e+11  1.2416e+00  4.0646e+00  3.1585e-01
  3.9811e+01  3.0000e+02  2.0000e-02  3.7303e+11  1.2535e+00  3.6412e+00  2.9867e-01
  3.9811e+01  3.0000e+02  4.0000e-02  3.9494e+11  1.2724e+00  3.1490e+00  2.6930e-01
  3.9811e+01  3.0000e+02  6.0000e-02  3.8957e+11  1.2773e+00  2.8968e+00  2.6255e-01
  3.9811e+01  3.0000e+02  8.0000e-02  4.0357e+11  1.2885e+00  2.6099e+00  2.4505e-01
  3.9811e+01  3.0000e+02  1.0000e-01  4.1775e+11  1.2988e+00  2.3551e+00  2.2965e-01
  3.9811e+01  3.0000e+02  1.2000e-01  4.4031e+11  1.3121e+00  2.1002e+00  2.1208e-01
  3.9811e+01  3.0000e+02  1.4000e-01  4.5530e+11  1.3218e+00  1.8968e+00  2.0024e-01
  3.9811e+01  3.0000e+02  1.6000e-01  4.7216e+11  1.3301e+00  1.7168e+00  1.8883e-01
  3.9811e+01  3.0000e+02  1.8000e-01  4.9984e+11  1.3358e+00  1.5666e+00  1.7619e-01
  3.9811e+01  3.0000e+02  2.0000e-01  5.1968e+11  1.3413e+00  1.4461e+00  1.6823e-01
  3.9811e+01  3.0000e+02  2.2000e-01  5.3151e+11  1.3472e+00  1.3213e+00  1.5997e-01
  3.9811e+01  3.0000e+02  2.4000e-01  5.7664e+11  1.3471e+00  1.2070e+00  1.4389e-01
  3.9811e+01  3.0000e+02  2.6000e-01  6.3136e+11  1.3441e+00  1.1289e+00  1.3233e-01
  3.9811e+01  3.0000e+02  2.8000e-01  6.2986e+11  1.3484e+00  1.0623e+00  1.3262e-01
  3.9811e+01  3.0000e+02  3.0000e-01  5.8375e+11  1.3582e+00  9.7683e-01  1.3609e-01
  3.9811e+01  3.0000e+02  3.2000e-01  5.7504e+11  1.3618e+00  8.7402e-01  1.2726e-01
  3.9811e+01  3.0000e+02  3.4000e-01  7.0947e+11  1.3427e+00  7.9539e-01  9.9597e-02
  3.9811e+01  3.0000e+02  3.6000e-01  9.9952e+11  1.3092e+00  7.4495e-01  7.2770e-02
  3.9811e+01  3.0000e+02  3.8000e-01  1.2336e+12  1.2867e+00  6.9870e-01  6.1347e-02
  3.9811e+01  3.0000e+02  4.0000e-01  1.3155e+12  1.2757e+00  6.4219e-01  5.7180e-02
  3.9811e+01  3.0000e+02  4.2000e-01  1.1323e+12  1.2839e+00  5.4401e-01  5.6154e-02
  3.9811e+01  3.0000e+02  4.4000e-01  1.7581e+12  1.2371e+00  4.0986e-01  3.8370e-02
  3.9811e+01  3.0000e+02  4.6000e-01  6.1040e+11  1.3149e+00  3.1808e-01  5.0176e-02
  3.9811e+01  3.0000e+02  4.8000e-01  3.6043e+11  1.3269e+00  2.4002e-01  5.8045e-02
  3.9811e+01  3.0000e+02  5.0000e-01  2.2194e+11  1.0817e+00  1.5658e-01  6.8219e-03
  3.9811e+01  3.0000e+02  5.2000e-01  3.2074e+10  1.2700e+00  1.3395e-01  1.2655e-02
  3.9811e+01  3.0000e+02  5.4000e-01  2.6030e+10  1.2759e+00  1.3217e-01  1.3984e-02
  3.9811e+01  3.0000e+02  5.6000e-01  2.1830e+10  1.2918e+00  1.2802e-01  1.5514e-02
  3.9811e+01  3.0000e+02  5.8000e-01  1.8777e+10  1.3001e+00  1.2516e-01  1.6314e-02
  3.9811e+01  3.0000e+02  6.0000e-01  inf  -6.6231e+03  -7.5648e-01  -6.1290e-03
  5.4117e+01  3.3246e+00  1.0000e-02  3.3677e+11  1.3151e+00  8.9002e+00  2.2302e-01
  5.4117e+01  3.3246e+00  2.0000e-02  3.3242e+11  1.3213e+00  8.4869e+00  2.2042e-01
  5.4117e+01  3.3246e+00  4.0000e-02  2.9503e+11  1.3329e+00  7.5860e+00  2.3551e-01
  5.4117e+01  3.3246e+00  6.0000e-02  3.3133e+11  1.3099e+00  7.0234e+00  2.2681e-01
  5.4117e+01  3.3246e+00  8.0000e-02  3.9917e+11  1.2981e+00  6.0257e+00  2.0608e-01
  5.4117e+01  3.3246e+00  1.0000e-01  4.7585e+11  1.2887e+00  5.7858e+00  1.8011e-01
  5.4117e+01  3.3246e+00  1.2000e-01  3.1312e+11  1.3233e+00  5.4009e+00  2.3330e-01
  5.4117e+01  3.3246e+00  1.4000e-01  4.3603e+11  1.3195e+00  3.7778e+00  1.9883e-01
  5.4117e+01  3.3246e+00  1.6000e-01  5.5272e+11  1.3006e+00  3.2456e+00  1.6949e-01
  5.4117e+01  3.3246e+00  1.8000e-01  8.0065e+11  1.2784e+00  2.8743e+00  1.2867e-01
  5.4117e+01  3.3246e+00  2.0000e-01  1.5185e+12  1.2347e+00  2.4932e+00  7.6498e-02
  5.4117e+01  3.3246e+00  2.2000e-01  1.6737e+12  1.2308e+00  1.9711e+00  7.9125e-02
  5.4117e+01  3.3246e+00  2.4000e-01  1.5237e+12  1.2417e+00  1.5767e+00  9.4991e-02
  5.4117e+01  3.3246e+00  2.6000e-01  1.3055e+12  1.2440e+00  1.2914e+00  1.1872e-01
  5.4117e+01  3.3246e+00  2.8000e-01  1.3300e+12  1.2465e+00  1.0712e+00  1.2962e-01
  5.4117e+01  3.3246e+00  3.0000e-01  1.2366e+12  1.2370e+00  9.3828e-01  1.5471e-01
  5.4117e+01  3.3246e+00  3.2000e-01  9.1609e+11  1.2825e+00  6.5354e-01  1.8301e-01
  5.4117e+01  3.3246e+00  3.4000e-01  5.7148e+11  1.3553e+00  3.6457e-01  2.2502e-01
  5.4117e+01  3.3246e+00  3.6000e-01  8.2487e+11  1.3640e+00  1.6387e-01  1.5963e-01
  5.4117e+01  3.3246e+00  3.8000e-01  2.1626e+13  1.4057e+00  -1.4468e-01  1.4281e-02
  5.4117e+01  3.3246e+00  4.0000e-01  1.8636e+12  1.5356e+00  -3.5217e+00  6.5169e-02
  5.4117e+01  3.3246e+00  4.2000e-01  2.3018e+13  6.8526e-01  1.6277e-01  1.0159e-03
  5.4117e+01  3.3246e+00  4.4000e-01  2.6682e+13  5.9622e-01  1.9946e-01  6.2865e-06
  5.4117e+01  3.3246e+00  4.6000e-01  5.1015e+10  1.1335e+00  2.0666e-01  1.8483e-06
  5.4117e+01  3.3246e+00  4.8000e-01  3.1693e+12  8.7815e-01  2.2755e-01  2.4720e-08
  5.4117e+01  3.3246e+00  5.0000e-01  6.3616e+12  1.0512e+00  1.6765e-01  4.2517e-03
  5.4117e+01  3.3246e+00  5.2000e-01  3.2505e+11  1.0326e+00  1.0297e+00  2.4717e-01
  5.4117e+01  3.3246e+00  5.4000e-01  1.9516e+12  9.9159e-01  9.8653e-01  9.4969e-02
  5.4117e+01  3.3246e+00  5.6000e-01  2.2674e+12  1.0203e+00  1.0167e+00  9.7573e-02
  5.4117e+01  3.3246e+00  5.8000e-01  2.2154e+12  1.0631e+00  1.0395e+00  1.0264e-01
  5.4117e+01  3.3246e+00  6.0000e-01  1.1859e+12  1.1189e+00  1.3323e+00  1.6944e-01
  5.4117e+01  4.0616e+00  1.0000e-02  4.4541e+11  1.3027e+00  7.5842e+00  1.9478e-01
  5.4117e+01  4.0616e+00  2.0000e-02  4.3362e+11  1.3041e+00  7.2153e+00  1.9776e-01
  5.4117e+01  4.0616e+00  4.0000e-02  4.0996e+11  1.3145e+00  6.5440e+00  2.0194e-01
  5.4117e+01  4.0616e+00  6.0000e-02  4.4605e+11  1.2992e+00  5.9748e+00  1.9661e-01
  5.4117e+01  4.0616e+00  8.0000e-02  4.7489e+11  1.2996e+00  5.2585e+00  1.8958e-01
  5.4117e+01  4.0616e+00  1.0000e-01  6.1790e+11  1.2857e+00  4.6810e+00  1.5860e-01
  5.4117e+01  4.0616e+00  1.2000e-01  4.8824e+11  1.3098e+00  4.3219e+00  1.8136e-01
  5.4117e+01  4.0616e+00  1.4000e-01  4.7317e+11  1.3300e+00  3.1730e+00  1.8008e-01
  5.4117e+01  4.0616e+00  1.6000e-01  6.7250e+11  1.3037e+00  2.5935e+00  1.4631e-01
  5.4117e+01  4.0616e+00  1.8000e-01  8.9710e+11  1.2965e+00  2.2113e+00  1.1795e-01
  5.4117e+01  4.0616e+00  2.0000e-01  1.3504e+12  1.2491e+00  1.9014e+00  9.6276e-02
  5.4117e+01  4.0616e+00  2.2000e-01  1.8013e+12  1.2251e+00  1.6058e+00  8.5735e-02
  5.4117e+01  4.0616e+00  2.4000e-01  2.0246e+12  1.2136e+00  1.3215e+00  8.6722e-02
  5.4117e+01  4.0616e+00  2.6000e-01  1.8826e+12  1.2166e+00  1.0952e+00  1.0024e-01
  5.4117e+01  4.0616e+00  2.8000e-01  1.7313e+12  1.2209e+00  9.3121e-01  1.1612e-01
  5.4117e+01  4.0616e+00  3.0000e-01  1.5380e+12  1.2402e+00  7.9947e-01  1.3244e-01
  5.4117e+01  4.0616e+00  3.2000e-01  9.0555e+11  1.3151e+00  5.3735e-01  1.7030e-01
  5.4117e+01  4.0616e+00  3.4000e-01  1.0312e+12  1.3245e+00  3.2323e-01  1.5570e-01
  5.4117e+01  4.0616e+00  3.6000e-01  1.0565e+12  1.3544e+00  1.6410e-01  1.3992e-01
  5.4117e+01  4.0616e+00  3.8000e-01  2.5038e+13  1.3796e+00  -8.1457e-02  1.3295e-02
  5.4117e+01  4.0616e+00  4.0000e-01  1.4034e+12  1.5380e+00  -3.6226e+00  8.0008e-02
  5.4117e+01  4.0616e+00  4.2000e-01  2.1430e+13  6.9510e-01  1.6007e-01  1.1891e-03
  5.4117e+01  4.0616e+00  4.4000e-01  2.7087e+13  6.1331e-01  1.9141e-01  7.3479e-06
  5.4117e+01  4.0616e+00  4.6000e-01  3.9326e+11  9.7826e-01  2.0943e-01  9.9775e-08
  5.4117e+01  4.0616e+00  4.8000e-01  4.3195e+13  6.3648e-01  2.4278e-01  6.1472e-09
  5.4117e+01  4.0616e+00  5.0000e-01  5.8202e+12  1.0493e+00  1.7356e-01  4.8355e-03
  5.4117e+01  4.0616e+00  5.2000e-01  5.3915e+11  1.0460e+00  9.5437e-01  1.1563e-01
  5.4117e+01  4.0616e+00  5.4000e-01  6.5193e+11  1.0049e+00  1.0641e+00  2.2007e-01
  5.4117e+01  4.0616e+00  5.6000e-01  2.0357e+12  9.9379e-01  9.7063e-01  1.0095e-01
  5.4117e+01  4.0616e+00  5.8000e-01  2.4171e+12  1.0150e+00  9.7357e-01  9.2592e-02
  5.4117e+01  4.0616e+00  6.0000e-01  2.2002e+12  1.0526e+00  9.8744e-01  1.0196e-01
  5.4117e+01  4.9619e+00  1.0000e-02  5.6748e+11  1.2898e+00  6.4974e+00  1.6993e-01
  5.4117e+01  4.9619e+00  2.0000e-02  5.6625e+11  1.2914e+00  6.1206e+00  1.6944e-01
  5.4117e+01  4.9619e+00  4.0000e-02  5.6506e+11  1.2926e+00  5.5024e+00  1.6924e-01
  5.4117e+01  4.9619e+00  6.0000e-02  5.8177e+11  1.2964e+00  4.9500e+00  1.6479e-01
  5.4117e+01  4.9619e+00  8.0000e-02  6.3880e+11  1.3009e+00  4.3273e+00  1.5228e-01
  5.4117e+01  4.9619e+00  1.0000e-01  7.3028e+11  1.2909e+00  3.8403e+00  1.4159e-01
  5.4117e+01  4.9619e+00  1.2000e-01  7.1200e+11  1.2982e+00  3.3799e+00  1.4566e-01
  5.4117e+01  4.9619e+00  1.4000e-01  5.7407e+11  1.3262e+00  2.7200e+00  1.5584e-01
  5.4117e+01  4.9619e+00  1.6000e-01  7.1659e+11  1.3196e+00  2.1291e+00  1.2951e-01
  5.4117e+01  4.9619e+00  1.8000e-01  8.8252e+11  1.3019e+00  1.7896e+00  1.1738e-01
  5.4117e+01  4.9619e+00  2.0000e-01  1.1942e+12  1.2784e+00  1.5296e+00  1.0082e-01
  5.4117e+01  4.9619e+00  2.2000e-01  1.6728e+12  1.2403e+00  1.3273e+00  8.7480e-02
  5.4117e+01  4.9619e+00  2.4000e-01  2.1075e+12  1.2028e+00  1.1304e+00  8.4816e-02
  5.4117e+01  4.9619e+00  2.6000e-01  2.2882e+12  1.2074e+00  9.2802e-01  8.9054e-02
  5.4117e+01  4.9619e+00  2.8000e-01  2.3047e+12  1.2372e+00  6.6480e-01  9.1882e-02
  5.4117e+01  4.9619e+00  3.0000e-01  1.6305e+12  1.2782e+00  5.7466e-01  1.1449e-01
  5.4117e+01  4.9619e+00  3.2000e-01  1.0339e+12  1.3269e+00  4.2137e-01  1.5777e-01
  5.4117e+01  4.9619e+00  3.4000e-01  1.5453e+12  1.3064e+00  2.9384e-01  1.1850e-01
  5.4117e+01  4.9619e+00  3.6000e-01  1.2476e+12  1.3465e+00  1.6638e-01  1.2974e-01
  5.4117e+01  4.9619e+00  3.8000e-01  5.4080e+13  1.3367e+00  6.1288e-02  7.4287e-03
  5.4117e+01  4.9619e+00  4.0000e-01  2.3807e+13  1.0596e+00  1.3720e-01  7.9806e-03
  5.4117e+01  4.9619e+00  4.2000e-01  8.6139e+13  7.6412e-01  1.7107e-01  2.5343e-04
  5.4117e+01  4.9619e+00  4.4000e-01  2.7236e+13  6.1078e-01  1.9449e-01  6.1383e-06
  5.4117e+01  4.9619e+00  4.6000e-01  2.7898e+11  1.0073e+00  2.1654e-01  7.3791e-08
  5.4117e+01  4.9619e+00  4.8000e-01  4.6102e+13  7.0352e-01  2.1619e-01  8.2271e-07
  5.4117e+01  4.9619e+00  5.0000e-01  5.3405e+12  1.0517e+00  1.7573e-01  5.3770e-03
  5.4117e+01  4.9619e+00  5.2000e-01  4.1935e+11  1.0489e+00  8.5233e-01  9.3326e-02
  5.4117e+01  4.9619e+00  5.4000e-01  8.7123e+11  1.0201e+00  1.0600e+00  1.2752e-01
  5.4117e+01  4.9619e+00  5.6000e-01  7.6935e+11  1.0211e+00  1.0090e+00  2.0059e-01
  5.4117e+01  4.9619e+00  5.8000e-01  1.1667e+12  9.9628e-01  1.0189e+00  1.7275e-01
  5.4117e+01  4.9619e+00  6.0000e-01  2.5223e+12  1.0063e+00  9.0188e-01  8.5043e-02
  5.4117e+01  6.0619e+00  1.0000e-02  6.7351e+11  1.2818e+00  5.2464e+00  1.5172e-01
  5.4117e+01  6.0619e+00  2.0000e-02  6.8995e+11  1.2870e+00  4.9168e+00  1.4830e-01
  5.4117e+01  6.0619e+00  4.0000e-02  7.0969e+11  1.2871e+00  4.3699e+00  1.4596e-01
  5.4117e+01  6.0619e+00  6.0000e-02  7.0767e+11  1.2980e+00  3.8763e+00  1.4558e-01
  5.4117e+01  6.0619e+00  8.0000e-02  7.8236e+11  1.3008e+00  3.3115e+00  1.3259e-01
  5.4117e+01  6.0619e+00  1.0000e-01  9.3748e+11  1.2905e+00  2.9320e+00  1.2225e-01
  5.4117e+01  6.0619e+00  1.2000e-01  6.9489e+11  1.3206e+00  2.5619e+00  1.4634e-01
  5.4117e+01  6.0619e+00  1.4000e-01  6.1124e+11  1.3420e+00  2.1111e+00  1.4681e-01
  5.4117e+01  6.0619e+00  1.6000e-01  8.0713e+11  1.3256e+00  1.6986e+00  1.1874e-01
  5.4117e+01  6.0619e+00  1.8000e-01  1.0053e+12  1.3078e+00  1.4429e+00  1.0733e-01
  5.4117e+01  6.0619e+00  2.0000e-01  1.2477e+12  1.2858e+00  1.2592e+00  9.8770e-02
  5.4117e+01  6.0619e+00  2.2000e-01  1.8595e+12  1.2352e+00  1.1272e+00  8.3094e-02
  5.4117e+01  6.0619e+00  2.4000e-01  2.7526e+12  1.2025e+00  9.4220e-01  7.1937e-02
  5.4117e+01  6.0619e+00  2.6000e-01  2.4739e+12  1.2238e+00  7.9771e-01  8.5355e-02
  5.4117e+01  6.0619e+00  2.8000e-01  2.3317e+12  1.2603e+00  5.8278e-01  8.8589e-02
  5.4117e+01  6.0619e+00  3.0000e-01  1.4918e+12  1.3031e+00  5.0637e-01  1.2226e-01
  5.4117e+01  6.0619e+00  3.2000e-01  1.3693e+12  1.3053e+00  4.3238e-01  1.3634e-01
  5.4117e+01  6.0619e+00  3.4000e-01  1.3252e+12  1.3193e+00  3.2967e-01  1.2534e-01
  5.4117e+01  6.0619e+00  3.6000e-01  1.1210e+12  1.3496e+00  2.2412e-01  1.3786e-01
  5.4117e+01  6.0619e+00  3.8000e-01  5.4352e+13  1.3326e+00  6.4173e-02  7.5395e-03
  5.4117e+01  6.0619e+00  4.0000e-01  2.4711e+13  1.0608e+00  1.3754e-01  7.6153e-03
  5.4117e+01  6.0619e+00  4.2000e-01  9.2098e+13  7.7200e-01  1.6826e-01  2.5035e-04
  5.4117e+01  6.0619e+00  4.4000e-01  5.8606e+13  6.7520e-01  2.3545e-01  3.8711e-06
  5.4117e+01  6.0619e+00  4.6000e-01  7.5684e+09  8.0369e-01  3.8388e+00  6.5736e-05
  5.4117e+01  6.0619e+00  4.8000e-01  2.2304e+14  6.7591e-01  2.8356e-01  2.7069e-07
  5.4117e+01  6.0619e+00  5.0000e-01  7.6518e+12  1.1090e+00  1.9175e-01  4.2391e-03
  5.4117e+01  6.0619e+00  5.2000e-01  7.4038e+12  1.1715e+00  1.4777e-01  6.7511e-03
  5.4117e+01  6.0619e+00  5.4000e-01  4.7051e+11  1.0543e+00  9.6482e-01  1.2679e-01
  5.4117e+01  6.0619e+00  5.6000e-01  9.2103e+11  1.0202e+00  1.0754e+00  1.3616e-01
  5.4117e+01  6.0619e+00  5.8000e-01  1.3388e+12  9.9504e-01  1.1209e+00  1.3567e-01
  5.4117e+01  6.0619e+00  6.0000e-01  1.4877e+12  9.8598e-01  1.1269e+00  1.3614e-01
  5.4117e+01  7.4057e+00  1.0000e-02  8.0435e+11  1.2828e+00  4.0827e+00  1.3748e-01
  5.4117e+01  7.4057e+00  2.0000e-02  8.0466e+11  1.2880e+00  3.8185e+00  1.3683e-01
  5.4117e+01  7.4057e+00  4.0000e-02  8.0979e+11  1.2922e+00  3.3664e+00  1.3739e-01
  5.4117e+01  7.4057e+00  6.0000e-02  7.9362e+11  1.3109e+00  2.9434e+00  1.4309e-01
  5.4117e+01  7.4057e+00  8.0000e-02  9.2368e+11  1.3090e+00  2.5307e+00  1.2578e-01
  5.4117e+01  7.4057e+00  1.0000e-01  1.0612e+12  1.3039e+00  2.2320e+00  1.2431e-01
  5.4117e+01  7.4057e+00  1.2000e-01  7.7491e+11  1.3370e+00  1.9457e+00  1.6804e-01
  5.4117e+01  7.4057e+00  1.4000e-01  7.7163e+11  1.3414e+00  1.6217e+00  1.4928e-01
  5.4117e+01  7.4057e+00  1.6000e-01  1.2114e+12  1.3035e+00  1.3827e+00  9.7804e-02
  5.4117e+01  7.4057e+00  1.8000e-01  1.4354e+12  1.2848e+00  1.2148e+00  9.1005e-02
  5.4117e+01  7.4057e+00  2.0000e-01  1.7072e+12  1.2607e+00  1.0896e+00  8.8113e-02
  5.4117e+01  7.4057e+00  2.2000e-01  2.6687e+12  1.2089e+00  9.8605e-01  7.0383e-02
  5.4117e+01  7.4057e+00  2.4000e-01  3.0277e+12  1.2143e+00  8.0890e-01  7.1078e-02
  5.4117e+01  7.4057e+00  2.6000e-01  2.5099e+12  1.2426e+00  7.1280e-01  8.4934e-02
  5.4117e+01  7.4057e+00  2.8000e-01  1.7295e+12  1.2820e+00  6.4610e-01  1.0952e-01
  5.4117e+01  7.4057e+00  3.0000e-01  1.1663e+12  1.3226e+00  5.0833e-01  1.4493e-01
  5.4117e+01  7.4057e+00  3.2000e-01  1.8453e+12  1.2893e+00  3.9974e-01  1.1089e-01
  5.4117e+01  7.4057e+00  3.4000e-01  1.4975e+12  1.3142e+00  3.2342e-01  1.1738e-01
  5.4117e+01  7.4057e+00  3.6000e-01  1.2439e+12  1.3416e+00  2.2894e-01  1.3295e-01
  5.4117e+01  7.4057e+00  3.8000e-01  5.2119e+13  1.3272e+00  6.8245e-02  7.9007e-03
  5.4117e+01  7.4057e+00  4.0000e-01  2.5094e+13  1.0639e+00  1.3824e-01  7.3556e-03
  5.4117e+01  7.4057e+00  4.2000e-01  1.0960e+14  7.7410e-01  1.6608e-01  2.0899e-04
  5.4117e+01  7.4057e+00  4.4000e-01  6.1824e+13  6.7180e-01  2.3781e-01  2.8919e-06
  5.4117e+01  7.4057e+00  4.6000e-01  4.2700e+12  7.4006e-01  3.9211e-01  6.1997e-11
  5.4117e+01  7.4057e+00  4.8000e-01  5.9625e+13  8.6042e-01  2.0809e-01  2.6880e-05
  5.4117e+01  7.4057e+00  5.0000e-01  7.2491e+12  1.1143e+00  1.8675e-01  4.4574e-03
  5.4117e+01  7.4057e+00  5.2000e-01  6.3002e+12  1.1710e+00  1.4435e-01  6.0334e-03
  5.4117e+01  7.4057e+00  5.4000e-01  5.8106e+11  1.0987e+00  8.3556e-01  7.4469e-02
  5.4117e+01  7.4057e+00  5.6000e-01  9.5761e+11  1.0664e+00  1.0086e+00  8.6020e-02
  5.4117e+01  7.4057e+00  5.8000e-01  1.6320e+12  1.0306e+00  1.1094e+00  8.4527e-02
  5.4117e+01  7.4057e+00  6.0000e-01  2.1896e+12  1.0088e+00  1.1567e+00  8.1990e-02
  5.4117e+01  9.0474e+00  1.0000e-02  8.8586e+11  1.2910e+00  3.0419e+00  1.4681e-01
  5.4117e+01  9.0474e+00  2.0000e-02  8.9062e+11  1.2972e+00  2.8314e+00  1.4502e-01
  5.4117e+01  9.0474e+00  4.0000e-02  9.2256e+11  1.3071e+00  2.4738e+00  1.3839e-01
  5.4117e+01  9.0474e+00  6.0000e-02  8.5212e+11  1.3290e+00  2.1903e+00  1.4896e-01
  5.4117e+01  9.0474e+00  8.0000e-02  1.0214e+12  1.3169e+00  1.9086e+00  1.2221e-01
  5.4117e+01  9.0474e+00  1.0000e-01  1.0636e+12  1.3117e+00  1.7669e+00  1.2653e-01
  5.4117e+01  9.0474e+00  1.2000e-01  6.7076e+11  1.3483e+00  1.6432e+00  1.9353e-01
  5.4117e+01  9.0474e+00  1.4000e-01  7.6007e+11  1.3413e+00  1.3617e+00  1.5061e-01
  5.4117e+01  9.0474e+00  1.6000e-01  1.3138e+12  1.2945e+00  1.2036e+00  9.4478e-02
  5.4117e+01  9.0474e+00  1.8000e-01  1.6573e+12  1.2735e+00  1.0983e+00  8.6188e-02
  5.4117e+01  9.0474e+00  2.0000e-01  2.1248e+12  1.2466e+00  9.7033e-01  7.9406e-02
  5.4117e+01  9.0474e+00  2.2000e-01  3.5149e+12  1.2041e+00  8.4810e-01  6.2132e-02
  5.4117e+01  9.0474e+00  2.4000e-01  3.1607e+12  1.2288e+00  7.2518e-01  7.0843e-02
  5.4117e+01  9.0474e+00  2.6000e-01  2.4043e+12  1.2604e+00  6.6213e-01  8.7081e-02
  5.4117e+01  9.0474e+00  2.8000e-01  1.5745e+12  1.2991e+00  5.9627e-01  1.1856e-01
  5.4117e+01  9.0474e+00  3.0000e-01  1.4398e+12  1.3123e+00  4.5579e-01  1.2798e-01
  5.4117e+01  9.0474e+00  3.2000e-01  2.0134e+12  1.2886e+00  3.8472e-01  1.0287e-01
  5.4117e+01  9.0474e+00  3.4000e-01  1.6586e+12  1.3080e+00  3.2312e-01  1.1218e-01
  5.4117e+01  9.0474e+00  3.6000e-01  1.3530e+12  1.3348e+00  2.3318e-01  1.2930e-01
  5.4117e+01  9.0474e+00  3.8000e-01  6.2021e+13  1.3220e+00  7.1598e-02  7.0082e-03
  5.4117e+01  9.0474e+00  4.0000e-01  2.6342e+13  1.0623e+00  1.3942e-01  6.7822e-03
  5.4117e+01  9.0474e+00  4.2000e-01  1.1248e+14  7.7981e-01  1.6420e-01  2.1423e-04
  5.4117e+01  9.0474e+00  4.4000e-01  6.0368e+13  6.7657e-01  2.3652e-01  2.5129e-06
  5.4117e+01  9.0474e+00  4.6000e-01  1.8754e+11  6.5843e-01  1.4068e+00  2.9864e-07
  5.4117e+01  9.0474e+00  4.8000e-01  2.3429e+14  6.9936e-01  2.5501e-01  9.3128e-07
  5.4117e+01  9.0474e+00  5.0000e-01  6.4306e+12  1.1097e+00  1.8692e-01  4.8789e-03
  5.4117e+01  9.0474e+00  5.2000e-01  5.4551e+12  1.1626e+00  1.4459e-01  5.8096e-03
  5.4117e+01  9.0474e+00  5.4000e-01  5.2855e+12  1.1944e+00  1.2482e-01  8.5047e-03
  5.4117e+01  9.0474e+00  5.6000e-01  5.5435e+11  1.0954e+00  8.4690e-01  8.1532e-02
  5.4117e+01  9.0474e+00  5.8000e-01  7.5254e+11  1.0812e+00  9.4176e-01  9.3797e-02
  5.4117e+01  9.0474e+00  6.0000e-01  1.0573e+12  1.0639e+00  9.9871e-01  9.8456e-02
  5.4117e+01  1.1053e+01  1.0000e-02  7.4915e+11  1.3065e+00  2.5094e+00  1.7699e-01
  5.4117e+01  1.1053e+01  2.0000e-02  7.8576e+11  1.3154e+00  2.3134e+00  1.6870e-01
  5.4117e+01  1.1053e+01  4.0000e-02  8.1654e+11  1.3207e+00  2.0573e+00  1.6237e-01
  5.4117e+01  1.1053e+01  6.0000e-02  7.4474e+11  1.3342e+00  1.8679e+00  1.7855e-01
  5.4117e+01  1.1053e+01  8.0000e-02  9.4897e+11  1.3218e+00  1.6308e+00  1.3924e-01
  5.4117e+01  1.1053e+01  1.0000e-01  8.8865e+11  1.3292e+00  1.5646e+00  1.5703e-01
  5.4117e+01  1.1053e+01  1.2000e-01  6.3114e+11  1.3592e+00  1.4019e+00  2.0240e-01
  5.4117e+01  1.1053e+01  1.4000e-01  1.0465e+12  1.3192e+00  1.1907e+00  1.1717e-01
  5.4117e+01  1.1053e+01  1.6000e-01  1.4336e+12  1.2958e+00  1.0810e+00  8.9037e-02
  5.4117e+01  1.1053e+01  1.8000e-01  1.7691e+12  1.2756e+00  1.0045e+00  8.3240e-02
  5.4117e+01  1.1053e+01  2.0000e-01  3.0669e+12  1.2236e+00  8.7306e-01  6.5004e-02
  5.4117e+01  1.1053e+01  2.2000e-01  3.8651e+12  1.2134e+00  7.5528e-01  5.9983e-02
  5.4117e+01  1.1053e+01  2.4000e-01  3.1734e+12  1.2410e+00  6.7939e-01  7.0808e-02
  5.4117e+01  1.1053e+01  2.6000e-01  2.3091e+12  1.2714e+00  6.3066e-01  9.0058e-02
  5.4117e+01  1.1053e+01  2.8000e-01  1.5684e+12  1.3054e+00  5.5152e-01  1.2176e-01
  5.4117e+01  1.1053e+01  3.0000e-01  1.8265e+12  1.2952e+00  4.3826e-01  1.1178e-01
  5.4117e+01  1.1053e+01  3.2000e-01  2.1827e+12  1.2847e+00  3.8105e-01  9.8234e-02
  5.4117e+01  1.1053e+01  3.4000e-01  1.8268e+12  1.3004e+00  3.2599e-01  1.0811e-01
  5.4117e+01  1.1053e+01  3.6000e-01  1.4464e+12  1.3291e+00  2.3660e-01  1.2657e-01
  5.4117e+01  1.1053e+01  3.8000e-01  3.4091e+13  1.3153e+00  7.5881e-02  1.1076e-02
  5.4117e+01  1.1053e+01  4.0000e-01  2.5904e+13  1.0682e+00  1.3880e-01  6.6411e-03
  5.4117e+01  1.1053e+01  4.2000e-01  1.2025e+14  7.8029e-01  1.6264e-01  2.0458e-04
  5.4117e+01  1.1053e+01  4.4000e-01  3.6684e+13  7.1309e-01  2.3403e-01  4.7966e-06
  5.4117e+01  1.1053e+01  4.6000e-01  3.2776e+11  1.2726e+00  2.4117e-01  8.1578e-06
  5.4117e+01  1.1053e+01  4.8000e-01  7.9136e+13  7.8260e-01  2.4169e-01  1.1983e-05
  5.4117e+01  1.1053e+01  5.0000e-01  6.0235e+12  1.0976e+00  1.9207e-01  5.0749e-03
  5.4117e+01  1.1053e+01  5.2000e-01  4.3200e+12  1.1569e+00  1.4876e-01  6.4714e-03
  5.4117e+01  1.1053e+01  5.4000e-01  3.7707e+12  1.1852e+00  1.3280e-01  8.9530e-03
  5.4117e+01  1.1053e+01  5.6000e-01  4.1663e+11  1.0881e+00  7.6941e-01  7.3636e-02
  5.4117e+01  1.1053e+01  5.8000e-01  4.7603e+11  1.0844e+00  8.7185e-01  8.7557e-02
  5.4117e+01  1.1053e+01  6.0000e-01  5.4884e+11  1.0826e+00  9.2878e-01  1.0312e-01
  5.4117e+01  1.3503e+01  1.0000e-02  6.6331e+11  1.2976e+00  2.3911e+00  1.9882e-01
  5.4117e+01  1.3503e+01  2.0000e-02  6.7795e+11  1.3120e+00  2.1729e+00  1.9298e-01
  5.4117e+01  1.3503e+01  4.0000e-02  7.6891e+11  1.3215e+00  1.8893e+00  1.7172e-01
  5.4117e+01  1.3503e+01  6.0000e-02  7.2024e+11  1.3339e+00  1.7563e+00  1.8287e-01
  5.4117e+01  1.3503e+01  8.0000e-02  9.2797e+11  1.3231e+00  1.5272e+00  1.4497e-01
  5.4117e+01  1.3503e+01  1.0000e-01  8.8448e+11  1.3320e+00  1.4384e+00  1.5614e-01
  5.4117e+01  1.3503e+01  1.2000e-01  6.8861e+11  1.3630e+00  1.2343e+00  1.8693e-01
  5.4117e+01  1.3503e+01  1.4000e-01  1.3294e+12  1.3092e+00  1.0836e+00  9.8997e-02
  5.4117e+01  1.3503e+01  1.6000e-01  1.8040e+12  1.2837e+00  1.0010e+00  7.9814e-02
  5.4117e+01  1.3503e+01  1.8000e-01  2.1551e+12  1.2652e+00  9.2924e-01  7.5760e-02
  5.4117e+01  1.3503e+01  2.0000e-01  3.9703e+12  1.2104e+00  8.0264e-01  5.6768e-02
  5.4117e+01  1.3503e+01  2.2000e-01  3.9756e+12  1.2213e+00  7.0749e-01  5.9181e-02
  5.4117e+01  1.3503e+01  2.4000e-01  3.1832e+12  1.2471e+00  6.5326e-01  7.0834e-02
  5.4117e+01  1.3503e+01  2.6000e-01  2.3431e+12  1.2742e+00  6.0843e-01  9.0429e-02
  5.4117e+01  1.3503e+01  2.8000e-01  1.6683e+12  1.3037e+00  5.2376e-01  1.1823e-01
  5.4117e+01  1.3503e+01  3.0000e-01  2.0197e+12  1.2885e+00  4.3224e-01  1.0503e-01
  5.4117e+01  1.3503e+01  3.2000e-01  2.3404e+12  1.2790e+00  3.8336e-01  9.5577e-02
  5.4117e+01  1.3503e+01  3.4000e-01  1.9964e+12  1.2921e+00  3.3020e-01  1.0499e-01
  5.4117e+01  1.3503e+01  3.6000e-01  1.5278e+12  1.3235e+00  2.3912e-01  1.2460e-01
  5.4117e+01  1.3503e+01  3.8000e-01  3.6062e+13  1.3062e+00  7.8509e-02  1.0732e-02
  5.4117e+01  1.3503e+01  4.0000e-01  2.5718e+13  1.0679e+00  1.3685e-01  6.2660e-03
  5.4117e+01  1.3503e+01  4.2000e-01  1.0770e+14  7.7616e-01  1.5963e-01  2.3900e-04
  5.4117e+01  1.3503e+01  4.4000e-01  2.4428e+13  7.3951e-01  2.3006e-01  5.2332e-06
  5.4117e+01  1.3503e+01  4.6000e-01  2.1069e+12  1.0926e+00  2.5534e-01  1.9062e-06
  5.4117e+01  1.3503e+01  4.8000e-01  6.4684e+13  8.1895e-01  2.1989e-01  2.5083e-05
  5.4117e+01  1.3503e+01  5.0000e-01  5.9808e+12  1.0955e+00  1.9201e-01  5.0859e-03
  5.4117e+01  1.3503e+01  5.2000e-01  3.6939e+12  1.1537e+00  1.5527e-01  7.0073e-03
  5.4117e+01  1.3503e+01  5.4000e-01  2.8914e+12  1.1786e+00  1.4327e-01  9.3846e-03
  5.4117e+01  1.3503e+01  5.6000e-01  2.7056e+12  1.2000e+00  1.3045e-01  1.1904e-02
  5.4117e+01  1.3503e+01  5.8000e-01  3.8091e+11  1.0822e+00  7.9052e-01  7.4884e-02
  5.4117e+01  1.3503e+01  6.0000e-01  4.0484e+11  1.0827e+00  8.6119e-01  8.7651e-02
  5.4117e+01  1.6496e+01  1.0000e-02  6.1964e+11  1.2815e+00  2.4058e+00  2.1045e-01
  5.4117e+01  1.6496e+01  2.0000e-02  6.4527e+11  1.3068e+00  2.0800e+00  1.9731e-01
  5.4117e+01  1.6496e+01  4.0000e-02  7.1107e+11  1.3231e+00  1.7720e+00  1.7860e-01
  5.4117e+01  1.6496e+01  6.0000e-02  6.6395e+11  1.3389e+00  1.6431e+00  1.9064e-01
  5.4117e+01  1.6496e+01  8.0000e-02  9.0324e+11  1.3253e+00  1.4604e+00  1.4709e-01
  5.4117e+01  1.6496e+01  1.0000e-01  8.1980e+11  1.3427e+00  1.3600e+00  1.6536e-01
  5.4117e+01  1.6496e+01  1.2000e-01  7.5476e+11  1.3599e+00  1.1611e+00  1.7108e-01
  5.4117e+01  1.6496e+01  1.4000e-01  1.5553e+12  1.3013e+00  1.0202e+00  8.9536e-02
  5.4117e+01  1.6496e+01  1.6000e-01  2.2118e+12  1.2715e+00  9.4205e-01  7.2326e-02
  5.4117e+01  1.6496e+01  1.8000e-01  2.6773e+12  1.2530e+00  8.7349e-01  6.7885e-02
  5.4117e+01  1.6496e+01  2.0000e-01  4.3915e+12  1.2095e+00  7.5348e-01  5.3220e-02
  5.4117e+01  1.6496e+01  2.2000e-01  4.0657e+12  1.2254e+00  6.7650e-01  5.8042e-02
  5.4117e+01  1.6496e+01  2.4000e-01  3.3166e+12  1.2475e+00  6.3038e-01  6.9116e-02
  5.4117e+01  1.6496e+01  2.6000e-01  2.5416e+12  1.2699e+00  5.8745e-01  8.6915e-02
  5.4117e+01  1.6496e+01  2.8000e-01  1.8789e+12  1.2947e+00  5.1323e-01  1.1087e-01
  5.4117e+01  1.6496e+01  3.0000e-01  2.0466e+12  1.2891e+00  4.2815e-01  1.0301e-01
  5.4117e+01  1.6496e+01  3.2000e-01  2.4754e+12  1.2736e+00  3.8551e-01  9.3843e-02
  5.4117e+01  1.6496e+01  3.4000e-01  2.1447e+12  1.2842e+00  3.3316e-01  1.0296e-01
  5.4117e+01  1.6496e+01  3.6000e-01  1.5767e+12  1.3188e+00  2.3832e-01  1.2396e-01
  5.4117e+01  1.6496e+01  3.8000e-01  3.6134e+13  1.2947e+00  8.0426e-02  1.0721e-02
  5.4117e+01  1.6496e+01  4.0000e-01  2.4179e+13  1.0725e+00  1.3233e-01  6.2683e-03
  5.4117e+01  1.6496e+01  4.2000e-01  1.0018e+14  7.6416e-01  1.5770e-01  2.5280e-04
  5.4117e+01  1.6496e+01  4.4000e-01  6.5006e+13  6.8477e-01  2.3241e-01  1.6753e-07
  5.4117e+01  1.6496e+01  4.6000e-01  1.0811e+12  1.1726e+00  2.3819e-01  1.0310e-05
  5.4117e+01  1.6496e+01  4.8000e-01  5.5266e+13  8.2379e-01  2.2512e-01  3.1384e-05
  5.4117e+01  1.6496e+01  5.0000e-01  5.9494e+12  1.0960e+00  1.9194e-01  5.0449e-03
  5.4117e+01  1.6496e+01  5.2000e-01  3.2379e+12  1.1633e+00  1.5788e-01  7.5505e-03
  5.4117e+01  1.6496e+01  5.4000e-01  2.6288e+12  1.1723e+00  1.5282e-01  9.0772e-03
  5.4117e+01  1.6496e+01  5.6000e-01  2.2154e+12  1.1907e+00  1.4442e-01  1.1606e-02
  5.4117e+01  1.6496e+01  5.8000e-01  2.0192e+12  1.2121e+00  1.3370e-01  1.4127e-02
  5.4117e+01  1.6496e+01  6.0000e-01  3.3256e+11  1.0910e+00  7.5698e-01  7.3226e-02
  5.4117e+01  2.0153e+01  1.0000e-02  6.0359e+11  1.2766e+00  2.3641e+00  2.1185e-01
  5.4117e+01  2.0153e+01  2.0000e-02  6.2747e+11  1.2969e+00  2.0884e+00  2.0243e-01
  5.4117e+01  2.0153e+01  4.0000e-02  6.7902e+11  1.3211e+00  1.7342e+00  1.8478e-01
  5.4117e+01  2.0153e+01  6.0000e-02  6.9338e+11  1.3354e+00  1.5763e+00  1.8312e-01
  5.4117e+01  2.0153e+01  8.0000e-02  9.4817e+11  1.3228e+00  1.3710e+00  1.3850e-01
  5.4117e+01  2.0153e+01  1.0000e-01  8.1632e+11  1.3431e+00  1.3115e+00  1.6469e-01
  5.4117e+01  2.0153e+01  1.2000e-01  7.9823e+11  1.3582e+00  1.1128e+00  1.6496e-01
  5.4117e+01  2.0153e+01  1.4000e-01  1.5503e+12  1.3038e+00  9.8054e-01  9.1307e-02
  5.4117e+01  2.0153e+01  1.6000e-01  2.4527e+12  1.2664e+00  8.9858e-01  6.8268e-02
  5.4117e+01  2.0153e+01  1.8000e-01  3.0652e+12  1.2448e+00  8.3678e-01  6.3526e-02
  5.4117e+01  2.0153e+01  2.0000e-01  4.5143e+12  1.2114e+00  7.2422e-01  5.1509e-02
  5.4117e+01  2.0153e+01  2.2000e-01  4.1639e+12  1.2255e+00  6.5330e-01  5.6573e-02
  5.4117e+01  2.0153e+01  2.4000e-01  3.5439e+12  1.2434e+00  6.0936e-01  6.6037e-02
  5.4117e+01  2.0153e+01  2.6000e-01  2.8867e+12  1.2609e+00  5.6888e-01  8.0209e-02
  5.4117e+01  2.0153e+01  2.8000e-01  2.2105e+12  1.2819e+00  5.1227e-01  9.9733e-02
  5.4117e+01  2.0153e+01  3.0000e-01  2.0181e+12  1.2899e+00  4.3049e-01  1.0355e-01
  5.4117e+01  2.0153e+01  3.2000e-01  2.3304e+12  1.2766e+00  3.9047e-01  9.7173e-02
  5.4117e+01  2.0153e+01  3.4000e-01  2.1937e+12  1.2794e+00  3.3989e-01  1.0339e-01
  5.4117e+01  2.0153e+01  3.6000e-01  1.6021e+12  1.3143e+00  2.4015e-01  1.2437e-01
  5.4117e+01  2.0153e+01  3.8000e-01  2.0672e+13  1.2806e+00  8.5626e-02  1.6571e-02
  5.4117e+01  2.0153e+01  4.0000e-01  2.4570e+13  1.0668e+00  1.3065e-01  5.7498e-03
  5.4117e+01  2.0153e+01  4.2000e-01  1.0431e+14  7.4624e-01  1.5804e-01  2.2086e-04
  5.4117e+01  2.0153e+01  4.4000e-01  1.8905e+14  5.5561e-01  2.6557e-01  1.9419e-10
  5.4117e+01  2.0153e+01  4.6000e-01  1.8901e+11  1.3147e+00  2.3098e-01  7.2898e-05
  5.4117e+01  2.0153e+01  4.8000e-01  4.5564e+13  8.3701e-01  2.2234e-01  3.4631e-05
  5.4117e+01  2.0153e+01  5.0000e-01  6.0670e+12  1.0937e+00  1.9307e-01  4.9073e-03
  5.4117e+01  2.0153e+01  5.2000e-01  2.9679e+12  1.1737e+00  1.5953e-01  7.9708e-03
  5.4117e+01  2.0153e+01  5.4000e-01  2.3667e+12  1.1809e+00  1.5767e-01  8.9952e-03
  5.4117e+01  2.0153e+01  5.6000e-01  1.9730e+12  1.1934e+00  1.5330e-01  1.0854e-02
  5.4117e+01  2.0153e+01  5.8000e-01  1.7388e+12  1.2083e+00  1.4703e-01  1.2968e-02
  5.4117e+01  2.0153e+01  6.0000e-01  1.6500e+12  1.2215e+00  1.3953e-01  1.4802e-02
  5.4117e+01  2.4621e+01  1.0000e-02  6.0152e+11  1.2701e+00  2.4017e+00  2.1295e-01
  5.4117e+01  2.4621e+01  2.0000e-02  6.2605e+11  1.2928e+00  2.0615e+00  2.0074e-01
  5.4117e+01  2.4621e+01  4.0000e-02  6.5023e+11  1.3176e+00  1.7299e+00  1.8980e-01
  5.4117e+01  2.4621e+01  6.0000e-02  7.0138e+11  1.3262e+00  1.5837e+00  1.8159e-01
  5.4117e+01  2.4621e+01  8.0000e-02  8.4999e+11  1.3273e+00  1.3423e+00  1.5021e-01
  5.4117e+01  2.4621e+01  1.0000e-01  8.8241e+11  1.3336e+00  1.2906e+00  1.5362e-01
  5.4117e+01  2.4621e+01  1.2000e-01  7.7608e+11  1.3559e+00  1.1196e+00  1.6806e-01
  5.4117e+01  2.4621e+01  1.4000e-01  1.3214e+12  1.3186e+00  9.6279e-01  1.0622e-01
  5.4117e+01  2.4621e+01  1.6000e-01  2.3686e+12  1.2686e+00  8.8298e-01  6.9508e-02
  5.4117e+01  2.4621e+01  1.8000e-01  3.1114e+12  1.2440e+00  8.1768e-01  6.2517e-02
  5.4117e+01  2.4621e+01  2.0000e-01  4.2150e+12  1.2160e+00  7.2292e-01  5.3304e-02
  5.4117e+01  2.4621e+01  2.2000e-01  4.2308e+12  1.2213e+00  6.4682e-01  5.4991e-02
  5.4117e+01  2.4621e+01  2.4000e-01  3.7037e+12  1.2378e+00  6.0050e-01  6.2892e-02
  5.4117e+01  2.4621e+01  2.6000e-01  3.1939e+12  1.2510e+00  5.6125e-01  7.3991e-02
  5.4117e+01  2.4621e+01  2.8000e-01  2.5489e+12  1.2688e+00  5.1672e-01  8.9105e-02
  5.4117e+01  2.4621e+01  3.0000e-01  2.0615e+12  1.2842e+00  4.5027e-01  1.0374e-01
  5.4117e+01  2.4621e+01  3.2000e-01  2.0182e+12  1.2856e+00  4.0076e-01  1.0468e-01
  5.4117e+01  2.4621e+01  3.4000e-01  1.8898e+12  1.2891e+00  3.4801e-01  1.1215e-01
  5.4117e+01  2.4621e+01  3.6000e-01  1.5238e+12  1.3178e+00  2.3544e-01  1.2774e-01
  5.4117e+01  2.4621e+01  3.8000e-01  1.4606e+13  1.2687e+00  9.1769e-02  2.1605e-02
  5.4117e+01  2.4621e+01  4.0000e-01  2.6968e+13  1.0522e+00  1.3055e-01  5.0606e-03
  5.4117e+01  2.4621e+01  4.2000e-01  1.2665e+14  6.6900e-01  1.7518e-01  8.9014e-05
  5.4117e+01  2.4621e+01  4.4000e-01  8.3312e+12  8.8238e-01  2.2274e-01  1.4652e-06
  5.4117e+01  2.4621e+01  4.6000e-01  7.4854e+08  1.2983e+00  -2.9746e+00  -5.0735e-06
  5.4117e+01  2.4621e+01  4.8000e-01  3.2323e+13  8.7098e-01  2.1438e-01  6.0784e-05
  5.4117e+01  2.4621e+01  5.0000e-01  6.1317e+12  1.0920e+00  1.9457e-01  4.7126e-03
  5.4117e+01  2.4621e+01  5.2000e-01  2.5571e+12  1.1905e+00  1.6076e-01  8.6113e-03
  5.4117e+01  2.4621e+01  5.4000e-01  2.0573e+12  1.1954e+00  1.6116e-01  9.3735e-03
  5.4117e+01  2.4621e+01  5.6000e-01  1.7483e+12  1.2025e+00  1.5995e-01  1.0563e-02
  5.4117e+01  2.4621e+01  5.8000e-01  1.5213e+12  1.2137e+00  1.5663e-01  1.2062e-02
  5.4117e+01  2.4621e+01  6.0000e-01  1.3838e+12  1.2255e+00  1.5204e-01  1.3575e-02
  5.4117e+01  3.0079e+01  1.0000e-02  5.6378e+11  1.2632e+00  2.5022e+00  2.2540e-01
  5.4117e+01  3.0079e+01  2.0000e-02  6.1532e+11  1.2848e+00  2.1239e+00  2.0524e-01
  5.4117e+01  3.0079e+01  4.0000e-02  6.4684e+11  1.3171e+00  1.7196e+00  1.8999e-01
  5.4117e+01  3.0079e+01  6.0000e-02  7.2096e+11  1.3242e+00  1.5677e+00  1.7697e-01
  5.4117e+01  3.0079e+01  8.0000e-02  7.3587e+11  1.3300e+00  1.3651e+00  1.6705e-01
  5.4117e+01  3.0079e+01  1.0000e-01  8.8022e+11  1.3267e+00  1.2804e+00  1.5017e-01
  5.4117e+01  3.0079e+01  1.2000e-01  7.5944e+11  1.3471e+00  1.1985e+00  1.7340e-01
  5.4117e+01  3.0079e+01  1.4000e-01  1.0280e+12  1.3337e+00  9.8124e-01  1.2927e-01
  5.4117e+01  3.0079e+01  1.6000e-01  1.9554e+12  1.2808e+00  8.8639e-01  7.7886e-02
  5.4117e+01  3.0079e+01  1.8000e-01  2.8306e+12  1.2495e+00  8.2136e-01  6.4947e-02
  5.4117e+01  3.0079e+01  2.0000e-01  3.4342e+12  1.2291e+00  7.5244e-01  6.1163e-02
  5.4117e+01  3.0079e+01  2.2000e-01  4.3457e+12  1.2109e+00  6.5720e-01  5.2893e-02
  5.4117e+01  3.0079e+01  2.4000e-01  3.7667e+12  1.2301e+00  6.0336e-01  5.9659e-02
  5.4117e+01  3.0079e+01  2.6000e-01  3.3935e+12  1.2408e+00  5.6337e-01  6.8414e-02
  5.4117e+01  3.0079e+01  2.8000e-01  2.8328e+12  1.2561e+00  5.2506e-01  8.0083e-02
  5.4117e+01  3.0079e+01  3.0000e-01  2.2969e+12  1.2707e+00  4.8305e-01  9.6013e-02
  5.4117e+01  3.0079e+01  3.2000e-01  1.8930e+12  1.2848e+00  4.2369e-01  1.0964e-01
  5.4117e+01  3.0079e+01  3.4000e-01  1.6274e+12  1.2951e+00  3.6425e-01  1.2376e-01
  5.4117e+01  3.0079e+01  3.6000e-01  1.3389e+12  1.3315e+00  2.2146e-01  1.3499e-01
  5.4117e+01  3.0079e+01  3.8000e-01  1.1508e+13  1.2528e+00  1.0018e-01  2.6018e-02
  5.4117e+01  3.0079e+01  4.0000e-01  3.3859e+13  1.0217e+00  1.3186e-01  4.1390e-03
  5.4117e+01  3.0079e+01  4.2000e-01  1.2796e+14  5.9551e-01  1.9988e-01  1.9220e-05
  5.4117e+01  3.0079e+01  4.4000e-01  7.7121e+12  8.9293e-01  2.2711e-01  1.0793e-06
  5.4117e+01  3.0079e+01  4.6000e-01  1.8241e+09  1.2412e+00  -1.5778e+00  -3.1576e-07
  5.4117e+01  3.0079e+01  4.8000e-01  3.2013e+13  8.5983e-01  2.2766e-01  4.6493e-05
  5.4117e+01  3.0079e+01  5.0000e-01  7.3412e+12  1.0637e+00  2.1240e-01  3.7845e-03
  5.4117e+01  3.0079e+01  5.2000e-01  2.1782e+12  1.2093e+00  1.6142e-01  9.2751e-03
  5.4117e+01  3.0079e+01  5.4000e-01  1.7357e+12  1.2152e+00  1.6336e-01  9.9710e-03
  5.4117e+01  3.0079e+01  5.6000e-01  1.4656e+12  1.2206e+00  1.6461e-01  1.0818e-02
  5.4117e+01  3.0079e+01  5.8000e-01  1.2580e+12  1.2279e+00  1.6500e-01  1.2027e-02
  5.4117e+01  3.0079e+01  6.0000e-01  1.1441e+12  1.2369e+00  1.6241e-01  1.3025e-02
  5.4117e+01  3.6747e+01  1.0000e-02  5.5262e+11  1.2639e+00  2.5358e+00  2.2740e-01
  5.4117e+01  3.6747e+01  2.0000e-02  6.0010e+11  1.2832e+00  2.1670e+00  2.0941e-01
  5.4117e+01  3.6747e+01  4.0000e-02  6.3731e+11  1.3108e+00  1.7712e+00  1.9392e-01
  5.4117e+01  3.6747e+01  6.0000e-02  7.1854e+11  1.3225e+00  1.5529e+00  1.7542e-01
  5.4117e+01  3.6747e+01  8.0000e-02  6.8604e+11  1.3378e+00  1.3850e+00  1.7800e-01
  5.4117e+01  3.6747e+01  1.0000e-01  8.7066e+11  1.3309e+00  1.2371e+00  1.4566e-01
  5.4117e+01  3.6747e+01  1.2000e-01  8.1601e+11  1.3322e+00  1.2702e+00  1.6467e-01
  5.4117e+01  3.6747e+01  1.4000e-01  7.3148e+11  1.3495e+00  1.0693e+00  1.7137e-01
  5.4117e+01  3.6747e+01  1.6000e-01  1.3244e+12  1.3051e+00  9.1225e-01  1.0214e-01
  5.4117e+01  3.6747e+01  1.8000e-01  2.1783e+12  1.2631e+00  8.4025e-01  7.3868e-02
  5.4117e+01  3.6747e+01  2.0000e-01  2.8344e+12  1.2392e+00  7.8802e-01  6.7111e-02
  5.4117e+01  3.6747e+01  2.2000e-01  3.6044e+12  1.2139e+00  6.9951e-01  6.0380e-02
  5.4117e+01  3.6747e+01  2.4000e-01  3.8209e+12  1.2147e+00  6.2036e-01  5.5709e-02
  5.4117e+01  3.6747e+01  2.6000e-01  3.4191e+12  1.2304e+00  5.7632e-01  6.3462e-02
  5.4117e+01  3.6747e+01  2.8000e-01  2.9652e+12  1.2443e+00  5.3992e-01  7.3273e-02
  5.4117e+01  3.6747e+01  3.0000e-01  2.4319e+12  1.2592e+00  5.0945e-01  8.7328e-02
  5.4117e+01  3.6747e+01  3.2000e-01  1.9220e+12  1.2734e+00  4.6977e-01  1.0806e-01
  5.4117e+01  3.6747e+01  3.4000e-01  1.5773e+12  1.2862e+00  4.0211e-01  1.3011e-01
  5.4117e+01  3.6747e+01  3.6000e-01  1.3106e+12  1.3332e+00  2.0563e-01  1.4121e-01
  5.4117e+01  3.6747e+01  3.8000e-01  1.0878e+13  1.2250e+00  1.1025e-01  2.8365e-02
  5.4117e+01  3.6747e+01  4.0000e-01  5.2219e+13  9.6471e-01  1.3556e-01  2.8293e-03
  5.4117e+01  3.6747e+01  4.2000e-01  1.3837e+14  5.8482e-01  2.0926e-01  4.3003e-06
  5.4117e+01  3.6747e+01  4.4000e-01  5.7163e+12  9.4329e-01  2.2229e-01  1.4463e-06
  5.4117e+01  3.6747e+01  4.6000e-01  4.9729e+09  1.1548e+00  -1.9446e+00  -2.7732e-06
  5.4117e+01  3.6747e+01  4.8000e-01  1.4788e+13  9.3766e-01  2.0900e-01  1.3261e-04
  5.4117e+01  3.6747e+01  5.0000e-01  8.3711e+12  1.0479e+00  2.1797e-01  3.1782e-03
  5.4117e+01  3.6747e+01  5.2000e-01  1.8501e+12  1.2247e+00  1.6293e-01  9.8288e-03
  5.4117e+01  3.6747e+01  5.4000e-01  1.4223e+12  1.2356e+00  1.6511e-01  1.0694e-02
  5.4117e+01  3.6747e+01  5.6000e-01  1.1660e+12  1.2422e+00  1.6789e-01  1.1544e-02
  5.4117e+01  3.6747e+01  5.8000e-01  1.0110e+12  1.2459e+00  1.7120e-01  1.2221e-02
  5.4117e+01  3.6747e+01  6.0000e-01  8.8832e+11  1.2531e+00  1.7099e-01  1.3061e-02
  5.4117e+01  4.4893e+01  1.0000e-02  5.1584e+11  1.2588e+00  2.6502e+00  2.3989e-01
  5.4117e+01  4.4893e+01  2.0000e-02  5.8190e+11  1.2789e+00  2.2363e+00  2.1452e-01
  5.4117e+01  4.4893e+01  4.0000e-02  6.4196e+11  1.3086e+00  1.8046e+00  1.9383e-01
  5.4117e+01  4.4893e+01  6.0000e-02  7.0949e+11  1.3231e+00  1.5443e+00  1.7522e-01
  5.4117e+01  4.4893e+01  8.0000e-02  7.0410e+11  1.3399e+00  1.3874e+00  1.7609e-01
  5.4117e+01  4.4893e+01  1.0000e-01  8.4631e+11  1.3404e+00  1.2093e+00  1.4668e-01
  5.4117e+01  4.4893e+01  1.2000e-01  9.2168e+11  1.3384e+00  1.1605e+00  1.4257e-01
  5.4117e+01  4.4893e+01  1.4000e-01  8.3007e+11  1.3537e+00  1.1100e+00  1.6250e-01
  5.4117e+01  4.4893e+01  1.6000e-01  8.8695e+11  1.3523e+00  9.2656e-01  1.4321e-01
  5.4117e+01  4.4893e+01  1.8000e-01  1.5362e+12  1.3001e+00  8.4204e-01  8.7652e-02
  5.4117e+01  4.4893e+01  2.0000e-01  2.1784e+12  1.2621e+00  7.9711e-01  7.3688e-02
  5.4117e+01  4.4893e+01  2.2000e-01  2.5365e+12  1.2401e+00  7.6722e-01  7.2649e-02
  5.4117e+01  4.4893e+01  2.4000e-01  3.6693e+12  1.1965e+00  6.5792e-01  5.9954e-02
  5.4117e+01  4.4893e+01  2.6000e-01  3.2159e+12  1.2183e+00  5.9338e-01  5.7996e-02
  5.4117e+01  4.4893e+01  2.8000e-01  2.7606e+12  1.2392e+00  5.5255e-01  6.8242e-02
  5.4117e+01  4.4893e+01  3.0000e-01  2.4709e+12  1.2483e+00  5.2397e-01  7.9869e-02
  5.4117e+01  4.4893e+01  3.2000e-01  2.1075e+12  1.2570e+00  4.8922e-01  9.6717e-02
  5.4117e+01  4.4893e+01  3.4000e-01  1.9198e+12  1.2615e+00  4.2201e-01  1.1431e-01
  5.4117e+01  4.4893e+01  3.6000e-01  1.6733e+12  1.2877e+00  2.6024e-01  1.3110e-01
  5.4117e+01  4.4893e+01  3.8000e-01  1.2582e+13  1.1096e+00  1.7063e-01  3.9231e-02
  5.4117e+01  4.4893e+01  4.0000e-01  7.0199e+13  9.0123e-01  1.5529e-01  2.1403e-03
  5.4117e+01  4.4893e+01  4.2000e-01  1.1725e+14  6.5324e-01  1.9266e-01  2.8539e-06
  5.4117e+01  4.4893e+01  4.4000e-01  1.1909e+14  5.3399e-01  3.2475e-01  6.7708e-12
  5.4117e+01  4.4893e+01  4.6000e-01  1.3788e+11  1.3779e+00  2.0633e-01  1.9330e-04
  5.4117e+01  4.4893e+01  4.8000e-01  1.0156e+13  9.6162e-01  2.1975e-01  1.2609e-04
  5.4117e+01  4.4893e+01  5.0000e-01  9.4316e+12  1.0305e+00  2.2267e-01  2.6733e-03
  5.4117e+01  4.4893e+01  5.2000e-01  1.4396e+12  1.2440e+00  1.6441e-01  1.0595e-02
  5.4117e+01  4.4893e+01  5.4000e-01  1.0947e+12  1.2586e+00  1.6626e-01  1.1501e-02
  5.4117e+01  4.4893e+01  5.6000e-01  8.7363e+11  1.2684e+00  1.6840e-01  1.2466e-02
  5.4117e+01  4.4893e+01  5.8000e-01  7.4308e+11  1.2704e+00  1.7317e-01  1.3022e-02
  5.4117e+01  4.4893e+01  6.0000e-01  6.6721e+11  1.2731e+00  1.7448e-01  1.3340e-02
  5.4117e+01  5.4844e+01  1.0000e-02  5.2040e+11  1.2651e+00  2.6711e+00  2.3396e-01
  5.4117e+01  5.4844e+01  2.0000e-02  5.6068e+11  1.2759e+00  2.3169e+00  2.1998e-01
  5.4117e+01  5.4844e+01  4.0000e-02  6.2538e+11  1.2992e+00  1.8982e+00  1.9910e-01
  5.4117e+01  5.4844e+01  6.0000e-02  6.7291e+11  1.3191e+00  1.5928e+00  1.8180e-01
  5.4117e+01  5.4844e+01  8.0000e-02  7.1341e+11  1.3371e+00  1.4178e+00  1.7594e-01
  5.4117e+01  5.4844e+01  1.0000e-01  7.6249e+11  1.3424e+00  1.2419e+00  1.5935e-01
  5.4117e+01  5.4844e+01  1.2000e-01  9.2157e+11  1.3400e+00  1.1473e+00  1.3955e-01
  5.4117e+01  5.4844e+01  1.4000e-01  9.0018e+11  1.3499e+00  1.1102e+00  1.5113e-01
  5.4117e+01  5.4844e+01  1.6000e-01  8.0810e+11  1.3685e+00  9.6883e-01  1.6138e-01
  5.4117e+01  5.4844e+01  1.8000e-01  1.1301e+12  1.3453e+00  8.3243e-01  1.1403e-01
  5.4117e+01  5.4844e+01  2.0000e-01  1.7473e+12  1.3061e+00  7.6860e-01  7.6848e-02
  5.4117e+01  5.4844e+01  2.2000e-01  2.4440e+12  1.2814e+00  7.1708e-01  6.5026e-02
  5.4117e+01  5.4844e+01  2.4000e-01  2.8023e+12  1.2683e+00  6.7969e-01  6.3751e-02
  5.4117e+01  5.4844e+01  2.6000e-01  3.5637e+12  1.2551e+00  5.7270e-01  5.4839e-02
  5.4117e+01  5.4844e+01  2.8000e-01  4.9500e+12  1.2283e+00  4.4892e-01  4.0723e-02
  5.4117e+01  5.4844e+01  3.0000e-01  3.6940e+12  1.2570e+00  3.9574e-01  5.2172e-02
  5.4117e+01  5.4844e+01  3.2000e-01  3.4094e+12  1.2648e+00  3.5952e-01  5.9916e-02
  5.4117e+01  5.4844e+01  3.4000e-01  4.2177e+12  1.2415e+00  3.1096e-01  6.1171e-02
  5.4117e+01  5.4844e+01  3.6000e-01  6.5655e+12  1.1951e+00  2.5377e-01  5.2213e-02
  5.4117e+01  5.4844e+01  3.8000e-01  1.1103e+13  1.1492e+00  1.8536e-01  3.4992e-02
  5.4117e+01  5.4844e+01  4.0000e-01  4.6651e+13  9.7665e-01  1.6053e-01  4.6216e-03
  5.4117e+01  5.4844e+01  4.2000e-01  7.2728e+13  7.5240e-01  1.7557e-01  1.8143e-05
  5.4117e+01  5.4844e+01  4.4000e-01  9.2511e+12  9.3564e-01  2.2138e-01  7.2443e-07
  5.4117e+01  5.4844e+01  4.6000e-01  6.5033e+10  9.2833e-01  -3.7411e+00  -6.4084e-06
  5.4117e+01  5.4844e+01  4.8000e-01  8.1264e+09  1.0541e+00  -4.7889e+00  -2.8929e-06
  5.4117e+01  5.4844e+01  5.0000e-01  1.0992e+13  1.0053e+00  2.3027e-01  2.1232e-03
  5.4117e+01  5.4844e+01  5.2000e-01  1.0672e+12  1.2626e+00  1.6566e-01  1.1374e-02
  5.4117e+01  5.4844e+01  5.4000e-01  7.9157e+11  1.2803e+00  1.6683e-01  1.2345e-02
  5.4117e+01  5.4844e+01  5.6000e-01  6.2304e+11  1.2909e+00  1.6890e-01  1.3324e-02
  5.4117e+01  5.4844e+01  5.8000e-01  5.1320e+11  1.2960e+00  1.7243e-01  1.4066e-02
  5.4117e+01  5.4844e+01  6.0000e-01  4.5756e+11  1.2965e+00  1.7455e-01  1.4272e-02
  5.4117e+01  6.7002e+01  1.0000e-02  5.0740e+11  1.2650e+00  2.7807e+00  2.3663e-01
  5.4117e+01  6.7002e+01  2.0000e-02  5.5377e+11  1.2785e+00  2.3709e+00  2.1910e-01
  5.4117e+01  6.7002e+01  4.0000e-02  6.2469e+11  1.2996e+00  1.9349e+00  1.9726e-01
  5.4117e+01  6.7002e+01  6.0000e-02  6.7382e+11  1.3213e+00  1.6099e+00  1.8050e-01
  5.4117e+01  6.7002e+01  8.0000e-02  7.2002e+11  1.3322e+00  1.4640e+00  1.7537e-01
  5.4117e+01  6.7002e+01  1.0000e-01  7.4586e+11  1.3442e+00  1.2687e+00  1.6344e-01
  5.4117e+01  6.7002e+01  1.2000e-01  9.0230e+11  1.3403e+00  1.1567e+00  1.4020e-01
  5.4117e+01  6.7002e+01  1.4000e-01  9.3045e+11  1.3462e+00  1.1147e+00  1.4533e-01
  5.4117e+01  6.7002e+01  1.6000e-01  8.0160e+11  1.3645e+00  1.0275e+00  1.6541e-01
  5.4117e+01  6.7002e+01  1.8000e-01  9.2084e+11  1.3631e+00  8.5472e-01  1.3709e-01
  5.4117e+01  6.7002e+01  2.0000e-01  1.4701e+12  1.3210e+00  7.8062e-01  8.7596e-02
  5.4117e+01  6.7002e+01  2.2000e-01  2.0743e+12  1.2974e+00  7.2151e-01  6.9040e-02
  5.4117e+01  6.7002e+01  2.4000e-01  2.6305e+12  1.2792e+00  6.8442e-01  6.3126e-02
  5.4117e+01  6.7002e+01  2.6000e-01  2.7697e+12  1.2772e+00  6.3504e-01  6.4361e-02
  5.4117e+01  6.7002e+01  2.8000e-01  4.8081e+12  1.2408e+00  4.9374e-01  4.4176e-02
  5.4117e+01  6.7002e+01  3.0000e-01  4.3017e+12  1.2551e+00  3.8198e-01  4.1524e-02
  5.4117e+01  6.7002e+01  3.2000e-01  3.4957e+12  1.2766e+00  3.4016e-01  5.2175e-02
  5.4117e+01  6.7002e+01  3.4000e-01  3.7663e+12  1.2714e+00  2.8831e-01  5.5602e-02
  5.4117e+01  6.7002e+01  3.6000e-01  4.3938e+12  1.2553e+00  2.3594e-01  5.4076e-02
  5.4117e+01  6.7002e+01  3.8000e-01  7.8771e+12  1.2115e+00  1.7726e-01  3.6801e-02
  5.4117e+01  6.7002e+01  4.0000e-01  2.4122e+13  1.0871e+00  1.5288e-01  1.1762e-02
  5.4117e+01  6.7002e+01  4.2000e-01  6.4432e+14  6.1964e-01  1.7667e-01  7.6220e-06
  5.4117e+01  6.7002e+01  4.4000e-01  5.0074e+12  1.0168e+00  2.0717e-01  3.3101e-06
  5.4117e+01  6.7002e+01  4.6000e-01  5.9784e+10  1.4622e+00  1.9856e-01  3.7129e-04
  5.4117e+01  6.7002e+01  4.8000e-01  7.2072e+09  1.0783e+00  -2.9350e+00  -2.9070e-07
  5.4117e+01  6.7002e+01  5.0000e-01  1.4169e+13  9.6577e-01  2.4123e-01  1.4449e-03
  5.4117e+01  6.7002e+01  5.2000e-01  7.6036e+11  1.2792e+00  1.6629e-01  1.2043e-02
  5.4117e+01  6.7002e+01  5.4000e-01  5.5073e+11  1.2993e+00  1.6633e-01  1.3231e-02
  5.4117e+01  6.7002e+01  5.6000e-01  4.1768e+11  1.3117e+00  1.6835e-01  1.4373e-02
  5.4117e+01  6.7002e+01  5.8000e-01  3.4011e+11  1.3163e+00  1.7233e-01  1.4998e-02
  5.4117e+01  6.7002e+01  6.0000e-01  2.8348e+11  1.3224e+00  1.7335e-01  1.5500e-02
  5.4117e+01  8.1855e+01  1.0000e-02  4.9419e+11  1.2656e+00  2.9029e+00  2.3993e-01
  5.4117e+01  8.1855e+01  2.0000e-02  5.1251e+11  1.2701e+00  2.5524e+00  2.3274e-01
  5.4117e+01  8.1855e+01  4.0000e-02  6.0993e+11  1.3002e+00  1.9979e+00  1.9817e-01
  5.4117e+01  8.1855e+01  6.0000e-02  6.5199e+11  1.3194e+00  1.6857e+00  1.8488e-01
  5.4117e+01  8.1855e+01  8.0000e-02  7.2745e+11  1.3276e+00  1.5127e+00  1.7266e-01
  5.4117e+01  8.1855e+01  1.0000e-01  7.1949e+11  1.3427e+00  1.3285e+00  1.6991e-01
  5.4117e+01  8.1855e+01  1.2000e-01  8.5875e+11  1.3403e+00  1.1856e+00  1.4425e-01
  5.4117e+01  8.1855e+01  1.4000e-01  9.3389e+11  1.3423e+00  1.1309e+00  1.4205e-01
  5.4117e+01  8.1855e+01  1.6000e-01  8.4054e+11  1.3582e+00  1.0688e+00  1.5985e-01
  5.4117e+01  8.1855e+01  1.8000e-01  8.0656e+11  1.3712e+00  8.9885e-01  1.5540e-01
  5.4117e+01  8.1855e+01  2.0000e-01  1.2572e+12  1.3370e+00  7.9696e-01  1.0072e-01
  5.4117e+01  8.1855e+01  2.2000e-01  1.8123e+12  1.3071e+00  7.3744e-01  7.3619e-02
  5.4117e+01  8.1855e+01  2.4000e-01  2.3850e+12  1.2862e+00  6.9679e-01  6.4957e-02
  5.4117e+01  8.1855e+01  2.6000e-01  2.7142e+12  1.2770e+00  6.5953e-01  6.3583e-02
  5.4117e+01  8.1855e+01  2.8000e-01  2.7186e+12  1.2821e+00  5.5572e-01  6.3304e-02
  5.4117e+01  8.1855e+01  3.0000e-01  5.7724e+12  1.2280e+00  4.0618e-01  3.3681e-02
  5.4117e+01  8.1855e+01  3.2000e-01  3.6383e+12  1.2735e+00  3.5028e-01  4.7221e-02
  5.4117e+01  8.1855e+01  3.4000e-01  3.2125e+12  1.2880e+00  2.9838e-01  5.5501e-02
  5.4117e+01  8.1855e+01  3.6000e-01  3.4773e+12  1.2836e+00  2.3930e-01  5.5976e-02
  5.4117e+01  8.1855e+01  3.8000e-01  5.8473e+12  1.2483e+00  1.8127e-01  4.1682e-02
  5.4117e+01  8.1855e+01  4.0000e-01  1.4812e+13  1.1581e+00  1.5233e-01  1.7695e-02
  5.4117e+01  8.1855e+01  4.2000e-01  6.9927e+14  7.2187e-01  1.6907e-01  6.1165e-05
  5.4117e+01  8.1855e+01  4.4000e-01  6.4756e+12  9.4308e-01  2.0307e-01  1.3232e-05
  5.4117e+01  8.1855e+01  4.6000e-01  2.9533e+10  1.5205e+00  1.9835e-01  5.3644e-04
  5.4117e+01  8.1855e+01  4.8000e-01  3.6059e+10  9.8689e-01  -5.3287e+00  -1.8843e-06
  5.4117e+01  8.1855e+01  5.0000e-01  1.3681e+13  9.5278e-01  2.3856e-01  1.4062e-03
  5.4117e+01  8.1855e+01  5.2000e-01  5.0884e+11  1.2947e+00  1.6677e-01  1.2781e-02
  5.4117e+01  8.1855e+01  5.4000e-01  3.5847e+11  1.3169e+00  1.6601e-01  1.4116e-02
  5.4117e+01  8.1855e+01  5.6000e-01  2.6687e+11  1.3307e+00  1.6755e-01  1.5222e-02
  5.4117e+01  8.1855e+01  5.8000e-01  2.1559e+11  1.3375e+00  1.7000e-01  1.5926e-02
  5.4117e+01  8.1855e+01  6.0000e-01  1.7832e+11  1.3437e+00  1.7018e-01  1.6677e-02
  5.4117e+01  1.0000e+02  1.0000e-02  4.8393e+11  1.2690e+00  3.0082e+00  2.4127e-01
  5.4117e+01  1.0000e+02  2.0000e-02  5.0193e+11  1.2702e+00  2.6789e+00  2.3469e-01
  5.4117e+01  1.0000e+02  4.0000e-02  5.8552e+11  1.2966e+00  2.1173e+00  2.0271e-01
  5.4117e+01  1.0000e+02  6.0000e-02  6.3422e+11  1.3154e+00  1.7960e+00  1.8880e-01
  5.4117e+01  1.0000e+02  8.0000e-02  7.0991e+11  1.3252e+00  1.5684e+00  1.7213e-01
  5.4117e+01  1.0000e+02  1.0000e-01  7.1467e+11  1.3384e+00  1.4092e+00  1.7211e-01
  5.4117e+01  1.0000e+02  1.2000e-01  7.9964e+11  1.3418e+00  1.2336e+00  1.5142e-01
  5.4117e+01  1.0000e+02  1.4000e-01  9.1824e+11  1.3399e+00  1.1530e+00  1.3966e-01
  5.4117e+01  1.0000e+02  1.6000e-01  8.8665e+11  1.3502e+00  1.1045e+00  1.5118e-01
  5.4117e+01  1.0000e+02  1.8000e-01  7.7910e+11  1.3695e+00  9.6906e-01  1.6275e-01
  5.4117e+01  1.0000e+02  2.0000e-01  9.5734e+11  1.3550e+00  8.3421e-01  1.2726e-01
  5.4117e+01  1.0000e+02  2.2000e-01  1.6072e+12  1.3151e+00  7.6352e-01  7.9690e-02
  5.4117e+01  1.0000e+02  2.4000e-01  2.1179e+12  1.2942e+00  7.1375e-01  6.7381e-02
  5.4117e+01  1.0000e+02  2.6000e-01  2.5871e+12  1.2790e+00  6.8080e-01  6.3233e-02
  5.4117e+01  1.0000e+02  2.8000e-01  2.5942e+12  1.2824e+00  6.1540e-01  6.5055e-02
  5.4117e+01  1.0000e+02  3.0000e-01  4.9254e+12  1.2364e+00  4.6751e-01  4.2592e-02
  5.4117e+01  1.0000e+02  3.2000e-01  3.8667e+12  1.2651e+00  3.6727e-01  4.1964e-02
  5.4117e+01  1.0000e+02  3.4000e-01  3.0928e+12  1.2888e+00  3.1622e-01  5.2845e-02
  5.4117e+01  1.0000e+02  3.6000e-01  3.0926e+12  1.2945e+00  2.5554e-01  5.5746e-02
  5.4117e+01  1.0000e+02  3.8000e-01  4.0957e+12  1.2798e+00  1.9365e-01  4.9163e-02
  5.4117e+01  1.0000e+02  4.0000e-01  1.0102e+13  1.2033e+00  1.5880e-01  2.4166e-02
  5.4117e+01  1.0000e+02  4.2000e-01  4.3740e+13  1.0219e+00  1.5483e-01  4.6267e-03
  5.4117e+01  1.0000e+02  4.4000e-01  2.6045e+14  6.7535e-01  1.7375e-01  8.9018e-06
  5.4117e+01  1.0000e+02  4.6000e-01  1.8944e+10  1.0523e+00  -4.1881e+00  -8.1205e-07
  5.4117e+01  1.0000e+02  4.8000e-01  1.1607e+10  1.1216e+00  -2.5461e+00  -9.8059e-07
  5.4117e+01  1.0000e+02  5.0000e-01  1.2768e+13  9.2932e-01  2.5557e-01  1.3692e-03
  5.4117e+01  1.0000e+02  5.2000e-01  3.3752e+11  1.3039e+00  1.6791e-01  1.3182e-02
  5.4117e+01  1.0000e+02  5.4000e-01  2.2473e+11  1.3331e+00  1.6525e-01  1.5050e-02
  5.4117e+01  1.0000e+02  5.6000e-01  1.6734e+11  1.3504e+00  1.6426e-01  1.6497e-02
  5.4117e+01  1.0000e+02  5.8000e-01  1.4041e+11  1.3501e+00  1.6731e-01  1.6920e-02
  5.4117e+01  1.0000e+02  6.0000e-01  1.1731e+11  1.3560e+00  1.6685e-01  1.7570e-02
  5.4117e+01  1.5000e+02  1.0000e-02  4.1507e+11  1.2633e+00  3.3727e+00  2.7168e-01
  5.4117e+01  1.5000e+02  2.0000e-02  4.4644e+11  1.2676e+00  3.0277e+00  2.5401e-01
  5.4117e+01  1.5000e+02  4.0000e-02  5.0799e+11  1.2821e+00  2.5061e+00  2.2439e-01
  5.4117e+01  1.5000e+02  6.0000e-02  5.7474e+11  1.3027e+00  2.0995e+00  1.9871e-01
  5.4117e+01  1.5000e+02  8.0000e-02  6.1482e+11  1.3191e+00  1.8123e+00  1.8588e-01
  5.4117e+01  1.5000e+02  1.0000e-01  6.8349e+11  1.3273e+00  1.6051e+00  1.7076e-01
  5.4117e+01  1.5000e+02  1.2000e-01  6.9872e+11  1.3385e+00  1.4414e+00  1.6808e-01
  5.4117e+01  1.5000e+02  1.4000e-01  7.6889e+11  1.3420e+00  1.2720e+00  1.5055e-01
  5.4117e+01  1.5000e+02  1.6000e-01  8.9440e+11  1.3384e+00  1.1820e+00  1.3642e-01
  5.4117e+01  1.5000e+02  1.8000e-01  8.8217e+11  1.3468e+00  1.1238e+00  1.4412e-01
  5.4117e+01  1.5000e+02  2.0000e-01  7.7276e+11  1.3655e+00  1.0016e+00  1.5627e-01
  5.4117e+01  1.5000e+02  2.2000e-01  8.8088e+11  1.3610e+00  8.6040e-01  1.3073e-01
  5.4117e+01  1.5000e+02  2.4000e-01  1.4159e+12  1.3211e+00  7.9005e-01  8.4296e-02
  5.4117e+01  1.5000e+02  2.6000e-01  1.9194e+12  1.2969e+00  7.3792e-01  6.7993e-02
  5.4117e+01  1.5000e+02  2.8000e-01  2.3594e+12  1.2808e+00  7.0373e-01  6.3003e-02
  5.4117e+01  1.5000e+02  3.0000e-01  2.4211e+12  1.2813e+00  6.4143e-01  6.3685e-02
  5.4117e+01  1.5000e+02  3.2000e-01  3.0924e+12  1.2681e+00  5.0331e-01  5.2671e-02
  5.4117e+01  1.5000e+02  3.4000e-01  3.5534e+12  1.2641e+00  3.7985e-01  3.9093e-02
  5.4117e+01  1.5000e+02  3.6000e-01  2.7233e+12  1.2912e+00  3.2676e-01  5.0459e-02
  5.4117e+01  1.5000e+02  3.8000e-01  2.6132e+12  1.3010e+00  2.6559e-01  5.4345e-02
  5.4117e+01  1.5000e+02  4.0000e-01  3.1705e+12  1.2995e+00  1.9286e-01  4.9433e-02
  5.4117e+01  1.5000e+02  4.2000e-01  7.6443e+12  1.2209e+00  1.6331e-01  2.5004e-02
  5.4117e+01  1.5000e+02  4.4000e-01  2.5132e+13  1.0700e+00  1.5657e-01  6.4546e-03
  5.4117e+01  1.5000e+02  4.6000e-01  2.0765e+14  7.2741e-01  1.7264e-01  2.8582e-05
  5.4117e+01  1.5000e+02  4.8000e-01  2.3589e+08  1.4571e+00  -2.3644e+00  -1.6121e-06
  5.4117e+01  1.5000e+02  5.0000e-01  8.1565e+12  8.9910e-01  2.8379e-01  1.6038e-03
  5.4117e+01  1.5000e+02  5.2000e-01  1.4082e+11  1.3185e+00  1.6779e-01  1.3890e-02
  5.4117e+01  1.5000e+02  5.4000e-01  9.6583e+10  1.3481e+00  1.6248e-01  1.6242e-02
  5.4117e+01  1.5000e+02  5.6000e-01  7.2763e+10  1.3648e+00  1.6026e-01  1.7982e-02
  5.4117e+01  1.5000e+02  5.8000e-01  5.9758e+10  1.3698e+00  1.6069e-01  1.8861e-02
  5.4117e+01  1.5000e+02  6.0000e-01  5.6341e+10  1.3649e+00  1.5968e-01  1.9004e-02
  5.4117e+01  2.0000e+02  1.0000e-02  3.6249e+11  1.2521e+00  3.7274e+00  3.0634e-01
  5.4117e+01  2.0000e+02  2.0000e-02  4.1142e+11  1.2671e+00  3.2688e+00  2.6949e-01
  5.4117e+01  2.0000e+02  4.0000e-02  4.3956e+11  1.2720e+00  2.8574e+00  2.5062e-01
  5.4117e+01  2.0000e+02  6.0000e-02  4.9795e+11  1.2896e+00  2.4321e+00  2.2026e-01
  5.4117e+01  2.0000e+02  8.0000e-02  5.4911e+11  1.3059e+00  2.1080e+00  1.9896e-01
  5.4117e+01  2.0000e+02  1.0000e-01  5.8455e+11  1.3202e+00  1.8502e+00  1.8576e-01
  5.4117e+01  2.0000e+02  1.2000e-01  6.4642e+11  1.3278e+00  1.6499e+00  1.6999e-01
  5.4117e+01  2.0000e+02  1.4000e-01  6.6565e+11  1.3375e+00  1.4940e+00  1.6622e-01
  5.4117e+01  2.0000e+02  1.6000e-01  7.0860e+11  1.3430e+00  1.3250e+00  1.5243e-01
  5.4117e+01  2.0000e+02  1.8000e-01  8.2937e+11  1.3382e+00  1.2214e+00  1.3481e-01
  5.4117e+01  2.0000e+02  2.0000e-01  8.5984e+11  1.3422e+00  1.1586e+00  1.3602e-01
  5.4117e+01  2.0000e+02  2.2000e-01  7.6676e+11  1.3584e+00  1.0618e+00  1.4765e-01
  5.4117e+01  2.0000e+02  2.4000e-01  7.5869e+11  1.3658e+00  9.2004e-01  1.3892e-01
  5.4117e+01  2.0000e+02  2.6000e-01  1.0979e+12  1.3356e+00  8.3448e-01  9.7103e-02
  5.4117e+01  2.0000e+02  2.8000e-01  1.7798e+12  1.2964e+00  7.8035e-01  6.6304e-02
  5.4117e+01  2.0000e+02  3.0000e-01  2.0265e+12  1.2849e+00  7.3785e-01  6.3114e-02
  5.4117e+01  2.0000e+02  3.2000e-01  2.1764e+12  1.2796e+00  6.8316e-01  6.2204e-02
  5.4117e+01  2.0000e+02  3.4000e-01  2.0852e+12  1.2883e+00  5.7041e-01  6.0813e-02
  5.4117e+01  2.0000e+02  3.6000e-01  4.7107e+12  1.2238e+00  4.2660e-01  3.3088e-02
  5.4117e+01  2.0000e+02  3.8000e-01  2.3523e+12  1.2888e+00  3.5486e-01  4.6486e-02
  5.4117e+01  2.0000e+02  4.0000e-01  1.9290e+12  1.3092e+00  2.9528e-01  5.4988e-02
  5.4117e+01  2.0000e+02  4.2000e-01  2.0836e+12  1.3097e+00  2.2002e-01  5.3654e-02
  5.4117e+01  2.0000e+02  4.4000e-01  4.4811e+12  1.2496e+00  1.7185e-01  3.0226e-02
  5.4117e+01  2.0000e+02  4.6000e-01  1.1270e+13  1.1260e+00  1.5883e-01  9.7449e-03
  5.4117e+01  2.0000e+02  4.8000e-01  1.3237e+14  7.5787e-01  1.7856e-01  2.8046e-05
  5.4117e+01  2.0000e+02  5.0000e-01  3.4455e+12  9.1255e-01  3.0340e-01  2.4064e-03
  5.4117e+01  2.0000e+02  5.2000e-01  8.0451e+10  1.3214e+00  1.6599e-01  1.4334e-02
  5.4117e+01  2.0000e+02  5.4000e-01  5.8522e+10  1.3437e+00  1.6104e-01  1.6560e-02
  5.4117e+01  2.0000e+02  5.6000e-01  4.6246e+10  1.3577e+00  1.5831e-01  1.8033e-02
  5.4117e+01  2.0000e+02  5.8000e-01  4.2197e+10  1.3597e+00  1.5495e-01  1.9113e-02
  5.4117e+01  2.0000e+02  6.0000e-01  3.7569e+10  1.3587e+00  1.5418e-01  1.9237e-02
  5.4117e+01  2.5000e+02  1.0000e-02  3.5477e+11  1.2497e+00  3.9084e+00  3.1338e-01
  5.4117e+01  2.5000e+02  2.0000e-02  3.7988e+11  1.2598e+00  3.5177e+00  2.8960e-01
  5.4117e+01  2.5000e+02  4.0000e-02  4.0822e+11  1.2688e+00  3.0911e+00  2.6499e-01
  5.4117e+01  2.5000e+02  6.0000e-02  4.3978e+11  1.2792e+00  2.7304e+00  2.4229e-01
  5.4117e+01  2.5000e+02  8.0000e-02  4.7990e+11  1.2944e+00  2.3941e+00  2.1894e-01
  5.4117e+01  2.5000e+02  1.0000e-01  5.1728e+11  1.3079e+00  2.1237e+00  2.0092e-01
  5.4117e+01  2.5000e+02  1.2000e-01  5.4778e+11  1.3201e+00  1.8946e+00  1.8755e-01
  5.4117e+01  2.5000e+02  1.4000e-01  6.0049e+11  1.3272e+00  1.7021e+00  1.7119e-01
  5.4117e+01  2.5000e+02  1.6000e-01  6.2258e+11  1.3352e+00  1.5569e+00  1.6567e-01
  5.4117e+01  2.5000e+02  1.8000e-01  6.3914e+11  1.3429e+00  1.3946e+00  1.5644e-01
  5.4117e+01  2.5000e+02  2.0000e-01  7.3666e+11  1.3392e+00  1.2736e+00  1.3656e-01
  5.4117e+01  2.5000e+02  2.2000e-01  8.0003e+11  1.3384e+00  1.2042e+00  1.3073e-01
  5.4117e+01  2.5000e+02  2.4000e-01  7.5076e+11  1.3493e+00  1.1313e+00  1.3839e-01
  5.4117e+01  2.5000e+02  2.6000e-01  6.7823e+11  1.3635e+00  1.0113e+00  1.4211e-01
  5.4117e+01  2.5000e+02  2.8000e-01  7.9152e+11  1.3533e+00  9.0043e-01  1.1662e-01
  5.4117e+01  2.5000e+02  3.0000e-01  1.2069e+12  1.3166e+00  8.3543e-01  7.9883e-02
  5.4117e+01  2.5000e+02  3.2000e-01  1.5857e+12  1.2931e+00  7.8531e-01  6.5773e-02
  5.4117e+01  2.5000e+02  3.4000e-01  1.8101e+12  1.2813e+00  7.3601e-01  6.1812e-02
  5.4117e+01  2.5000e+02  3.6000e-01  1.6960e+12  1.2877e+00  6.5341e-01  6.2427e-02
  5.4117e+01  2.5000e+02  3.8000e-01  2.2281e+12  1.2678e+00  5.1800e-01  5.0310e-02
  5.4117e+01  2.5000e+02  4.0000e-01  2.1309e+12  1.2748e+00  3.9503e-01  4.0490e-02
  5.4117e+01  2.5000e+02  4.2000e-01  1.4526e+12  1.3061e+00  3.3771e-01  5.2119e-02
  5.4117e+01  2.5000e+02  4.4000e-01  1.4104e+12  1.3051e+00  2.6963e-01  5.3686e-02
  5.4117e+01  2.5000e+02  4.6000e-01  1.9136e+12  1.2882e+00  1.8535e-01  4.0615e-02
  5.4117e+01  2.5000e+02  4.8000e-01  5.0428e+12  1.1400e+00  1.6753e-01  1.1260e-02
  5.4117e+01  2.5000e+02  5.0000e-01  6.6022e+11  1.1077e+00  1.7150e-01  8.2477e-03
  5.4117e+01  2.5000e+02  5.2000e-01  5.3535e+10  1.3167e+00  1.6628e-01  1.4122e-02
  5.4117e+01  2.5000e+02  5.4000e-01  4.0419e+10  1.3372e+00  1.6063e-01  1.6290e-02
  5.4117e+01  2.5000e+02  5.6000e-01  3.4180e+10  1.3463e+00  1.5722e-01  1.7632e-02
  5.4117e+01  2.5000e+02  5.8000e-01  3.2029e+10  1.3440e+00  1.5474e-01  1.8293e-02
  5.4117e+01  2.5000e+02  6.0000e-01  2.9381e+10  1.3432e+00  1.5217e-01  1.8923e-02
  5.4117e+01  3.0000e+02  1.0000e-02  3.3598e+11  1.2397e+00  4.1623e+00  3.3328e-01
  5.4117e+01  3.0000e+02  2.0000e-02  3.6378e+11  1.2537e+00  3.7133e+00  3.0278e-01
  5.4117e+01  3.0000e+02  4.0000e-02  3.9660e+11  1.2692e+00  3.2343e+00  2.7037e-01
  5.4117e+01  3.0000e+02  6.0000e-02  4.0692e+11  1.2730e+00  2.9609e+00  2.5783e-01
  5.4117e+01  3.0000e+02  8.0000e-02  4.3213e+11  1.2846e+00  2.6505e+00  2.3740e-01
  5.4117e+01  3.0000e+02  1.0000e-01  4.5851e+11  1.2975e+00  2.3744e+00  2.1882e-01
  5.4117e+01  3.0000e+02  1.2000e-01  4.8498e+11  1.3092e+00  2.1436e+00  2.0309e-01
  5.4117e+01  3.0000e+02  1.4000e-01  5.0977e+11  1.3197e+00  1.9397e+00  1.8980e-01
  5.4117e+01  3.0000e+02  1.6000e-01  5.4727e+11  1.3267e+00  1.7584e+00  1.7455e-01
  5.4117e+01  3.0000e+02  1.8000e-01  5.6572e+11  1.3306e+00  1.6351e+00  1.6840e-01
  5.4117e+01  3.0000e+02  2.0000e-01  5.7474e+11  1.3414e+00  1.4729e+00  1.6050e-01
  5.4117e+01  3.0000e+02  2.2000e-01  6.3035e+11  1.3411e+00  1.3401e+00  1.4278e-01
  5.4117e+01  3.0000e+02  2.4000e-01  7.0752e+11  1.3369e+00  1.2585e+00  1.2976e-01
  5.4117e+01  3.0000e+02  2.6000e-01  6.8737e+11  1.3407e+00  1.2046e+00  1.3381e-01
  5.4117e+01  3.0000e+02  2.8000e-01  6.2913e+11  1.3553e+00  1.1112e+00  1.3897e-01
  5.4117e+01  3.0000e+02  3.0000e-01  6.0766e+11  1.3616e+00  9.9659e-01  1.3212e-01
  5.4117e+01  3.0000e+02  3.2000e-01  7.9140e+11  1.3388e+00  9.0988e-01  9.9802e-02
  5.4117e+01  3.0000e+02  3.4000e-01  1.1246e+12  1.3064e+00  8.5069e-01  7.3267e-02
  5.4117e+01  3.0000e+02  3.6000e-01  1.3563e+12  1.2883e+00  7.9835e-01  6.3986e-02
  5.4117e+01  3.0000e+02  3.8000e-01  1.3962e+12  1.2830e+00  7.3403e-01  6.1817e-02
  5.4117e+01  3.0000e+02  4.0000e-01  1.2304e+12  1.2924e+00  6.3085e-01  6.1370e-02
  5.4117e+01  3.0000e+02  4.2000e-01  2.3192e+12  1.2344e+00  4.9234e-01  3.9435e-02
  5.4117e+01  3.0000e+02  4.4000e-01  1.1055e+12  1.2936e+00  3.9230e-01  4.6835e-02
  5.4117e+01  3.0000e+02  4.6000e-01  6.5520e+11  1.3244e+00  3.2403e-01  5.9369e-02
  5.4117e+01  3.0000e+02  4.8000e-01  6.6276e+11  1.3091e+00  2.0657e-01  5.1015e-02
  5.4117e+01  3.0000e+02  5.0000e-01  3.2553e+11  1.1404e+00  1.7534e-01  7.8895e-03
  5.4117e+01  3.0000e+02  5.2000e-01  3.8120e+10  1.3141e+00  1.6632e-01  1.3929e-02
  5.4117e+01  3.0000e+02  5.4000e-01  3.0497e+10  1.3289e+00  1.6095e-01  1.5652e-02
  5.4117e+01  3.0000e+02  5.6000e-01  3.0254e+10  1.3236e+00  1.5734e-01  1.6557e-02
  5.4117e+01  3.0000e+02  5.8000e-01  2.4703e+10  1.3337e+00  1.5473e-01  1.7695e-02
  5.4117e+01  3.0000e+02  6.0000e-01  2.1104e+10  1.3387e+00  1.5242e-01  1.8374e-02
  7.3564e+01  3.3246e+00  1.0000e-02  2.5876e+11  1.3299e+00  1.0975e+01  2.5735e-01
  7.3564e+01  3.3246e+00  2.0000e-02  2.4917e+11  1.3335e+00  1.0346e+01  2.5997e-01
  7.3564e+01  3.3246e+00  4.0000e-02  2.3299e+11  1.3389e+00  9.1968e+00  2.6797e-01
  7.3564e+01  3.3246e+00  6.0000e-02  3.2055e+11  1.3125e+00  8.2889e+00  2.2622e-01
  7.3564e+01  3.3246e+00  8.0000e-02  2.9615e+11  1.3159e+00  7.8027e+00  2.3017e-01
  7.3564e+01  3.3246e+00  1.0000e-01  1.2044e+11  1.4075e+00  6.2389e+00  3.7492e-01
  7.3564e+01  3.3246e+00  1.2000e-01  2.6798e+11  1.3477e+00  5.3500e+00  2.5673e-01
  7.3564e+01  3.3246e+00  1.4000e-01  3.5918e+11  1.3213e+00  4.6120e+00  2.2205e-01
  7.3564e+01  3.3246e+00  1.6000e-01  4.5695e+11  1.3013e+00  4.1039e+00  1.9127e-01
  7.3564e+01  3.3246e+00  1.8000e-01  6.5152e+11  1.2710e+00  3.6916e+00  1.4938e-01
  7.3564e+01  3.3246e+00  2.0000e-01  1.5120e+12  1.2016e+00  3.0374e+00  6.9869e-02
  7.3564e+01  3.3246e+00  2.2000e-01  1.3062e+12  1.2203e+00  2.4316e+00  9.0747e-02
  7.3564e+01  3.3246e+00  2.4000e-01  1.1381e+12  1.2397e+00  1.9591e+00  1.1254e-01
  7.3564e+01  3.3246e+00  2.6000e-01  1.0001e+12  1.2527e+00  1.5844e+00  1.3548e-01
  7.3564e+01  3.3246e+00  2.8000e-01  8.6744e+11  1.2482e+00  1.3525e+00  1.6832e-01
  7.3564e+01  3.3246e+00  3.0000e-01  1.3377e+12  1.3000e+00  9.8935e-01  1.2269e-01
  7.3564e+01  3.3246e+00  3.2000e-01  1.0145e+12  1.2553e+00  8.1796e-01  1.8690e-01
  7.3564e+01  3.3246e+00  3.4000e-01  5.0610e+11  1.3452e+00  4.8072e-01  2.5894e-01
  7.3564e+01  3.3246e+00  3.6000e-01  4.6088e+11  1.3842e+00  2.4166e-01  2.1980e-01
  7.3564e+01  3.3246e+00  3.8000e-01  2.4951e+13  1.4027e+00  -6.5563e-02  1.2347e-02
  7.3564e+01  3.3246e+00  4.0000e-01  5.5015e+12  1.4216e+00  -1.2330e+00  3.0156e-02
  7.3564e+01  3.3246e+00  4.2000e-01  3.2400e+13  7.4540e-01  1.7943e-01  8.0848e-04
  7.3564e+01  3.3246e+00  4.4000e-01  2.7193e+13  6.4118e-01  2.5008e-01  1.1079e-05
  7.3564e+01  3.3246e+00  4.6000e-01  1.6834e+10  6.5211e-01  1.1003e+01  5.5122e-05
  7.3564e+01  3.3246e+00  4.8000e-01  1.1533e+13  7.0322e-01  3.6590e-01  2.9611e-10
  7.3564e+01  3.3246e+00  5.0000e-01  5.5390e+12  1.0647e+00  2.2044e-01  4.8858e-03
  7.3564e+01  3.3246e+00  5.2000e-01  6.4617e+11  9.5971e-01  1.2370e+00  1.8087e-01
  7.3564e+01  3.3246e+00  5.4000e-01  2.1910e+12  9.5651e-01  1.2485e+00  9.2841e-02
  7.3564e+01  3.3246e+00  5.6000e-01  1.7036e+12  1.0163e+00  1.3275e+00  1.3213e-01
  7.3564e+01  3.3246e+00  5.8000e-01  1.3219e+12  1.0723e+00  1.3936e+00  1.6339e-01
  7.3564e+01  3.3246e+00  6.0000e-01  7.0808e+11  1.1266e+00  1.8744e+00  2.7294e-01
  7.3564e+01  4.0616e+00  1.0000e-02  3.0682e+11  1.3185e+00  9.5847e+00  2.3645e-01
  7.3564e+01  4.0616e+00  2.0000e-02  3.2460e+11  1.3120e+00  9.1246e+00  2.2956e-01
  7.3564e+01  4.0616e+00  4.0000e-02  3.1675e+11  1.3181e+00  8.3467e+00  2.2916e-01
  7.3564e+01  4.0616e+00  6.0000e-02  3.4142e+11  1.3098e+00  7.5313e+00  2.2289e-01
  7.3564e+01  4.0616e+00  8.0000e-02  3.0604e+11  1.3168e+00  6.7503e+00  2.4037e-01
  7.3564e+01  4.0616e+00  1.0000e-01  4.9443e+11  1.2878e+00  5.8043e+00  1.8152e-01
  7.3564e+01  4.0616e+00  1.2000e-01  4.1421e+11  1.2984e+00  5.5432e+00  1.9830e-01
  7.3564e+01  4.0616e+00  1.4000e-01  4.1599e+11  1.3251e+00  3.9157e+00  2.0344e-01
  7.3564e+01  4.0616e+00  1.6000e-01  5.8357e+11  1.3037e+00  3.2131e+00  1.6368e-01
  7.3564e+01  4.0616e+00  1.8000e-01  7.7324e+11  1.2850e+00  2.7919e+00  1.3316e-01
  7.3564e+01  4.0616e+00  2.0000e-01  1.2189e+12  1.2362e+00  2.4296e+00  9.6391e-02
  7.3564e+01  4.0616e+00  2.2000e-01  1.5875e+12  1.2145e+00  2.0179e+00  8.5767e-02
  7.3564e+01  4.0616e+00  2.4000e-01  1.5133e+12  1.2138e+00  1.6306e+00  9.8683e-02
  7.3564e+01  4.0616e+00  2.6000e-01  1.3402e+12  1.2215e+00  1.3564e+00  1.1979e-01
  7.3564e+01  4.0616e+00  2.8000e-01  1.2780e+12  1.2265e+00  1.1550e+00  1.3674e-01
  7.3564e+01  4.0616e+00  3.0000e-01  1.3807e+12  1.2497e+00  9.5889e-01  1.3818e-01
  7.3564e+01  4.0616e+00  3.2000e-01  8.8512e+11  1.2926e+00  6.8986e-01  1.8749e-01
  7.3564e+01  4.0616e+00  3.4000e-01  8.5534e+11  1.3142e+00  4.2484e-01  1.8744e-01
  7.3564e+01  4.0616e+00  3.6000e-01  6.1112e+11  1.3693e+00  2.4778e-01  1.9088e-01
  7.3564e+01  4.0616e+00  3.8000e-01  3.8096e+13  1.3701e+00  1.9491e-03  9.4223e-03
  7.3564e+01  4.0616e+00  4.0000e-01  1.0026e+13  1.3746e+00  -8.1670e-01  1.9754e-02
  7.3564e+01  4.0616e+00  4.2000e-01  3.3504e+13  7.5638e-01  1.7576e-01  8.1896e-04
  7.3564e+01  4.0616e+00  4.4000e-01  3.1047e+13  6.2015e-01  2.6021e-01  6.1659e-06
  7.3564e+01  4.0616e+00  4.6000e-01  5.1763e+11  1.0250e+00  2.6914e-01  9.9530e-08
  7.3564e+01  4.0616e+00  4.8000e-01  5.6159e+12  4.0390e-01  6.4148e-01  7.0639e-12
  7.3564e+01  4.0616e+00  5.0000e-01  5.5877e+12  1.0775e+00  2.1700e-01  5.1763e-03
  7.3564e+01  4.0616e+00  5.2000e-01  9.6032e+11  9.9881e-01  1.2292e+00  8.8474e-02
  7.3564e+01  4.0616e+00  5.4000e-01  9.7956e+11  9.3900e-01  1.3054e+00  1.9015e-01
  7.3564e+01  4.0616e+00  5.6000e-01  2.2866e+12  9.5794e-01  1.2280e+00  9.6716e-02
  7.3564e+01  4.0616e+00  5.8000e-01  1.8118e+12  1.0137e+00  1.2558e+00  1.2340e-01
  7.3564e+01  4.0616e+00  6.0000e-01  1.3568e+12  1.0636e+00  1.2972e+00  1.5801e-01
  7.3564e+01  4.9619e+00  1.0000e-02  4.6286e+11  1.2923e+00  7.8609e+00  1.9428e-01
  7.3564e+01  4.9619e+00  2.0000e-02  4.6751e+11  1.2931e+00  7.4246e+00  1.9266e-01
  7.3564e+01  4.9619e+00  4.0000e-02  4.7772e+11  1.2948e+00  6.7050e+00  1.8941e-01
  7.3564e+01  4.9619e+00  6.0000e-02  4.9756e+11  1.2928e+00  6.0482e+00  1.8491e-01
  7.3564e+01  4.9619e+00  8.0000e-02  5.3182e+11  1.2952e+00  5.2589e+00  1.7645e-01
  7.3564e+01  4.9619e+00  1.0000e-01  6.2367e+11  1.2867e+00  4.6427e+00  1.5749e-01
  7.3564e+01  4.9619e+00  1.2000e-01  5.5514e+11  1.2987e+00  4.1827e+00  1.7030e-01
  7.3564e+01  4.9619e+00  1.4000e-01  3.9042e+11  1.3403e+00  3.3416e+00  2.0079e-01
  7.3564e+01  4.9619e+00  1.6000e-01  6.4566e+11  1.3085e+00  2.5557e+00  1.4729e-01
  7.3564e+01  4.9619e+00  1.8000e-01  7.8871e+11  1.2945e+00  2.1688e+00  1.2993e-01
  7.3564e+01  4.9619e+00  2.0000e-01  1.0604e+12  1.2680e+00  1.8696e+00  1.1094e-01
  7.3564e+01  4.9619e+00  2.2000e-01  1.5035e+12  1.2341e+00  1.6175e+00  9.4438e-02
  7.3564e+01  4.9619e+00  2.4000e-01  1.9190e+12  1.2033e+00  1.3698e+00  8.9485e-02
  7.3564e+01  4.9619e+00  2.6000e-01  1.8762e+12  1.2043e+00  1.1530e+00  1.0163e-01
  7.3564e+01  4.9619e+00  2.8000e-01  1.9611e+12  1.2221e+00  8.5662e-01  1.0689e-01
  7.3564e+01  4.9619e+00  3.0000e-01  1.4524e+12  1.2614e+00  7.4210e-01  1.3290e-01
  7.3564e+01  4.9619e+00  3.2000e-01  7.7129e+11  1.3273e+00  5.5640e-01  1.9286e-01
  7.3564e+01  4.9619e+00  3.4000e-01  9.9109e+11  1.3193e+00  3.7479e-01  1.5561e-01
  7.3564e+01  4.9619e+00  3.6000e-01  7.5421e+11  1.3598e+00  2.4687e-01  1.7283e-01
  7.3564e+01  4.9619e+00  3.8000e-01  4.1035e+13  1.3616e+00  1.5172e-02  9.1746e-03
  7.3564e+01  4.9619e+00  4.0000e-01  1.6599e+13  1.0742e+00  1.2051e-01  1.1236e-02
  7.3564e+01  4.9619e+00  4.2000e-01  1.0832e+14  8.0563e-01  2.1593e-01  2.3953e-04
  7.3564e+01  4.9619e+00  4.4000e-01  3.1628e+13  6.1176e-01  2.7215e-01  4.8353e-06
  7.3564e+01  4.9619e+00  4.6000e-01  2.5375e+10  5.8027e-01  6.8587e+00  1.2040e-06
  7.3564e+01  4.9619e+00  4.8000e-01  3.4560e+14  6.0107e-01  2.7559e-01  5.2829e-09
  7.3564e+01  4.9619e+00  5.0000e-01  5.6884e+12  1.0883e+00  2.1340e-01  5.2566e-03
  7.3564e+01  4.9619e+00  5.2000e-01  6.1523e+11  1.0428e+00  1.0663e+00  7.9298e-02
  7.3564e+01  4.9619e+00  5.4000e-01  1.6149e+12  9.7351e-01  1.3146e+00  9.0270e-02
  7.3564e+01  4.9619e+00  5.6000e-01  1.0607e+12  9.5366e-01  1.2699e+00  1.8863e-01
  7.3564e+01  4.9619e+00  5.8000e-01  1.2329e+12  9.4859e-01  1.2828e+00  1.8636e-01
  7.3564e+01  4.9619e+00  6.0000e-01  2.3508e+12  9.7805e-01  1.1714e+00  9.4492e-02
  7.3564e+01  6.0619e+00  1.0000e-02  5.9241e+11  1.2799e+00  6.4573e+00  1.6756e-01
  7.3564e+01  6.0619e+00  2.0000e-02  6.0577e+11  1.2832e+00  6.0796e+00  1.6378e-01
  7.3564e+01  6.0619e+00  4.0000e-02  6.2288e+11  1.2834e+00  5.4281e+00  1.6030e-01
  7.3564e+01  6.0619e+00  6.0000e-02  6.5991e+11  1.2854e+00  4.8336e+00  1.5358e-01
  7.3564e+01  6.0619e+00  8.0000e-02  6.7014e+11  1.2936e+00  4.1495e+00  1.4823e-01
  7.3564e+01  6.0619e+00  1.0000e-01  8.0987e+11  1.2835e+00  3.6687e+00  1.3358e-01
  7.3564e+01  6.0619e+00  1.2000e-01  7.5576e+11  1.2922e+00  3.2417e+00  1.4219e-01
  7.3564e+01  6.0619e+00  1.4000e-01  5.6314e+11  1.3274e+00  2.6312e+00  1.5932e-01
  7.3564e+01  6.0619e+00  1.6000e-01  7.0967e+11  1.3155e+00  2.0869e+00  1.3313e-01
  7.3564e+01  6.0619e+00  1.8000e-01  8.4996e+11  1.3008e+00  1.7634e+00  1.2109e-01
  7.3564e+01  6.0619e+00  2.0000e-01  1.0941e+12  1.2719e+00  1.5495e+00  1.0901e-01
  7.3564e+01  6.0619e+00  2.2000e-01  1.5783e+12  1.2292e+00  1.3820e+00  9.2137e-02
  7.3564e+01  6.0619e+00  2.4000e-01  2.2333e+12  1.1985e+00  1.1797e+00  8.2858e-02
  7.3564e+01  6.0619e+00  2.6000e-01  2.1435e+12  1.2143e+00  1.0097e+00  9.5555e-02
  7.3564e+01  6.0619e+00  2.8000e-01  1.9345e+12  1.2473e+00  7.5683e-01  1.0593e-01
  7.3564e+01  6.0619e+00  3.0000e-01  1.0870e+12  1.3039e+00  6.5315e-01  1.5220e-01
  7.3564e+01  6.0619e+00  3.2000e-01  1.1535e+12  1.3018e+00  5.5207e-01  1.5922e-01
  7.3564e+01  6.0619e+00  3.4000e-01  8.8427e+11  1.3341e+00  4.2343e-01  1.5927e-01
  7.3564e+01  6.0619e+00  3.6000e-01  6.9668e+11  1.3721e+00  3.0805e-01  1.7485e-01
  7.3564e+01  6.0619e+00  3.8000e-01  1.0187e+13  1.3764e+00  6.4744e-02  2.5569e-02
  7.3564e+01  6.0619e+00  4.0000e-01  1.5631e+13  1.0913e+00  1.8004e-01  1.1788e-02
  7.3564e+01  6.0619e+00  4.2000e-01  1.2410e+14  8.0568e-01  2.1382e-01  2.0392e-04
  7.3564e+01  6.0619e+00  4.4000e-01  5.8829e+13  7.0806e-01  3.0963e-01  6.0942e-06
  7.3564e+01  6.0619e+00  4.6000e-01  2.5723e+10  5.7600e-01  1.1651e+01  1.4411e-06
  7.3564e+01  6.0619e+00  4.8000e-01  1.2452e+14  7.5823e-01  3.2970e-01  1.3882e-06
  7.3564e+01  6.0619e+00  5.0000e-01  6.4951e+12  1.1264e+00  2.5067e-01  5.0176e-03
  7.3564e+01  6.0619e+00  5.2000e-01  8.3961e+12  1.1897e+00  1.8905e-01  7.1074e-03
  7.3564e+01  6.0619e+00  5.4000e-01  9.1958e+11  1.0277e+00  1.1769e+00  8.9562e-02
  7.3564e+01  6.0619e+00  5.6000e-01  1.7570e+12  9.8233e-01  1.2986e+00  9.2132e-02
  7.3564e+01  6.0619e+00  5.8000e-01  1.9666e+12  9.7325e-01  1.3344e+00  1.0310e-01
  7.3564e+01  6.0619e+00  6.0000e-01  1.8962e+12  9.7401e-01  1.3417e+00  1.1330e-01
  7.3564e+01  7.4057e+00  1.0000e-02  7.7524e+11  1.2705e+00  4.9621e+00  1.4259e-01
  7.3564e+01  7.4057e+00  2.0000e-02  7.8555e+11  1.2747e+00  4.6421e+00  1.4051e-01
  7.3564e+01  7.4057e+00  4.0000e-02  8.1175e+11  1.2825e+00  4.0795e+00  1.3626e-01
  7.3564e+01  7.4057e+00  6.0000e-02  7.7778e+11  1.2923e+00  3.6011e+00  1.3916e-01
  7.3564e+01  7.4057e+00  8.0000e-02  8.2339e+11  1.2996e+00  3.0843e+00  1.2916e-01
  7.3564e+01  7.4057e+00  1.0000e-01  9.2320e+11  1.2938e+00  2.7454e+00  1.2328e-01
  7.3564e+01  7.4057e+00  1.2000e-01  7.3601e+11  1.3163e+00  2.3933e+00  1.4963e-01
  7.3564e+01  7.4057e+00  1.4000e-01  6.6768e+11  1.3269e+00  2.0105e+00  1.4874e-01
  7.3564e+01  7.4057e+00  1.6000e-01  7.7955e+11  1.3135e+00  1.6975e+00  1.2430e-01
  7.3564e+01  7.4057e+00  1.8000e-01  9.4449e+11  1.2924e+00  1.4947e+00  1.1510e-01
  7.3564e+01  7.4057e+00  2.0000e-01  1.1960e+12  1.2626e+00  1.3665e+00  1.0570e-01
  7.3564e+01  7.4057e+00  2.2000e-01  2.1670e+12  1.2090e+00  1.2260e+00  7.8456e-02
  7.3564e+01  7.4057e+00  2.4000e-01  2.4513e+12  1.2128e+00  1.0263e+00  8.1460e-02
  7.3564e+01  7.4057e+00  2.6000e-01  2.1456e+12  1.2366e+00  9.0734e-01  9.6711e-02
  7.3564e+01  7.4057e+00  2.8000e-01  1.4398e+12  1.2781e+00  8.1905e-01  1.2820e-01
  7.3564e+01  7.4057e+00  3.0000e-01  9.7235e+11  1.3194e+00  6.5659e-01  1.6630e-01
  7.3564e+01  7.4057e+00  3.2000e-01  1.2888e+12  1.3022e+00  5.0006e-01  1.3750e-01
  7.3564e+01  7.4057e+00  3.4000e-01  1.0065e+12  1.3295e+00  4.1422e-01  1.4804e-01
  7.3564e+01  7.4057e+00  3.6000e-01  7.8703e+11  1.3641e+00  3.1177e-01  1.6653e-01
  7.3564e+01  7.4057e+00  3.8000e-01  7.6742e+12  1.3694e+00  7.5002e-02  3.2065e-02
  7.3564e+01  7.4057e+00  4.0000e-01  1.6782e+13  1.0955e+00  1.8003e-01  1.0886e-02
  7.3564e+01  7.4057e+00  4.2000e-01  1.5737e+14  8.1710e-01  2.0923e-01  1.6818e-04
  7.3564e+01  7.4057e+00  4.4000e-01  7.0968e+13  6.9394e-01  3.1427e-01  3.3638e-06
  7.3564e+01  7.4057e+00  4.6000e-01  1.2872e+09  1.7322e+00  3.2626e-01  5.3867e-05
  7.3564e+01  7.4057e+00  4.8000e-01  8.2666e+13  8.3812e-01  2.8857e-01  1.2964e-05
  7.3564e+01  7.4057e+00  5.0000e-01  6.0873e+12  1.1314e+00  2.4479e-01  5.3147e-03
  7.3564e+01  7.4057e+00  5.2000e-01  5.2794e+12  1.1849e+00  1.8894e-01  7.9569e-03
  7.3564e+01  7.4057e+00  5.4000e-01  8.8035e+11  1.0689e+00  1.1524e+00  6.4894e-02
  7.3564e+01  7.4057e+00  5.6000e-01  1.7440e+12  1.0248e+00  1.3185e+00  6.4724e-02
  7.3564e+01  7.4057e+00  5.8000e-01  2.6631e+12  1.0044e+00  1.3835e+00  6.3516e-02
  7.3564e+01  7.4057e+00  6.0000e-01  3.9360e+12  1.0245e+00  1.3356e+00  4.8643e-02
  7.3564e+01  9.0474e+00  1.0000e-02  7.8374e+11  1.2821e+00  3.7500e+00  1.5449e-01
  7.3564e+01  9.0474e+00  2.0000e-02  8.0653e+11  1.2894e+00  3.4885e+00  1.5045e-01
  7.3564e+01  9.0474e+00  4.0000e-02  8.6258e+11  1.2967e+00  3.0562e+00  1.4257e-01
  7.3564e+01  9.0474e+00  6.0000e-02  7.8991e+11  1.3133e+00  2.7357e+00  1.6128e-01
  7.3564e+01  9.0474e+00  8.0000e-02  9.7841e+11  1.2961e+00  2.3998e+00  1.2839e-01
  7.3564e+01  9.0474e+00  1.0000e-01  1.0371e+12  1.2907e+00  2.2122e+00  1.3406e-01
  7.3564e+01  9.0474e+00  1.2000e-01  6.7015e+11  1.3278e+00  2.0115e+00  1.9220e-01
  7.3564e+01  9.0474e+00  1.4000e-01  7.1071e+11  1.3217e+00  1.7075e+00  1.5977e-01
  7.3564e+01  9.0474e+00  1.6000e-01  1.0962e+12  1.2854e+00  1.4864e+00  1.0759e-01
  7.3564e+01  9.0474e+00  1.8000e-01  1.3125e+12  1.2701e+00  1.3396e+00  9.9850e-02
  7.3564e+01  9.0474e+00  2.0000e-01  1.6971e+12  1.2419e+00  1.2230e+00  9.0507e-02
  7.3564e+01  9.0474e+00  2.2000e-01  2.7733e+12  1.2055e+00  1.0706e+00  7.1289e-02
  7.3564e+01  9.0474e+00  2.4000e-01  2.4922e+12  1.2283e+00  9.2651e-01  8.3863e-02
  7.3564e+01  9.0474e+00  2.6000e-01  1.9345e+12  1.2583e+00  8.4673e-01  1.0300e-01
  7.3564e+01  9.0474e+00  2.8000e-01  1.1461e+12  1.3074e+00  7.5134e-01  1.4528e-01
  7.3564e+01  9.0474e+00  3.0000e-01  1.2178e+12  1.3072e+00  5.8675e-01  1.4919e-01
  7.3564e+01  9.0474e+00  3.2000e-01  1.3924e+12  1.3020e+00  4.7932e-01  1.2809e-01
  7.3564e+01  9.0474e+00  3.4000e-01  1.1167e+12  1.3243e+00  4.1181e-01  1.4041e-01
  7.3564e+01  9.0474e+00  3.6000e-01  8.7280e+11  1.3569e+00  3.1544e-01  1.6009e-01
  7.3564e+01  9.0474e+00  3.8000e-01  6.0434e+12  1.3596e+00  8.7915e-02  3.8928e-02
  7.3564e+01  9.0474e+00  4.0000e-01  1.8379e+13  1.1012e+00  1.7860e-01  9.7458e-03
  7.3564e+01  9.0474e+00  4.2000e-01  1.6691e+14  8.1471e-01  2.1102e-01  1.5852e-04
  7.3564e+01  9.0474e+00  4.4000e-01  6.2546e+13  6.9194e-01  3.2684e-01  2.9512e-06
  7.3564e+01  9.0474e+00  4.6000e-01  4.3134e+10  1.4650e+00  3.2814e-01  9.2712e-06
  7.3564e+01  9.0474e+00  4.8000e-01  2.7504e+14  6.8558e-01  3.7247e-01  4.1242e-07
  7.3564e+01  9.0474e+00  5.0000e-01  5.8983e+12  1.1372e+00  2.3662e-01  5.4657e-03
  7.3564e+01  9.0474e+00  5.2000e-01  4.9022e+12  1.1870e+00  1.8633e-01  6.9826e-03
  7.3564e+01  9.0474e+00  5.4000e-01  5.7150e+12  1.2052e+00  1.5907e-01  9.4861e-03
  7.3564e+01  9.0474e+00  5.6000e-01  8.7774e+11  1.0692e+00  1.1299e+00  6.9311e-02
  7.3564e+01  9.0474e+00  5.8000e-01  1.3034e+12  1.0414e+00  1.2369e+00  7.4751e-02
  7.3564e+01  9.0474e+00  6.0000e-01  1.8382e+12  1.0180e+00  1.2937e+00  7.5942e-02
  7.3564e+01  1.1053e+01  1.0000e-02  6.6681e+11  1.2931e+00  3.0556e+00  1.9184e-01
  7.3564e+01  1.1053e+01  2.0000e-02  7.1185e+11  1.2993e+00  2.8304e+00  1.7947e-01
  7.3564e+01  1.1053e+01  4.0000e-02  7.8356e+11  1.3063e+00  2.4928e+00  1.6173e-01
  7.3564e+01  1.1053e+01  6.0000e-02  7.4037e+11  1.3144e+00  2.2914e+00  1.7181e-01
  7.3564e+01  1.1053e+01  8.0000e-02  8.9962e+11  1.2987e+00  2.0267e+00  1.3873e-01
  7.3564e+01  1.1053e+01  1.0000e-01  8.9249e+11  1.3003e+00  1.9447e+00  1.5037e-01
  7.3564e+01  1.1053e+01  1.2000e-01  5.6309e+11  1.3410e+00  1.8026e+00  2.1650e-01
  7.3564e+01  1.1053e+01  1.4000e-01  8.8359e+11  1.3091e+00  1.5011e+00  1.3084e-01
  7.3564e+01  1.1053e+01  1.6000e-01  1.3985e+12  1.2739e+00  1.3531e+00  9.5132e-02
  7.3564e+01  1.1053e+01  1.8000e-01  1.7074e+12  1.2540e+00  1.2310e+00  8.9659e-02
  7.3564e+01  1.1053e+01  2.0000e-01  2.5176e+12  1.2159e+00  1.1175e+00  7.3599e-02
  7.3564e+01  1.1053e+01  2.2000e-01  3.0662e+12  1.2124e+00  9.5831e-01  7.0345e-02
  7.3564e+01  1.1053e+01  2.4000e-01  2.4752e+12  1.2400e+00  8.6782e-01  8.5621e-02
  7.3564e+01  1.1053e+01  2.6000e-01  1.7169e+12  1.2758e+00  8.0604e-01  1.1066e-01
  7.3564e+01  1.1053e+01  2.8000e-01  1.0872e+12  1.3184e+00  6.8940e-01  1.5100e-01
  7.3564e+01  1.1053e+01  3.0000e-01  1.5887e+12  1.2877e+00  5.5785e-01  1.2930e-01
  7.3564e+01  1.1053e+01  3.2000e-01  1.5181e+12  1.2980e+00  4.7324e-01  1.2185e-01
  7.3564e+01  1.1053e+01  3.4000e-01  1.2353e+12  1.3183e+00  4.1232e-01  1.3377e-01
  7.3564e+01  1.1053e+01  3.6000e-01  9.6423e+11  1.3513e+00  3.1461e-01  1.5403e-01
  7.3564e+01  1.1053e+01  3.8000e-01  7.0228e+12  1.3503e+00  9.5219e-02  3.5528e-02
  7.3564e+01  1.1053e+01  4.0000e-01  1.8661e+13  1.1058e+00  1.7806e-01  9.2592e-03
  7.3564e+01  1.1053e+01  4.2000e-01  2.1234e+14  8.1290e-01  2.0690e-01  1.1867e-04
  7.3564e+01  1.1053e+01  4.4000e-01  4.7261e+13  7.5957e-01  2.8384e-01  7.1527e-06
  7.3564e+01  1.1053e+01  4.6000e-01  1.5244e+10  1.5697e+00  3.0860e-01  6.8411e-05
  7.3564e+01  1.1053e+01  4.8000e-01  8.5479e+13  8.1163e-01  3.1192e-01  1.2257e-05
  7.3564e+01  1.1053e+01  5.0000e-01  5.7068e+12  1.1390e+00  2.3295e-01  5.5591e-03
  7.3564e+01  1.1053e+01  5.2000e-01  4.6983e+12  1.1857e+00  1.8738e-01  6.4814e-03
  7.3564e+01  1.1053e+01  5.4000e-01  4.3799e+12  1.2129e+00  1.6345e-01  9.0271e-03
  7.3564e+01  1.1053e+01  5.6000e-01  5.5204e+12  1.2189e+00  1.4510e-01  1.0404e-02
  7.3564e+01  1.1053e+01  5.8000e-01  7.8250e+11  1.0798e+00  1.0782e+00  7.0897e-02
  7.3564e+01  1.1053e+01  6.0000e-01  1.0263e+12  1.0636e+00  1.1452e+00  7.6379e-02
  7.3564e+01  1.3503e+01  1.0000e-02  7.0898e+11  1.2759e+00  2.8019e+00  1.9223e-01
  7.3564e+01  1.3503e+01  2.0000e-02  7.1599e+11  1.2918e+00  2.5737e+00  1.8582e-01
  7.3564e+01  1.3503e+01  4.0000e-02  7.1712e+11  1.3018e+00  2.3126e+00  1.8246e-01
  7.3564e+01  1.3503e+01  6.0000e-02  6.4306e+11  1.3227e+00  2.1144e+00  2.0245e-01
  7.3564e+01  1.3503e+01  8.0000e-02  8.3175e+11  1.3089e+00  1.8530e+00  1.5547e-01
  7.3564e+01  1.3503e+01  1.0000e-01  7.6730e+11  1.3165e+00  1.8249e+00  1.7866e-01
  7.3564e+01  1.3503e+01  1.2000e-01  5.6900e+11  1.3513e+00  1.5745e+00  2.0854e-01
  7.3564e+01  1.3503e+01  1.4000e-01  1.0879e+12  1.2996e+00  1.3658e+00  1.0978e-01
  7.3564e+01  1.3503e+01  1.6000e-01  1.4972e+12  1.2752e+00  1.2638e+00  9.1124e-02
  7.3564e+01  1.3503e+01  1.8000e-01  1.9304e+12  1.2492e+00  1.1445e+00  8.4168e-02
  7.3564e+01  1.3503e+01  2.0000e-01  3.3031e+12  1.2012e+00  1.0261e+00  6.4072e-02
  7.3564e+01  1.3503e+01  2.2000e-01  3.1919e+12  1.2186e+00  8.9529e-01  6.9989e-02
  7.3564e+01  1.3503e+01  2.4000e-01  2.4466e+12  1.2476e+00  8.3169e-01  8.6704e-02
  7.3564e+01  1.3503e+01  2.6000e-01  1.6491e+12  1.2837e+00  7.7555e-01  1.1431e-01
  7.3564e+01  1.3503e+01  2.8000e-01  1.1524e+12  1.3175e+00  6.5204e-01  1.4662e-01
  7.3564e+01  1.3503e+01  3.0000e-01  1.7831e+12  1.2808e+00  5.4513e-01  1.2021e-01
  7.3564e+01  1.3503e+01  3.2000e-01  1.6856e+12  1.2910e+00  4.7363e-01  1.1589e-01
  7.3564e+01  1.3503e+01  3.4000e-01  1.3770e+12  1.3102e+00  4.1423e-01  1.2769e-01
  7.3564e+01  1.3503e+01  3.6000e-01  1.0702e+12  1.3439e+00  3.1286e-01  1.4870e-01
  7.3564e+01  1.3503e+01  3.8000e-01  7.1467e+12  1.3400e+00  1.0099e-01  3.5641e-02
  7.3564e+01  1.3503e+01  4.0000e-01  1.9700e+13  1.1055e+00  1.7471e-01  8.3512e-03
  7.3564e+01  1.3503e+01  4.2000e-01  2.0244e+14  8.1505e-01  2.0088e-01  1.3228e-04
  7.3564e+01  1.3503e+01  4.4000e-01  2.0093e+14  5.6701e-01  3.7825e-01  2.0948e-08
  7.3564e+01  1.3503e+01  4.6000e-01  5.0796e+11  1.2683e+00  3.0876e-01  1.1875e-05
  7.3564e+01  1.3503e+01  4.8000e-01  4.5304e+13  8.9218e-01  2.6888e-01  6.8140e-05
  7.3564e+01  1.3503e+01  5.0000e-01  5.6123e+12  1.1411e+00  2.3098e-01  5.6464e-03
  7.3564e+01  1.3503e+01  5.2000e-01  4.3632e+12  1.1911e+00  1.8854e-01  6.5087e-03
  7.3564e+01  1.3503e+01  5.4000e-01  3.8486e+12  1.2145e+00  1.7014e-01  8.3545e-03
  7.3564e+01  1.3503e+01  5.6000e-01  3.9598e+12  1.2269e+00  1.5442e-01  1.0200e-02
  7.3564e+01  1.3503e+01  5.8000e-01  4.6599e+12  1.2316e+00  1.4042e-01  1.1402e-02
  7.3564e+01  1.3503e+01  6.0000e-01  6.5344e+11  1.0965e+00  1.0143e+00  7.0815e-02
  7.3564e+01  1.6496e+01  1.0000e-02  6.3136e+11  1.2725e+00  2.7516e+00  2.1384e-01
  7.3564e+01  1.6496e+01  2.0000e-02  6.5206e+11  1.2857e+00  2.5252e+00  2.0581e-01
  7.3564e+01  1.6496e+01  4.0000e-02  7.1505e+11  1.3020e+00  2.1936e+00  1.8569e-01
  7.3564e+01  1.6496e+01  6.0000e-02  6.8066e+11  1.3153e+00  2.0213e+00  1.9222e-01
  7.3564e+01  1.6496e+01  8.0000e-02  8.9680e+11  1.3074e+00  1.7249e+00  1.4817e-01
  7.3564e+01  1.6496e+01  1.0000e-01  7.1873e+11  1.3280e+00  1.7320e+00  1.8997e-01
  7.3564e+01  1.6496e+01  1.2000e-01  6.2202e+11  1.3523e+00  1.4261e+00  1.9559e-01
  7.3564e+01  1.6496e+01  1.4000e-01  1.2303e+12  1.2946e+00  1.2722e+00  1.0143e-01
  7.3564e+01  1.6496e+01  1.6000e-01  1.5035e+12  1.2804e+00  1.1929e+00  9.0362e-02
  7.3564e+01  1.6496e+01  1.8000e-01  2.1154e+12  1.2456e+00  1.0780e+00  7.9602e-02
  7.3564e+01  1.6496e+01  2.0000e-01  3.7447e+12  1.1987e+00  9.5228e-01  6.0380e-02
  7.3564e+01  1.6496e+01  2.2000e-01  3.3353e+12  1.2210e+00  8.5308e-01  6.8148e-02
  7.3564e+01  1.6496e+01  2.4000e-01  2.5323e+12  1.2492e+00  8.0054e-01  8.4825e-02
  7.3564e+01  1.6496e+01  2.6000e-01  1.7461e+12  1.2819e+00  7.4730e-01  1.1106e-01
  7.3564e+01  1.6496e+01  2.8000e-01  1.2769e+12  1.3107e+00  6.3171e-01  1.3880e-01
  7.3564e+01  1.6496e+01  3.0000e-01  1.8342e+12  1.2798e+00  5.3830e-01  1.1765e-01
  7.3564e+01  1.6496e+01  3.2000e-01  1.9237e+12  1.2796e+00  4.7380e-01  1.1043e-01
  7.3564e+01  1.6496e+01  3.4000e-01  1.5691e+12  1.2976e+00  4.1464e-01  1.2220e-01
  7.3564e+01  1.6496e+01  3.6000e-01  1.1981e+12  1.3312e+00  3.1299e-01  1.4442e-01
  7.3564e+01  1.6496e+01  3.8000e-01  7.1850e+12  1.3278e+00  1.0411e-01  3.5956e-02
  7.3564e+01  1.6496e+01  4.0000e-01  1.9044e+13  1.1094e+00  1.6907e-01  8.1197e-03
  7.3564e+01  1.6496e+01  4.2000e-01  2.0506e+14  8.0678e-01  1.9665e-01  1.2961e-04
  7.3564e+01  1.6496e+01  4.4000e-01  2.8415e+14  5.3199e-01  3.8358e-01  1.1250e-09
  7.3564e+01  1.6496e+01  4.6000e-01  9.2094e+11  1.1903e+00  3.3151e-01  1.0549e-05
  7.3564e+01  1.6496e+01  4.8000e-01  8.3175e+13  8.0288e-01  3.1757e-01  1.5053e-05
  7.3564e+01  1.6496e+01  5.0000e-01  5.4832e+12  1.1413e+00  2.3144e-01  5.7267e-03
  7.3564e+01  1.6496e+01  5.2000e-01  3.9324e+12  1.2017e+00  1.8956e-01  6.8723e-03
  7.3564e+01  1.6496e+01  5.4000e-01  3.4495e+12  1.2224e+00  1.7504e-01  7.9424e-03
  7.3564e+01  1.6496e+01  5.6000e-01  3.2700e+12  1.2358e+00  1.6301e-01  9.5422e-03
  7.3564e+01  1.6496e+01  5.8000e-01  3.3585e+12  1.2409e+00  1.5248e-01  1.1105e-02
  7.3564e+01  1.6496e+01  6.0000e-01  3.6507e+12  1.2446e+00  1.4225e-01  1.2359e-02
  7.3564e+01  2.0153e+01  1.0000e-02  6.0863e+11  1.2675e+00  2.7373e+00  2.1798e-01
  7.3564e+01  2.0153e+01  2.0000e-02  6.2703e+11  1.2887e+00  2.4280e+00  2.0733e-01
  7.3564e+01  2.0153e+01  4.0000e-02  6.4972e+11  1.3032e+00  2.1176e+00  1.9669e-01
  7.3564e+01  2.0153e+01  6.0000e-02  6.3548e+11  1.3212e+00  1.9517e+00  2.0207e-01
  7.3564e+01  2.0153e+01  8.0000e-02  8.2630e+11  1.3151e+00  1.6805e+00  1.6048e-01
  7.3564e+01  2.0153e+01  1.0000e-01  7.6942e+11  1.3277e+00  1.6067e+00  1.7524e-01
  7.3564e+01  2.0153e+01  1.2000e-01  6.6194e+11  1.3516e+00  1.3431e+00  1.8824e-01
  7.3564e+01  2.0153e+01  1.4000e-01  1.3314e+12  1.2934e+00  1.1960e+00  9.7831e-02
  7.3564e+01  2.0153e+01  1.6000e-01  1.7092e+12  1.2746e+00  1.1235e+00  8.4957e-02
  7.3564e+01  2.0153e+01  1.8000e-01  2.1620e+12  1.2479e+00  1.0296e+00  7.8146e-02
  7.3564e+01  2.0153e+01  2.0000e-01  3.9593e+12  1.1982e+00  9.0323e-01  5.8444e-02
  7.3564e+01  2.0153e+01  2.2000e-01  3.5310e+12  1.2187e+00  8.2001e-01  6.5340e-02
  7.3564e+01  2.0153e+01  2.4000e-01  2.7581e+12  1.2442e+00  7.7196e-01  8.0089e-02
  7.3564e+01  2.0153e+01  2.6000e-01  1.9837e+12  1.2728e+00  7.2307e-01  1.0265e-01
  7.3564e+01  2.0153e+01  2.8000e-01  1.4548e+12  1.2999e+00  6.2991e-01  1.2914e-01
  7.3564e+01  2.0153e+01  3.0000e-01  1.7002e+12  1.2871e+00  5.3791e-01  1.2080e-01
  7.3564e+01  2.0153e+01  3.2000e-01  2.1131e+12  1.2692e+00  4.8103e-01  1.0826e-01
  7.3564e+01  2.0153e+01  3.4000e-01  1.7941e+12  1.2832e+00  4.1951e-01  1.1780e-01
  7.3564e+01  2.0153e+01  3.6000e-01  1.3091e+12  1.3212e+00  3.1322e-01  1.4140e-01
  7.3564e+01  2.0153e+01  3.8000e-01  7.1211e+12  1.3146e+00  1.0955e-01  3.6664e-02
  7.3564e+01  2.0153e+01  4.0000e-01  1.9663e+13  1.1063e+00  1.6657e-01  7.3561e-03
  7.3564e+01  2.0153e+01  4.2000e-01  2.2372e+14  7.9576e-01  1.9394e-01  1.1145e-04
  7.3564e+01  2.0153e+01  4.4000e-01  1.1446e+14  6.4599e-01  3.5734e-01  7.3427e-09
  7.3564e+01  2.0153e+01  4.6000e-01  1.2540e+11  1.3938e+00  2.8997e-01  1.2041e-04
  7.3564e+01  2.0153e+01  4.8000e-01  4.7453e+13  8.7008e-01  2.8463e-01  5.0123e-05
  7.3564e+01  2.0153e+01  5.0000e-01  5.6244e+12  1.1304e+00  2.4176e-01  5.4444e-03
  7.3564e+01  2.0153e+01  5.2000e-01  3.3533e+12  1.2150e+00  1.9135e-01  7.6185e-03
  7.3564e+01  2.0153e+01  5.4000e-01  3.0625e+12  1.2289e+00  1.8039e-01  7.9996e-03
  7.3564e+01  2.0153e+01  5.6000e-01  2.7742e+12  1.2447e+00  1.7063e-01  9.2126e-03
  7.3564e+01  2.0153e+01  5.8000e-01  2.6245e+12  1.2548e+00  1.6229e-01  1.0612e-02
  7.3564e+01  2.0153e+01  6.0000e-01  2.6892e+12  1.2583e+00  1.5466e-01  1.1775e-02
  7.3564e+01  2.4621e+01  1.0000e-02  5.7758e+11  1.2620e+00  2.7507e+00  2.2638e-01
  7.3564e+01  2.4621e+01  2.0000e-02  6.1148e+11  1.2810e+00  2.4494e+00  2.1251e-01
  7.3564e+01  2.4621e+01  4.0000e-02  6.0958e+11  1.2995e+00  2.1400e+00  2.0691e-01
  7.3564e+01  2.4621e+01  6.0000e-02  6.1750e+11  1.3172e+00  1.9613e+00  2.0573e-01
  7.3564e+01  2.4621e+01  8.0000e-02  7.7598e+11  1.3162e+00  1.6593e+00  1.6597e-01
  7.3564e+01  2.4621e+01  1.0000e-01  7.5636e+11  1.3286e+00  1.5764e+00  1.7727e-01
  7.3564e+01  2.4621e+01  1.2000e-01  6.2665e+11  1.3548e+00  1.3457e+00  1.9853e-01
  7.3564e+01  2.4621e+01  1.4000e-01  1.3079e+12  1.2967e+00  1.1604e+00  1.0242e-01
  7.3564e+01  2.4621e+01  1.6000e-01  1.8324e+12  1.2687e+00  1.0813e+00  8.2730e-02
  7.3564e+01  2.4621e+01  1.8000e-01  2.1420e+12  1.2523e+00  1.0150e+00  7.9338e-02
  7.3564e+01  2.4621e+01  2.0000e-01  3.8652e+12  1.1996e+00  8.9054e-01  5.8577e-02
  7.3564e+01  2.4621e+01  2.2000e-01  3.7434e+12  1.2126e+00  8.0576e-01  6.2312e-02
  7.3564e+01  2.4621e+01  2.4000e-01  3.0533e+12  1.2349e+00  7.5700e-01  7.4548e-02
  7.3564e+01  2.4621e+01  2.6000e-01  2.3106e+12  1.2599e+00  7.1053e-01  9.2582e-02
  7.3564e+01  2.4621e+01  2.8000e-01  1.7242e+12  1.2842e+00  6.4497e-01  1.1595e-01
  7.3564e+01  2.4621e+01  3.0000e-01  1.5922e+12  1.2917e+00  5.5206e-01  1.2323e-01
  7.3564e+01  2.4621e+01  3.2000e-01  1.9890e+12  1.2715e+00  4.9463e-01  1.1369e-01
  7.3564e+01  2.4621e+01  3.4000e-01  1.9616e+12  1.2721e+00  4.3184e-01  1.1599e-01
  7.3564e+01  2.4621e+01  3.6000e-01  1.3918e+12  1.3136e+00  3.1408e-01  1.3993e-01
  7.3564e+01  2.4621e+01  3.8000e-01  7.2020e+12  1.3029e+00  1.1542e-01  3.6436e-02
  7.3564e+01  2.4621e+01  4.0000e-01  2.2187e+13  1.0954e+00  1.6596e-01  6.3056e-03
  7.3564e+01  2.4621e+01  4.2000e-01  2.1708e+14  7.7495e-01  1.9728e-01  9.7007e-05
  7.3564e+01  2.4621e+01  4.4000e-01  7.6241e+12  9.6387e-01  2.8950e-01  4.2907e-06
  7.3564e+01  2.4621e+01  4.6000e-01  1.1439e+12  1.1789e+00  3.1862e-01  2.0572e-05
  7.3564e+01  2.4621e+01  4.8000e-01  3.9883e+13  8.7609e-01  2.9303e-01  5.3794e-05
  7.3564e+01  2.4621e+01  5.0000e-01  5.7216e+12  1.1252e+00  2.4588e-01  5.2741e-03
  7.3564e+01  2.4621e+01  5.2000e-01  2.9054e+12  1.2274e+00  1.9342e-01  8.3832e-03
  7.3564e+01  2.4621e+01  5.4000e-01  2.5246e+12  1.2441e+00  1.8485e-01  8.6603e-03
  7.3564e+01  2.4621e+01  5.6000e-01  2.3134e+12  1.2550e+00  1.7841e-01  9.3408e-03
  7.3564e+01  2.4621e+01  5.8000e-01  2.1653e+12  1.2659e+00  1.7144e-01  1.0350e-02
  7.3564e+01  2.4621e+01  6.0000e-01  2.0863e+12  1.2734e+00  1.6525e-01  1.1378e-02
  7.3564e+01  3.0079e+01  1.0000e-02  5.7397e+11  1.2569e+00  2.7494e+00  2.2627e-01
  7.3564e+01  3.0079e+01  2.0000e-02  5.9941e+11  1.2781e+00  2.4291e+00  2.1455e-01
  7.3564e+01  3.0079e+01  4.0000e-02  6.2523e+11  1.3028e+00  2.1038e+00  2.0266e-01
  7.3564e+01  3.0079e+01  6.0000e-02  6.6217e+11  1.3039e+00  1.9920e+00  1.9626e-01
  7.3564e+01  3.0079e+01  8.0000e-02  7.1956e+11  1.3158e+00  1.6460e+00  1.7272e-01
  7.3564e+01  3.0079e+01  1.0000e-01  7.6325e+11  1.3214e+00  1.5814e+00  1.7343e-01
  7.3564e+01  3.0079e+01  1.2000e-01  6.1788e+11  1.3500e+00  1.4146e+00  2.0514e-01
  7.3564e+01  3.0079e+01  1.4000e-01  1.0272e+12  1.3144e+00  1.1660e+00  1.2621e-01
  7.3564e+01  3.0079e+01  1.6000e-01  1.7475e+12  1.2711e+00  1.0689e+00  8.4477e-02
  7.3564e+01  3.0079e+01  1.8000e-01  2.2126e+12  1.2493e+00  1.0144e+00  7.7870e-02
  7.3564e+01  3.0079e+01  2.0000e-01  3.0903e+12  1.2157e+00  9.0694e-01  6.5710e-02
  7.3564e+01  3.0079e+01  2.2000e-01  3.9214e+12  1.2030e+00  8.0977e-01  5.9476e-02
  7.3564e+01  3.0079e+01  2.4000e-01  3.3699e+12  1.2225e+00  7.5396e-01  6.8799e-02
  7.3564e+01  3.0079e+01  2.6000e-01  2.6936e+12  1.2442e+00  7.0714e-01  8.2510e-02
  7.3564e+01  3.0079e+01  2.8000e-01  2.0904e+12  1.2659e+00  6.5890e-01  1.0014e-01
  7.3564e+01  3.0079e+01  3.0000e-01  1.6601e+12  1.2845e+00  5.8378e-01  1.1894e-01
  7.3564e+01  3.0079e+01  3.2000e-01  1.6162e+12  1.2867e+00  5.1667e-01  1.2520e-01
  7.3564e+01  3.0079e+01  3.4000e-01  1.6935e+12  1.2820e+00  4.4585e-01  1.2740e-01
  7.3564e+01  3.0079e+01  3.6000e-01  1.4061e+12  1.3130e+00  3.0664e-01  1.4185e-01
  7.3564e+01  3.0079e+01  3.8000e-01  7.6211e+12  1.2916e+00  1.2073e-01  3.4799e-02
  7.3564e+01  3.0079e+01  4.0000e-01  2.7866e+13  1.0757e+00  1.6572e-01  5.1557e-03
  7.3564e+01  3.0079e+01  4.2000e-01  3.3721e+14  6.8960e-01  2.1701e-01  1.8027e-05
  7.3564e+01  3.0079e+01  4.4000e-01  3.4490e+12  1.0440e+00  2.8939e-01  8.0393e-06
  7.3564e+01  3.0079e+01  4.6000e-01  2.3065e+13  6.6253e-01  6.7596e-01  3.2156e-09
  7.3564e+01  3.0079e+01  4.8000e-01  2.6498e+13  9.1657e-01  2.8218e-01  9.9474e-05
  7.3564e+01  3.0079e+01  5.0000e-01  5.8558e+12  1.1193e+00  2.4923e-01  5.0555e-03
  7.3564e+01  3.0079e+01  5.2000e-01  2.3675e+12  1.2442e+00  1.9582e-01  9.3904e-03
  7.3564e+01  3.0079e+01  5.4000e-01  2.0372e+12  1.2592e+00  1.9065e-01  9.5938e-03
  7.3564e+01  3.0079e+01  5.6000e-01  1.8564e+12  1.2665e+00  1.8894e-01  9.9410e-03
  7.3564e+01  3.0079e+01  5.8000e-01  1.7125e+12  1.2771e+00  1.8388e-01  1.0631e-02
  7.3564e+01  3.0079e+01  6.0000e-01  1.5955e+12  1.2848e+00  1.7946e-01  1.1431e-02
  7.3564e+01  3.6747e+01  1.0000e-02  5.7522e+11  1.2536e+00  2.7854e+00  2.2642e-01
  7.3564e+01  3.6747e+01  2.0000e-02  6.0753e+11  1.2740e+00  2.4328e+00  2.1185e-01
  7.3564e+01  3.6747e+01  4.0000e-02  6.3474e+11  1.2996e+00  2.0950e+00  2.0008e-01
  7.3564e+01  3.6747e+01  6.0000e-02  6.8186e+11  1.3122e+00  1.8707e+00  1.8627e-01
  7.3564e+01  3.6747e+01  8.0000e-02  6.2691e+11  1.3280e+00  1.6750e+00  1.9420e-01
  7.3564e+01  3.6747e+01  1.0000e-01  8.0014e+11  1.3099e+00  1.5679e+00  1.6281e-01
  7.3564e+01  3.6747e+01  1.2000e-01  6.7818e+11  1.3275e+00  1.5890e+00  1.9606e-01
  7.3564e+01  3.6747e+01  1.4000e-01  6.5209e+11  1.3468e+00  1.2322e+00  1.8791e-01
  7.3564e+01  3.6747e+01  1.6000e-01  1.3892e+12  1.2842e+00  1.0858e+00  9.7455e-02
  7.3564e+01  3.6747e+01  1.8000e-01  1.9649e+12  1.2562e+00  1.0157e+00  8.1525e-02
  7.3564e+01  3.6747e+01  2.0000e-01  2.2932e+12  1.2390e+00  9.5872e-01  7.9093e-02
  7.3564e+01  3.6747e+01  2.2000e-01  3.7329e+12  1.1955e+00  8.4288e-01  5.9971e-02
  7.3564e+01  3.6747e+01  2.4000e-01  3.6736e+12  1.2060e+00  7.6542e-01  6.2814e-02
  7.3564e+01  3.6747e+01  2.6000e-01  3.0505e+12  1.2268e+00  7.1295e-01  7.3576e-02
  7.3564e+01  3.6747e+01  2.8000e-01  2.4354e+12  1.2479e+00  6.7028e-01  8.7111e-02
  7.3564e+01  3.6747e+01  3.0000e-01  1.9321e+12  1.2666e+00  6.2327e-01  1.0544e-01
  7.3564e+01  3.6747e+01  3.2000e-01  1.5409e+12  1.2851e+00  5.5867e-01  1.2463e-01
  7.3564e+01  3.6747e+01  3.4000e-01  1.3267e+12  1.2978e+00  4.7386e-01  1.4600e-01
  7.3564e+01  3.6747e+01  3.6000e-01  1.1977e+12  1.3537e+00  2.2770e-01  1.4850e-01
  7.3564e+01  3.6747e+01  3.8000e-01  8.6235e+12  1.2748e+00  1.2642e-01  3.2095e-02
  7.3564e+01  3.6747e+01  4.0000e-01  4.3975e+13  1.0325e+00  1.6822e-01  3.5356e-03
  7.3564e+01  3.6747e+01  4.2000e-01  3.4899e+14  6.6090e-01  2.2835e-01  4.9157e-06
  7.3564e+01  3.6747e+01  4.4000e-01  3.4246e+12  1.0940e+00  2.6401e-01  1.0394e-05
  7.3564e+01  3.6747e+01  4.6000e-01  1.5535e+11  1.3744e+00  2.8834e-01  1.6891e-04
  7.3564e+01  3.6747e+01  4.8000e-01  1.8004e+13  9.4697e-01  2.7876e-01  1.2933e-04
  7.3564e+01  3.6747e+01  5.0000e-01  5.9899e+12  1.1124e+00  2.5235e-01  4.7972e-03
  7.3564e+01  3.6747e+01  5.2000e-01  1.8913e+12  1.2616e+00  1.9862e-01  1.0521e-02
  7.3564e+01  3.6747e+01  5.4000e-01  1.6065e+12  1.2760e+00  1.9639e-01  1.0699e-02
  7.3564e+01  3.6747e+01  5.6000e-01  1.4682e+12  1.2842e+00  1.9475e-01  1.0815e-02
  7.3564e+01  3.6747e+01  5.8000e-01  1.3390e+12  1.2930e+00  1.9195e-01  1.1225e-02
  7.3564e+01  3.6747e+01  6.0000e-01  1.2199e+12  1.3017e+00  1.8892e-01  1.1763e-02
  7.3564e+01  4.4893e+01  1.0000e-02  5.6275e+11  1.2538e+00  2.8320e+00  2.2961e-01
  7.3564e+01  4.4893e+01  2.0000e-02  6.0760e+11  1.2716e+00  2.4667e+00  2.1213e-01
  7.3564e+01  4.4893e+01  4.0000e-02  6.4477e+11  1.2967e+00  2.1002e+00  1.9777e-01
  7.3564e+01  4.4893e+01  6.0000e-02  6.9031e+11  1.3128e+00  1.8422e+00  1.8234e-01
  7.3564e+01  4.4893e+01  8.0000e-02  6.4826e+11  1.3312e+00  1.6900e+00  1.9220e-01
  7.3564e+01  4.4893e+01  1.0000e-01  8.4847e+11  1.3210e+00  1.4570e+00  1.4918e-01
  7.3564e+01  4.4893e+01  1.2000e-01  8.4090e+11  1.3234e+00  1.4584e+00  1.6126e-01
  7.3564e+01  4.4893e+01  1.4000e-01  5.9929e+11  1.3504e+00  1.3768e+00  2.1122e-01
  7.3564e+01  4.4893e+01  1.6000e-01  8.2118e+11  1.3247e+00  1.1286e+00  1.4826e-01
  7.3564e+01  4.4893e+01  1.8000e-01  1.4479e+12  1.2753e+00  1.0384e+00  9.3956e-02
  7.3564e+01  4.4893e+01  2.0000e-01  1.9243e+12  1.2499e+00  9.8913e-01  8.3988e-02
  7.3564e+01  4.4893e+01  2.2000e-01  2.0837e+12  1.2364e+00  9.2515e-01  8.4958e-02
  7.3564e+01  4.4893e+01  2.4000e-01  3.8185e+12  1.1829e+00  8.0351e-01  5.8534e-02
  7.3564e+01  4.4893e+01  2.6000e-01  3.2861e+12  1.2060e+00  7.3231e-01  6.5737e-02
  7.3564e+01  4.4893e+01  2.8000e-01  2.6449e+12  1.2304e+00  6.8667e-01  7.7615e-02
  7.3564e+01  4.4893e+01  3.0000e-01  2.1810e+12  1.2480e+00  6.5086e-01  9.2352e-02
  7.3564e+01  4.4893e+01  3.2000e-01  1.6639e+12  1.2690e+00  6.0585e-01  1.1455e-01
  7.3564e+01  4.4893e+01  3.4000e-01  1.2967e+12  1.2877e+00  5.3770e-01  1.4443e-01
  7.3564e+01  4.4893e+01  3.6000e-01  4.3753e+13  1.4017e+00  5.7312e-02  1.1045e-02
  7.3564e+01  4.4893e+01  3.8000e-01  1.5864e+13  1.2221e+00  1.2763e-01  2.4590e-02
  7.3564e+01  4.4893e+01  4.0000e-01  9.9464e+13  9.5400e-01  1.7538e-01  1.6037e-03
  7.3564e+01  4.4893e+01  4.2000e-01  3.2022e+14  6.9568e-01  2.2627e-01  2.3093e-06
  7.3564e+01  4.4893e+01  4.4000e-01  5.4589e+13  9.1552e-01  2.6928e-01  1.0546e-07
  7.3564e+01  4.4893e+01  4.6000e-01  1.1432e+11  1.4157e+00  2.8114e-01  2.2938e-04
  7.3564e+01  4.4893e+01  4.8000e-01  1.3236e+13  9.6587e-01  2.8411e-01  1.3823e-04
  7.3564e+01  4.4893e+01  5.0000e-01  6.3136e+12  1.1004e+00  2.5597e-01  4.4107e-03
  7.3564e+01  4.4893e+01  5.2000e-01  1.4780e+12  1.2762e+00  2.0276e-01  1.1662e-02
  7.3564e+01  4.4893e+01  5.4000e-01  1.2160e+12  1.2943e+00  2.0058e-01  1.1946e-02
  7.3564e+01  4.4893e+01  5.6000e-01  1.0632e+12  1.3071e+00  1.9828e-01  1.2262e-02
  7.3564e+01  4.4893e+01  5.8000e-01  9.5689e+11  1.3164e+00  1.9619e-01  1.2418e-02
  7.3564e+01  4.4893e+01  6.0000e-01  8.4699e+11  1.3261e+00  1.9392e-01  1.2875e-02
  7.3564e+01  5.4844e+01  1.0000e-02  5.5190e+11  1.2540e+00  2.8976e+00  2.3178e-01
  7.3564e+01  5.4844e+01  2.0000e-02  5.9612e+11  1.2704e+00  2.5192e+00  2.1501e-01
  7.3564e+01  5.4844e+01  4.0000e-02  6.5523e+11  1.2949e+00  2.1196e+00  1.9551e-01
  7.3564e+01  5.4844e+01  6.0000e-02  6.8663e+11  1.3129e+00  1.8357e+00  1.8167e-01
  7.3564e+01  5.4844e+01  8.0000e-02  6.7209e+11  1.3213e+00  1.7645e+00  1.9044e-01
  7.3564e+01  5.4844e+01  1.0000e-01  7.8717e+11  1.3291e+00  1.4445e+00  1.5584e-01
  7.3564e+01  5.4844e+01  1.2000e-01  9.3255e+11  1.3223e+00  1.3986e+00  1.4433e-01
  7.3564e+01  5.4844e+01  1.4000e-01  7.4975e+11  1.3456e+00  1.3778e+00  1.8048e-01
  7.3564e+01  5.4844e+01  1.6000e-01  6.2759e+11  1.3698e+00  1.1337e+00  1.9620e-01
  7.3564e+01  5.4844e+01  1.8000e-01  1.0630e+12  1.3244e+00  1.0145e+00  1.1294e-01
  7.3564e+01  5.4844e+01  2.0000e-01  1.5681e+12  1.2916e+00  9.4235e-01  8.4901e-02
  7.3564e+01  5.4844e+01  2.2000e-01  1.9769e+12  1.2712e+00  9.0201e-01  7.8002e-02
  7.3564e+01  5.4844e+01  2.4000e-01  2.1519e+12  1.2615e+00  8.3462e-01  7.8643e-02
  7.3564e+01  5.4844e+01  2.6000e-01  4.4484e+12  1.1937e+00  6.9448e-01  5.0768e-02
  7.3564e+01  5.4844e+01  2.8000e-01  3.6949e+12  1.2159e+00  5.9310e-01  5.6647e-02
  7.3564e+01  5.4844e+01  3.0000e-01  3.3367e+12  1.2279e+00  5.4508e-01  6.5181e-02
  7.3564e+01  5.4844e+01  3.2000e-01  3.1008e+12  1.2353e+00  5.0159e-01  7.3401e-02
  7.3564e+01  5.4844e+01  3.4000e-01  3.9663e+12  1.2090e+00  4.4609e-01  7.3648e-02
  7.3564e+01  5.4844e+01  3.6000e-01  5.5371e+12  1.1817e+00  3.5865e-01  6.7108e-02
  7.3564e+01  5.4844e+01  3.8000e-01  1.0272e+13  1.1445e+00  2.3502e-01  4.2144e-02
  7.3564e+01  5.4844e+01  4.0000e-01  7.3286e+13  9.5320e-01  2.1306e-01  2.4069e-03
  7.3564e+01  5.4844e+01  4.2000e-01  1.9110e+14  7.5648e-01  2.3897e-01  1.8164e-06
  7.3564e+01  5.4844e+01  4.4000e-01  6.6846e+12  1.0850e+00  2.5596e-01  4.1180e-06
  7.3564e+01  5.4844e+01  4.6000e-01  6.0347e+10  1.4845e+00  2.7275e-01  3.9183e-04
  7.3564e+01  5.4844e+01  4.8000e-01  4.7405e+12  1.0480e+00  2.9421e-01  2.0940e-04
  7.3564e+01  5.4844e+01  5.0000e-01  6.9988e+12  1.0795e+00  2.6202e-01  3.7866e-03
  7.3564e+01  5.4844e+01  5.2000e-01  1.1141e+12  1.2902e+00  2.0675e-01  1.2785e-02
  7.3564e+01  5.4844e+01  5.4000e-01  8.6296e+11  1.3146e+00  2.0376e-01  1.3333e-02
  7.3564e+01  5.4844e+01  5.6000e-01  7.3808e+11  1.3283e+00  2.0120e-01  1.3709e-02
  7.3564e+01  5.4844e+01  5.8000e-01  6.4176e+11  1.3397e+00  1.9868e-01  1.4059e-02
  7.3564e+01  5.4844e+01  6.0000e-01  5.5728e+11  1.3488e+00  1.9687e-01  1.4498e-02
  7.3564e+01  6.7002e+01  1.0000e-02  5.3745e+11  1.2548e+00  2.9855e+00  2.3468e-01
  7.3564e+01  6.7002e+01  2.0000e-02  5.8508e+11  1.2691e+00  2.5890e+00  2.1709e-01
  7.3564e+01  6.7002e+01  4.0000e-02  6.5297e+11  1.2930e+00  2.1602e+00  1.9564e-01
  7.3564e+01  6.7002e+01  6.0000e-02  6.7203e+11  1.3133e+00  1.8505e+00  1.8366e-01
  7.3564e+01  6.7002e+01  8.0000e-02  7.0880e+11  1.3227e+00  1.7535e+00  1.8314e-01
  7.3564e+01  6.7002e+01  1.0000e-01  7.3373e+11  1.3353e+00  1.4593e+00  1.6458e-01
  7.3564e+01  6.7002e+01  1.2000e-01  9.4088e+11  1.3239e+00  1.3782e+00  1.3985e-01
  7.3564e+01  6.7002e+01  1.4000e-01  8.5391e+11  1.3374e+00  1.3769e+00  1.6210e-01
  7.3564e+01  6.7002e+01  1.6000e-01  6.6373e+11  1.3703e+00  1.1697e+00  1.9323e-01
  7.3564e+01  6.7002e+01  1.8000e-01  8.5780e+11  1.3511e+00  1.0217e+00  1.3870e-01
  7.3564e+01  6.7002e+01  2.0000e-01  1.3704e+12  1.3116e+00  9.4353e-01  8.9824e-02
  7.3564e+01  6.7002e+01  2.2000e-01  1.7675e+12  1.2934e+00  8.8835e-01  7.8064e-02
  7.3564e+01  6.7002e+01  2.4000e-01  2.0533e+12  1.2819e+00  8.5025e-01  7.5699e-02
  7.3564e+01  6.7002e+01  2.6000e-01  2.1855e+12  1.2798e+00  7.5225e-01  7.4495e-02
  7.3564e+01  6.7002e+01  2.8000e-01  5.4735e+12  1.2022e+00  6.0096e-01  4.2624e-02
  7.3564e+01  6.7002e+01  3.0000e-01  3.9358e+12  1.2371e+00  4.9419e-01  4.9566e-02
  7.3564e+01  6.7002e+01  3.2000e-01  3.4239e+12  1.2497e+00  4.4231e-01  5.9449e-02
  7.3564e+01  6.7002e+01  3.4000e-01  3.5165e+12  1.2486e+00  3.8299e-01  6.3743e-02
  7.3564e+01  6.7002e+01  3.6000e-01  3.8860e+12  1.2386e+00  3.2316e-01  6.4082e-02
  7.3564e+01  6.7002e+01  3.8000e-01  6.3607e+12  1.2092e+00  2.3531e-01  4.5381e-02
  7.3564e+01  6.7002e+01  4.0000e-01  2.3063e+13  1.0875e+00  1.9806e-01  1.1837e-02
  7.3564e+01  6.7002e+01  4.2000e-01  6.4799e+14  7.3238e-01  1.9734e-01  1.3489e-05
  7.3564e+01  6.7002e+01  4.4000e-01  1.9224e+13  1.0010e+00  2.6602e-01  9.1815e-07
  7.3564e+01  6.7002e+01  4.6000e-01  5.0338e+10  1.5055e+00  2.7416e-01  4.3868e-04
  7.3564e+01  6.7002e+01  4.8000e-01  9.1707e+11  1.1974e+00  2.7960e-01  5.9380e-04
  7.3564e+01  6.7002e+01  5.0000e-01  8.8426e+12  1.0390e+00  2.8390e-01  2.7593e-03
  7.3564e+01  6.7002e+01  5.2000e-01  7.8670e+11  1.3055e+00  2.0992e-01  1.3970e-02
  7.3564e+01  6.7002e+01  5.4000e-01  5.8110e+11  1.3348e+00  2.0505e-01  1.4927e-02
  7.3564e+01  6.7002e+01  5.6000e-01  4.8474e+11  1.3474e+00  2.0356e-01  1.5289e-02
  7.3564e+01  6.7002e+01  5.8000e-01  4.0048e+11  1.3610e+00  2.0127e-01  1.5892e-02
  7.3564e+01  6.7002e+01  6.0000e-01  3.3767e+11  1.3723e+00  1.9906e-01  1.6420e-02
  7.3564e+01  8.1855e+01  1.0000e-02  5.2399e+11  1.2565e+00  3.0854e+00  2.3682e-01
  7.3564e+01  8.1855e+01  2.0000e-02  5.6750e+11  1.2668e+00  2.6991e+00  2.2115e-01
  7.3564e+01  8.1855e+01  4.0000e-02  6.4294e+11  1.2917e+00  2.2145e+00  1.9637e-01
  7.3564e+01  8.1855e+01  6.0000e-02  6.5374e+11  1.3129e+00  1.8982e+00  1.8730e-01
  7.3564e+01  8.1855e+01  8.0000e-02  7.2424e+11  1.3195e+00  1.7755e+00  1.7910e-01
  7.3564e+01  8.1855e+01  1.0000e-01  6.9082e+11  1.3387e+00  1.5080e+00  1.7457e-01
  7.3564e+01  8.1855e+01  1.2000e-01  1.0056e+12  1.3211e+00  1.3782e+00  1.3106e-01
  7.3564e+01  8.1855e+01  1.4000e-01  9.2200e+11  1.3314e+00  1.3720e+00  1.5014e-01
  7.3564e+01  8.1855e+01  1.6000e-01  7.0122e+11  1.3631e+00  1.2472e+00  1.8808e-01
  7.3564e+01  8.1855e+01  1.8000e-01  7.4443e+11  1.3660e+00  1.0393e+00  1.6295e-01
  7.3564e+01  8.1855e+01  2.0000e-01  1.1995e+12  1.3246e+00  9.6231e-01  9.8414e-02
  7.3564e+01  8.1855e+01  2.2000e-01  1.5515e+12  1.3028e+00  9.0095e-01  8.2899e-02
  7.3564e+01  8.1855e+01  2.4000e-01  1.9732e+12  1.2887e+00  8.5873e-01  7.4585e-02
  7.3564e+01  8.1855e+01  2.6000e-01  2.0918e+12  1.2850e+00  7.9396e-01  7.5844e-02
  7.3564e+01  8.1855e+01  2.8000e-01  2.3404e+12  1.2852e+00  6.4105e-01  6.8416e-02
  7.3564e+01  8.1855e+01  3.0000e-01  4.8506e+12  1.2263e+00  4.9898e-01  4.0066e-02
  7.3564e+01  8.1855e+01  3.2000e-01  3.4979e+12  1.2587e+00  4.3778e-01  5.3069e-02
  7.3564e+01  8.1855e+01  3.4000e-01  2.9786e+12  1.2769e+00  3.7843e-01  6.1838e-02
  7.3564e+01  8.1855e+01  3.6000e-01  3.0124e+12  1.2774e+00  3.1657e-01  6.5111e-02
  7.3564e+01  8.1855e+01  3.8000e-01  4.9288e+12  1.2502e+00  2.3426e-01  4.8428e-02
  7.3564e+01  8.1855e+01  4.0000e-01  1.2394e+13  1.1694e+00  1.9425e-01  2.0486e-02
  7.3564e+01  8.1855e+01  4.2000e-01  1.5993e+15  6.9012e-01  2.1591e-01  1.1344e-05
  7.3564e+01  8.1855e+01  4.4000e-01  1.8989e+13  1.0283e+00  2.3785e-01  3.0302e-06
  7.3564e+01  8.1855e+01  4.6000e-01  3.0597e+10  1.5702e+00  2.5841e-01  6.4070e-04
  7.3564e+01  8.1855e+01  4.8000e-01  4.5127e+11  1.2610e+00  2.8232e-01  6.9675e-04
  7.3564e+01  8.1855e+01  5.0000e-01  1.2417e+13  9.8481e-01  3.1268e-01  1.7064e-03
  7.3564e+01  8.1855e+01  5.2000e-01  5.2922e+11  1.3213e+00  2.1155e-01  1.5074e-02
  7.3564e+01  8.1855e+01  5.4000e-01  3.8036e+11  1.3500e+00  2.0665e-01  1.6354e-02
  7.3564e+01  8.1855e+01  5.6000e-01  2.9912e+11  1.3673e+00  2.0448e-01  1.6959e-02
  7.3564e+01  8.1855e+01  5.8000e-01  2.5106e+11  1.3770e+00  2.0298e-01  1.7439e-02
  7.3564e+01  8.1855e+01  6.0000e-01  2.0263e+11  1.3909e+00  2.0044e-01  1.8230e-02
  7.3564e+01  1.0000e+02  1.0000e-02  5.1336e+11  1.2586e+00  3.1902e+00  2.3810e-01
  7.3564e+01  1.0000e+02  2.0000e-02  5.3903e+11  1.2627e+00  2.8554e+00  2.2927e-01
  7.3564e+01  1.0000e+02  4.0000e-02  6.1873e+11  1.2892e+00  2.3097e+00  2.0045e-01
  7.3564e+01  1.0000e+02  6.0000e-02  6.4232e+11  1.3103e+00  1.9865e+00  1.9065e-01
  7.3564e+01  1.0000e+02  8.0000e-02  7.2180e+11  1.3177e+00  1.7953e+00  1.7605e-01
  7.3564e+01  1.0000e+02  1.0000e-01  6.7138e+11  1.3376e+00  1.5904e+00  1.8157e-01
  7.3564e+01  1.0000e+02  1.2000e-01  8.4872e+11  1.3302e+00  1.3971e+00  1.4500e-01
  7.3564e+01  1.0000e+02  1.4000e-01  9.4892e+11  1.3284e+00  1.3671e+00  1.4243e-01
  7.3564e+01  1.0000e+02  1.6000e-01  7.6749e+11  1.3517e+00  1.3269e+00  1.7463e-01
  7.3564e+01  1.0000e+02  1.8000e-01  6.7501e+11  1.3733e+00  1.0885e+00  1.8063e-01
  7.3564e+01  1.0000e+02  2.0000e-01  1.0338e+12  1.3379e+00  9.8982e-01  1.1213e-01
  7.3564e+01  1.0000e+02  2.2000e-01  1.4862e+12  1.3098e+00  9.1778e-01  8.3324e-02
  7.3564e+01  1.0000e+02  2.4000e-01  1.8673e+12  1.2939e+00  8.7300e-01  7.4647e-02
  7.3564e+01  1.0000e+02  2.6000e-01  2.0733e+12  1.2872e+00  8.2386e-01  7.4102e-02
  7.3564e+01  1.0000e+02  2.8000e-01  2.1140e+12  1.2909e+00  7.1232e-01  7.3402e-02
  7.3564e+01  1.0000e+02  3.0000e-01  6.2347e+12  1.2025e+00  5.6151e-01  3.7080e-02
  7.3564e+01  1.0000e+02  3.2000e-01  3.8322e+12  1.2538e+00  4.5106e-01  4.6677e-02
  7.3564e+01  1.0000e+02  3.4000e-01  2.9830e+12  1.2807e+00  3.9422e-01  5.7508e-02
  7.3564e+01  1.0000e+02  3.6000e-01  2.5671e+12  1.3003e+00  3.2323e-01  6.4919e-02
  7.3564e+01  1.0000e+02  3.8000e-01  3.7568e+12  1.2875e+00  2.3691e-01  5.3631e-02
  7.3564e+01  1.0000e+02  4.0000e-01  8.5490e+12  1.2227e+00  1.9498e-01  2.6932e-02
  7.3564e+01  1.0000e+02  4.2000e-01  1.3984e+14  9.3287e-01  2.1046e-01  1.0423e-03
  7.3564e+01  1.0000e+02  4.4000e-01  4.3019e+13  9.2412e-01  2.2416e-01  1.8562e-05
  7.3564e+01  1.0000e+02  4.6000e-01  3.7592e+09  1.7640e+00  2.5082e-01  1.4844e-03
  7.3564e+01  1.0000e+02  4.8000e-01  7.1501e+10  1.4334e+00  2.6992e-01  1.4777e-03
  7.3564e+01  1.0000e+02  5.0000e-01  1.1851e+13  9.6682e-01  3.2153e-01  1.6637e-03
  7.3564e+01  1.0000e+02  5.2000e-01  3.4737e+11  1.3320e+00  2.1368e-01  1.6052e-02
  7.3564e+01  1.0000e+02  5.4000e-01  2.3603e+11  1.3660e+00  2.0731e-01  1.7797e-02
  7.3564e+01  1.0000e+02  5.6000e-01  1.8081e+11  1.3853e+00  2.0413e-01  1.8850e-02
  7.3564e+01  1.0000e+02  5.8000e-01  1.4964e+11  1.3959e+00  2.0184e-01  1.9469e-02
  7.3564e+01  1.0000e+02  6.0000e-01  1.2470e+11  1.4041e+00  2.0015e-01  2.0030e-02
  7.3564e+01  1.5000e+02  1.0000e-02  4.6325e+11  1.2544e+00  3.5124e+00  2.5704e-01
  7.3564e+01  1.5000e+02  2.0000e-02  4.8700e+11  1.2569e+00  3.1973e+00  2.4595e-01
  7.3564e+01  1.5000e+02  4.0000e-02  5.5899e+11  1.2763e+00  2.6553e+00  2.1516e-01
  7.3564e+01  1.5000e+02  6.0000e-02  6.1498e+11  1.2969e+00  2.2649e+00  1.9520e-01
  7.3564e+01  1.5000e+02  8.0000e-02  6.4228e+11  1.3149e+00  1.9565e+00  1.8371e-01
  7.3564e+01  1.5000e+02  1.0000e-01  7.0838e+11  1.3221e+00  1.7823e+00  1.7323e-01
  7.3564e+01  1.5000e+02  1.2000e-01  6.8058e+11  1.3388e+00  1.5672e+00  1.7239e-01
  7.3564e+01  1.5000e+02  1.4000e-01  8.4850e+11  1.3309e+00  1.4071e+00  1.4148e-01
  7.3564e+01  1.5000e+02  1.6000e-01  9.2951e+11  1.3308e+00  1.3675e+00  1.3983e-01
  7.3564e+01  1.5000e+02  1.8000e-01  7.5854e+11  1.3541e+00  1.3046e+00  1.6700e-01
  7.3564e+01  1.5000e+02  2.0000e-01  6.8075e+11  1.3725e+00  1.0992e+00  1.6982e-01
  7.3564e+01  1.5000e+02  2.2000e-01  1.0328e+12  1.3384e+00  1.0004e+00  1.0866e-01
  7.3564e+01  1.5000e+02  2.4000e-01  1.4529e+12  1.3096e+00  9.3445e-01  8.1671e-02
  7.3564e+01  1.5000e+02  2.6000e-01  1.8526e+12  1.2936e+00  8.8698e-01  7.2256e-02
  7.3564e+01  1.5000e+02  2.8000e-01  2.0043e+12  1.2892e+00  8.3043e-01  7.1747e-02
  7.3564e+01  1.5000e+02  3.0000e-01  2.0153e+12  1.2932e+00  7.2517e-01  7.1471e-02
  7.3564e+01  1.5000e+02  3.2000e-01  4.8853e+12  1.2244e+00  5.6901e-01  4.0712e-02
  7.3564e+01  1.5000e+02  3.4000e-01  3.6608e+12  1.2579e+00  4.5377e-01  4.3364e-02
  7.3564e+01  1.5000e+02  3.6000e-01  2.6761e+12  1.2922e+00  3.9150e-01  5.4799e-02
  7.3564e+01  1.5000e+02  3.8000e-01  2.0886e+12  1.3281e+00  3.0308e-01  6.4470e-02
  7.3564e+01  1.5000e+02  4.0000e-01  3.7233e+12  1.3192e+00  2.0579e-01  4.5036e-02
  7.3564e+01  1.5000e+02  4.2000e-01  8.3014e+12  1.2532e+00  1.8096e-01  2.2029e-02
  7.3564e+01  1.5000e+02  4.4000e-01  1.4364e+14  9.4139e-01  2.1256e-01  7.8714e-04
  7.3564e+01  1.5000e+02  4.6000e-01  1.0530e+14  7.4094e-01  3.7357e-01  1.8275e-06
  7.3564e+01  1.5000e+02  4.8000e-01  1.1935e+10  1.6488e+00  2.4758e-01  2.2365e-03
  7.3564e+01  1.5000e+02  5.0000e-01  3.8765e+12  1.0567e+00  2.5772e-01  5.4253e-03
  7.3564e+01  1.5000e+02  5.2000e-01  1.4497e+11  1.3469e+00  2.1529e-01  1.7429e-02
  7.3564e+01  1.5000e+02  5.4000e-01  9.3345e+10  1.3844e+00  2.0689e-01  2.0312e-02
  7.3564e+01  1.5000e+02  5.6000e-01  7.2539e+10  1.4001e+00  2.0187e-01  2.2665e-02
  7.3564e+01  1.5000e+02  5.8000e-01  5.4835e+10  1.4115e+00  2.0197e-01  2.4271e-02
  7.3564e+01  1.5000e+02  6.0000e-01  4.7787e+10  1.4076e+00  2.0355e-01  2.4868e-02
  7.3564e+01  2.0000e+02  1.0000e-02  4.0699e+11  1.2439e+00  3.8538e+00  2.8724e-01
  7.3564e+01  2.0000e+02  2.0000e-02  4.6304e+11  1.2598e+00  3.3818e+00  2.5298e-01
  7.3564e+01  2.0000e+02  4.0000e-02  4.9668e+11  1.2642e+00  2.9826e+00  2.3571e-01
  7.3564e+01  2.0000e+02  6.0000e-02  5.5513e+11  1.2841e+00  2.5608e+00  2.0905e-01
  7.3564e+01  2.0000e+02  8.0000e-02  5.9656e+11  1.3012e+00  2.2444e+00  1.9303e-01
  7.3564e+01  2.0000e+02  1.0000e-01  6.2568e+11  1.3166e+00  1.9622e+00  1.8043e-01
  7.3564e+01  2.0000e+02  1.2000e-01  6.7943e+11  1.3241e+00  1.7906e+00  1.7092e-01
  7.3564e+01  2.0000e+02  1.4000e-01  6.6795e+11  1.3381e+00  1.5888e+00  1.6733e-01
  7.3564e+01  2.0000e+02  1.6000e-01  8.1662e+11  1.3311e+00  1.4342e+00  1.3930e-01
  7.3564e+01  2.0000e+02  1.8000e-01  9.0523e+11  1.3298e+00  1.3790e+00  1.3465e-01
  7.3564e+01  2.0000e+02  2.0000e-01  7.6185e+11  1.3507e+00  1.3157e+00  1.5604e-01
  7.3564e+01  2.0000e+02  2.2000e-01  6.5752e+11  1.3708e+00  1.1456e+00  1.6478e-01
  7.3564e+01  2.0000e+02  2.4000e-01  8.9978e+11  1.3469e+00  1.0301e+00  1.1657e-01
  7.3564e+01  2.0000e+02  2.6000e-01  1.3776e+12  1.3112e+00  9.6466e-01  8.0109e-02
  7.3564e+01  2.0000e+02  2.8000e-01  1.7175e+12  1.2949e+00  9.1230e-01  7.1127e-02
  7.3564e+01  2.0000e+02  3.0000e-01  1.8604e+12  1.2900e+00  8.5334e-01  6.9754e-02
  7.3564e+01  2.0000e+02  3.2000e-01  1.8315e+12  1.2945e+00  7.5891e-01  6.9882e-02
  7.3564e+01  2.0000e+02  3.4000e-01  2.6356e+12  1.2720e+00  5.9888e-01  5.3626e-02
  7.3564e+01  2.0000e+02  3.6000e-01  3.5213e+12  1.2535e+00  4.7729e-01  3.9610e-02
  7.3564e+01  2.0000e+02  3.8000e-01  2.3719e+12  1.2940e+00  4.1043e-01  5.1909e-02
  7.3564e+01  2.0000e+02  4.0000e-01  1.6902e+12  1.3398e+00  3.1178e-01  6.3373e-02
  7.3564e+01  2.0000e+02  4.2000e-01  2.9947e+12  1.3574e+00  1.8691e-01  4.2730e-02
  7.3564e+01  2.0000e+02  4.4000e-01  6.6766e+12  1.2792e+00  1.7619e-01  2.1123e-02
  7.3564e+01  2.0000e+02  4.6000e-01  7.7543e+13  9.8854e-01  2.1305e-01  1.1447e-03
  7.3564e+01  2.0000e+02  4.8000e-01  2.6888e+12  1.2216e+00  2.0718e-01  4.4669e-04
  7.3564e+01  2.0000e+02  5.0000e-01  5.6109e+12  9.1241e-01  3.8888e-01  1.8529e-03
  7.3564e+01  2.0000e+02  5.2000e-01  7.9522e+10  1.3537e+00  2.1343e-01  1.8412e-02
  7.3564e+01  2.0000e+02  5.4000e-01  5.0865e+10  1.3841e+00  2.0714e-01  2.2272e-02
  7.3564e+01  2.0000e+02  5.6000e-01  4.0034e+10  1.3920e+00  2.0509e-01  2.4842e-02
  7.3564e+01  2.0000e+02  5.8000e-01  3.2631e+10  1.3993e+00  2.0228e-01  2.7291e-02
  7.3564e+01  2.0000e+02  6.0000e-01  2.7753e+10  1.3984e+00  2.0271e-01  2.8529e-02
  7.3564e+01  2.5000e+02  1.0000e-02  3.7947e+11  1.2410e+00  4.0734e+00  3.0432e-01
  7.3564e+01  2.5000e+02  2.0000e-02  4.1429e+11  1.2495e+00  3.6631e+00  2.7875e-01
  7.3564e+01  2.5000e+02  4.0000e-02  4.5347e+11  1.2580e+00  3.2244e+00  2.5305e-01
  7.3564e+01  2.5000e+02  6.0000e-02  5.0121e+11  1.2721e+00  2.8390e+00  2.2639e-01
  7.3564e+01  2.5000e+02  8.0000e-02  5.4337e+11  1.2889e+00  2.5052e+00  2.0523e-01
  7.3564e+01  2.5000e+02  1.0000e-01  5.7282e+11  1.3039e+00  2.2340e+00  1.9166e-01
  7.3564e+01  2.5000e+02  1.2000e-01  5.9843e+11  1.3168e+00  1.9827e+00  1.7907e-01
  7.3564e+01  2.5000e+02  1.4000e-01  6.4188e+11  1.3241e+00  1.8162e+00  1.6961e-01
  7.3564e+01  2.5000e+02  1.6000e-01  6.3410e+11  1.3366e+00  1.6332e+00  1.6587e-01
  7.3564e+01  2.5000e+02  1.8000e-01  7.5399e+11  1.3317e+00  1.4758e+00  1.3996e-01
  7.3564e+01  2.5000e+02  2.0000e-01  8.5994e+11  1.3275e+00  1.4055e+00  1.3010e-01
  7.3564e+01  2.5000e+02  2.2000e-01  7.7138e+11  1.3427e+00  1.3481e+00  1.4400e-01
  7.3564e+01  2.5000e+02  2.4000e-01  6.3517e+11  1.3656e+00  1.2172e+00  1.5934e-01
  7.3564e+01  2.5000e+02  2.6000e-01  7.1577e+11  1.3598e+00  1.0822e+00  1.3213e-01
  7.3564e+01  2.5000e+02  2.8000e-01  1.1464e+12  1.3193e+00  1.0096e+00  8.5503e-02
  7.3564e+01  2.5000e+02  3.0000e-01  1.4311e+12  1.2986e+00  9.5266e-01  7.3679e-02
  7.3564e+01  2.5000e+02  3.2000e-01  1.6507e+12  1.2907e+00  8.9045e-01  6.8430e-02
  7.3564e+01  2.5000e+02  3.4000e-01  1.5982e+12  1.2950e+00  8.0757e-01  6.8846e-02
  7.3564e+01  2.5000e+02  3.6000e-01  1.4603e+12  1.3098e+00  6.6194e-01  7.0583e-02
  7.3564e+01  2.5000e+02  3.8000e-01  3.7745e+12  1.2316e+00  5.2501e-01  3.3780e-02
  7.3564e+01  2.5000e+02  4.0000e-01  2.0900e+12  1.2877e+00  4.4073e-01  4.7670e-02
  7.3564e+01  2.5000e+02  4.2000e-01  1.5393e+12  1.3222e+00  3.5857e-01  5.7015e-02
  7.3564e+01  2.5000e+02  4.4000e-01  2.0074e+12  1.3931e+00  1.7667e-01  4.3855e-02
  7.3564e+01  2.5000e+02  4.6000e-01  4.0927e+12  1.3038e+00  1.7670e-01  2.3084e-02
  7.3564e+01  2.5000e+02  4.8000e-01  1.0177e+14  9.1791e-01  2.2697e-01  3.6971e-04
  7.3564e+01  2.5000e+02  5.0000e-01  1.0349e+12  1.1222e+00  2.1524e-01  8.4101e-03
  7.3564e+01  2.5000e+02  5.2000e-01  5.1876e+10  1.3560e+00  2.1210e-01  1.8301e-02
  7.3564e+01  2.5000e+02  5.4000e-01  3.5112e+10  1.3722e+00  2.0855e-01  2.2641e-02
  7.3564e+01  2.5000e+02  5.6000e-01  2.9174e+10  1.3796e+00  2.0444e-01  2.4963e-02
  7.3564e+01  2.5000e+02  5.8000e-01  2.2820e+10  1.3861e+00  2.0393e-01  2.7734e-02
  7.3564e+01  2.5000e+02  6.0000e-01  2.1453e+10  1.3772e+00  2.0328e-01  2.8470e-02
  7.3564e+01  3.0000e+02  1.0000e-02  3.5708e+11  1.2370e+00  4.2781e+00  3.2094e-01
  7.3564e+01  3.0000e+02  2.0000e-02  3.9695e+11  1.2469e+00  3.8288e+00  2.8897e-01
  7.3564e+01  3.0000e+02  4.0000e-02  4.2969e+11  1.2572e+00  3.3758e+00  2.6300e-01
  7.3564e+01  3.0000e+02  6.0000e-02  4.5552e+11  1.2638e+00  3.0704e+00  2.4432e-01
  7.3564e+01  3.0000e+02  8.0000e-02  4.9457e+11  1.2775e+00  2.7505e+00  2.2092e-01
  7.3564e+01  3.0000e+02  1.0000e-01  5.2776e+11  1.2916e+00  2.4719e+00  2.0242e-01
  7.3564e+01  3.0000e+02  1.2000e-01  5.4414e+11  1.3053e+00  2.2340e+00  1.9129e-01
  7.3564e+01  3.0000e+02  1.4000e-01  5.6459e+11  1.3165e+00  2.0083e+00  1.7912e-01
  7.3564e+01  3.0000e+02  1.6000e-01  5.9856e+11  1.3232e+00  1.8508e+00  1.6946e-01
  7.3564e+01  3.0000e+02  1.8000e-01  5.8917e+11  1.3347e+00  1.6871e+00  1.6619e-01
  7.3564e+01  3.0000e+02  2.0000e-01  6.6891e+11  1.3333e+00  1.5294e+00  1.4421e-01
  7.3564e+01  3.0000e+02  2.2000e-01  7.8110e+11  1.3263e+00  1.4464e+00  1.2889e-01
  7.3564e+01  3.0000e+02  2.4000e-01  7.5385e+11  1.3348e+00  1.3906e+00  1.3482e-01
  7.3564e+01  3.0000e+02  2.6000e-01  6.2200e+11  1.3564e+00  1.2971e+00  1.5121e-01
  7.3564e+01  3.0000e+02  2.8000e-01  5.9190e+11  1.3651e+00  1.1626e+00  1.4370e-01
  7.3564e+01  3.0000e+02  3.0000e-01  8.3041e+11  1.3364e+00  1.0683e+00  1.0191e-01
  7.3564e+01  3.0000e+02  3.2000e-01  1.1808e+12  1.3058e+00  1.0026e+00  7.5582e-02
  7.3564e+01  3.0000e+02  3.4000e-01  1.3700e+12  1.2933e+00  9.3960e-01  6.8723e-02
  7.3564e+01  3.0000e+02  3.6000e-01  1.3580e+12  1.2940e+00  8.6551e-01  6.7938e-02
  7.3564e+01  3.0000e+02  3.8000e-01  1.2517e+12  1.3017e+00  7.6262e-01  6.8154e-02
  7.3564e+01  3.0000e+02  4.0000e-01  2.2549e+12  1.2532e+00  6.1172e-01  4.5318e-02
  7.3564e+01  3.0000e+02  4.2000e-01  1.8312e+12  1.2740e+00  4.8674e-01  4.2319e-02
  7.3564e+01  3.0000e+02  4.4000e-01  1.1493e+12  1.3126e+00  4.1483e-01  5.4083e-02
  7.3564e+01  3.0000e+02  4.6000e-01  1.0205e+12  1.4199e+00  1.7896e-01  5.0067e-02
  7.3564e+01  3.0000e+02  4.8000e-01  1.8876e+12  1.3137e+00  1.8259e-01  2.5198e-02
  7.3564e+01  3.0000e+02  5.0000e-01  5.2379e+11  1.1643e+00  2.1497e-01  8.5793e-03
  7.3564e+01  3.0000e+02  5.2000e-01  3.7949e+10  1.3496e+00  2.1349e-01  1.7862e-02
  7.3564e+01  3.0000e+02  5.4000e-01  2.8328e+10  1.3605e+00  2.0850e-01  2.1285e-02
  7.3564e+01  3.0000e+02  5.6000e-01  2.1285e+10  1.3720e+00  2.0610e-01  2.4529e-02
  7.3564e+01  3.0000e+02  5.8000e-01  2.1573e+10  1.3582e+00  2.0404e-01  2.5499e-02
  7.3564e+01  3.0000e+02  6.0000e-01  1.7424e+10  1.3624e+00  2.0288e-01  2.7817e-02
  1.0000e+02  3.3246e+00  1.0000e-02  1.1559e+11  1.3816e+00  1.3405e+01  3.9924e-01
  1.0000e+02  3.3246e+00  2.0000e-02  2.0471e+10  1.9860e+00  -7.0698e-01  5.4166e-01
  1.0000e+02  3.3246e+00  4.0000e-02  3.7458e+09  1.9395e+00  -1.0255e-01  1.3897e+00
  1.0000e+02  3.3246e+00  6.0000e-02  1.6687e+09  1.8887e+00  1.7316e+00  1.9808e+00
  1.0000e+02  3.3246e+00  8.0000e-02  1.8115e+11  1.3609e+00  8.4756e+00  3.2670e-01
  1.0000e+02  3.3246e+00  1.0000e-01  2.4689e+11  1.3356e+00  7.2945e+00  2.8597e-01
  1.0000e+02  3.3246e+00  1.2000e-01  3.6619e+11  1.2991e+00  6.6096e+00  2.2961e-01
  1.0000e+02  3.3246e+00  1.4000e-01  4.9344e+11  1.2726e+00  6.1034e+00  1.8502e-01
  1.0000e+02  3.3246e+00  1.6000e-01  6.4497e+11  1.2504e+00  5.5930e+00  1.4697e-01
  1.0000e+02  3.3246e+00  1.8000e-01  9.0498e+11  1.2216e+00  5.0334e+00  1.0413e-01
  1.0000e+02  3.3246e+00  2.0000e-01  2.6699e+11  1.3491e+00  3.0641e+00  2.6807e-01
  1.0000e+02  3.3246e+00  2.2000e-01  1.2243e+12  1.2064e+00  2.9779e+00  9.8067e-02
  1.0000e+02  3.3246e+00  2.4000e-01  1.1284e+12  1.2346e+00  2.4221e+00  1.1107e-01
  1.0000e+02  3.3246e+00  2.6000e-01  8.0612e+11  1.2463e+00  1.9900e+00  1.5655e-01
  1.0000e+02  3.3246e+00  2.8000e-01  7.9927e+11  1.2490e+00  1.4435e+00  1.7527e-01
  1.0000e+02  3.3246e+00  3.0000e-01  7.9999e+11  1.2483e+00  1.2087e+00  1.9518e-01
  1.0000e+02  3.3246e+00  3.2000e-01  1.1148e+12  1.2993e+00  8.6346e-01  1.5430e-01
  1.0000e+02  3.3246e+00  3.4000e-01  5.7443e+11  1.3248e+00  6.1601e-01  2.6151e-01
  1.0000e+02  3.3246e+00  3.6000e-01  2.8958e+11  1.4122e+00  3.1783e-01  2.7451e-01
  1.0000e+02  3.3246e+00  3.8000e-01  1.3205e+13  1.4485e+00  -1.1948e-01  1.8755e-02
  1.0000e+02  3.3246e+00  4.0000e-01  6.6924e+12  1.1137e+00  1.4754e-01  2.4328e-02
  1.0000e+02  3.3246e+00  4.2000e-01  3.4622e+13  7.7427e-01  2.2821e-01  8.3318e-04
  1.0000e+02  3.3246e+00  4.4000e-01  3.1362e+13  6.2688e-01  3.5172e-01  7.0153e-06
  1.0000e+02  3.3246e+00  4.6000e-01  2.0586e+11  1.1078e+00  3.6347e-01  8.6982e-07
  1.0000e+02  3.3246e+00  4.8000e-01  6.4689e+10  1.3057e+00  3.7538e-01  9.3958e-06
  1.0000e+02  3.3246e+00  5.0000e-01  3.0599e+12  1.0519e+00  2.2004e-01  8.0029e-03
  1.0000e+02  3.3246e+00  5.2000e-01  1.1299e+12  9.2207e-01  1.4468e+00  1.2313e-01
  1.0000e+02  3.3246e+00  5.4000e-01  1.9950e+12  9.5516e-01  1.5565e+00  1.0511e-01
  1.0000e+02  3.3246e+00  5.6000e-01  1.1733e+12  1.0275e+00  1.7435e+00  1.8811e-01
  1.0000e+02  3.3246e+00  5.8000e-01  7.3865e+11  1.0899e+00  1.9083e+00  2.6877e-01
  1.0000e+02  3.3246e+00  6.0000e-01  4.8768e+11  1.1468e+00  2.4438e+00  3.7567e-01
  1.0000e+02  4.0616e+00  1.0000e-02  2.4159e+11  1.3281e+00  1.1849e+01  2.7191e-01
  1.0000e+02  4.0616e+00  2.0000e-02  2.4297e+11  1.3277e+00  1.1298e+01  2.7037e-01
  1.0000e+02  4.0616e+00  4.0000e-02  2.3937e+11  1.3174e+00  1.0220e+01  2.7744e-01
  1.0000e+02  4.0616e+00  6.0000e-02  2.5457e+11  1.3215e+00  9.2877e+00  2.6138e-01
  1.0000e+02  4.0616e+00  8.0000e-02  2.4074e+11  1.3283e+00  8.2774e+00  2.7014e-01
  1.0000e+02  4.0616e+00  1.0000e-01  3.6571e+11  1.2980e+00  7.3890e+00  2.1385e-01
  1.0000e+02  4.0616e+00  1.2000e-01  3.2380e+11  1.3068e+00  6.9193e+00  2.2443e-01
  1.0000e+02  4.0616e+00  1.4000e-01  2.8636e+11  1.3392e+00  4.9972e+00  2.5108e-01
  1.0000e+02  4.0616e+00  1.6000e-01  4.3620e+11  1.3062e+00  4.0756e+00  1.9859e-01
  1.0000e+02  4.0616e+00  1.8000e-01  6.3205e+11  1.2754e+00  3.5880e+00  1.5469e-01
  1.0000e+02  4.0616e+00  2.0000e-01  1.1584e+12  1.2193e+00  3.1797e+00  8.9830e-02
  1.0000e+02  4.0616e+00  2.2000e-01  1.4400e+12  1.2033e+00  2.5595e+00  7.9685e-02
  1.0000e+02  4.0616e+00  2.4000e-01  1.2479e+12  1.2186e+00  2.0011e+00  1.0587e-01
  1.0000e+02  4.0616e+00  2.6000e-01  1.0488e+12  1.2316e+00  1.6541e+00  1.3365e-01
  1.0000e+02  4.0616e+00  2.8000e-01  1.5437e+12  1.3008e+00  1.2417e+00  9.7726e-02
  1.0000e+02  4.0616e+00  3.0000e-01  1.1712e+12  1.2380e+00  1.0503e+00  1.5643e-01
  1.0000e+02  4.0616e+00  3.2000e-01  9.8517e+11  1.2650e+00  8.7282e-01  1.8901e-01
  1.0000e+02  4.0616e+00  3.4000e-01  6.1255e+11  1.3220e+00  5.4540e-01  2.3398e-01
  1.0000e+02  4.0616e+00  3.6000e-01  3.4821e+11  1.3894e+00  3.5755e-01  2.5947e-01
  1.0000e+02  4.0616e+00  3.8000e-01  1.7536e+13  1.4149e+00  -2.6882e-02  1.6155e-02
  1.0000e+02  4.0616e+00  4.0000e-01  8.5451e+12  1.1112e+00  1.5018e-01  2.0386e-02
  1.0000e+02  4.0616e+00  4.2000e-01  3.6917e+13  7.8302e-01  2.2464e-01  8.0139e-04
  1.0000e+02  4.0616e+00  4.4000e-01  2.7933e+13  6.6973e-01  3.2518e-01  1.3872e-05
  1.0000e+02  4.0616e+00  4.6000e-01  1.2777e+12  4.8676e-01  7.2565e-01  4.9013e-12
  1.0000e+02  4.0616e+00  4.8000e-01  6.3903e+10  1.3477e+00  3.7087e-01  1.3362e-05
  1.0000e+02  4.0616e+00  5.0000e-01  4.4182e+12  1.0871e+00  2.8936e-01  6.4741e-03
  1.0000e+02  4.0616e+00  5.2000e-01  7.0031e+11  9.7371e-01  1.3320e+00  1.2331e-01
  1.0000e+02  4.0616e+00  5.4000e-01  1.3953e+12  9.1687e-01  1.5230e+00  1.4747e-01
  1.0000e+02  4.0616e+00  5.6000e-01  2.1080e+12  9.5611e-01  1.5324e+00  1.0744e-01
  1.0000e+02  4.0616e+00  5.8000e-01  1.2281e+12  1.0271e+00  1.6250e+00  1.7747e-01
  1.0000e+02  4.0616e+00  6.0000e-01  7.9581e+11  1.0848e+00  1.7207e+00  2.4852e-01
  1.0000e+02  4.9619e+00  1.0000e-02  3.0235e+11  1.3143e+00  9.9949e+00  2.4155e-01
  1.0000e+02  4.9619e+00  2.0000e-02  3.1116e+11  1.3133e+00  9.4580e+00  2.3694e-01
  1.0000e+02  4.9619e+00  4.0000e-02  3.4433e+11  1.3040e+00  8.5941e+00  2.2476e-01
  1.0000e+02  4.9619e+00  6.0000e-02  3.6838e+11  1.2949e+00  7.7068e+00  2.1995e-01
  1.0000e+02  4.9619e+00  8.0000e-02  3.1868e+11  1.3160e+00  6.7938e+00  2.3744e-01
  1.0000e+02  4.9619e+00  1.0000e-01  5.1727e+11  1.2819e+00  5.7274e+00  1.8036e-01
  1.0000e+02  4.9619e+00  1.2000e-01  4.8494e+11  1.2893e+00  5.3141e+00  1.8236e-01
  1.0000e+02  4.9619e+00  1.4000e-01  2.9172e+11  1.3530e+00  3.9305e+00  2.4418e-01
  1.0000e+02  4.9619e+00  1.6000e-01  5.7775e+11  1.2992e+00  3.1423e+00  1.6778e-01
  1.0000e+02  4.9619e+00  1.8000e-01  6.9889e+11  1.2850e+00  2.6935e+00  1.4547e-01
  1.0000e+02  4.9619e+00  2.0000e-01  9.0983e+11  1.2624e+00  2.3286e+00  1.2189e-01
  1.0000e+02  4.9619e+00  2.2000e-01  1.3111e+12  1.2257e+00  2.0112e+00  1.0051e-01
  1.0000e+02  4.9619e+00  2.4000e-01  1.5776e+12  1.1964e+00  1.6912e+00  9.8262e-02
  1.0000e+02  4.9619e+00  2.6000e-01  1.4782e+12  1.2173e+00  1.4010e+00  1.1130e-01
  1.0000e+02  4.9619e+00  2.8000e-01  1.6013e+12  1.2210e+00  1.0694e+00  1.2183e-01
  1.0000e+02  4.9619e+00  3.0000e-01  1.3522e+12  1.2436e+00  9.3785e-01  1.4746e-01
  1.0000e+02  4.9619e+00  3.2000e-01  8.3789e+11  1.2964e+00  7.3560e-01  2.0406e-01
  1.0000e+02  4.9619e+00  3.4000e-01  6.0691e+11  1.3385e+00  4.8443e-01  2.0559e-01
  1.0000e+02  4.9619e+00  3.6000e-01  4.4722e+11  1.3792e+00  3.5080e-01  2.2807e-01
  1.0000e+02  4.9619e+00  3.8000e-01  2.7594e+13  1.3996e+00  6.3998e-03  1.2092e-02
  1.0000e+02  4.9619e+00  4.0000e-01  9.1096e+12  1.1070e+00  1.5511e-01  1.9440e-02
  1.0000e+02  4.9619e+00  4.2000e-01  4.0839e+13  7.8590e-01  2.2290e-01  7.2207e-04
  1.0000e+02  4.9619e+00  4.4000e-01  3.0106e+13  6.6613e-01  3.3530e-01  1.1279e-05
  1.0000e+02  4.9619e+00  4.6000e-01  1.1784e+10  1.3831e+00  3.5983e-01  7.4001e-06
  1.0000e+02  4.9619e+00  4.8000e-01  3.6270e+13  7.8311e-01  3.7048e-01  6.2344e-07
  1.0000e+02  4.9619e+00  5.0000e-01  4.5261e+12  1.0973e+00  2.8464e-01  6.5090e-03
  1.0000e+02  4.9619e+00  5.2000e-01  9.1295e+11  1.0057e+00  1.4445e+00  6.9556e-02
  1.0000e+02  4.9619e+00  5.4000e-01  2.5637e+12  9.7511e-01  1.5555e+00  6.3518e-02
  1.0000e+02  4.9619e+00  5.6000e-01  1.3857e+12  9.3320e-01  1.4970e+00  1.5788e-01
  1.0000e+02  4.9619e+00  5.8000e-01  1.4265e+12  9.4265e-01  1.5133e+00  1.6607e-01
  1.0000e+02  4.9619e+00  6.0000e-01  1.7925e+12  9.8697e-01  1.4703e+00  1.2280e-01
  1.0000e+02  6.0619e+00  1.0000e-02  5.0023e+11  1.2785e+00  7.8593e+00  1.8949e-01
  1.0000e+02  6.0619e+00  2.0000e-02  5.1031e+11  1.2796e+00  7.4033e+00  1.8640e-01
  1.0000e+02  6.0619e+00  4.0000e-02  5.2365e+11  1.2798e+00  6.6061e+00  1.8307e-01
  1.0000e+02  6.0619e+00  6.0000e-02  5.4457e+11  1.2882e+00  5.8716e+00  1.7465e-01
  1.0000e+02  6.0619e+00  8.0000e-02  5.5258e+11  1.2900e+00  5.0846e+00  1.7273e-01
  1.0000e+02  6.0619e+00  1.0000e-01  6.3813e+11  1.2865e+00  4.4484e+00  1.5615e-01
  1.0000e+02  6.0619e+00  1.2000e-01  6.5487e+11  1.2866e+00  3.9594e+00  1.5615e-01
  1.0000e+02  6.0619e+00  1.4000e-01  4.7871e+11  1.3213e+00  3.2753e+00  1.8241e-01
  1.0000e+02  6.0619e+00  1.6000e-01  6.0731e+11  1.3102e+00  2.5124e+00  1.4960e-01
  1.0000e+02  6.0619e+00  1.8000e-01  7.4367e+11  1.2935e+00  2.1315e+00  1.3463e-01
  1.0000e+02  6.0619e+00  2.0000e-01  9.6512e+11  1.2693e+00  1.8729e+00  1.1771e-01
  1.0000e+02  6.0619e+00  2.2000e-01  1.3345e+12  1.2262e+00  1.6786e+00  1.0373e-01
  1.0000e+02  6.0619e+00  2.4000e-01  1.8919e+12  1.1947e+00  1.4513e+00  9.2610e-02
  1.0000e+02  6.0619e+00  2.6000e-01  1.7451e+12  1.2124e+00  1.2608e+00  1.0881e-01
  1.0000e+02  6.0619e+00  2.8000e-01  1.7328e+12  1.2348e+00  9.6077e-01  1.1864e-01
  1.0000e+02  6.0619e+00  3.0000e-01  1.1555e+12  1.2693e+00  9.7588e-01  1.6395e-01
  1.0000e+02  6.0619e+00  3.2000e-01  8.3800e+11  1.3098e+00  7.0580e-01  1.9713e-01
  1.0000e+02  6.0619e+00  3.4000e-01  6.3527e+11  1.3420e+00  5.6137e-01  1.9580e-01
  1.0000e+02  6.0619e+00  3.6000e-01  4.1905e+11  1.3947e+00  4.2225e-01  2.2863e-01
  1.0000e+02  6.0619e+00  3.8000e-01  1.6579e+13  1.4233e+00  6.1507e-02  1.7425e-02
  1.0000e+02  6.0619e+00  4.0000e-01  9.3991e+12  1.1299e+00  2.3191e-01  1.8577e-02
  1.0000e+02  6.0619e+00  4.2000e-01  1.2501e+14  8.3043e-01  2.7933e-01  2.2978e-04
  1.0000e+02  6.0619e+00  4.4000e-01  3.0263e+13  6.7737e-01  3.3403e-01  1.1499e-05
  1.0000e+02  6.0619e+00  4.6000e-01  2.3187e+12  7.0955e-01  5.1100e-01  8.3380e-11
  1.0000e+02  6.0619e+00  4.8000e-01  5.9286e+13  4.6965e-01  8.7584e-01  2.1614e-09
  1.0000e+02  6.0619e+00  5.0000e-01  6.8779e+12  1.1749e+00  3.0246e-01  4.9855e-03
  1.0000e+02  6.0619e+00  5.2000e-01  1.6514e+13  1.2151e+00  2.3863e-01  4.8191e-03
  1.0000e+02  6.0619e+00  5.4000e-01  1.4196e+12  9.8691e-01  1.5473e+00  7.7026e-02
  1.0000e+02  6.0619e+00  5.6000e-01  2.0737e+12  9.6860e-01  1.6177e+00  8.8466e-02
  1.0000e+02  6.0619e+00  5.8000e-01  2.1753e+12  9.8515e-01  1.6087e+00  9.5197e-02
  1.0000e+02  6.0619e+00  6.0000e-01  1.3545e+12  9.4897e-01  1.4448e+00  1.6675e-01
  1.0000e+02  7.4057e+00  1.0000e-02  6.3122e+11  1.2709e+00  6.1072e+00  1.6227e-01
  1.0000e+02  7.4057e+00  2.0000e-02  6.4878e+11  1.2741e+00  5.7126e+00  1.5811e-01
  1.0000e+02  7.4057e+00  4.0000e-02  6.7602e+11  1.2766e+00  5.0285e+00  1.5305e-01
  1.0000e+02  7.4057e+00  6.0000e-02  7.0965e+11  1.2835e+00  4.4550e+00  1.4837e-01
  1.0000e+02  7.4057e+00  8.0000e-02  7.0152e+11  1.2923e+00  3.7934e+00  1.4442e-01
  1.0000e+02  7.4057e+00  1.0000e-01  8.9103e+11  1.2758e+00  3.3531e+00  1.2789e-01
  1.0000e+02  7.4057e+00  1.2000e-01  7.8514e+11  1.2869e+00  3.0184e+00  1.4019e-01
  1.0000e+02  7.4057e+00  1.4000e-01  5.2250e+11  1.3256e+00  2.5761e+00  1.6934e-01
  1.0000e+02  7.4057e+00  1.6000e-01  6.7013e+11  1.3032e+00  2.1023e+00  1.4266e-01
  1.0000e+02  7.4057e+00  1.8000e-01  7.9949e+11  1.2833e+00  1.8392e+00  1.3161e-01
  1.0000e+02  7.4057e+00  2.0000e-01  1.0849e+12  1.2547e+00  1.6682e+00  1.1273e-01
  1.0000e+02  7.4057e+00  2.2000e-01  1.7216e+12  1.2140e+00  1.4967e+00  8.9832e-02
  1.0000e+02  7.4057e+00  2.4000e-01  2.1602e+12  1.2045e+00  1.2857e+00  8.9454e-02
  1.0000e+02  7.4057e+00  2.6000e-01  1.8779e+12  1.2281e+00  1.1456e+00  1.0780e-01
  1.0000e+02  7.4057e+00  2.8000e-01  1.4174e+12  1.2594e+00  1.0288e+00  1.3781e-01
  1.0000e+02  7.4057e+00  3.0000e-01  1.0395e+12  1.2934e+00  8.5330e-01  1.7493e-01
  1.0000e+02  7.4057e+00  3.2000e-01  7.8582e+11  1.3236e+00  6.3052e-01  1.8305e-01
  1.0000e+02  7.4057e+00  3.4000e-01  7.3606e+11  1.3374e+00  5.4610e-01  1.7991e-01
  1.0000e+02  7.4057e+00  3.6000e-01  4.7388e+11  1.3892e+00  4.2177e-01  2.1595e-01
  1.0000e+02  7.4057e+00  3.8000e-01  2.1562e+12  1.4077e+00  9.8718e-02  7.5685e-02
  1.0000e+02  7.4057e+00  4.0000e-01  1.0336e+13  1.1356e+00  2.3011e-01  1.6853e-02
  1.0000e+02  7.4057e+00  4.2000e-01  1.5678e+14  8.3676e-01  2.7439e-01  1.8346e-04
  1.0000e+02  7.4057e+00  4.4000e-01  4.4669e+13  8.1411e-01  3.5106e-01  2.2339e-05
  1.0000e+02  7.4057e+00  4.6000e-01  1.7584e+11  1.2113e+00  3.6692e-01  8.3329e-07
  1.0000e+02  7.4057e+00  4.8000e-01  6.4304e+13  8.5456e-01  3.8923e-01  1.5019e-05
  1.0000e+02  7.4057e+00  5.0000e-01  5.1543e+12  1.1520e+00  3.1769e-01  6.2944e-03
  1.0000e+02  7.4057e+00  5.2000e-01  5.5753e+12  1.2136e+00  2.3723e-01  8.6362e-03
  1.0000e+02  7.4057e+00  5.4000e-01  1.4691e+12  1.0525e+00  1.4991e+00  5.0835e-02
  1.0000e+02  7.4057e+00  5.6000e-01  3.0729e+12  1.0193e+00  1.6268e+00  4.5322e-02
  1.0000e+02  7.4057e+00  5.8000e-01  4.2381e+12  1.0250e+00  1.6557e+00  4.3090e-02
  1.0000e+02  7.4057e+00  6.0000e-01  4.3548e+12  1.0614e+00  1.5493e+00  4.5635e-02
  1.0000e+02  9.0474e+00  1.0000e-02  8.2207e+11  1.2584e+00  4.5832e+00  1.4003e-01
  1.0000e+02  9.0474e+00  2.0000e-02  8.1172e+11  1.2664e+00  4.2816e+00  1.3917e-01
  1.0000e+02  9.0474e+00  4.0000e-02  8.0656e+11  1.2784e+00  3.7725e+00  1.3727e-01
  1.0000e+02  9.0474e+00  6.0000e-02  7.8859e+11  1.2866e+00  3.3790e+00  1.4151e-01
  1.0000e+02  9.0474e+00  8.0000e-02  8.2380e+11  1.2898e+00  2.9624e+00  1.3340e-01
  1.0000e+02  9.0474e+00  1.0000e-01  9.3575e+11  1.2781e+00  2.7054e+00  1.2878e-01
  1.0000e+02  9.0474e+00  1.2000e-01  7.1157e+11  1.2955e+00  2.4881e+00  1.6884e-01
  1.0000e+02  9.0474e+00  1.4000e-01  6.4327e+11  1.3065e+00  2.1081e+00  1.5646e-01
  1.0000e+02  9.0474e+00  1.6000e-01  7.3107e+11  1.2997e+00  1.8155e+00  1.3362e-01
  1.0000e+02  9.0474e+00  1.8000e-01  9.6070e+11  1.2766e+00  1.6501e+00  1.1819e-01
  1.0000e+02  9.0474e+00  2.0000e-01  1.4158e+12  1.2398e+00  1.5198e+00  9.8300e-02
  1.0000e+02  9.0474e+00  2.2000e-01  2.2008e+12  1.2076e+00  1.3360e+00  8.1672e-02
  1.0000e+02  9.0474e+00  2.4000e-01  2.1465e+12  1.2211e+00  1.1732e+00  9.3854e-02
  1.0000e+02  9.0474e+00  2.6000e-01  1.7118e+12  1.2490e+00  1.0730e+00  1.1625e-01
  1.0000e+02  9.0474e+00  2.8000e-01  1.1488e+12  1.2891e+00  9.4307e-01  1.5456e-01
  1.0000e+02  9.0474e+00  3.0000e-01  1.0965e+12  1.2995e+00  7.5032e-01  1.6810e-01
  1.0000e+02  9.0474e+00  3.2000e-01  9.4394e+11  1.3167e+00  6.0189e-01  1.6365e-01
  1.0000e+02  9.0474e+00  3.4000e-01  8.1815e+11  1.3340e+00  5.3895e-01  1.6942e-01
  1.0000e+02  9.0474e+00  3.6000e-01  5.2633e+11  1.3865e+00  4.1653e-01  2.0513e-01
  1.0000e+02  9.0474e+00  3.8000e-01  1.8430e+12  1.3949e+00  1.2344e-01  8.7102e-02
  1.0000e+02  9.0474e+00  4.0000e-01  1.1315e+13  1.1399e+00  2.2921e-01  1.5208e-02
  1.0000e+02  9.0474e+00  4.2000e-01  1.6400e+14  8.3734e-01  2.7381e-01  1.7870e-04
  1.0000e+02  9.0474e+00  4.4000e-01  4.7839e+13  7.6542e-01  3.7952e-01  1.1327e-05
  1.0000e+02  9.0474e+00  4.6000e-01  2.6132e+10  1.5102e+00  4.3558e-01  1.1739e-05
  1.0000e+02  9.0474e+00  4.8000e-01  7.0668e+13  8.5895e-01  3.8042e-01  2.2858e-05
  1.0000e+02  9.0474e+00  5.0000e-01  4.6875e+12  1.1500e+00  3.1366e-01  6.7784e-03
  1.0000e+02  9.0474e+00  5.2000e-01  4.0088e+12  1.2036e+00  2.4257e-01  9.2617e-03
  1.0000e+02  9.0474e+00  5.4000e-01  7.2210e+11  1.0823e+00  1.3082e+00  6.2050e-02
  1.0000e+02  9.0474e+00  5.6000e-01  1.3669e+12  1.0325e+00  1.5329e+00  5.9752e-02
  1.0000e+02  9.0474e+00  5.8000e-01  2.0134e+12  1.0092e+00  1.6145e+00  6.3321e-02
  1.0000e+02  9.0474e+00  6.0000e-01  2.6759e+12  1.0121e+00  1.5942e+00  6.1789e-02
  1.0000e+02  1.1053e+01  1.0000e-02  7.7364e+11  1.2646e+00  3.6100e+00  1.6607e-01
  1.0000e+02  1.1053e+01  2.0000e-02  7.8176e+11  1.2748e+00  3.3884e+00  1.6304e-01
  1.0000e+02  1.1053e+01  4.0000e-02  8.0811e+11  1.2830e+00  3.0374e+00  1.5724e-01
  1.0000e+02  1.1053e+01  6.0000e-02  6.9915e+11  1.2964e+00  2.8363e+00  1.8469e-01
  1.0000e+02  1.1053e+01  8.0000e-02  9.2913e+11  1.2745e+00  2.5240e+00  1.3698e-01
  1.0000e+02  1.1053e+01  1.0000e-01  9.0363e+11  1.2799e+00  2.4053e+00  1.5373e-01
  1.0000e+02  1.1053e+01  1.2000e-01  5.8665e+11  1.3213e+00  2.1862e+00  2.1040e-01
  1.0000e+02  1.1053e+01  1.4000e-01  8.2582e+11  1.2961e+00  1.8565e+00  1.3303e-01
  1.0000e+02  1.1053e+01  1.6000e-01  9.7806e+11  1.2853e+00  1.6450e+00  1.1461e-01
  1.0000e+02  1.1053e+01  1.8000e-01  1.2094e+12  1.2635e+00  1.5224e+00  1.0568e-01
  1.0000e+02  1.1053e+01  2.0000e-01  2.0297e+12  1.2162e+00  1.3995e+00  8.1684e-02
  1.0000e+02  1.1053e+01  2.2000e-01  2.3981e+12  1.2142e+00  1.2123e+00  8.1983e-02
  1.0000e+02  1.1053e+01  2.4000e-01  2.0587e+12  1.2368e+00  1.1018e+00  9.8381e-02
  1.0000e+02  1.1053e+01  2.6000e-01  1.4232e+12  1.2742e+00  1.0176e+00  1.2903e-01
  1.0000e+02  1.1053e+01  2.8000e-01  1.0003e+12  1.3088e+00  8.7196e-01  1.6504e-01
  1.0000e+02  1.1053e+01  3.0000e-01  1.2623e+12  1.2928e+00  6.9865e-01  1.5158e-01
  1.0000e+02  1.1053e+01  3.2000e-01  1.0749e+12  1.3109e+00  5.9162e-01  1.5188e-01
  1.0000e+02  1.1053e+01  3.4000e-01  8.8742e+11  1.3307e+00  5.3595e-01  1.6212e-01
  1.0000e+02  1.1053e+01  3.6000e-01  5.7669e+11  1.3853e+00  4.0708e-01  1.9631e-01
  1.0000e+02  1.1053e+01  3.8000e-01  2.8317e+12  1.3868e+00  1.2566e-01  6.5611e-02
  1.0000e+02  1.1053e+01  4.0000e-01  1.2213e+13  1.1456e+00  2.2642e-01  1.3776e-02
  1.0000e+02  1.1053e+01  4.2000e-01  1.8322e+14  8.4157e-01  2.6906e-01  1.6691e-04
  1.0000e+02  1.1053e+01  4.4000e-01  4.0948e+13  7.8453e-01  3.7475e-01  1.2600e-05
  1.0000e+02  1.1053e+01  4.6000e-01  4.5152e+10  1.4639e+00  4.2937e-01  2.5484e-05
  1.0000e+02  1.1053e+01  4.8000e-01  4.2589e+13  9.2652e-01  3.4552e-01  8.2867e-05
  1.0000e+02  1.1053e+01  5.0000e-01  4.6630e+12  1.1550e+00  3.0649e-01  6.7930e-03
  1.0000e+02  1.1053e+01  5.2000e-01  3.6742e+12  1.2029e+00  2.4583e-01  8.7211e-03
  1.0000e+02  1.1053e+01  5.4000e-01  3.8275e+12  1.2197e+00  2.1309e-01  1.1825e-02
  1.0000e+02  1.1053e+01  5.6000e-01  8.4302e+11  1.0645e+00  1.3663e+00  5.8885e-02
  1.0000e+02  1.1053e+01  5.8000e-01  1.1940e+12  1.0382e+00  1.4856e+00  6.3336e-02
  1.0000e+02  1.1053e+01  6.0000e-01  1.5688e+12  1.0243e+00  1.5322e+00  6.7676e-02
  1.0000e+02  1.3503e+01  1.0000e-02  6.1562e+11  1.2731e+00  3.3303e+00  2.1266e-01
  1.0000e+02  1.3503e+01  2.0000e-02  6.3336e+11  1.2817e+00  3.1227e+00  2.0369e-01
  1.0000e+02  1.3503e+01  4.0000e-02  7.1567e+11  1.2879e+00  2.7451e+00  1.7731e-01
  1.0000e+02  1.3503e+01  6.0000e-02  6.7379e+11  1.2979e+00  2.5469e+00  1.8610e-01
  1.0000e+02  1.3503e+01  8.0000e-02  9.3577e+11  1.2787e+00  2.2564e+00  1.3646e-01
  1.0000e+02  1.3503e+01  1.0000e-01  7.6239e+11  1.2996e+00  2.2373e+00  1.7516e-01
  1.0000e+02  1.3503e+01  1.2000e-01  5.5600e+11  1.3327e+00  1.9707e+00  2.0885e-01
  1.0000e+02  1.3503e+01  1.4000e-01  1.0239e+12  1.2853e+00  1.6982e+00  1.1613e-01
  1.0000e+02  1.3503e+01  1.6000e-01  1.2887e+12  1.2670e+00  1.5425e+00  1.0205e-01
  1.0000e+02  1.3503e+01  1.8000e-01  1.5583e+12  1.2466e+00  1.4224e+00  9.5281e-02
  1.0000e+02  1.3503e+01  2.0000e-01  2.6402e+12  1.2039e+00  1.2869e+00  7.2220e-02
  1.0000e+02  1.3503e+01  2.2000e-01  2.4953e+12  1.2213e+00  1.1351e+00  8.2657e-02
  1.0000e+02  1.3503e+01  2.4000e-01  1.9571e+12  1.2493e+00  1.0552e+00  1.0185e-01
  1.0000e+02  1.3503e+01  2.6000e-01  1.2373e+12  1.2921e+00  9.7456e-01  1.3882e-01
  1.0000e+02  1.3503e+01  2.8000e-01  9.7876e+11  1.3163e+00  8.2272e-01  1.6538e-01
  1.0000e+02  1.3503e+01  3.0000e-01  1.3869e+12  1.2897e+00  6.7459e-01  1.4045e-01
  1.0000e+02  1.3503e+01  3.2000e-01  1.1931e+12  1.3068e+00  5.8639e-01  1.4254e-01
  1.0000e+02  1.3503e+01  3.4000e-01  9.6733e+11  1.3267e+00  5.3256e-01  1.5489e-01
  1.0000e+02  1.3503e+01  3.6000e-01  6.3458e+11  1.3797e+00  4.0282e-01  1.8932e-01
  1.0000e+02  1.3503e+01  3.8000e-01  3.6494e+12  1.3783e+00  1.2738e-01  5.5644e-02
  1.0000e+02  1.3503e+01  4.0000e-01  1.2475e+13  1.1471e+00  2.2230e-01  1.2895e-02
  1.0000e+02  1.3503e+01  4.2000e-01  1.9851e+14  8.4879e-01  2.5791e-01  1.6439e-04
  1.0000e+02  1.3503e+01  4.4000e-01  5.1599e+13  7.8007e-01  3.5748e-01  6.6097e-06
  1.0000e+02  1.3503e+01  4.6000e-01  1.7177e+11  1.3644e+00  4.0890e-01  2.8508e-05
  1.0000e+02  1.3503e+01  4.8000e-01  2.5432e+13  9.8142e-01  3.2662e-01  2.0357e-04
  1.0000e+02  1.3503e+01  5.0000e-01  4.8224e+12  1.1636e+00  2.9975e-01  6.5993e-03
  1.0000e+02  1.3503e+01  5.2000e-01  3.5301e+12  1.2102e+00  2.4682e-01  8.3242e-03
  1.0000e+02  1.3503e+01  5.4000e-01  3.2785e+12  1.2301e+00  2.1938e-01  1.0814e-02
  1.0000e+02  1.3503e+01  5.6000e-01  3.7738e+12  1.2353e+00  1.9730e-01  1.2687e-02
  1.0000e+02  1.3503e+01  5.8000e-01  7.5968e+11  1.0790e+00  1.3092e+00  6.1198e-02
  1.0000e+02  1.3503e+01  6.0000e-01  1.0279e+12  1.0557e+00  1.4071e+00  6.1999e-02
  1.0000e+02  1.6496e+01  1.0000e-02  6.8293e+11  1.2547e+00  3.1700e+00  2.0310e-01
  1.0000e+02  1.6496e+01  2.0000e-02  6.9534e+11  1.2720e+00  2.9093e+00  1.9415e-01
  1.0000e+02  1.6496e+01  4.0000e-02  6.6554e+11  1.2914e+00  2.6008e+00  1.9540e-01
  1.0000e+02  1.6496e+01  6.0000e-02  5.8000e+11  1.3128e+00  2.4289e+00  2.2051e-01
  1.0000e+02  1.6496e+01  8.0000e-02  7.8923e+11  1.2973e+00  2.1256e+00  1.6094e-01
  1.0000e+02  1.6496e+01  1.0000e-01  7.2522e+11  1.3083e+00  2.0941e+00  1.8505e-01
  1.0000e+02  1.6496e+01  1.2000e-01  5.6835e+11  1.3358e+00  1.8035e+00  1.9742e-01
  1.0000e+02  1.6496e+01  1.4000e-01  1.1497e+12  1.2808e+00  1.5900e+00  1.0763e-01
  1.0000e+02  1.6496e+01  1.6000e-01  1.5102e+12  1.2574e+00  1.4660e+00  9.5638e-02
  1.0000e+02  1.6496e+01  1.8000e-01  1.8889e+12  1.2349e+00  1.3377e+00  8.7331e-02
  1.0000e+02  1.6496e+01  2.0000e-01  3.0643e+12  1.1994e+00  1.1958e+00  6.7845e-02
  1.0000e+02  1.6496e+01  2.2000e-01  2.6307e+12  1.2239e+00  1.0784e+00  8.0980e-02
  1.0000e+02  1.6496e+01  2.4000e-01  1.9603e+12  1.2549e+00  1.0131e+00  1.0145e-01
  1.0000e+02  1.6496e+01  2.6000e-01  1.2338e+12  1.2969e+00  9.3540e-01  1.3873e-01
  1.0000e+02  1.6496e+01  2.8000e-01  1.0220e+12  1.3168e+00  7.8902e-01  1.5969e-01
  1.0000e+02  1.6496e+01  3.0000e-01  1.5436e+12  1.2821e+00  6.6435e-01  1.3354e-01
  1.0000e+02  1.6496e+01  3.2000e-01  1.3309e+12  1.2990e+00  5.8253e-01  1.3471e-01
  1.0000e+02  1.6496e+01  3.4000e-01  1.0767e+12  1.3200e+00  5.2270e-01  1.4732e-01
  1.0000e+02  1.6496e+01  3.6000e-01  7.1789e+11  1.3729e+00  3.8606e-01  1.8127e-01
  1.0000e+02  1.6496e+01  3.8000e-01  4.1169e+12  1.3662e+00  1.2898e-01  5.1959e-02
  1.0000e+02  1.6496e+01  4.0000e-01  1.3256e+13  1.1516e+00  2.1308e-01  1.1609e-02
  1.0000e+02  1.6496e+01  4.2000e-01  2.2370e+14  8.3854e-01  2.5284e-01  1.3776e-04
  1.0000e+02  1.6496e+01  4.4000e-01  1.0563e+14  6.2300e-01  4.9382e-01  9.2820e-08
  1.0000e+02  1.6496e+01  4.6000e-01  1.5776e+11  1.3725e+00  4.0633e-01  5.3437e-05
  1.0000e+02  1.6496e+01  4.8000e-01  3.4768e+13  9.3549e-01  3.5218e-01  1.1815e-04
  1.0000e+02  1.6496e+01  5.0000e-01  4.7054e+12  1.1700e+00  2.9741e-01  6.7044e-03
  1.0000e+02  1.6496e+01  5.2000e-01  3.3829e+12  1.2227e+00  2.4651e-01  8.2343e-03
  1.0000e+02  1.6496e+01  5.4000e-01  3.0441e+12  1.2410e+00  2.2503e-01  9.8421e-03
  1.0000e+02  1.6496e+01  5.6000e-01  2.9916e+12  1.2495e+00  2.0746e-01  1.1974e-02
  1.0000e+02  1.6496e+01  5.8000e-01  3.4007e+12  1.2518e+00  1.9113e-01  1.3277e-02
  1.0000e+02  1.6496e+01  6.0000e-01  5.9451e+11  1.1070e+00  1.2097e+00  6.5862e-02
  1.0000e+02  2.0153e+01  1.0000e-02  6.3249e+11  1.2575e+00  3.1370e+00  2.1921e-01
  1.0000e+02  2.0153e+01  2.0000e-02  6.4924e+11  1.2650e+00  2.9307e+00  2.1277e-01
  1.0000e+02  2.0153e+01  4.0000e-02  7.0108e+11  1.2870e+00  2.5408e+00  1.9170e-01
  1.0000e+02  2.0153e+01  6.0000e-02  6.5689e+11  1.3054e+00  2.2870e+00  1.9911e-01
  1.0000e+02  2.0153e+01  8.0000e-02  8.3540e+11  1.2975e+00  2.0012e+00  1.5734e-01
  1.0000e+02  2.0153e+01  1.0000e-01  7.0901e+11  1.3121e+00  2.0386e+00  1.9461e-01
  1.0000e+02  2.0153e+01  1.2000e-01  5.8500e+11  1.3385e+00  1.6742e+00  1.9437e-01
  1.0000e+02  2.0153e+01  1.4000e-01  1.1022e+12  1.2892e+00  1.4960e+00  1.0864e-01
  1.0000e+02  2.0153e+01  1.6000e-01  1.4791e+12  1.2638e+00  1.4008e+00  9.5556e-02
  1.0000e+02  2.0153e+01  1.8000e-01  2.0506e+12  1.2316e+00  1.2684e+00  8.3751e-02
  1.0000e+02  2.0153e+01  2.0000e-01  3.3926e+12  1.1954e+00  1.1307e+00  6.4355e-02
  1.0000e+02  2.0153e+01  2.2000e-01  2.8390e+12  1.2211e+00  1.0311e+00  7.7174e-02
  1.0000e+02  2.0153e+01  2.4000e-01  2.0938e+12  1.2518e+00  9.7399e-01  9.7324e-02
  1.0000e+02  2.0153e+01  2.6000e-01  1.3818e+12  1.2896e+00  9.0661e-01  1.2974e-01
  1.0000e+02  2.0153e+01  2.8000e-01  1.0982e+12  1.3123e+00  7.7492e-01  1.5192e-01
  1.0000e+02  2.0153e+01  3.0000e-01  1.6322e+12  1.2781e+00  6.6580e-01  1.3109e-01
  1.0000e+02  2.0153e+01  3.2000e-01  1.5415e+12  1.2861e+00  5.8642e-01  1.2759e-01
  1.0000e+02  2.0153e+01  3.4000e-01  1.2242e+12  1.3077e+00  5.2254e-01  1.4101e-01
  1.0000e+02  2.0153e+01  3.6000e-01  8.2062e+11  1.3625e+00  3.7663e-01  1.7432e-01
  1.0000e+02  2.0153e+01  3.8000e-01  4.7455e+12  1.3540e+00  1.3241e-01  4.7424e-02
  1.0000e+02  2.0153e+01  4.0000e-01  1.4401e+13  1.1529e+00  2.0755e-01  1.0179e-02
  1.0000e+02  2.0153e+01  4.2000e-01  2.6708e+14  8.3835e-01  2.4485e-01  1.1652e-04
  1.0000e+02  2.0153e+01  4.4000e-01  1.8577e+13  8.7452e-01  3.8820e-01  4.3487e-06
  1.0000e+02  2.0153e+01  4.6000e-01  1.2702e+11  1.3879e+00  4.1514e-01  8.8864e-05
  1.0000e+02  2.0153e+01  4.8000e-01  3.0303e+13  9.4647e-01  3.5086e-01  1.3476e-04
  1.0000e+02  2.0153e+01  5.0000e-01  4.6897e+12  1.1713e+00  2.9813e-01  6.6561e-03
  1.0000e+02  2.0153e+01  5.2000e-01  2.9792e+12  1.2389e+00  2.4692e-01  8.8624e-03
  1.0000e+02  2.0153e+01  5.4000e-01  2.7293e+12  1.2532e+00  2.3020e-01  9.6270e-03
  1.0000e+02  2.0153e+01  5.6000e-01  2.5830e+12  1.2656e+00  2.1564e-01  1.1098e-02
  1.0000e+02  2.0153e+01  5.8000e-01  2.6977e+12  1.2699e+00  2.0227e-01  1.2389e-02
  1.0000e+02  2.0153e+01  6.0000e-01  2.9396e+12  1.2715e+00  1.9027e-01  1.3391e-02
  1.0000e+02  2.4621e+01  1.0000e-02  5.8944e+11  1.2540e+00  3.1408e+00  2.2867e-01
  1.0000e+02  2.4621e+01  2.0000e-02  5.9980e+11  1.2699e+00  2.8707e+00  2.2207e-01
  1.0000e+02  2.4621e+01  4.0000e-02  6.4037e+11  1.2853e+00  2.5342e+00  2.0695e-01
  1.0000e+02  2.4621e+01  6.0000e-02  6.5942e+11  1.2994e+00  2.3241e+00  2.0248e-01
  1.0000e+02  2.4621e+01  8.0000e-02  8.3415e+11  1.2977e+00  1.9309e+00  1.5734e-01
  1.0000e+02  2.4621e+01  1.0000e-01  7.2215e+11  1.3109e+00  2.0046e+00  1.9264e-01
  1.0000e+02  2.4621e+01  1.2000e-01  5.6355e+11  1.3455e+00  1.6203e+00  2.0997e-01
  1.0000e+02  2.4621e+01  1.4000e-01  1.1084e+12  1.2902e+00  1.4388e+00  1.0983e-01
  1.0000e+02  2.4621e+01  1.6000e-01  1.3402e+12  1.2767e+00  1.3600e+00  9.8624e-02
  1.0000e+02  2.4621e+01  1.8000e-01  1.9397e+12  1.2397e+00  1.2369e+00  8.5478e-02
  1.0000e+02  2.4621e+01  2.0000e-01  3.5503e+12  1.1913e+00  1.1055e+00  6.2584e-02
  1.0000e+02  2.4621e+01  2.2000e-01  3.1123e+12  1.2145e+00  1.0063e+00  7.1951e-02
  1.0000e+02  2.4621e+01  2.4000e-01  2.3476e+12  1.2428e+00  9.5133e-01  9.0187e-02
  1.0000e+02  2.4621e+01  2.6000e-01  1.6503e+12  1.2753e+00  8.9285e-01  1.1588e-01
  1.0000e+02  2.4621e+01  2.8000e-01  1.2446e+12  1.3016e+00  7.8316e-01  1.4056e-01
  1.0000e+02  2.4621e+01  3.0000e-01  1.5076e+12  1.2855e+00  6.8057e-01  1.3482e-01
  1.0000e+02  2.4621e+01  3.2000e-01  1.8154e+12  1.2701e+00  6.0144e-01  1.2284e-01
  1.0000e+02  2.4621e+01  3.4000e-01  1.4682e+12  1.2907e+00  5.2918e-01  1.3346e-01
  1.0000e+02  2.4621e+01  3.6000e-01  9.2982e+11  1.3576e+00  3.5198e-01  1.6854e-01
  1.0000e+02  2.4621e+01  3.8000e-01  5.3581e+12  1.3435e+00  1.3685e-01  4.3530e-02
  1.0000e+02  2.4621e+01  4.0000e-01  1.6096e+13  1.1488e+00  2.0525e-01  8.7647e-03
  1.0000e+02  2.4621e+01  4.2000e-01  3.5352e+14  8.1129e-01  2.4943e-01  7.0636e-05
  1.0000e+02  2.4621e+01  4.4000e-01  1.1200e+13  9.6013e-01  3.8040e-01  4.3348e-06
  1.0000e+02  2.4621e+01  4.6000e-01  1.1308e+11  1.4115e+00  3.8474e-01  1.6134e-04
  1.0000e+02  2.4621e+01  4.8000e-01  2.6623e+13  9.5479e-01  3.5474e-01  1.6291e-04
  1.0000e+02  2.4621e+01  5.0000e-01  4.6535e+12  1.1731e+00  2.9908e-01  6.6395e-03
  1.0000e+02  2.4621e+01  5.2000e-01  2.6731e+12  1.2546e+00  2.4725e-01  9.4714e-03
  1.0000e+02  2.4621e+01  5.4000e-01  2.3505e+12  1.2713e+00  2.3348e-01  9.9088e-03
  1.0000e+02  2.4621e+01  5.6000e-01  2.2358e+12  1.2812e+00  2.2244e-01  1.0785e-02
  1.0000e+02  2.4621e+01  5.8000e-01  2.1841e+12  1.2894e+00  2.1203e-01  1.1879e-02
  1.0000e+02  2.4621e+01  6.0000e-01  2.2164e+12  1.2924e+00  2.0330e-01  1.2849e-02
  1.0000e+02  3.0079e+01  1.0000e-02  6.4238e+11  1.2500e+00  3.1312e+00  2.1427e-01
  1.0000e+02  3.0079e+01  2.0000e-02  6.0180e+11  1.2701e+00  2.8518e+00  2.1987e-01
  1.0000e+02  3.0079e+01  4.0000e-02  5.9475e+11  1.2885e+00  2.5288e+00  2.1642e-01
  1.0000e+02  3.0079e+01  6.0000e-02  6.3573e+11  1.2960e+00  2.3583e+00  2.0848e-01
  1.0000e+02  3.0079e+01  8.0000e-02  7.1254e+11  1.3056e+00  1.9633e+00  1.8081e-01
  1.0000e+02  3.0079e+01  1.0000e-01  8.0424e+11  1.3027e+00  1.9079e+00  1.7127e-01
  1.0000e+02  3.0079e+01  1.2000e-01  5.2372e+11  1.3481e+00  1.6723e+00  2.3277e-01
  1.0000e+02  3.0079e+01  1.4000e-01  1.0533e+12  1.2941e+00  1.4141e+00  1.1785e-01
  1.0000e+02  3.0079e+01  1.6000e-01  1.3330e+12  1.2787e+00  1.3298e+00  9.8471e-02
  1.0000e+02  3.0079e+01  1.8000e-01  1.5926e+12  1.2589e+00  1.2432e+00  9.3802e-02
  1.0000e+02  3.0079e+01  2.0000e-01  3.1757e+12  1.1975e+00  1.1102e+00  6.6532e-02
  1.0000e+02  3.0079e+01  2.2000e-01  3.4443e+12  1.2031e+00  1.0015e+00  6.6413e-02
  1.0000e+02  3.0079e+01  2.4000e-01  2.7015e+12  1.2293e+00  9.4130e-01  8.1547e-02
  1.0000e+02  3.0079e+01  2.6000e-01  2.0322e+12  1.2569e+00  8.8643e-01  1.0063e-01
  1.0000e+02  3.0079e+01  2.8000e-01  1.5102e+12  1.2838e+00  8.0465e-01  1.2460e-01
  1.0000e+02  3.0079e+01  3.0000e-01  1.4255e+12  1.2895e+00  7.1079e-01  1.3392e-01
  1.0000e+02  3.0079e+01  3.2000e-01  1.7065e+12  1.2736e+00  6.2680e-01  1.2991e-01
  1.0000e+02  3.0079e+01  3.4000e-01  1.7258e+12  1.2737e+00  5.4685e-01  1.2959e-01
  1.0000e+02  3.0079e+01  3.6000e-01  3.4595e+12  1.4156e+00  1.0507e-01  6.6159e-02
  1.0000e+02  3.0079e+01  3.8000e-01  6.1780e+12  1.3329e+00  1.4153e-01  3.9164e-02
  1.0000e+02  3.0079e+01  4.0000e-01  2.0949e+13  1.1304e+00  2.0590e-01  6.8861e-03
  1.0000e+02  3.0079e+01  4.2000e-01  5.4725e+14  7.6950e-01  2.5685e-01  2.5153e-05
  1.0000e+02  3.0079e+01  4.4000e-01  7.7469e+13  8.7606e-01  3.2975e-01  2.4170e-07
  1.0000e+02  3.0079e+01  4.6000e-01  6.2945e+10  1.4601e+00  3.8907e-01  2.6931e-04
  1.0000e+02  3.0079e+01  4.8000e-01  2.2015e+13  9.7258e-01  3.4922e-01  1.8427e-04
  1.0000e+02  3.0079e+01  5.0000e-01  4.6111e+12  1.1724e+00  3.0147e-01  6.5429e-03
  1.0000e+02  3.0079e+01  5.2000e-01  2.2944e+12  1.2729e+00  2.4783e-01  1.0344e-02
  1.0000e+02  3.0079e+01  5.4000e-01  2.0137e+12  1.2913e+00  2.3551e-01  1.0493e-02
  1.0000e+02  3.0079e+01  5.6000e-01  1.8518e+12  1.3027e+00  2.2710e-01  1.1031e-02
  1.0000e+02  3.0079e+01  5.8000e-01  1.7494e+12  1.3113e+00  2.1932e-01  1.1904e-02
  1.0000e+02  3.0079e+01  6.0000e-01  1.7097e+12  1.3146e+00  2.1326e-01  1.2719e-02
  1.0000e+02  3.6747e+01  1.0000e-02  5.6453e+11  1.2510e+00  3.1364e+00  2.3398e-01
  1.0000e+02  3.6747e+01  2.0000e-02  5.9730e+11  1.2686e+00  2.8416e+00  2.2038e-01
  1.0000e+02  3.6747e+01  4.0000e-02  6.0292e+11  1.2925e+00  2.4980e+00  2.1298e-01
  1.0000e+02  3.6747e+01  6.0000e-02  6.3768e+11  1.2986e+00  2.3057e+00  2.0335e-01
  1.0000e+02  3.6747e+01  8.0000e-02  6.0507e+11  1.3108e+00  2.0447e+00  2.0579e-01
  1.0000e+02  3.6747e+01  1.0000e-01  8.1975e+11  1.2974e+00  1.8654e+00  1.6533e-01
  1.0000e+02  3.6747e+01  1.2000e-01  5.9904e+11  1.3250e+00  1.8981e+00  2.1926e-01
  1.0000e+02  3.6747e+01  1.4000e-01  7.4016e+11  1.3228e+00  1.4370e+00  1.6433e-01
  1.0000e+02  3.6747e+01  1.6000e-01  1.2356e+12  1.2811e+00  1.3190e+00  1.0379e-01
  1.0000e+02  3.6747e+01  1.8000e-01  1.4994e+12  1.2661e+00  1.2641e+00  9.6144e-02
  1.0000e+02  3.6747e+01  2.0000e-01  2.1504e+12  1.2306e+00  1.1419e+00  8.0947e-02
  1.0000e+02  3.6747e+01  2.2000e-01  3.6642e+12  1.1905e+00  1.0210e+00  6.2525e-02
  1.0000e+02  3.6747e+01  2.4000e-01  3.1579e+12  1.2112e+00  9.4432e-01  7.2115e-02
  1.0000e+02  3.6747e+01  2.6000e-01  2.4994e+12  1.2357e+00  8.8593e-01  8.6471e-02
  1.0000e+02  3.6747e+01  2.8000e-01  1.9237e+12  1.2600e+00  8.2752e-01  1.0530e-01
  1.0000e+02  3.6747e+01  3.0000e-01  1.5841e+12  1.2780e+00  7.4930e-01  1.2129e-01
  1.0000e+02  3.6747e+01  3.2000e-01  1.4695e+12  1.2845e+00  6.7218e-01  1.3566e-01
  1.0000e+02  3.6747e+01  3.4000e-01  1.4301e+12  1.2892e+00  5.6568e-01  1.4682e-01
  1.0000e+02  3.6747e+01  3.6000e-01  6.3639e+12  1.4006e+00  9.9233e-02  4.5788e-02
  1.0000e+02  3.6747e+01  3.8000e-01  7.2617e+12  1.3211e+00  1.4641e-01  3.4767e-02
  1.0000e+02  3.6747e+01  4.0000e-01  3.3133e+13  1.0960e+00  2.0788e-01  4.7770e-03
  1.0000e+02  3.6747e+01  4.2000e-01  7.0356e+14  7.2481e-01  2.7844e-01  5.4751e-06
  1.0000e+02  3.6747e+01  4.4000e-01  1.3186e+13  9.9656e-01  3.7482e-01  1.7380e-06
  1.0000e+02  3.6747e+01  4.6000e-01  8.6767e+10  1.4377e+00  3.8140e-01  3.1012e-04
  1.0000e+02  3.6747e+01  4.8000e-01  1.7939e+13  9.8083e-01  3.6491e-01  1.7626e-04
  1.0000e+02  3.6747e+01  5.0000e-01  4.6174e+12  1.1690e+00  3.0439e-01  6.4109e-03
  1.0000e+02  3.6747e+01  5.2000e-01  1.8819e+12  1.2919e+00  2.4934e-01  1.1453e-02
  1.0000e+02  3.6747e+01  5.4000e-01  1.5709e+12  1.3134e+00  2.3842e-01  1.1894e-02
  1.0000e+02  3.6747e+01  5.6000e-01  1.3779e+12  1.3225e+00  2.3389e-01  1.2495e-02
  1.0000e+02  3.6747e+01  5.8000e-01  1.2138e+12  1.3289e+00  2.3097e-01  1.3505e-02
  1.0000e+02  3.6747e+01  6.0000e-01  1.0804e+12  1.3329e+00  2.2894e-01  1.4900e-02
  1.0000e+02  4.4893e+01  1.0000e-02  5.7044e+11  1.2479e+00  3.1361e+00  2.3143e-01
  1.0000e+02  4.4893e+01  2.0000e-02  6.0066e+11  1.2678e+00  2.8179e+00  2.1820e-01
  1.0000e+02  4.4893e+01  4.0000e-02  6.1735e+11  1.2927e+00  2.4857e+00  2.0859e-01
  1.0000e+02  4.4893e+01  6.0000e-02  6.4927e+11  1.3046e+00  2.2434e+00  1.9738e-01
  1.0000e+02  4.4893e+01  8.0000e-02  5.8668e+11  1.3242e+00  2.0299e+00  2.0969e-01
  1.0000e+02  4.4893e+01  1.0000e-01  8.0281e+11  1.3059e+00  1.7761e+00  1.6035e-01
  1.0000e+02  4.4893e+01  1.2000e-01  7.5859e+11  1.3058e+00  1.8909e+00  1.7941e-01
  1.0000e+02  4.4893e+01  1.4000e-01  4.8237e+11  1.3496e+00  1.6155e+00  2.4236e-01
  1.0000e+02  4.4893e+01  1.6000e-01  9.7974e+11  1.2951e+00  1.3459e+00  1.2579e-01
  1.0000e+02  4.4893e+01  1.8000e-01  1.3284e+12  1.2731e+00  1.2652e+00  1.0050e-01
  1.0000e+02  4.4893e+01  2.0000e-01  1.5447e+12  1.2592e+00  1.2115e+00  9.7268e-02
  1.0000e+02  4.4893e+01  2.2000e-01  2.4286e+12  1.2157e+00  1.0828e+00  7.6405e-02
  1.0000e+02  4.4893e+01  2.4000e-01  3.5861e+12  1.1884e+00  9.6916e-01  6.4137e-02
  1.0000e+02  4.4893e+01  2.6000e-01  2.9933e+12  1.2119e+00  8.9332e-01  7.4159e-02
  1.0000e+02  4.4893e+01  2.8000e-01  2.4164e+12  1.2346e+00  8.4193e-01  8.7780e-02
  1.0000e+02  4.4893e+01  3.0000e-01  1.9264e+12  1.2556e+00  7.8510e-01  1.0441e-01
  1.0000e+02  4.4893e+01  3.2000e-01  1.5792e+12  1.2729e+00  7.2516e-01  1.2263e-01
  1.0000e+02  4.4893e+01  3.4000e-01  1.1874e+12  1.2979e+00  6.3373e-01  1.5787e-01
  1.0000e+02  4.4893e+01  3.6000e-01  1.1383e+13  1.4101e+00  8.9907e-02  2.9581e-02
  1.0000e+02  4.4893e+01  3.8000e-01  1.0471e+13  1.2889e+00  1.5288e-01  2.8693e-02
  1.0000e+02  4.4893e+01  4.0000e-01  7.0594e+13  1.0352e+00  2.1270e-01  2.5031e-03
  1.0000e+02  4.4893e+01  4.2000e-01  6.1588e+14  7.6158e-01  2.7192e-01  3.6820e-06
  1.0000e+02  4.4893e+01  4.4000e-01  2.5058e+12  1.1830e+00  3.2927e-01  1.8320e-05
  1.0000e+02  4.4893e+01  4.6000e-01  8.1815e+10  1.4431e+00  3.8412e-01  3.2957e-04
  1.0000e+02  4.4893e+01  4.8000e-01  1.0443e+13  1.0310e+00  3.4869e-01  2.9804e-04
  1.0000e+02  4.4893e+01  5.0000e-01  5.2448e+12  1.1439e+00  3.2335e-01  5.5332e-03
  1.0000e+02  4.4893e+01  5.2000e-01  1.4379e+12  1.3092e+00  2.5281e-01  1.3110e-02
  1.0000e+02  4.4893e+01  5.4000e-01  1.0610e+12  1.3280e+00  2.4789e-01  1.4705e-02
  1.0000e+02  4.4893e+01  5.6000e-01  8.7720e+11  1.3303e+00  2.5124e-01  1.5961e-02
  1.0000e+02  4.4893e+01  5.8000e-01  7.4417e+11  1.3322e+00  2.5619e-01  1.7173e-02
  1.0000e+02  4.4893e+01  6.0000e-01  6.4972e+11  1.3362e+00  2.5683e-01  1.8378e-02
  1.0000e+02  5.4844e+01  1.0000e-02  5.6692e+11  1.2416e+00  3.2089e+00  2.3390e-01
  1.0000e+02  5.4844e+01  2.0000e-02  6.1309e+11  1.2644e+00  2.8292e+00  2.1444e-01
  1.0000e+02  5.4844e+01  4.0000e-02  6.4517e+11  1.2907e+00  2.4802e+00  2.0168e-01
  1.0000e+02  5.4844e+01  6.0000e-02  6.6249e+11  1.3073e+00  2.2010e+00  1.9161e-01
  1.0000e+02  5.4844e+01  8.0000e-02  5.9968e+11  1.3251e+00  2.0450e+00  2.0669e-01
  1.0000e+02  5.4844e+01  1.0000e-01  7.7698e+11  1.3184e+00  1.7400e+00  1.6135e-01
  1.0000e+02  5.4844e+01  1.2000e-01  8.6774e+11  1.3137e+00  1.6877e+00  1.5528e-01
  1.0000e+02  5.4844e+01  1.4000e-01  5.9824e+11  1.3443e+00  1.7382e+00  2.1510e-01
  1.0000e+02  5.4844e+01  1.6000e-01  5.8766e+11  1.3565e+00  1.3694e+00  1.9672e-01
  1.0000e+02  5.4844e+01  1.8000e-01  1.1216e+12  1.2989e+00  1.2408e+00  1.0774e-01
  1.0000e+02  5.4844e+01  2.0000e-01  1.3720e+12  1.2837e+00  1.1872e+00  9.5385e-02
  1.0000e+02  5.4844e+01  2.2000e-01  1.4816e+12  1.2737e+00  1.1302e+00  9.6676e-02
  1.0000e+02  5.4844e+01  2.4000e-01  2.0356e+12  1.2393e+00  9.9546e-01  8.2388e-02
  1.0000e+02  5.4844e+01  2.6000e-01  3.7760e+12  1.1870e+00  8.6418e-01  5.7860e-02
  1.0000e+02  5.4844e+01  2.8000e-01  3.1231e+12  1.2102e+00  7.9852e-01  6.9998e-02
  1.0000e+02  5.4844e+01  3.0000e-01  3.0115e+12  1.2175e+00  7.4284e-01  7.7289e-02
  1.0000e+02  5.4844e+01  3.2000e-01  2.8794e+12  1.2219e+00  6.9007e-01  8.6564e-02
  1.0000e+02  5.4844e+01  3.4000e-01  2.7985e+12  1.2237e+00  6.1098e-01  9.5543e-02
  1.0000e+02  5.4844e+01  3.6000e-01  2.9667e+12  1.2266e+00  4.7954e-01  1.0868e-01
  1.0000e+02  5.4844e+01  3.8000e-01  2.6606e+13  1.2231e+00  1.4473e-01  2.0703e-02
  1.0000e+02  5.4844e+01  4.0000e-01  5.7196e+13  1.0699e+00  1.9436e-01  3.7341e-03
  1.0000e+02  5.4844e+01  4.2000e-01  2.7624e+14  8.2176e-01  2.8786e-01  4.0380e-06
  1.0000e+02  5.4844e+01  4.4000e-01  2.6693e+12  1.1969e+00  3.2525e-01  1.5865e-05
  1.0000e+02  5.4844e+01  4.6000e-01  7.0187e+10  1.4681e+00  3.7364e-01  3.9692e-04
  1.0000e+02  5.4844e+01  4.8000e-01  6.9846e+12  1.0610e+00  3.5787e-01  3.1857e-04
  1.0000e+02  5.4844e+01  5.0000e-01  5.9634e+12  1.1229e+00  3.3282e-01  4.6893e-03
  1.0000e+02  5.4844e+01  5.2000e-01  9.9909e+11  1.3194e+00  2.6128e-01  1.5627e-02
  1.0000e+02  5.4844e+01  5.4000e-01  6.6147e+11  1.3358e+00  2.6512e-01  1.8566e-02
  1.0000e+02  5.4844e+01  5.6000e-01  5.3533e+11  1.3388e+00  2.7077e-01  2.0108e-02
  1.0000e+02  5.4844e+01  5.8000e-01  4.4374e+11  1.3450e+00  2.7287e-01  2.1494e-02
  1.0000e+02  5.4844e+01  6.0000e-01  3.7549e+11  1.3496e+00  2.7470e-01  2.2793e-02
  1.0000e+02  6.7002e+01  1.0000e-02  5.6073e+11  1.2422e+00  3.2718e+00  2.3499e-01
  1.0000e+02  6.7002e+01  2.0000e-02  6.1370e+11  1.2611e+00  2.8802e+00  2.1434e-01
  1.0000e+02  6.7002e+01  4.0000e-02  6.6844e+11  1.2869e+00  2.4961e+00  1.9638e-01
  1.0000e+02  6.7002e+01  6.0000e-02  6.7619e+11  1.3079e+00  2.1832e+00  1.8671e-01
  1.0000e+02  6.7002e+01  8.0000e-02  6.4208e+11  1.3248e+00  2.0450e+00  1.9703e-01
  1.0000e+02  6.7002e+01  1.0000e-01  7.5313e+11  1.3255e+00  1.7359e+00  1.6441e-01
  1.0000e+02  6.7002e+01  1.2000e-01  9.5643e+11  1.3150e+00  1.6373e+00  1.4128e-01
  1.0000e+02  6.7002e+01  1.4000e-01  6.8301e+11  1.3442e+00  1.6803e+00  1.9006e-01
  1.0000e+02  6.7002e+01  1.6000e-01  5.6494e+11  1.3744e+00  1.4015e+00  2.1175e-01
  1.0000e+02  6.7002e+01  1.8000e-01  8.8771e+11  1.3356e+00  1.2410e+00  1.3264e-01
  1.0000e+02  6.7002e+01  2.0000e-01  1.2863e+12  1.3056e+00  1.1593e+00  9.3685e-02
  1.0000e+02  6.7002e+01  2.2000e-01  1.4560e+12  1.2983e+00  1.1083e+00  8.9749e-02
  1.0000e+02  6.7002e+01  2.4000e-01  1.4767e+12  1.2997e+00  1.0199e+00  9.0143e-02
  1.0000e+02  6.7002e+01  2.6000e-01  1.8314e+12  1.2843e+00  8.8359e-01  8.2814e-02
  1.0000e+02  6.7002e+01  2.8000e-01  5.1124e+12  1.1970e+00  7.0440e-01  4.2574e-02
  1.0000e+02  6.7002e+01  3.0000e-01  3.6186e+12  1.2323e+00  6.2248e-01  5.6726e-02
  1.0000e+02  6.7002e+01  3.2000e-01  3.7595e+12  1.2297e+00  5.7017e-01  6.2138e-02
  1.0000e+02  6.7002e+01  3.4000e-01  3.7905e+12  1.2317e+00  4.9832e-01  6.6922e-02
  1.0000e+02  6.7002e+01  3.6000e-01  3.7531e+12  1.2346e+00  4.2089e-01  7.0829e-02
  1.0000e+02  6.7002e+01  3.8000e-01  5.4253e+12  1.2335e+00  2.7387e-01  5.3130e-02
  1.0000e+02  6.7002e+01  4.0000e-01  2.5000e+13  1.0859e+00  2.5764e-01  9.8518e-03
  1.0000e+02  6.7002e+01  4.2000e-01  4.9872e+14  7.8831e-01  2.5221e-01  1.0138e-05
  1.0000e+02  6.7002e+01  4.4000e-01  1.1137e+13  1.0882e+00  3.4916e-01  2.7408e-06
  1.0000e+02  6.7002e+01  4.6000e-01  2.7295e+10  1.5682e+00  3.6050e-01  7.3499e-04
  1.0000e+02  6.7002e+01  4.8000e-01  1.6028e+12  1.1843e+00  3.7088e-01  5.3331e-04
  1.0000e+02  6.7002e+01  5.0000e-01  6.3591e+12  1.1082e+00  3.3724e-01  4.2396e-03
  1.0000e+02  6.7002e+01  5.2000e-01  6.5418e+11  1.3295e+00  2.7142e-01  1.8517e-02
  1.0000e+02  6.7002e+01  5.4000e-01  4.4033e+11  1.3429e+00  2.7829e-01  2.1501e-02
  1.0000e+02  6.7002e+01  5.6000e-01  3.4442e+11  1.3538e+00  2.7988e-01  2.3401e-02
  1.0000e+02  6.7002e+01  5.8000e-01  2.7229e+11  1.3634e+00  2.8167e-01  2.5272e-02
  1.0000e+02  6.7002e+01  6.0000e-01  2.2338e+11  1.3689e+00  2.8456e-01  2.6862e-02
  1.0000e+02  8.1855e+01  1.0000e-02  5.5431e+11  1.2421e+00  3.3627e+00  2.3588e-01
  1.0000e+02  8.1855e+01  2.0000e-02  5.9584e+11  1.2571e+00  2.9770e+00  2.1935e-01
  1.0000e+02  8.1855e+01  4.0000e-02  6.7049e+11  1.2839e+00  2.5316e+00  1.9522e-01
  1.0000e+02  8.1855e+01  6.0000e-02  6.7680e+11  1.3071e+00  2.1965e+00  1.8523e-01
  1.0000e+02  8.1855e+01  8.0000e-02  6.8785e+11  1.3198e+00  2.0740e+00  1.8815e-01
  1.0000e+02  8.1855e+01  1.0000e-01  7.1851e+11  1.3314e+00  1.7500e+00  1.7001e-01
  1.0000e+02  8.1855e+01  1.2000e-01  9.8011e+11  1.3137e+00  1.6338e+00  1.3647e-01
  1.0000e+02  8.1855e+01  1.4000e-01  7.9521e+11  1.3364e+00  1.6418e+00  1.6844e-01
  1.0000e+02  8.1855e+01  1.6000e-01  5.5490e+11  1.3771e+00  1.4415e+00  2.2139e-01
  1.0000e+02  8.1855e+01  1.8000e-01  7.1900e+11  1.3610e+00  1.2605e+00  1.5845e-01
  1.0000e+02  8.1855e+01  2.0000e-01  1.2519e+12  1.3140e+00  1.1670e+00  9.5437e-02
  1.0000e+02  8.1855e+01  2.2000e-01  1.4344e+12  1.3050e+00  1.1129e+00  8.7961e-02
  1.0000e+02  8.1855e+01  2.4000e-01  1.4955e+12  1.3055e+00  1.0377e+00  8.8143e-02
  1.0000e+02  8.1855e+01  2.6000e-01  1.4928e+12  1.3106e+00  9.3501e-01  8.8086e-02
  1.0000e+02  8.1855e+01  2.8000e-01  3.0580e+12  1.2552e+00  7.6823e-01  5.7843e-02
  1.0000e+02  8.1855e+01  3.0000e-01  4.5425e+12  1.2266e+00  6.1480e-01  4.4369e-02
  1.0000e+02  8.1855e+01  3.2000e-01  3.5703e+12  1.2518e+00  5.5012e-01  5.5945e-02
  1.0000e+02  8.1855e+01  3.4000e-01  2.7441e+12  1.2809e+00  4.7278e-01  6.7656e-02
  1.0000e+02  8.1855e+01  3.6000e-01  2.6538e+12  1.2887e+00  3.9617e-01  7.3589e-02
  1.0000e+02  8.1855e+01  3.8000e-01  4.1324e+12  1.2817e+00  2.6878e-01  5.4606e-02
  1.0000e+02  8.1855e+01  4.0000e-01  1.0885e+13  1.1916e+00  2.3933e-01  2.2504e-02
  1.0000e+02  8.1855e+01  4.2000e-01  1.5231e+15  6.9300e-01  2.9687e-01  6.7143e-06
  1.0000e+02  8.1855e+01  4.4000e-01  1.0939e+13  1.1154e+00  3.2686e-01  4.0216e-06
  1.0000e+02  8.1855e+01  4.6000e-01  2.3738e+10  1.6008e+00  3.5289e-01  8.8051e-04
  1.0000e+02  8.1855e+01  4.8000e-01  6.0641e+11  1.2684e+00  3.6787e-01  8.4688e-04
  1.0000e+02  8.1855e+01  5.0000e-01  7.2012e+12  1.0856e+00  3.4249e-01  3.5667e-03
  1.0000e+02  8.1855e+01  5.2000e-01  4.4118e+11  1.3357e+00  2.8086e-01  2.0841e-02
  1.0000e+02  8.1855e+01  5.4000e-01  2.8002e+11  1.3598e+00  2.8289e-01  2.4551e-02
  1.0000e+02  8.1855e+01  5.6000e-01  2.0635e+11  1.3725e+00  2.8596e-01  2.7184e-02
  1.0000e+02  8.1855e+01  5.8000e-01  1.5559e+11  1.3790e+00  2.9250e-01  2.9679e-02
  1.0000e+02  8.1855e+01  6.0000e-01  1.3056e+11  1.3836e+00  2.9484e-01  3.0920e-02
  1.0000e+02  1.0000e+02  1.0000e-02  5.4752e+11  1.2439e+00  3.4598e+00  2.3627e-01
  1.0000e+02  1.0000e+02  2.0000e-02  5.7366e+11  1.2513e+00  3.1138e+00  2.2623e-01
  1.0000e+02  1.0000e+02  4.0000e-02  6.5728e+11  1.2803e+00  2.5975e+00  1.9699e-01
  1.0000e+02  1.0000e+02  6.0000e-02  6.5808e+11  1.3056e+00  2.2469e+00  1.8842e-01
  1.0000e+02  1.0000e+02  8.0000e-02  7.2351e+11  1.3141e+00  2.1091e+00  1.8078e-01
  1.0000e+02  1.0000e+02  1.0000e-01  6.6990e+11  1.3365e+00  1.7922e+00  1.7923e-01
  1.0000e+02  1.0000e+02  1.2000e-01  9.6881e+11  1.3151e+00  1.6429e+00  1.3501e-01
  1.0000e+02  1.0000e+02  1.4000e-01  9.1665e+11  1.3262e+00  1.6247e+00  1.4983e-01
  1.0000e+02  1.0000e+02  1.6000e-01  5.8488e+11  1.3723e+00  1.4982e+00  2.1542e-01
  1.0000e+02  1.0000e+02  1.8000e-01  6.1932e+11  1.3763e+00  1.3012e+00  1.8067e-01
  1.0000e+02  1.0000e+02  2.0000e-01  1.1159e+12  1.3269e+00  1.1887e+00  1.0523e-01
  1.0000e+02  1.0000e+02  2.2000e-01  1.4415e+12  1.3089e+00  1.1237e+00  8.5632e-02
  1.0000e+02  1.0000e+02  2.4000e-01  1.5707e+12  1.3054e+00  1.0580e+00  8.4235e-02
  1.0000e+02  1.0000e+02  2.6000e-01  1.4820e+12  1.3146e+00  9.6838e-01  8.6653e-02
  1.0000e+02  1.0000e+02  2.8000e-01  1.5619e+12  1.3181e+00  8.1654e-01  8.7478e-02
  1.0000e+02  1.0000e+02  3.0000e-01  6.1304e+12  1.2046e+00  6.5955e-01  3.4597e-02
  1.0000e+02  1.0000e+02  3.2000e-01  3.7741e+12  1.2544e+00  5.5767e-01  4.9743e-02
  1.0000e+02  1.0000e+02  3.4000e-01  2.7422e+12  1.2900e+00  4.8189e-01  6.2422e-02
  1.0000e+02  1.0000e+02  3.6000e-01  2.2575e+12  1.3164e+00  3.9359e-01  7.3901e-02
  1.0000e+02  1.0000e+02  3.8000e-01  3.3812e+12  1.3240e+00  2.5753e-01  5.7043e-02
  1.0000e+02  1.0000e+02  4.0000e-01  7.0080e+12  1.2633e+00  2.2481e-01  3.0271e-02
  1.0000e+02  1.0000e+02  4.2000e-01  5.5911e+14  8.2452e-01  2.7174e-01  1.6975e-04
  1.0000e+02  1.0000e+02  4.4000e-01  2.9751e+12  1.2482e+00  2.4921e-01  1.5739e-04
  1.0000e+02  1.0000e+02  4.6000e-01  4.8824e+09  1.7606e+00  3.4366e-01  1.5603e-03
  1.0000e+02  1.0000e+02  4.8000e-01  1.4676e+11  1.3945e+00  3.6001e-01  1.4926e-03
  1.0000e+02  1.0000e+02  5.0000e-01  7.6458e+12  1.0686e+00  3.4576e-01  3.2105e-03
  1.0000e+02  1.0000e+02  5.2000e-01  2.9304e+11  1.3475e+00  2.8441e-01  2.2462e-02
  1.0000e+02  1.0000e+02  5.4000e-01  1.7283e+11  1.3724e+00  2.8830e-01  2.7461e-02
  1.0000e+02  1.0000e+02  5.6000e-01  1.2894e+11  1.3838e+00  2.9162e-01  2.9419e-02
  1.0000e+02  1.0000e+02  5.8000e-01  9.7041e+10  1.3873e+00  2.9971e-01  3.2546e-02
  1.0000e+02  1.0000e+02  6.0000e-01  7.7355e+10  1.3962e+00  3.0029e-01  3.5063e-02
  1.0000e+02  1.5000e+02  1.0000e-02  5.0510e+11  1.2395e+00  3.7641e+00  2.5024e-01
  1.0000e+02  1.5000e+02  2.0000e-02  5.2972e+11  1.2422e+00  3.4473e+00  2.4009e-01
  1.0000e+02  1.5000e+02  4.0000e-02  5.9517e+11  1.2658e+00  2.8905e+00  2.1196e-01
  1.0000e+02  1.5000e+02  6.0000e-02  6.3936e+11  1.2886e+00  2.5183e+00  1.9568e-01
  1.0000e+02  1.5000e+02  8.0000e-02  6.8801e+11  1.3049e+00  2.2058e+00  1.7941e-01
  1.0000e+02  1.5000e+02  1.0000e-01  6.7583e+11  1.3222e+00  2.0420e+00  1.8367e-01
  1.0000e+02  1.5000e+02  1.2000e-01  7.3419e+11  1.3310e+00  1.7388e+00  1.6005e-01
  1.0000e+02  1.5000e+02  1.4000e-01  9.8794e+11  1.3153e+00  1.6442e+00  1.3170e-01
  1.0000e+02  1.5000e+02  1.6000e-01  8.5635e+11  1.3342e+00  1.6286e+00  1.5422e-01
  1.0000e+02  1.5000e+02  1.8000e-01  5.8248e+11  1.3770e+00  1.4419e+00  2.0467e-01
  1.0000e+02  1.5000e+02  2.0000e-01  6.6798e+11  1.3720e+00  1.2910e+00  1.5918e-01
  1.0000e+02  1.5000e+02  2.2000e-01  1.1750e+12  1.3254e+00  1.1890e+00  9.6975e-02
  1.0000e+02  1.5000e+02  2.4000e-01  1.4953e+12  1.3085e+00  1.1238e+00  8.1848e-02
  1.0000e+02  1.5000e+02  2.6000e-01  1.6254e+12  1.3053e+00  1.0497e+00  7.9776e-02
  1.0000e+02  1.5000e+02  2.8000e-01  1.5063e+12  1.3162e+00  9.6129e-01  8.2938e-02
  1.0000e+02  1.5000e+02  3.0000e-01  1.2213e+12  1.3469e+00  7.8054e-01  9.5725e-02
  1.0000e+02  1.5000e+02  3.2000e-01  6.2986e+12  1.2079e+00  6.6118e-01  3.1873e-02
  1.0000e+02  1.5000e+02  3.4000e-01  3.5391e+12  1.2675e+00  5.4931e-01  4.6862e-02
  1.0000e+02  1.5000e+02  3.6000e-01  2.3556e+12  1.3133e+00  4.6341e-01  6.1064e-02
  1.0000e+02  1.5000e+02  3.8000e-01  1.9775e+12  1.4097e+00  2.3614e-01  6.7895e-02
  1.0000e+02  1.5000e+02  4.0000e-01  3.9076e+12  1.3501e+00  2.2126e-01  4.3443e-02
  1.0000e+02  1.5000e+02  4.2000e-01  8.1076e+12  1.2693e+00  2.2109e-01  2.1977e-02
  1.0000e+02  1.5000e+02  4.4000e-01  8.8041e+14  7.9410e-01  2.7932e-01  5.3977e-05
  1.0000e+02  1.5000e+02  4.6000e-01  2.0469e+11  1.4874e+00  2.5121e-01  1.1902e-03
  1.0000e+02  1.5000e+02  4.8000e-01  1.8986e+10  1.6284e+00  3.4187e-01  2.2548e-03
  1.0000e+02  1.5000e+02  5.0000e-01  2.8673e+12  1.1407e+00  2.8536e-01  8.2453e-03
  1.0000e+02  1.5000e+02  5.2000e-01  1.2481e+11  1.3711e+00  2.8453e-01  2.3990e-02
  1.0000e+02  1.5000e+02  5.4000e-01  6.8955e+10  1.4001e+00  2.8474e-01  3.1130e-02
  1.0000e+02  1.5000e+02  5.6000e-01  4.9308e+10  1.4107e+00  2.8744e-01  3.5439e-02
  1.0000e+02  1.5000e+02  5.8000e-01  3.7924e+10  1.4175e+00  2.8953e-01  3.8704e-02
  1.0000e+02  1.5000e+02  6.0000e-01  2.9316e+10  1.4243e+00  2.8996e-01  4.3001e-02
  1.0000e+02  2.0000e+02  1.0000e-02  4.6952e+11  1.2358e+00  4.0078e+00  2.6485e-01
  1.0000e+02  2.0000e+02  2.0000e-02  5.0918e+11  1.2436e+00  3.6310e+00  2.4499e-01
  1.0000e+02  2.0000e+02  4.0000e-02  5.4428e+11  1.2517e+00  3.1993e+00  2.2776e-01
  1.0000e+02  2.0000e+02  6.0000e-02  5.9832e+11  1.2732e+00  2.7723e+00  2.0399e-01
  1.0000e+02  2.0000e+02  8.0000e-02  6.1472e+11  1.2940e+00  2.4451e+00  1.9317e-01
  1.0000e+02  2.0000e+02  1.0000e-01  6.7771e+11  1.3047e+00  2.2005e+00  1.7735e-01
  1.0000e+02  2.0000e+02  1.2000e-01  6.3521e+11  1.3242e+00  2.0096e+00  1.8338e-01
  1.0000e+02  2.0000e+02  1.4000e-01  7.3376e+11  1.3257e+00  1.7517e+00  1.5442e-01
  1.0000e+02  2.0000e+02  1.6000e-01  9.3849e+11  1.3139e+00  1.6706e+00  1.3305e-01
  1.0000e+02  2.0000e+02  1.8000e-01  8.0494e+11  1.3339e+00  1.6462e+00  1.5516e-01
  1.0000e+02  2.0000e+02  2.0000e-01  5.6756e+11  1.3730e+00  1.4638e+00  1.9609e-01
  1.0000e+02  2.0000e+02  2.2000e-01  6.6260e+11  1.3662e+00  1.3144e+00  1.5190e-01
  1.0000e+02  2.0000e+02  2.4000e-01  1.1295e+12  1.3227e+00  1.2128e+00  9.5990e-02
  1.0000e+02  2.0000e+02  2.6000e-01  1.4382e+12  1.3055e+00  1.1407e+00  8.0961e-02
  1.0000e+02  2.0000e+02  2.8000e-01  1.5518e+12  1.3026e+00  1.0637e+00  7.8330e-02
  1.0000e+02  2.0000e+02  3.0000e-01  1.4756e+12  1.3104e+00  9.7752e-01  8.0389e-02
  1.0000e+02  2.0000e+02  3.2000e-01  1.0032e+12  1.3559e+00  7.9814e-01  1.0024e-01
  1.0000e+02  2.0000e+02  3.4000e-01  5.8710e+12  1.2038e+00  6.9279e-01  3.1533e-02
  1.0000e+02  2.0000e+02  3.6000e-01  3.1564e+12  1.2675e+00  5.6263e-01  4.5747e-02
  1.0000e+02  2.0000e+02  3.8000e-01  2.0376e+12  1.3150e+00  4.7475e-01  6.0232e-02
  1.0000e+02  2.0000e+02  4.0000e-01  1.6077e+12  1.4072e+00  2.5474e-01  6.8944e-02
  1.0000e+02  2.0000e+02  4.2000e-01  3.2063e+12  1.3444e+00  2.3769e-01  4.3101e-02
  1.0000e+02  2.0000e+02  4.4000e-01  6.7901e+12  1.2609e+00  2.3380e-01  2.0271e-02
  1.0000e+02  2.0000e+02  4.6000e-01  5.9428e+14  8.1708e-01  2.6837e-01  5.8478e-05
  1.0000e+02  2.0000e+02  4.8000e-01  6.6729e+07  2.2303e+00  2.1849e-01  1.2652e-02
  1.0000e+02  2.0000e+02  5.0000e-01  2.0050e+12  1.1655e+00  2.5592e-01  9.7579e-03
  1.0000e+02  2.0000e+02  5.2000e-01  7.3905e+10  1.3933e+00  2.7081e-01  2.3950e-02
  1.0000e+02  2.0000e+02  5.4000e-01  4.2460e+10  1.4190e+00  2.6968e-01  3.0352e-02
  1.0000e+02  2.0000e+02  5.6000e-01  2.9588e+10  1.4317e+00  2.6963e-01  3.5926e-02
  1.0000e+02  2.0000e+02  5.8000e-01  2.3659e+10  1.4287e+00  2.7393e-01  3.9595e-02
  1.0000e+02  2.0000e+02  6.0000e-01  1.9805e+10  1.4256e+00  2.7728e-01  4.1882e-02
  1.0000e+02  2.5000e+02  1.0000e-02  4.2937e+11  1.2287e+00  4.2605e+00  2.8644e-01
  1.0000e+02  2.5000e+02  2.0000e-02  4.7720e+11  1.2384e+00  3.8355e+00  2.5853e-01
  1.0000e+02  2.5000e+02  4.0000e-02  5.0540e+11  1.2437e+00  3.4354e+00  2.4148e-01
  1.0000e+02  2.5000e+02  6.0000e-02  5.4697e+11  1.2611e+00  3.0327e+00  2.1838e-01
  1.0000e+02  2.5000e+02  8.0000e-02  5.8886e+11  1.2781e+00  2.7005e+00  1.9968e-01
  1.0000e+02  2.5000e+02  1.0000e-01  5.9689e+11  1.2960e+00  2.4019e+00  1.8956e-01
  1.0000e+02  2.5000e+02  1.2000e-01  6.4799e+11  1.3044e+00  2.2059e+00  1.7733e-01
  1.0000e+02  2.5000e+02  1.4000e-01  6.0377e+11  1.3235e+00  2.0076e+00  1.8147e-01
  1.0000e+02  2.5000e+02  1.6000e-01  6.9855e+11  1.3231e+00  1.7816e+00  1.5386e-01
  1.0000e+02  2.5000e+02  1.8000e-01  8.6950e+11  1.3127e+00  1.7003e+00  1.3426e-01
  1.0000e+02  2.5000e+02  2.0000e-01  7.7396e+11  1.3287e+00  1.6699e+00  1.5137e-01
  1.0000e+02  2.5000e+02  2.2000e-01  5.4615e+11  1.3656e+00  1.5263e+00  1.8991e-01
  1.0000e+02  2.5000e+02  2.4000e-01  6.0028e+11  1.3640e+00  1.3589e+00  1.5682e-01
  1.0000e+02  2.5000e+02  2.6000e-01  9.7499e+11  1.3243e+00  1.2525e+00  1.0184e-01
  1.0000e+02  2.5000e+02  2.8000e-01  1.2830e+12  1.3034e+00  1.1729e+00  8.2595e-02
  1.0000e+02  2.5000e+02  3.0000e-01  1.3978e+12  1.2989e+00  1.0946e+00  7.8679e-02
  1.0000e+02  2.5000e+02  3.2000e-01  1.3888e+12  1.3018e+00  1.0115e+00  7.8515e-02
  1.0000e+02  2.5000e+02  3.4000e-01  9.7416e+11  1.3386e+00  8.7908e-01  9.4350e-02
  1.0000e+02  2.5000e+02  3.6000e-01  3.7762e+12  1.2244e+00  7.3967e-01  3.9853e-02
  1.0000e+02  2.5000e+02  3.8000e-01  2.8003e+12  1.2582e+00  5.9006e-01  4.4051e-02
  1.0000e+02  2.5000e+02  4.0000e-01  1.7902e+12  1.3025e+00  5.0751e-01  5.7921e-02
  1.0000e+02  2.5000e+02  4.2000e-01  1.0373e+12  1.4026e+00  2.9528e-01  7.8493e-02
  1.0000e+02  2.5000e+02  4.4000e-01  2.0695e+12  1.3429e+00  2.6071e-01  4.8393e-02
  1.0000e+02  2.5000e+02  4.6000e-01  4.5157e+12  1.2547e+00  2.4786e-01  2.0814e-02
  1.0000e+02  2.5000e+02  4.8000e-01  2.7208e+14  8.3430e-01  2.8341e-01  4.4100e-05
  1.0000e+02  2.5000e+02  5.0000e-01  1.4328e+12  1.1729e+00  2.5598e-01  9.0052e-03
  1.0000e+02  2.5000e+02  5.2000e-01  5.2912e+10  1.4105e+00  2.5581e-01  2.3107e-02
  1.0000e+02  2.5000e+02  5.4000e-01  3.2343e+10  1.4330e+00  2.5174e-01  2.9002e-02
  1.0000e+02  2.5000e+02  5.6000e-01  2.3587e+10  1.4375e+00  2.5345e-01  3.3540e-02
  1.0000e+02  2.5000e+02  5.8000e-01  2.0290e+10  1.4299e+00  2.5537e-01  3.6516e-02
  1.0000e+02  2.5000e+02  6.0000e-01  1.6200e+10  1.4296e+00  2.5810e-01  3.9464e-02
  1.0000e+02  3.0000e+02  1.0000e-02  4.0778e+11  1.2275e+00  4.4221e+00  2.9831e-01
  1.0000e+02  3.0000e+02  2.0000e-02  4.4988e+11  1.2338e+00  4.0097e+00  2.7199e-01
  1.0000e+02  3.0000e+02  4.0000e-02  4.8207e+11  1.2403e+00  3.5954e+00  2.5029e-01
  1.0000e+02  3.0000e+02  6.0000e-02  5.1074e+11  1.2517e+00  3.2515e+00  2.3081e-01
  1.0000e+02  3.0000e+02  8.0000e-02  5.4067e+11  1.2676e+00  2.9195e+00  2.1178e-01
  1.0000e+02  3.0000e+02  1.0000e-01  5.6091e+11  1.2829e+00  2.6459e+00  1.9894e-01
  1.0000e+02  3.0000e+02  1.2000e-01  5.7736e+11  1.2965e+00  2.3816e+00  1.8679e-01
  1.0000e+02  3.0000e+02  1.4000e-01  6.1064e+11  1.3046e+00  2.2141e+00  1.7781e-01
  1.0000e+02  3.0000e+02  1.6000e-01  5.6980e+11  1.3217e+00  2.0263e+00  1.8039e-01
  1.0000e+02  3.0000e+02  1.8000e-01  6.4442e+11  1.3217e+00  1.8227e+00  1.5602e-01
  1.0000e+02  3.0000e+02  2.0000e-01  7.8803e+11  1.3120e+00  1.7353e+00  1.3617e-01
  1.0000e+02  3.0000e+02  2.2000e-01  7.3890e+11  1.3232e+00  1.6977e+00  1.4678e-01
  1.0000e+02  3.0000e+02  2.4000e-01  5.3616e+11  1.3556e+00  1.5998e+00  1.8108e-01
  1.0000e+02  3.0000e+02  2.6000e-01  5.1592e+11  1.3652e+00  1.4196e+00  1.6796e-01
  1.0000e+02  3.0000e+02  2.8000e-01  7.7975e+11  1.3313e+00  1.3050e+00  1.1329e-01
  1.0000e+02  3.0000e+02  3.0000e-01  1.0852e+12  1.3043e+00  1.2165e+00  8.6183e-02
  1.0000e+02  3.0000e+02  3.2000e-01  1.2022e+12  1.2973e+00  1.1368e+00  7.9881e-02
  1.0000e+02  3.0000e+02  3.4000e-01  1.2268e+12  1.2966e+00  1.0556e+00  7.7970e-02
  1.0000e+02  3.0000e+02  3.6000e-01  1.0298e+12  1.3130e+00  9.5758e-01  8.4166e-02
  1.0000e+02  3.0000e+02  3.8000e-01  1.5389e+12  1.2831e+00  7.9177e-01  6.2945e-02
  1.0000e+02  3.0000e+02  4.0000e-01  2.5661e+12  1.2418e+00  6.3119e-01  4.0824e-02
  1.0000e+02  3.0000e+02  4.2000e-01  1.5555e+12  1.2855e+00  5.5200e-01  5.4243e-02
  1.0000e+02  3.0000e+02  4.4000e-01  6.3723e+11  1.3917e+00  3.6079e-01  8.7813e-02
  1.0000e+02  3.0000e+02  4.6000e-01  1.1432e+12  1.3578e+00  2.7236e-01  5.5186e-02
  1.0000e+02  3.0000e+02  4.8000e-01  4.3410e+12  1.2039e+00  2.6419e-01  1.2536e-02
  1.0000e+02  3.0000e+02  5.0000e-01  7.7392e+11  1.2108e+00  2.4946e-01  9.8483e-03
  1.0000e+02  3.0000e+02  5.2000e-01  4.2426e+10  1.4202e+00  2.4551e-01  2.1108e-02
  1.0000e+02  3.0000e+02  5.4000e-01  2.8264e+10  1.4369e+00  2.4007e-01  2.5716e-02
  1.0000e+02  3.0000e+02  5.6000e-01  2.1135e+10  1.4414e+00  2.3901e-01  2.9781e-02
  1.0000e+02  3.0000e+02  5.8000e-01  1.7280e+10  1.4398e+00  2.3961e-01  3.2437e-02
  1.0000e+02  3.0000e+02  6.0000e-01  1.5091e+10  1.4292e+00  2.4261e-01  3.5192e-02
